Key,File,Type,UsedInMainMenu,NoTranslate,KeepLoaded,english,Context / Alternate Text,german,spanish,french,italian,japanese,koreana,polish,brazilian,russian,turkish,schinese,tchinese
AGFvehicleBicycleOldBV,,,,,,Old Bicycle - Parts,Old Bicycle - Parts,Altes Fahrrad - Teile,Bicicleta vieja - Piezas,Vieux vélo - Pièces,Vecchia bicicletta - Parti,古い自転車 - パーツ,오래된 자전거 - 부품,Stary Rower - Części,Bicicleta antiga - Peças,Старый велосипед - Запчасти,Eski Bisiklet - Parçalar,旧自行车 - 零件,舊自行車 - 零件
AGFvehicleGolfCart,,,,,,Golf Cart - Parts,Golf Cart - Parts,Golfwagen - Teile,Carro de golf - Piezas,Chariot de golf - Pièces,Carrello da golf - Parti,ゴルフカート - パーツ,골프 카트 - 부품,Wózek golfowy - Części,Carro de golfe - Peças,Гольф-кар - Запчасти,Golf Arabası - Parçalar,高尔夫球车 - 零件,高爾夫球車 - 零件
AGFvehicleMinibikeOldBV,,,,,,Old Minibike - Parts,Old Minibike - Parts,Altes Minibike - Teile,Minibike vieja - Piezas,Vieux minivélo - Pièces,Vecchia minimoto - Parti,古いミニバイク - パーツ,오래된 미니 바이크 - 부품,Stary Minibike - Części,Minimoto antiga - Peças,Старый мини-байк - Запчасти,Eski Minibike - Parçalar,旧迷你自行车 - 零件,舊迷你自行車 - 零件
AGFvehicleJunker,,,,,,Junker - Parts,Junker - Parts,Junker - Teile,Junker - Piezas,Junker - Pièces,Junker - Parti,ジャンク - パーツ,고물 - 부품,Junker - Części,Junker - Peças,Рухлядь - Запчасти,Junker - Parçalar,垃圾 - 零件,垃圾 - 零件
AGFvehicleRat,,,,,,Rat - Parts,Rat - Parts,Ratte - Teile,Rata - Piezas,Rat - Pièces,Ratto - Parti,ネズミ - パーツ,쥐 - 부품,Szczur - Części,Rato - Peças,Крыса - Запчасти,Fare - Parçalar,老鼠 - 零件,老鼠 - 零件
AGFvehicleCruiser,,,,,,Cruiser - Parts,Cruiser - Parts,Cruiser - Teile,Cruiser - Piezas,Cruiser - Pièces,Cruiser - Parti,クルーザー - パーツ,크루저 - 부품,Cruiser - Części,Cruiser - Peças,Крейсер - Запчасти,Cruiser - Parçalar,巡洋舰 - 零件,巡洋艦 - 零件
AGFvehicleDirtBike,,,,,,Dirt Bike - Parts,Dirt Bike - Parts,Dirt Bike - Teile,Moto de cross - Piezas,Moto tout-terrain - Pièces,Moto da cross - Parti,ダートバイク - パーツ,더트 바이크 - 부품,Dirt Bike - Części,Moto de trilha - Peças,Кроссовый мотоцикл - Запчасти,Dirt Bike - Parçalar,越野摩托车 - 零件,越野摩托車 - 零件
AGFvehicleMotorcycleOldBV,,,,,,Old Motorcycle - Parts,Old Motorcycle - Parts,Altes Motorrad - Teile,Motocicleta vieja - Piezas,Vieille moto - Pièces,Vecchia moto - Parti,古いバイク - パーツ,오래된 오토바이 - 부품,Stary Motocykl - Części,Motocicleta antiga - Peças,Старый мотоцикл - Запчасти,Eski Motosiklet - Parçalar,旧摩托车 - 零件,舊摩托車 - 零件
AGFvehicleOldSemi,,,,,,Old Semi - Parts,Old Semi - Parts,Alter Sattelschlepper - Teile,Viejo semirremolque - Piezas,Vieux semi-remorque - Pièces,Vecchio semirimorchio - Parti,古いセミトレーラー - パーツ,오래된 세미트레일러 - 부품,Stara Naczepa - Części,Caminhão antigo - Peças,Старый тягач - Запчасти,Eski Yarı Römork - Parçalar,旧半挂车 - 零件,舊半挂車 - 零件
AGFvehicleBoxTruckPlain,,,,,,Box Truck - Parts,Box Truck - Parts,Kastenwagen - Teile,Camión de caja - Piezas,Camion caisse - Pièces,Camion scatola - Parti,ボックス型トラック - パーツ,박스 트럭 - 부품,Ciężarówka skrzyniowa - Części,Caminhão baú - Peças,Грузовик с фургоном - Запчасти,Kutu Kamyonet - Parçalar,厢式货车 - 零件,廂式貨車 - 零件
AGFvehicleBuggy,,,,,,Buggy - Parts,Buggy - Parts,Buggy - Teile,Buggy - Piezas,Buggy - Pièces,Buggy - Parti,バギー - パーツ,버기 - 부품,Buggy - Części,Buggy - Peças,Багги - Запчасти,Buggy - Parçalar,越野车 - 零件,越野車 - 零件
AGFvehicleHumvee,,,,,,Humvee - Parts,Humvee - Parts,Humvee - Teile,Humvee - Piezas,Humvee - Pièces,Humvee - Parti,ハンヴィー - パーツ,험비 - 부품,Humvee - Części,Humvee - Peças,Хамви - Запчасти,Humvee - Parçalar,悍马 - 零件,悍馬 - 零件
AGFvehicleHotRod1,,,,,,Hot Rod - Parts,Hot Rod - Parts,Hot Rod - Teile,Hot Rod - Piezas,Hot Rod - Pièces,Hot Rod - Parti,ホットロッド - パーツ,핫로드 - 부품,Hot Rod - Części,Hot Rod - Peças,Хот-род - Запчасти,Hot Rod - Parçalar,肌肉车 - 零件,肌肉車 - 零件
AGFvehicleSHERP,,,,,,SHERP - Parts,SHERP - Parts,SHERP - Teile,SHERP - Piezas,SHERP - Pièces,SHERP - Parti,SHERP - パーツ,SHERP - 部品,SHERP - Części,SHERP - Peças,ШЕРП - Запчасти,SHERP - Parçalar,SHERP - 零件,SHERP - 零件
AGFvehicleChargerNew,,,,,,Charger - Parts,Charger - Parts,Charger - Teile,Charger - Piezas,Charger - Pièces,Charger - Parti,チャージャー - パーツ,차저 - 부품,Charger - Części,Charger - Peças,Charger - Запчасти,Charger - Parçalar,充电器 - 零件,充電器 - 零件
AGFvehicleStallion,,,,,,Stallion - Parts,Stallion - Parts,Stallion - Teile,Stallion - Piezas,Stallion - Pièces,Stallion - Parti,スタリオン - パーツ,스탤리언 - 부품,Stallion - Części,Stallion - Peças,Жеребец - Запчасти,Stallion - Parçalar,种马 - 零件,種馬 - 零件
AGFvehicleWorkTruck,,,,,,Work Truck - Parts,Work Truck - Parts,Arbeitswagen - Teile,Camión de trabajo - Piezas,Camion de travail - Pièces,Camion da lavoro - Parti,作業トラック - パーツ,작업용 트럭 - 부품,Ciężarówka robocza - Części,Caminhão de trabalho - Peças,Рабочий грузовик - Запчасти,İş Kamyoneti - Parçalar,工作卡车 - 零件,工作卡車 - 零件
AGFvehicleNova,,,,,,Nova - Parts,Nova - Parts,Nova - Teile,Nova - Piezas,Nova - Pièces,Nova - Parti,ノヴァ - パーツ,노바 - 부품,Nova - Części,Nova - Peças,Нова - Запчасти,Nova - Parçalar,新星 - 零件,新星 - 零件
AGFvehiclePickup,,,,,,Pickup - Parts,Pickup - Parts,Pickup - Teile,Pickup - Piezas,Pickup - Pièces,Pickup - Parti,ピックアップ - パーツ,픽업 - 부품,Pickup - Części,Pickup - Peças,Пикап - Запчасти,Pickup - Parçalar,皮卡 - 零件,皮卡 - 零件
AGFvehicleGNX,,,,,,GNX - Parts,GNX - Parts,GNX - Teile,GNX - Piezas,GNX - Pièces,GNX - Parti,GNX - パーツ,GNX - 部品,GNX - Części,GNX - Peças,GNX - Запчасти,GNX - Parçalar,GNX - 零件,GNX - 零件
AGFvehicleUAZ452,,,,,,UAZ 452 - Parts,UAZ 452 - Parts,UAZ 452 - Teile,UAZ 452 - Piezas,UAZ 452 - Pièces,UAZ 452 - Parti,UAZ 452 - パーツ,UAZ 452 - 部品,UAZ 452 - Części,UAZ 452 - Peças,УАЗ 452 - Запчасти,UAZ 452 - Parçalar,UAZ 452 - 零件,UAZ 452 - 零件
AGFvehicleTruck4x4OldBV,,,,,,Old Jeep - Parts,Old Jeep - Parts,Alter Jeep - Teile,Viejo Jeep - Piezas,Vieux Jeep - Pièces,Vecchio Jeep - Parti,古いジープ - パーツ,오래된 지프 - 부품,Stary Jeep - Części,Jipe antigo - Peças,Старый джип - Запчасти,Eski Jeep - Parçalar,旧吉普车 - 零件,舊吉普車 - 零件
AGFvehicleTrophyTruck,,,,,,Trophy Truck - Parts,Trophy Truck - Parts,Trophy Truck - Teile,Camión trofeo - Piezas,Camion trophée - Pièces,Camion trofeo - Parti,トロフィートラック - パーツ,트로피 트럭 - 부품,Trophy Truck - Części,Caminhão troféu - Peças,Трофи-трак - Запчасти,Trophy Truck - Parçalar,奖杯卡车 - 零件,獎杯卡車 - 零件
AGFvehicleWillyJeep,,,,,,Willy Jeep - Parts,Willy Jeep - Parts,Willy Jeep - Teile,Willy Jeep - Piezas,Willy Jeep - Pièces,Willy Jeep - Parti,ウィリージープ - パーツ,윌리 지프 - 부품,Willy Jeep - Części,Jipe Willy - Peças,Виллис Джип - Запчасти,Willy Jeep - Parçalar,威利斯吉普车 - 零件,威利斯吉普車 - 零件
AGFvehicleLMTV,,,,,,LMTV - Parts,LMTV - Parts,LMTV - Teile,LMTV - Piezas,LMTV - Pièces,LMTV - Parti,LMTV - パーツ,LMTV - 部品,LMTV - Części,LMTV - Peças,УХ-60 - Запчасти,UH-60 - Parçalar,UH-60 - 零件,UH-60 - 零件
AGFvehicleUH60,,,,,,UH-60 - Parts,UH-60 - Parts,UH-60 - Teile,UH-60 - Piezas,UH-60 - Pièces,UH-60 - Parti,UH-60 - パーツ,UH-60 - 部品,UH-60 - Części,UH-60 - Peças,УХ-60 - Запчасти,UH-60 - Parçalar,UH-60 - 零件,UH-60 - 零件
AGFvehicleDuster,,,,,,Duster - Parts,Duster - Parts,Duster - Teile,Duster - Piezas,Duster - Pièces,Duster - Parti,ダスター - パーツ,더스터 - 부품,Duster - Części,Duster - Peças,Дастер - Запчасти,Duster - Parçalar,除尘器 - 零件,除塵器 - 零件
AGFvehicleMD500,,,,,,MD-500 - Parts,MD-500 - Parts,MD-500 - Teile,MD-500 - Piezas,MD-500 - Pièces,MD-500 - Parti,MD-500 - パーツ,MD-500 - 部品,MD-500 - Części,MD-500 - Peças,МД-500 - Запчасти,MD-500 - Parçalar,MD-500 - 零件,MD-500 - 零件
AGFvehicleBRDM2new,,,,,,BRDM-2 - Parts,BRDM-2 - Parts,BRDM-2 - Teile,BRDM-2 - Piezas,BRDM-2 - Pièces,BRDM-2 - Parti,BRDM-2 - パーツ,BRDM-2 - 部品,BRDM-2 - Części,BRDM-2 - Peças,БРДМ-2 - Запчасти,BRDM-2 - Parçalar,BRDM-2 - 零件,BRDM-2 - 零件
AGFvehicleMRAP,,,,,,MRAP - Parts,MRAP - Parts,MRAP - Teile,MRAP - Piezas,MRAP - Pièces,MRAP - Parti,MRAP - パーツ,MRAP - 部品,MRAP - Części,MRAP - Peças,МРАП - Запчасти,MRAP - Parçalar,MRAP - 零件,MRAP - 零件
AGFvehicleMarauder,,,,,,Marauder - Parts,Marauder - Parts,Marauder - Teile,Merodeador - Piezas,Maraudeur - Pièces,Predone - Parti,マローダー - パーツ,마라우더 - 부품,Maruder - Części,Pillhador - Peças,Мародер - Запчасти,Yağmacı - Parçalar,掠夺者 - 零件,掠奪者 - 零件
AGFvehicleGyrocopterOldBV,,,,,,Old Gyrocopter - Parts,Old Gyrocopter - Parts,Alter Tragschrauber - Teile,Viejo autogiro - Piezas,Vieil autogire - Pièces,Vecchio autogiro - Parti,古いオートジャイロ - パーツ,오래된 오토자이로 - 부품,Stary Wiatrakowiec - Części,Autogiro antigo - Peças,Старый автожир - Запчасти,Eski Otokopter - Parçalar,旧旋翼机 - 零件,舊旋翼機 - 零件
meleeGolfClub,,,,,,Golf Club,Golf Club,Golfschläger,Palo de golf,Club de golf,Mazza da golf,ゴルフクラブ,골프채,Kij Golfowy,Taco de golfe,Клюшка для гольфа,Golf Sopası,高尔夫球杆,高爾夫球桿
meleeGolfClubDesc,,,,,,No golf balls? There's always plenty of zombies to practice that swing on!,No golf balls? There's always plenty of zombies to practice that swing on!,"Keine Golfbälle? Es gibt immer genug Zombies, an denen man üben kann!",¿No hay pelotas de golf? ¡Siempre hay muchos zombis para practicar ese swing!,Pas de balles de golf? Il y a toujours plein de zombies pour s'entraîner à ce swing!,Niente palline da golf? C'è sempre un sacco di zombi su cui allenarsi!,ゴルフボールがない？いつでもゾンビが練習相手になるぞ!,골프 공이 없나요? 스윙 연습할 좀비는 항상 많습니다!,"Nie ma piłeczek golfowych? Zawsze jest mnóstwo zombie, na których można poćwiczyć zamach!",Sem bolas de golfe? Há sempre muitos zumbis para praticar esse swing!,"Нет мячей для гольфа? Всегда есть много зомби, чтобы попрактиковаться в этом ударе!",Golf topları yok mu? O vuruşu yapmak için her zaman bolca zombi vardır!,没有高尔夫球？总是有足够的僵尸来练习挥杆！,沒有高爾夫球？總是有足夠的殭屍來練習揮桿！
modVehicleHumveeDoors,,,,,,Humvee Doors,Humvee Doors,Humvee Türen,Puertas de Humvee,Portes de Humvee,Porte dell'Humvee,ハンヴィーのドア,험비 도어,Drzwi Humvee,Portas do Humvee,Двери Хамви,Humvee Kapıları,悍马车门,悍馬車門
modVehicleHumveeDoorsDesc,,,,,,Equip this mod to your Humvee if you want it to have doors.,Equip this mod to your Humvee if you want it to have doors.,"Rüste diesen Mod an deinem Humvee aus, wenn er Türen haben soll.",Equipa este mod a tu Humvee si quieres que tenga puertas.,Équipez ce mod à votre Humvee si vous voulez qu'il ait des portes.,Equipaggia questa mod sul tuo Humvee se vuoi che abbia le porte.,ドアが必要なら、このMODをハンヴィーに装備しよう。,험비에 문이 필요하다면 이 모드를 장착하십시오.,"Wyposaż ten mod w swoim Humvee, jeśli chcesz, żeby miał drzwi.",Equipe este mod no seu Humvee se quiser que ele tenha portas.,"Установите этот мод на свой Хамви, если хотите, чтобы у него были двери.",Humvee'nizin kapıları olmasını istiyorsanız bu modu takın.,如果你想让你的悍马有门，请装备这个模组。,如果你想讓你的悍馬有門，請裝備這個模組。
vehicleBicycleOldBV,,,,,,Old Bicycle,Old Bicycle,Altes Fahrrad,Bicicleta vieja,Vieux vélo,Vecchia bicicletta,古い自転車,오래된 자전거,Stary Rower,Bicicleta antiga,Старый велосипед,Eski Bisiklet,旧自行车,舊自行車
vehicleBicycleOldBVChassis,,,,,,Old Bicycle Chassis,Old Bicycle Chassis,Altes Fahrradgestell,Chasis de bicicleta vieja,Châssis de vieux vélo,Telaio di vecchia bicicletta,古い自転車のフレーム,오래된 자전거 섀시,Stara Rama Rowerowa,Chassi de bicicleta antiga,Старое шасси велосипеда,Eski Bisiklet Şasisi,旧自行车车架,舊自行車車架
vehicleBicycleOldBVHandlebars,,,,,,Old Bicycle Handlebars,Old Bicycle Handlebars,Alte Fahrradlenker,Manillar de bicicleta vieja,Guidon de vieux vélo,Manubrio di vecchia bicicletta,古い自転車のハンドル,오래된 자전거 핸들바,Stara Kierownica Rowerowa,Guidão de bicicleta antiga,Старый руль велосипеда,Eski Bisiklet Gidonu,旧自行车把手,舊自行車把手
vehicleBicycleOldBVPlaceable,,,,,,Old Bicycle,Old Bicycle,Altes Fahrrad,Bicicleta vieja,Vieux vélo,Vecchia bicicletta,古い自転車,오래된 자전거,Stary Rower,Bicicleta antiga,Старый велосипед,Eski Bisiklet,旧自行车,舊自行車
vehicleBicycleOldBVPlaceableDesc,,,,,,Old Bicycle.,Old Bicycle.,Altes Fahrrad.,Bicicleta vieja.,Vieux vélo.,Vecchia bicicletta.,古い自転車。,오래된 자전거.,Stary Rower.,Bicicleta antiga.,Старый велосипед.,Eski Bisiklet.,旧自行车。,舊自行車。
vehicleBoxTruckbody,,,,,,Box Truck Body,Box Truck Body,Kastenwagenkarosserie,Carrocería de camión de caja,Carrosserie de camion caisse,Carrozzeria di furgone,ボックス型トラックのボディ,박스 트럭 차체,Nadwozie Ciężarówki Skrzyniowej,Carroceria de caminhão baú,Кузов грузовика с фургоном,Kutu Kamyonet Gövdesi,厢式货车车身,廂式貨車車身
vehicleBoxTruckbodyDesc,,,,,,Parts needed to craft the Box Truck.,Parts needed to craft the Box Truck.,"Teile, die benötigt werden, um den Kastenwagen herzustellen.",Partes necesarias para fabricar el camión de caja.,Pièces nécessaires pour fabriquer le camion caisse.,Parti necessarie per creare il furgone.,ボックス型トラックの作成に必要なパーツ。,박스 트럭 제작에 필요한 부품.,Części potrzebne do wytworzenia ciężarówki skrzyniowej.,Peças necessárias para fabricar o caminhão baú.,"Детали, необходимые для создания грузовика с фургоном.",Kutu Kamyoneti yapmak için gerekli parçalar.,制造厢式货车所需的零件。,製造廂式貨車所需的零件。
vehicleBoxTruckbodySchematic,,,,,,Box Truck Body Schematic,Box Truck Body Schematic,Kastenwagenkarosserie-Schema,Esquema de carrocería de camión de caja,Schéma de carrosserie de camion caisse,Schema di carrozzeria di furgone,ボックス型トラックのボディ設計図,박스 트럭 차체 설계도,Schemat Nadwozia Ciężarówki Skrzyniowej,Esquema de carroceria de caminhão baú,Схема кузова грузовика с фургоном,Kutu Kamyonet Gövde Şeması,厢式货车车身原理图,廂式貨車車身原理圖
vehicleBoxTruckchassis,,,,,,Box Truck Chassis,Box Truck Chassis,Kastenwagenfahrgestell,Chasis de camión de caja,Châssis de camion caisse,Telaio di furgone,ボックス型トラックのシャーシ,박스 트럭 섀시,Podwozie Ciężarówki Skrzyniowej,Chassi de caminhão baú,Шасси грузовика с фургоном,Kutu Kamyonet Şasisi,厢式货车底盘,廂式貨車底盤
vehicleBoxTruckchassisDesc,,,,,,Parts needed to craft the Box Truck.,Parts needed to craft the Box Truck.,"Teile, die benötigt werden, um den Kastenwagen herzustellen.",Partes necesarias para fabricar el camión de caja.,Pièces nécessaires pour fabriquer le camion caisse.,Parti necessarie per creare il furgone.,ボックス型トラックの作成に必要なパーツ。,박스 트럭 제작에 필요한 부품.,Części potrzebne do wytworzenia ciężarówki skrzyniowej.,Peças necessárias para fabricar o caminhão baú.,"Детали, необходимые для создания грузовика с фургоном.",Kutu Kamyoneti yapmak için gerekli parçalar.,制造厢式货车所需的零件。,製造廂式貨車所需的零件。
vehicleBoxTruckchassisSchematic,,,,,,Box Truck Chassis Schematic,Box Truck Chassis Schematic,Kastenwagenfahrgestell-Schema,Esquema de chasis de camión de caja,Schéma de châssis de camion caisse,Schema di telaio di furgone,ボックス型トラックのシャーシ設計図,박스 트럭 섀시 설계도,Schemat Podwozia Ciężarówki Skrzyniowej,Esquema de chassi de caminhão baú,Схема шасси грузовика с фургоном,Kutu Kamyonet Şasi Şeması,厢式货车底盘原理图,廂式貨車底盤原理圖
vehicleBoxTruckHostess,,,,,,Hostess Box Truck,Hostess Box Truck,Hostess Kastenwagen,Camión de caja Hostess,Camion caisse Hostess,Furgone Hostess,ホステス ボックス型トラック,호스티스 박스 트럭,Hostess Ciężarówka Skrzyniowa,Caminhão baú Hostess,Грузовик с фургоном Hostess,Hostess Kutu Kamyonet,Hostess厢式货车,Hostess廂式貨車
vehicleBoxTruckHostessplaceable,,,,,,Hostess Box Truck,Hostess Box Truck,Hostess Kastenwagen,Camión de caja Hostess,Camion caisse Hostess,Furgone Hostess,ホステス ボックス型トラック,호스티스 박스 트럭,Hostess Ciężarówka Skrzyniowa,Caminhão baú Hostess,Грузовик с фургоном Hostess,Hostess Kutu Kamyonet,Hostess厢式货车,Hostess廂式貨車
vehicleBoxTruckHostessplaceableDesc,,,,,,Tallahassee's favorite!,Tallahassee's favorite!,Tallahassee's Favorit!,¡El favorito de Tallahassee!,Le favori de Tallahassee!,Il preferito di Tallahassee!,タラハシーのお気に入り！,탈라하시가 가장 좋아함!,Ulubieniec Tallahassee!,O favorito de Tallahassee!,Любимый грузовик Таллахасси!,Tallahassee'nin favorisi!,塔拉哈西的最爱！,塔拉哈西的最愛！
vehicleBoxTruckPlain,,,,,,Box Truck,Box Truck,Kastenwagen,Camión de caja,Camion caisse,Furgone,ボックス型トラック,박스 트럭,Ciężarówka skrzyniowa,Caminhão baú,Грузовик с фургоном,Kutu Kamyonet,厢式货车,廂式貨車
vehicleBoxTruckPlainplaceable,,,,,,Box Truck,Box Truck,Kastenwagen,Camión de caja,Camion caisse,Furgone,ボックス型トラック,박스 트럭,Ciężarówka skrzyniowa,Caminhão baú,Грузовик с фургоном,Kutu Kamyonet,厢式货车,廂式貨車
vehicleBoxTruckPlainplaceableDesc,,,,,,An old Box Truck.,An old Box Truck.,Ein alter Kastenwagen.,Un camión de caja viejo.,Un vieux camion caisse.,Un vecchio furgone.,古いボックス型トラック。,오래된 박스 트럭.,Stara Ciężarówka Skrzyniowa.,Um caminhão baú antigo.,Старый грузовик с фургоном.,Eski bir Kutu Kamyonet.,一辆旧厢式货车。,一輛舊廂式貨車。
vehicleBRDM2,,,,,,BRDM-2 Forest,BRDM-2 Forest,BRDM-2 Wald,BRDM-2 Bosque,BRDM-2 Forêt,BRDM-2 Foresta,BRDM-2 森林,BRDM-2 숲,BRDM-2 Leśny,BRDM-2 Floresta,БРДМ-2 Лесной,BRDM-2 Orman,BRDM-2 森林,BRDM-2 森林
vehicleBRDM2accessories,,,,,,BRDM-2 Accessories,BRDM-2 Accessories,BRDM-2 Zubehör,Accesorios para BRDM-2,Accessoires BRDM-2,Accessori per BRDM-2,BRDM-2 アクセサリー,BRDM-2 액세서리,Akcesoria do BRDM-2,Acessórios para BRDM-2,Аксессуары для БРДМ-2,BRDM-2 Aksesuarları,BRDM-2 配件,BRDM-2 配件
vehicleBRDM2accessoriesDesc,,,,,,Parts needed to craft the BRDM-2.,Parts needed to craft the BRDM-2.,"Teile, die benötigt werden, um den BRDM-2 herzustellen.",Partes necesarias para fabricar el BRDM-2.,Pièces nécessaires pour fabriquer le BRDM-2.,Parti necessarie per creare il BRDM-2.,BRDM-2の作成に必要なパーツ。,BRDM-2 제작에 필요한 부품.,Części potrzebne do wytworzenia BRDM-2.,Peças necessárias para fabricar o BRDM-2.,"Детали, необходимые для создания БРДМ-2.",BRDM-2 yapmak için gerekli parçalar.,制造BRDM-2所需的零件。,製造BRDM-2所需的零件。
vehicleBRDM2accessoriesSchematic,,,,,,BRDM-2 Accessories Schematic,BRDM-2 Accessories Schematic,BRDM-2 Zubehör-Schema,Esquema de accesorios para BRDM-2,Schéma d'accessoires BRDM-2,Schema di accessori per BRDM-2,BRDM-2 アクセサリー設計図,BRDM-2 액세서리 설계도,Schemat Akcesoriów do BRDM-2,Esquema de acessórios para BRDM-2,Схема аксессуаров для БРДМ-2,BRDM-2 Aksesuar Şeması,BRDM-2 配件原理图,BRDM-2 配件原理圖
vehicleBRDM2chassis,,,,,,BRDM-2 Chassis,BRDM-2 Chassis,BRDM-2 Fahrgestell,Chasis de BRDM-2,Châssis de BRDM-2,Telaio di BRDM-2,BRDM-2のシャーシ,BRDM-2 섀시,Podwozie BRDM-2,Chassi do BRDM-2,Шасси БРДМ-2,BRDM-2 Şasisi,BRDM-2 底盘,BRDM-2 底盤
vehicleBRDM2chassisDesc,,,,,,Parts needed to craft the BRDM-2.,Parts needed to craft the BRDM-2.,"Teile, die benötigt werden, um den BRDM-2 herzustellen.",Partes necesarias para fabricar el BRDM-2.,Pièces nécessaires pour fabriquer le BRDM-2.,Parti necessarie per creare il BRDM-2.,BRDM-2の作成に必要なパーツ。,BRDM-2 제작에 필요한 부품.,Części potrzebne do wytworzenia BRDM-2.,Peças necessárias para fabricar o BRDM-2.,"Детали, необходимые для создания БРДМ-2.",BRDM-2 yapmak için gerekli parçalar.,制造BRDM-2所需的零件。,製造BRDM-2所需的零件。
vehicleBRDM2chassisSchematic,,,,,,BRDM-2 Chassis Schematic,BRDM-2 Chassis Schematic,BRDM-2 Fahrgestell-Schema,Esquema de chasis de BRDM-2,Schéma de châssis de BRDM-2,Schema di telaio di BRDM-2,BRDM-2のシャーシ設計図,BRDM-2 섀시 설계도,Schemat Podwozia BRDM-2,Esquema de chassi do BRDM-2,Схема шасси БРДМ-2,BRDM-2 Şasi Şeması,BRDM-2 底盘原理图,BRDM-2 底盤原理圖
vehicleBRDM2desert,,,,,,BRDM-2 Desert,BRDM-2 Desert,BRDM-2 Wüste,BRDM-2 Desierto,BRDM-2 Désert,BRDM-2 Deserto,BRDM-2 砂漠,BRDM-2 사막,BRDM-2 Pustynny,BRDM-2 Deserto,БРДМ-2 Пустынный,BRDM-2 Çöl,BRDM-2 沙漠,BRDM-2 沙漠
vehicleBRDM2desertplaceable,,,,,,BRDM-2 Desert,BRDM-2 Desert,BRDM-2 Wüste,BRDM-2 Desierto,BRDM-2 Désert,BRDM-2 Deserto,BRDM-2 砂漠,BRDM-2 사막,BRDM-2 Pustynny,BRDM-2 Deserto,БРДМ-2 Пустынный,BRDM-2 Çöl,BRDM-2 沙漠,BRDM-2 沙漠
vehicleBRDM2desertplaceableDesc,,,,,,A surprisingly intact military vehicle.,A surprisingly intact military vehicle.,Ein überraschend intaktes Militärfahrzeug.,Un vehículo militar sorprendentemente intacto.,Un véhicule militaire étonnamment intact.,Un veicolo militare sorprendentemente intatto.,驚くほど無傷の軍用車両。,놀라울 정도로 온전한 군용 차량.,Zaskakująco nienaruszony pojazd wojskowy.,Um veículo militar surpreendentemente intacto.,Удивительно неповрежденный военный автомобиль.,Şaşırtıcı derecede sağlam bir askeri araç.,一辆完好无损的军用车辆。,一輛完好無損的軍用車輛。
vehicleBRDM2new,,,,,,BRDM-2,BRDM-2,BRDM-2,BRDM-2,BRDM-2,BRDM-2,BRDM-2,BRDM-2,BRDM-2,BRDM-2,БРДМ-2,BRDM-2,BRDM-2,BRDM-2
vehicleBRDM2newplaceable,,,,,,BRDM-2,BRDM-2,BRDM-2,BRDM-2,BRDM-2,BRDM-2,BRDM-2,BRDM-2,BRDM-2,BRDM-2,БРДМ-2,BRDM-2,BRDM-2,BRDM-2
vehicleBRDM2newplaceableDesc,,,,,,A surprisingly intact military vehicle.,A surprisingly intact military vehicle.,Ein überraschend intaktes Militärfahrzeug.,Un vehículo militar sorprendentemente intacto.,Un véhicule militaire étonnamment intact.,Un veicolo militare sorprendentemente intatto.,驚くほど無傷の軍用車両。,놀라울 정도로 온전한 군용 차량.,Zaskakująco nienaruszony pojazd wojskowy.,Um veículo militar surpreendentemente intacto.,Удивительно неповрежденный военный автомобиль.,Şaşırıcı derecede sağlam bir askeri araç.,一辆完好无损的军用车辆。,一輛完好無損的軍用車輛。
vehicleBRDM2placeable,,,,,,BRDM-2,BRDM-2,BRDM-2,BRDM-2,BRDM-2,BRDM-2,BRDM-2,BRDM-2,BRDM-2,BRDM-2,БРДМ-2,BRDM-2,BRDM-2,BRDM-2
vehicleBRDM2placeableDesc,,,,,,A surprisingly intact military vehicle..,A surprisingly intact military vehicle..,Ein überraschend intaktes Militärfahrzeug..,Un vehículo militar sorprendentemente intacto..,Un véhicule militaire étonnamment intact..,Un veicolo militare sorprendentemente intatto..,驚くほど無傷の軍用車両。。,놀라울 정도로 온전한 군용 차량..,Zaskakująco nienaruszony pojazd wojskowy..,Um veículo militar surpreendentemente intacto..,Удивительно неповрежденный военный автомобиль..,Şaşırıcı derecede sağlam bir askeri araç..,一辆完好无损的军用车辆。.,一輛完好無損的軍用車輛。.
vehicleBuggy,,,,,,Buggy,Buggy,Buggy,Buggy,Buggy,Buggy,バギー,버기,Buggy,Buggy,Багги,Buggy,越野车,越野車
vehicleBuggyaccessories,,,,,,Buggy Accessories,Buggy Accessories,Buggy Zubehör,Accesorios para Buggy,Accessoires Buggy,Accessori per Buggy,バギーアクセサリー,버기 액세서리,Akcesoria do Buggy,Acessórios para Buggy,Аксессуары для багги,Buggy Aksesuarları,越野车配件,越野車配件
vehicleBuggyaccessoriesDesc,,,,,,Parts needed to craft the Buggy.,Parts needed to craft the Buggy.,"Teile, die benötigt werden, um den Buggy herzustellen.",Partes necesarias para fabricar el Buggy.,Pièces nécessaires pour fabriquer le Buggy.,Parti necessarie per creare il Buggy.,バギーの作成に必要なパーツ。,버기 제작에 필요한 부품.,Części potrzebne do wytworzenia Buggy.,Peças necessárias para fabricar o Buggy.,"Детали, необходимые для создания багги.",Buggy yapmak için gerekli parçalar.,制造越野车所需的零件。,製造越野車所需的零件。
vehicleBuggyaccessoriesSchematic,,,,,,Buggy Accessories Schematic,Buggy Accessories Schematic,Buggy Zubehör-Schema,Esquema de accesorios para Buggy,Schéma d'accessoires Buggy,Schema di accessori per Buggy,バギーアクセサリー設計図,버기 액세서리 설계도,Schemat Akcesoriów do Buggy,Esquema de acessórios para Buggy,Схема аксессуаров для багги,Buggy Aksesuar Şeması,越野车配件原理图,越野車配件原理圖
vehicleBuggychassis,,,,,,Buggy Chassis,Buggy Chassis,Buggy Fahrgestell,Chasis de Buggy,Châssis de Buggy,Telaio di Buggy,バギーのシャーシ,버기 섀시,Podwozie Buggy,Chassi do Buggy,Шасси багги,Buggy Şasisi,越野车底盘,越野車底盤
vehicleBuggychassisDesc,,,,,,Parts needed to craft the Buggy.,Parts needed to craft the Buggy.,"Teile, die benötigt werden, um den Buggy herzustellen.",Partes necesarias para fabricar el Buggy.,Pièces nécessaires pour fabriquer le Buggy.,Parti necessarie per creare il Buggy.,バギーの作成に必要なパーツ。,버기 제작에 필요한 부품。,Części potrzebne do wytworzenia Buggy.,Peças necessárias para fabricar o Buggy.,"Детали, необходимые для создания багги.",Buggy yapmak için gerekli parçalar.,制造越野车所需的零件。,製造越野車所需的零件。
vehicleBuggychassisSchematic,,,,,,Buggy Chassis Schematic,Buggy Chassis Schematic,Buggy Fahrgestell-Schema,Esquema de chasis de Buggy,Schéma de châssis de Buggy,Schema di telaio di Buggy,バギーのシャーシ設計図,버기 섀시 설계도,Schemat Podwozia Buggy,Esquema de chassi do Buggy,Схема шасси багги,Buggy Şasi Şeması,越野车底盘原理图,越野車底盤原理圖
vehicleBuggyplaceable,,,,,,Buggy,Buggy,Buggy,Buggy,Buggy,Buggy,バギー,버기,Buggy,Buggy,Багги,Buggy,越野车,越野車
vehicleBuggyplaceableDesc,,,,,,An old offroad buggy.,An old offroad buggy.,Ein alter Offroad-Buggy.,Un buggy todoterreno viejo.,Un vieux buggy tout-terrain.,Un vecchio buggy fuoristrada.,古いオフロードバギー。,오래된 오프로드 버기.,Stary Buggy Terenowy.,Um buggy offroad antigo.,Старый внедорожный багги.,Eski bir arazi buggy'si.,一辆旧越野车。,一輛舊越野車。
vehicleChargeraccessories,,,,,,Charger Accessories,Charger Accessories,Charger Zubehör,Accesorios para Charger,Accessoires Charger,Accessori per Charger,チャージャーアクセサリー,차저 액세서리,Akcesoria do Chargera,Acessórios para Charger,Аксессуары для зарядного устройства,Charger Aksesuarları,充电器配件,充電器配件
vehicleChargeraccessoriesDesc,,,,,,Parts needed to craft the Charger.,Parts needed to craft the Charger.,"Teile, die benötigt werden, um den Charger herzustellen.",Partes necesarias para fabricar el Charger.,Pièces nécessaires pour fabriquer le Charger.,Parti necessarie per creare il Charger.,チャージャーの作成に必要なパーツ。,차저 제작에 필요한 부품.,Części potrzebne do wytworzenia Chargera.,Peças necessárias para fabricar o Charger.,"Детали, необходимые для создания зарядного устройства.",Charger yapmak için gerekli parçalar.,制造充电器所需的零件。,製造充電器所需的零件。
vehicleChargeraccessoriesSchematic,,,,,,Charger Accessories Schematic,Charger Accessories Schematic,Charger Zubehör-Schema,Esquema de accesorios para Charger,Schéma d'accessoires Charger,Schema di accessori per Charger,チャージャーアクセサリー設計図,차저 액세서리 설계도,Schemat Akcesoriów do Chargera,Esquema de acessórios para Charger,Схема аксессуаров для зарядного устройства,Charger Aksesuar Şeması,充电器配件原理图,充電器配件原理圖
vehicleChargerblack,,,,,,Charger,Charger,Charger,Charger,Charger,Charger,チャージャー,차저,Charger,Charger,Зарядное устройство,Charger,充电器,充電器
vehicleChargerblack2,,,,,,Charger,Charger,Charger,Charger,Charger,Charger,チャージャー,차저,Charger,Charger,Зарядное устройство,Charger,充电器,充電器
vehicleChargerblack2placeable,,,,,,Charger,Charger,Charger,Charger,Charger,Charger,チャージャー,차저,Charger,Charger,Зарядное устройство,Charger,充电器,充電器
vehicleChargerblack2placeableDesc,,,,,,Classic...,Classic...,Klassisch...,Clásico...,Classique...,Classico...,クラシック...,클래식...,Klasyczny...,Clássico...,Классический...,Klasik...,经典...,經典...
vehicleChargerblackplaceable,,,,,,Charger,Charger,Charger,Charger,Charger,Charger,チャージャー,차저,Charger,Charger,Зарядное устройство,Charger,充电器,充電器
vehicleChargerblackplaceableDesc,,,,,,Classic...,Classic...,Klassisch...,Clásico...,Classique...,Classico...,クラシック...,클래식...,Klasyczny...,Clássico...,Классический...,Klasik...,经典...,經典...
vehicleChargerchassis,,,,,,Charger Chassis,Charger Chassis,Charger Fahrgestell,Chasis de Charger,Châssis de Charger,Telaio di Charger,チャージャーのシャーシ,차저 섀시,Podwozie Chargera,Chassi do Charger,Шасси зарядного устройства,Charger Şasisi,充电器底盘,充電器底盤
vehicleChargerchassisDesc,,,,,,Parts needed to craft the Charger.,Parts needed to craft the Charger.,"Teile, die benötigt werden, um den Charger herzustellen.",Partes necesarias para fabricar el Charger.,Pièces necesarias para fabricar el Charger.,Parti necessarie per creare il Charger.,チャージャーの作成に必要なパーツ。,차저 제작에 필요한 부품.,Części potrzebne do wytworzenia Chargera.,Peças necessárias para fabricar o Charger.,"Детали, необходимые для создания зарядного устройства.",Charger yapmak için gerekli parçalar.,制造充电器所需的零件。,製造充電器所需的零件。
vehicleChargerchassisSchematic,,,,,,Charger Chassis Schematic,Charger Chassis Schematic,Charger Fahrgestell-Schema,Esquema de chasis de Charger,Schéma de châssis de Charger,Schema di telaio di Charger,チャージャーのシャーシ設計図,차저 섀시 설계도,Schemat Podwozia Chargera,Esquema de chassi do Charger,Схема шасси зарядного устройства,Charger Şasi Şeması,充电器底盘原理图,充電器底盤原理圖
vehicleChargergreen,,,,,,Charger,Charger,Charger,Charger,Charger,Charger,チャージャー,차저,Charger,Charger,Зарядное устройство,Charger,充电器,充電器
vehicleChargergreen2,,,,,,Charger,Charger,Charger,Charger,Charger,Charger,チャージャー,차저,Charger,Charger,Зарядное устройство,Charger,充电器,充電器
vehicleChargergreen2placeable,,,,,,Charger,Charger,Charger,Charger,Charger,Charger,チャージャー,차저,Charger,Charger,Зарядное устройство,Charger,充电器,充電器
vehicleChargergreen2placeableDesc,,,,,,Classic...,Classic...,Klassisch...,Clásico...,Classique...,Classico...,クラシック...,클래식...,Klasyczny...,Clássico...,Классический...,Klasik...,经典...,經典...
vehicleChargergreenplaceable,,,,,,Charger,Charger,Charger,Charger,Charger,Charger,チャージャー,차저,Charger,Charger,Зарядное устройство,Charger,充电器,充電器
vehicleChargergreenplaceableDesc,,,,,,Classic...,Classic...,Klassisch...,Clásico...,Classique...,Classico...,クラシック...,클래식...,Klasyczny...,Clássico...,Классический...,Klasik...,经典...,經典...
vehicleChargerNew,,,,,,Charger,Charger,Charger,Charger,Charger,Charger,チャージャー,차저,Charger,Charger,Зарядное устройство,Charger,充电器,充電器
vehicleChargerNewplaceable,,,,,,Charger,Charger,Charger,Charger,Charger,Charger,チャージャー,차저,Charger,Charger,Зарядное устройство,Charger,充电器,充電器
vehicleChargerNewplaceableDesc,,,,,,Charger,Charger,Charger,Charger,Charger,Charger,チャージャー,차저,Charger,Charger,Зарядное устройство,Charger,充电器,充電器
vehicleChargerOld,,,,,,Classic...,Classic...,Klassisch...,Clásico...,Classique...,Classico...,クラシック...,클래식...,Klasyczny...,Clássico...,Классический...,Klasik...,经典...,經典...
vehicleChargerOldplaceable,,,,,,Charger,Charger,Charger,Charger,Charger,Charger,チャージャー,차저,Charger,Charger,Зарядное устройство,Charger,充电器,充電器
vehicleChargerOldplaceableDesc,,,,,,Classic...,Classic...,Klassisch...,Clásico...,Classique...,Classico...,クラシック...,클래식...,Klasyczny...,Clássico...,Классический...,Klasik...,经典...,經典...
vehicleChargerorange,,,,,,Charger,Charger,Charger,Charger,Charger,Charger,チャージャー,차저,Charger,Charger,Зарядное устройство,Charger,充电器,充電器
vehicleChargerorange2,,,,,,Charger,Charger,Charger,Charger,Charger,Charger,チャージャー,차저,Charger,Charger,Зарядное устройство,Charger,充电器,充電器
vehicleChargerorange2placeable,,,,,,Charger,Charger,Charger,Charger,Charger,Charger,チャージャー,차저,Charger,Charger,Зарядное устройство,Charger,充电器,充電器
vehicleChargerorange2placeableDesc,,,,,,Classic...,Classic...,Klassisch...,Clásico...,Classique...,Classico...,クラシック...,클래식...,Klasyczny...,Clássico...,Классический...,Klasik...,经典...,經典...
vehicleChargerorangeplaceable,,,,,,Charger,Charger,Charger,Charger,Charger,Charger,チャージャー,차저,Charger,Charger,Зарядное устройство,Charger,充电器,充電器
vehicleChargerorangeplaceableDesc,,,,,,Classic...,Classic...,Klassisch...,Clásico...,Classique...,Classico...,クラシック...,클래식...,Klasyczny...,Clássico...,Классический...,Klasik...,经典...,經典...
vehicleChargerrust,,,,,,Charger,Charger,Charger,Charger,Charger,Charger,チャージャー,차저,Charger,Charger,Зарядное устройство,Charger,充电器,充電器
vehicleChargerrust2,,,,,,Charger,Charger,Charger,Charger,Charger,Charger,チャージャー,차저,Charger,Charger,Зарядное устройство,Charger,充电器,充電器
vehicleChargerrust2placeable,,,,,,Charger,Charger,Charger,Charger,Charger,Charger,チャージャー,차저,Charger,Charger,Зарядное устройство,Charger,充电器,充電器
vehicleChargerrust2placeableDesc,,,,,,Classic...,Classic...,Klassisch...,Clásico...,Classique...,Classico...,クラシック...,클래식...,Klasyczny...,Clássico...,Классический...,Klasik...,经典...,經典...
vehicleChargerrustplaceable,,,,,,Charger,Charger,Charger,Charger,Charger,Charger,チャージャー,차저,Charger,Charger,Зарядное устройство,Charger,充电器,充電器
vehicleChargerrustplaceableDesc,,,,,,Classic...,Classic...,Klassisch...,Clásico...,Classique...,Classico...,クラシック...,클래식...,Klasyczny...,Clássico...,Классический...,Klasik...,经典...,經典...
vehicleChargerteal,,,,,,Cruiser,Cruiser,Cruiser,Cruiser,Cruiser,Cruiser,クルーザー,크루저,Cruiser,Cruiser,Крейсер,Cruiser,巡洋舰,巡洋艦
vehicleChargerteal2,,,,,,Cruiser,Cruiser,Cruiser,Cruiser,Cruiser,Cruiser,クルーザー,크루저,Cruiser,Cruiser,Крейсер,Cruiser,巡洋舰,巡洋艦
vehicleChargerteal2placeable,,,,,,Cruiser Faded.,Cruiser Faded.,Cruiser verblasst.,Cruiser desvanecido.,Cruiser délavé.,Cruiser sbiadito.,クルーザーの色あせ。,크루저 색이 바래다.,Cruiser Wyblakły.,Cruiser desbotado.,Крейсер Выцветший.,Cruiser Soluk.,巡洋舰褪色。,巡洋艦褪色。
vehicleChargerteal2placeableDesc,,,,,,Classic...,Classic...,Klassisch...,Clásico...,Classique...,Classico...,クラシック...,클래식...,Klasyczny...,Clássico...,Классический...,Klasik...,经典...,經典...
vehicleChargertealplaceable,,,,,,Charger,Charger,Ladegerät,Cargador,Chargeur,Caricabatterie,充電器,충전기,Ładowarka,Carregador,Зарядное устройство,Şarj aleti,充电器,充電器
vehicleChargertealplaceableDesc,,,,,,Classic...,Classic...,Klassisch...,Clásico...,Classique...,Classico...,クラシック...,클래식...,Klasyczny...,Clássico...,Классический...,Klasik...,经典...,經典...
vehicleChargeryellow,,,,,,Charger,Charger,Ladegerät,Cargador,Chargeur,Caricabatterie,充電器,충전기,Ładowarka,Carregador,Зарядное устройство,Şarj aleti,充电器,充電器
vehicleChargeryellow2,,,,,,Charger,Charger,Ladegerät,Cargador,Chargeur,Caricabatterie,充電器,충전기,Ładowarka,Carregador,Зарядное устройство,Şarj aleti,充电器,充電器
vehicleChargeryellow2placeable,,,,,,Charger,Charger,Ladegerät,Cargador,Chargeur,Caricabatterie,充電器,충전기,Ładowarka,Carregador,Зарядное устройство,Şarj aleti,充电器,充電器
vehicleChargeryellow2placeableDesc,,,,,,Classic...,Classic...,Klassisch...,Clásico...,Classique...,Classico...,クラシック...,클래식...,Klasyczny...,Clássico...,Классический...,Klasik...,经典...,經典...
vehicleChargeryellowplaceable,,,,,,Charger,Charger,Ladegerät,Cargador,Chargeur,Caricabatterie,充電器,충전기,Ładowarka,Carregador,Зарядное устройство,Şarj aleti,充电器,充電器
vehicleChargeryellowplaceableDesc,,,,,,Classic...,Classic...,Klassisch...,Clásico...,Classique...,Classico...,クラシック...,클래식...,Klasyczny...,Clássico...,Классический...,Klasik...,经典...,經典...
vehicleCruiser,,,,,,Cruiser,Cruiser,Cruiser,Crucero,Croiseur,Incrociatore,クルーザー,순양함,Krążownik,Cruzador,Крейсер,Kruvazör,巡洋舰,巡洋艦
vehicleCruiser2,,,,,,Cruiser,Cruiser,Cruiser,Crucero,Croiseur,Incrociatore,クルーザー,순양함,Krążownik,Cruzador,Крейсер,Kruvazör,巡洋舰,巡洋艦
vehicleCruiser2placeable,,,,,,Cruiser Faded,Cruiser Faded,Cruiser verblasst,Crucero desvanecido,Croiseur délavé,Incrociatore sbiadito,色あせたクルーザー,색 바랜 순양함,Krążownik Wyblakły,Cruzador desbotado,Крейсер Выцветший,Soluk Kruvazör,褪色巡洋舰,褪色巡洋艦
vehicleCruiser2placeableDesc,,,,,,A custom Cruiser. Sweet!,A custom Cruiser. Sweet!,Ein maßgeschneiderter Cruiser. Süß!,Un crucero personalizado. ¡Genial!,Un croiseur personnalisé. Génial!,Un incrociatore personalizzato. Dolce!,カスタムクルーザー。いいね！,커스텀 크루저. 멋지네요!,Niestandardowy krążownik. Słodki!,Um cruzador personalizado. Doce!,Кастомный крейсер. Класс!,Özel bir Kruvazör. Tatlı!,一艘定制巡洋舰。太棒了！,一艘定制巡洋艦。太棒了！
vehicleCruiserbars,,,,,,Cruiser Handlebars,Cruiser Handlebars,Cruiser Lenker,Manillar de crucero,Guidon de croiseur,Manubrio da cruiser,クルーザーのハンドルバー,크루저 핸들바,Kierownica Cruisera,Guidão de cruzador,Руль крейсера,Kruvazör Gidonu,巡洋舰把手,巡洋艦把手
vehicleCruiserbarsDesc,,,,,,You might need these.,You might need these.,Du wirst diese vielleicht brauchen.,Podrías necesitar estos.,Vous pourriez avoir besoin de ceux-ci.,Potresti averne bisogno.,これらが必要になるかも。,이것들이 필요할 수도 있습니다.,Te rzeczy mogą ci się przydać.,Você pode precisar destes.,Вам могут понадобиться эти.,Bunlara ihtiyacın olabilir.,你可能需要这些。,你可能需要這些。
vehicleCruiserbarsSchematic,,,,,,Cruiser Handlebars Schematic,Cruiser Handlebars Schematic,Cruiser Lenker Schema,Esquema de manillar de crucero,Schéma de guidon de croiseur,Schema manubrio da cruiser,クルーザーのハンドルバー設計図,크루저 핸들바 설계도,Schemat Kierownicy Cruisera,Esquema de guidão de cruzador,Схема руля крейсера,Kruvazör Gidonu Şeması,巡洋舰把手原理图,巡洋艦把手原理圖
vehicleCruiserchassis,,,,,,Cruiser Chassis,Cruiser Chassis,Cruiser Fahrgestell,Chasis de crucero,Châssis de croiseur,Telaio da cruiser,クルーザーのシャーシ,크루저 섀시,Podwozie Cruisera,Chassi do cruzador,Шасси крейсера,Kruvazör Şasisi,巡洋舰底盘,巡洋艦底盤
vehicleCruiserchassisDesc,,,,,,The beginning of something...awesome!,The beginning of something...awesome!,Der Anfang von etwas... Großartigem!,¡El comienzo de algo... increíble!,Le début de quelque chose... génial!,L'inizio di qualcosa... fantastico!,何かの始まり...素晴らしい！,뭔가의 시작... 대단해요!,Początek czegoś... niesamowitego!,O começo de algo... incrível!,Начало чего-то... потрясающего!,Bir şeyin başlangıcı... harika!,某事的开始...真棒！,某事的開始...真棒！
vehicleCruiserchassisSchematic,,,,,,Cruiser Chassis Schematic,Cruiser Chassis Schematic,Cruiser Fahrgestell Schema,Esquema de chasis de crucero,Schéma de châssis de croiseur,Schema telaio da cruiser,クルーザーのシャーシ設計図,크루저 섀시 설계도,Schemat Podwozia Cruisera,Esquema de chassi do cruzador,Схема шасси крейсера,Kruvazör Şasisi Şeması,巡洋舰底盘原理图,巡洋艦底盤原理圖
vehicleCruiserplaceable,,,,,,Cruiser,Cruiser,Cruiser,Crucero,Croiseur,Incrociatore,クルーザー,순양함,Krążownik,Cruzador,Крейсер,Kruvazör,巡洋舰,巡洋艦
vehicleCruiserplaceableDesc,,,,,,A custom Cruiser. Sweet!,A custom Cruiser. Sweet!,Ein maßgeschneiderter Cruiser. Süß!,Un crucero personalizado. ¡Genial!,Un croiseur personnalisé. Génial!,Un incrociatore personalizzato. Dolce!,カスタムクルーザー。いいね！,커스텀 크루저. 멋지네요!,Niestandardowy krążownik. Słodki!,Um cruzador personalizado. Doce!,Кастомный крейсер. Класс!,Özel bir Kruvazör. Tatlı!,一艘定制巡洋舰。太棒了！,一艘定制巡洋艦。太棒了！
vehicleDirtBike,,,,,,Dirt Bike,Dirt Bike,Dirt Bike,Moto de cross,Moto hors route,Moto da cross,ダートバイク,더트 바이크,Dirt Bike,Moto de terra,Кроссовый мотоцикл,Arazi Motoru,越野摩托车,越野摩托車
vehicleDirtBikeChassis,,,,,,Dirt Bike Chassis,Dirt Bike Chassis,Dirt Bike Fahrgestell,Chasis de moto de cross,Châssis de moto hors route,Telaio da moto da cross,ダートバイクのシャーシ,더트 바이크 섀시,Podwozie Dirt Bike'a,Chassi da moto de terra,Шасси кроссового мотоцикла,Arazi Motoru Şasisi,越野摩托车底盘,越野摩托車底盤
vehicleDirtBikeChassisDesc,,,,,,The beginning of something...awesome!,The beginning of something...awesome!,Der Anfang von etwas... Großartigem!,¡El comienzo de algo... increíble!,Le début de quelque chose... génial!,L'inizio di qualcosa... fantastico!,何かの始まり...素晴らしい！,뭔가의 시작... 대단해요!,Początek czegoś... niesamowitego!,O começo de algo... incrível!,Начало чего-то... потрясающего!,Bir şeyin başlangıcı... harika!,某事的开始...真棒！,某事的開始...真棒！
vehicleDirtBikeChassisSchematic,,,,,,Dirt Bike Chassis Schematic,Dirt Bike Chassis Schematic,Dirt Bike Fahrgestell Schema,Esquema de chasis de moto de cross,Schéma de châssis de moto hors route,Schema telaio da moto da cross,ダートバイクのシャーシ設計図,더트 바이크 섀시 설계도,Schemat Podwozia Dirt Bike'a,Esquema do chassi da moto de terra,Схема шасси кроссового мотоцикла,Arazi Motoru Şasisi Şeması,越野摩托车底盘原理图,越野摩托車底盤原理圖
vehicleDirtBikeParts,,,,,,Dirt Bike Parts,Dirt Bike Parts,Dirt Bike Teile,Piezas de moto de cross,Pièces de moto hors route,Parti per moto da cross,ダートバイクのパーツ,더트 바이크 부품,Części do Dirt Bike'a,Peças para moto de terra,Детали кроссового мотоцикла,Arazi Motoru Parçaları,越野摩托车零件,越野摩托車零件
vehicleDirtBikePartsDesc,,,,,,You might need these.,You might need these.,Du wirst diese vielleicht brauchen.,Podrías necesitar estos.,Vous pourriez avoir besoin de ceux-ci.,Potresti averne bisogno.,これらが必要になるかも。,이것들이 필요할 수도 있습니다.,Te rzeczy mogą ci się przydać.,Você pode precisar destes.,Вам могут понадобиться эти.,Bunlara ihtiyacın olabilir.,你可能需要这些。,你可能需要這些。
vehicleDirtBikePartsSchematic,,,,,,Dirt Bike Parts Schematic,Dirt Bike Parts Schematic,Dirt Bike Teile Schema,Esquema de piezas de moto de cross,Schéma de pièces de moto hors route,Schema parti per moto da cross,ダートバイクのパーツ設計図,더트 바이크 부품 설계도,Schemat Części do Dirt Bike'a,Esquema de peças para moto de terra,Схема деталей кроссового мотоцикла,Arazi Motoru Parçaları Şeması,越野摩托车零件原理图,越野摩托車零件原理圖
vehicleDirtBikeplaceable,,,,,,Dirt Bike,Dirt Bike,Dirt Bike,Moto de cross,Moto hors route,Moto da cross,ダートバイク,더트 바이크,Dirt Bike,Moto de terra,Кроссовый мотоцикл,Arazi Motoru,越野摩托车,越野摩托車
vehicleDirtBikeplaceableDesc,,,,,,A dirt bike. And no neighbors to complain about it. Sweet!,A dirt bike. And no neighbors to complain about it. Sweet!,"Ein Dirt Bike. Und keine Nachbarn, die sich beschweren! Süß!",Una moto de cross. ¡Y sin vecinos que se quejen! ¡Genial!,Une moto hors route. Et pas de voisins pour s'en plaindre! Génial!,Una moto da cross. E nessun vicino si lamenta! Dolce!,ダートバイク。近所に文句を言う人もいない。いいね！,더트 바이크. 이웃들이 불평할 일도 없네요! 멋져요!,Dirt Bike. I żadnych sąsiadów do narzekania. Słodki!,Uma moto de terra. E sem vizinhos para reclamar! Doce!,"Кроссовый мотоцикл. И никаких соседей, чтобы жаловаться. Класс!",Bir arazi motoru. Ve şikayet edecek komşu yok. Tatlı!,一辆越野摩托车。没有邻居抱怨它。太棒了！,一輛越野摩托車。沒有鄰居抱怨它。太棒了！
vehicleDuster,,,,,,Duster,Duster,Duster,Duster,Duster,Duster,ダスター,더스터,Duster,Duster,Дастер,Duster,除尘器,除塵器
vehicleDusteraccessories,,,,,,Duster Accessories,Duster Accessories,Duster Zubehör,Accesorios para Duster,Accessoires Duster,Accessori per Duster,ダスターアクセサリー,더스터 액세서리,Akcesoria do Dustera,Acessórios para Duster,Аксессуары для Duster,Duster Aksesuarları,除尘器配件,除塵器配件
vehicleDusteraccessoriesDesc,,,,,,Parts needed to craft the Duster.,Parts needed to craft the Duster.,"Teile, die benötigt werden, um den Duster herzustellen.",Partes necesarias para fabricar el Duster.,Pièces nécessaires pour fabriquer le Duster.,Parti necessarie per creare il Duster.,ダスターの作成に必要なパーツ。,더스터 제작에 필요한 부품.,Części potrzebne do wytworzenia Dustera.,Peças necessárias para fabricar o Duster.,"Детали, необходимые для создания Duster.",Duster yapmak için gerekli parçalar.,制造除尘器所需的零件。,製造除塵器所需的零件。
vehicleDusteraccessoriesSchematic,,,,,,Duster Accessories Schematic,Duster Accessories Schematic,Duster Zubehör-Schema,Esquema de accesorios para Duster,Schéma d'accessoires Duster,Schema di accessori per Duster,ダスターアクセサリー設計図,더스터 액세서리 설계도,Schemat Akcesoriów do Dustera,Esquema de acessórios para Duster,Схема аксессуаров для Duster,Duster Aksesuar Şeması,除尘器配件原理图,除塵器配件原理圖
vehicleDusterchassis,,,,,,Duster Chassis,Duster Chassis,Duster Fahrgestell,Chasis de Duster,Châssis de Duster,Telaio di Duster,ダスターのシャーシ,더스터 섀시,Podwozie Dustera,Chassi do Duster,Шасси Duster,Duster Şasisi,除尘器底盘,除塵器底盤
vehicleDusterchassisDesc,,,,,,Parts needed to craft the Duster.,Parts needed to craft the Duster.,"Teile, die benötigt werden, um den Duster herzustellen.",Partes necesarias para fabricar el Duster.,Pièces nécessaires pour fabriquer le Duster.,Parti necessarie per creare il Duster.,ダスターの作成に必要なパーツ。,더스터 제작에 필요한 부품.,Części potrzebne do wytworzenia Dustera.,Peças necessárias para fabricar o Duster.,"Детали, необходимые для создания Duster.",Duster yapmak için gerekli parçalar.,制造除尘器所需的零件。,製造除塵器所需的零件。
vehicleDusterchassisSchematic,,,,,,Duster Chassis Schematic,Duster Chassis Schematic,Duster Fahrgestell-Schema,Esquema de chasis de Duster,Schéma de châssis de Duster,Schema di telaio di Duster,ダスターのシャーシ設計図,더스터 섀시 설계도,Schemat Podwozia Dustera,Esquema de chassi do Duster,Схема шасси Duster,Duster Şasi Şeması,除尘器底盘原理图,除塵器底盤原理圖
vehicleDusterplaceable,,,,,,Duster,Duster,Duster,Duster,Duster,Duster,ダスター,더스터,Duster,Duster,Дастер,Duster,除尘器,除塵器
vehicleDusterplaceableDesc,,,,,,It looks like it should fly...,It looks like it should fly...,"Es sieht aus, als sollte es fliegen...",Parece que debería volar...,On dirait qu'il devrait voler...,Sembra che dovrebbe volare...,飛べそう...,날아갈 것 같네요...,"Wygląda na to, że powinien latać...",Parece que deveria voar...,"Похоже, он должен летать...",Uçacak gibi görünüyor...,看起来它应该会飞...,看起來它應該會飛...
vehicleGNX,,,,,,GNX,GNX,GNX,GNX,GNX,GNX,GNX,GNX,GNX,GNX,ГНХ,GNX,GNX,GNX
vehicleGNXaccessories,,,,,,GNX Body,GNX Body,GNX Karosserie,Carrocería de GNX,Carrosserie de GNX,Carrozzeria di GNX,GNXボディ,GNX 차체,Nadwozie GNX,Carroceria do GNX,Кузов GNX,GNX Gövdesi,GNX车身,GNX車身
vehicleGNXaccessoriesDesc,,,,,,Parts needed to craft the GNX.,Parts needed to craft the GNX.,"Teile, die benötigt werden, um den GNX herzustellen.",Partes necesarias para fabricar el GNX.,Pièces nécessaires pour fabriquer le GNX.,Parti necessarie per creare il GNX.,GNXの作成に必要なパーツ。,GNX 제작에 필요한 부품.,Części potrzebne do wytworzenia GNX.,Peças necessárias para fabricar o GNX.,"Детали, необходимые для создания GNX.",GNX yapmak için gerekli parçalar.,制造GNX所需的零件。,製造GNX所需的零件。
vehicleGNXaccessoriesSchematic,,,,,,GNX Body Schematic,GNX Body Schematic,GNX Karosserie-Schema,Esquema de carrocería de GNX,Schéma de carrosserie de GNX,Schema di carrozzeria di GNX,GNXボディ設計図,GNX 차체 설계도,Schemat Nadwozia GNX,Esquema de carroceria do GNX,Схема кузова GNX,GNX Gövde Şeması,GNX车身原理图,GNX車身原理圖
vehicleGNXchassis,,,,,,GNX Chassis,GNX Chassis,GNX Fahrgestell,Chasis de GNX,Châssis de GNX,Telaio di GNX,GNXのシャーシ,GNX 섀시,Podwozie GNX,Chassi do GNX,Шасси GNX,GNX Şasisi,GNX底盘,GNX底盤
vehicleGNXchassisDesc,,,,,,Parts needed to craft the GNX.,Parts needed to craft the GNX.,"Teile, die benötigt werden, um den GNX herzustellen.",Partes necesarias para fabricar el GNX.,Pièces nécessaires pour fabriquer le GNX.,Parti necessarie per creare il GNX.,GNXの作成に必要なパーツ。,GNX 제작에 필요한 부품.,Części potrzebne do wytworzenia GNX.,Peças necessárias para fabricar o GNX.,"Детали, необходимые для создания GNX.",GNX yapmak için gerekli parçalar.,制造GNX所需的零件。,製造GNX所需的零件。
vehicleGNXchassisSchematic,,,,,,GNX Chassis Schematic,GNX Chassis Schematic,GNX Fahrgestell-Schema,Esquema de chasis de GNX,Schéma de châssis de GNX,Schema di telaio di GNX,GNXのシャーシ設計図,GNX 섀시 설계도,Schemat Podwozia GNX,Esquema de chassi do GNX,Схема шасси GNX,GNX Şasi Şeması,GNX底盘原理图,GNX底盤原理圖
vehicleGNXplaceable,,,,,,GNX,GNX,GNX,GNX,GNX,GNX,GNX,GNX,GNX,GNX,ГНХ,GNX,GNX,GNX
vehicleGNXplaceableDesc,,,,,,Cruise the wasteland in style!,Cruise the wasteland in style!,Mit Stil durch das Ödland cruisen!,¡Recorre el páramo con estilo!,Parcourez le terrain vague avec style!,Attraversa la landa desolata con stile!,荒野をスタイリッシュにクルーズ！,멋지게 황무지를 누비세요!,Przemierzaj pustkowie w dobrym stylu!,Cruze o terreno baldio com estilo!,Путешествуйте по пустоши стильно!,Çorak arazide şık bir şekilde dolaşın!,在废土中时尚巡航！,在廢土中時尚巡航！
vehicleGNXRed,,,,,,GNX,GNX,GNX,GNX,GNX,GNX,GNX,GNX,GNX,GNX,ГНХ,GNX,GNX,GNX
vehicleGNXRedplaceable,,,,,,GNX Red,GNX Red,GNX Rot,GNX Rojo,GNX Rouge,GNX Rosso,GNXレッド,GNX 레드,GNX Czerwony,GNX Vermelho,GNX Красный,GNX Kırmızı,GNX 红,GNX 紅
vehicleGNXRedplaceableDesc,,,,,,Cruise the wasteland in style!,Cruise the wasteland in style!,Mit Stil durch das Ödland cruisen!,¡Recorre el páramo con estilo!,Parcourez le terrain vague avec style!,Attraversa la landa desolata con stile!,荒野をスタイリッシュにクルーズ！,멋지게 황무지를 누비세요!,Przemierzaj pustkowie w dobrym stylu!,Cruze o terreno baldio com estilo!,Путешествуйте по пустоши стильно!,Çorak arazide şık bir şekilde dolaşın!,在废土中时尚巡航！,在廢土中時尚巡航！
vehicleGolfCart,,,,,,Golf Cart,Golf Cart,Golfwagen,Carro de golf,Chariot de golf,Carrello da golf,ゴルフカート,골프 카트,Wózek golfowy,Carro de golfe,Гольф-кар,Golf Arabası,高尔夫球车,高爾夫球車
vehicleGolfCartaccessories,,,,,,Golf Cart Accessories,Golf Cart Accessories,Golfwagen Zubehör,Accesorios para carro de golf,Accessoires pour chariot de golf,Accessori per carrello da golf,ゴルフカートアクセサリー,골프 카트 액세서리,Akcesoria do Wózka Golfowego,Acessórios para carro de golfe,Аксессуары для гольф-кара,Golf Arabası Aksesuarları,高尔夫球车配件,高爾夫球車配件
vehicleGolfCartaccessoriesDesc,,,,,,Parts needed to craft the Golf Cart.,Parts needed to craft the Golf Cart.,"Teile, die benötigt werden, um den Golfwagen herzustellen.",Partes necesarias para fabricar el carro de golf.,Pièces nécessaires pour fabriquer le chariot de golf.,Parti necessarie per creare il carrello da golf.,ゴルフカートの作成に必要なパーツ。,골프 카트 제작에 필요한 부품.,Części potrzebne do wytworzenia wózka golfowego.,Peças necessárias para fabricar o carro de golfe.,"Детали, необходимые для создания гольф-кара.",Golf Arabası yapmak için gerekli parçalar.,制造高尔夫球车所需的零件。,製造高爾夫球車所需的零件。
vehicleGolfCartaccessoriesSchematic,,,,,,Golf Cart Accessories Schematic,Golf Cart Accessories Schematic,Golfwagen Zubehör-Schema,Esquema de accesorios para carro de golf,Schéma d'accessoires pour chariot de golf,Schema di accessori per carrello da golf,ゴルフカートアクセサリー設計図,골프 카트 액세서리 설계도,Schemat Akcesoriów do Wózka Golfowego,Esquema de acessórios para carro de golfe,Схема аксессуаров для гольф-кара,Golf Arabası Aksesuar Şeması,高尔夫球车配件原理图,高爾夫球車配件原理圖
vehicleGolfCartchassis,,,,,,Golf Cart Chassis,Golf Cart Chassis,Golfwagen Fahrgestell,Chasis de carro de golf,Châssis de chariot de golf,Telaio di carrello da golf,ゴルフカートのシャーシ,골프 카트 섀시,Podwozie Wózka Golfowego,Chassi do carro de golfe,Шасси гольф-кара,Golf Arabası Şasisi,高尔夫球车底盘,高爾夫球車底盤
vehicleGolfCartchassisDesc,,,,,,Parts needed to craft the Golf Cart.,Parts needed to craft the Golf Cart.,"Teile, die benötigt werden, um den Golfwagen herzustellen.",Partes necesarias para fabricar el carro de golf.,Pièces nécessaires pour fabriquer le chariot de golf.,Parti necessarie per creare il carrello da golf.,ゴルフカートの作成に必要なパーツ。,골프 카트 제작에 필요한 부품.,Części potrzebne do wytworzenia wózka golfowego.,Peças necessárias para fabricar o carro de golfe.,"Детали, необходимые для создания гольф-кара.",Golf Arabası yapmak için gerekli parçalar.,制造高尔夫球车所需的零件。,製造高爾夫球車所需的零件。
vehicleGolfCartchassisSchematic,,,,,,Golf Cart Chassis Schematic,Golf Cart Chassis Schematic,Golfwagen Fahrgestell-Schema,Esquema de chasis de carro de golf,Schéma de châssis de chariot de golf,Schema di telaio di carrello da golf,ゴルフカートのシャーシ設計図,골프 카트 섀시 설계도,Schemat Podwozia Wózka Golfowego,Esquema de chassi do carro de golfe,Схема шасси гольф-кара,Golf Arabası Şasi Şeması,高尔夫球车底盘原理图,高爾夫球車底盤原理圖
vehicleGolfCartplaceable,,,,,,Golf Cart,Golf Cart,Golfwagen,Carro de golf,Chariot de golf,Carrello da golf,ゴルフカート,골프 카트,Wózek golfowy,Carro de golfe,Гольф-кар,Golf Arabası,高尔夫球车,高爾夫球車
vehicleGolfCartplaceableDesc,,,,,,It might not be much but it's better than walking!,It might not be much but it's better than walking!,"Es ist vielleicht nicht viel, aber besser als zu Fuß zu gehen!","Puede que no sea mucho, ¡pero es mejor que caminar!",Ce n'est peut-être pas grand-chose mais c'est mieux que de marcher!,Potrebbe non essere molto ma è meglio che camminare!,大したことないかもしれないが、歩くよりはマシだ！,별거 아닐 수도 있지만 걷는 것보단 낫습니다!,"Może to niewiele, ale lepsze niż chodzenie na piechotę!","Pode não ser muito, mas é melhor do que andar a pé!","Может, и немного, но лучше, чем ходить пешком!",Çok bir şey olmayabilir ama yürümekten iyidir!,可能不多，但总比步行好！,可能不多，但總比步行好！
vehicleGyrocopterOldBV,,,,,,Old Gyrocopter,Old Gyrocopter,Alter Tragschrauber,Viejo autogiro,Vieil autogire,Vecchio autogiro,古いオートジャイロ,오래된 오토자이로,Stary Wiatrakowiec,Autogiro antigo,Старый автожир,Eski Otokopter,旧旋翼机,舊旋翼機
vehicleGyrocopterOldBVAccessories,,,,,,Old Gyrocopter Accessories,Old Gyrocopter Accessories,Alter Tragschrauber Zubehör,Accesorios para viejo autogiro,Accessoires pour vieil autogire,Accessori per vecchio autogiro,古いオートジャイロアクセサリー,오래된 오토자이로 액세서리,Akcesoria do Starego Wiatrakowca,Acessórios para autogiro antigo,Аксессуары для старого автожира,Eski Otokopter Aksesuarları,旧旋翼机配件,舊旋翼機配件
vehicleGyrocopterOldBVChassis,,,,,,Old Gyrocopter Chassis,Old Gyrocopter Chassis,Altes Tragschraubergestell,Chasis de viejo autogiro,Châssis de vieil autogire,Telaio di vecchio autogiro,古いオートジャイロのフレーム,오래된 오토자이로 섀시,Stara Rama Wiatrakowca,Chassi de autogiro antigo,Старое шасси автожира,Eski Otokopter Şasisi,旧旋翼机车架,舊旋翼機車架
vehicleGyrocopterOldBVPlaceable,,,,,,Old Gyrocopter,Old Gyrocopter,Alter Tragschrauber,Viejo autogiro,Vieil autogire,Vecchio autogiro,古いオートジャイロ,오래된 오토자이로,Stary Wiatrakowiec,Autogiro antigo,Старый автожир,Eski Otokopter,旧旋翼机,舊旋翼機
vehicleGyrocopterOldBVPlaceableDesc,,,,,,Old Gyrocopter.,Old Gyrocopter.,Alter Tragschrauber.,Viejo autogiro.,Vieil autogire.,Vecchio autogiro.,古いオートジャイロ。,오래된 오토자이로.,Stary Wiatrakowiec.,Autogiro antigo.,Старый автожир.,Eski Otokopter.,旧旋翼机。,舊旋翼機。
vehicleHotRod1,,,,,,Hot Rod,Hot Rod,Hot Rod,Hot Rod,Hot Rod,Hot Rod,ホットロッド,핫로드,Hot Rod,Hot Rod,Хот-род,Hot Rod,肌肉车,肌肉車
vehicleHotRod1placeable,,,,,,Hot Rod,Hot Rod,Hot Rod,Hot Rod,Hot Rod,Hot Rod,ホットロッド,핫로드,Hot Rod,Hot Rod,Хот-род,Hot Rod,肌肉车,肌肉車
vehicleHotRod1placeableDesc,,,,,,A custom hot rod.,A custom hot rod.,Ein maßgeschneiderter Hot Rod.,Un hot rod personalizado.,Un hot rod personnalisé.,Un hot rod personalizzato.,カスタムホットロッド。,커스텀 핫로드.,Niestandardowy hot rod.,Um hot rod personalizado.,Кастомный хот-род.,Özel bir Hot Rod.,一辆定制热棒。,一輛定制熱棒。
vehicleHotRod2,,,,,,Hot Rod,Hot Rod,Hot Rod,Hot Rod,Hot Rod,Hot Rod,ホットロッド,핫로드,Hot Rod,Hot Rod,Хот-род,Hot Rod,肌肉车,肌肉車
vehicleHotRod2placeable,,,,,,Hot Rod,Hot Rod,Hot Rod,Hot Rod,Hot Rod,Hot Rod,ホットロッド,핫로드,Hot Rod,Hot Rod,Хот-род,Hot Rod,肌肉车,肌肉車
vehicleHotRod2placeableDesc,,,,,,A custom hot rod.,A custom hot rod.,Ein maßgeschneiderter Hot Rod.,Un hot rod personalizado.,Un hot rod personnalisé.,Un hot rod personalizzato.,カスタムホットロッド。,커스텀 핫로드.,Niestandardowy hot rod.,Um hot rod personalizado.,Кастомный хот-род.,Özel bir Hot Rod.,一辆定制热棒。,一輛定制熱棒。
vehicleHotRod3,,,,,,Hot Rod,Hot Rod,Hot Rod,Hot Rod,Hot Rod,Hot Rod,ホットロッド,핫로드,Hot Rod,Hot Rod,Хот-род,Hot Rod,肌肉车,肌肉車
vehicleHotRod3placeable,,,,,,Hot Rod,Hot Rod,Hot Rod,Hot Rod,Hot Rod,Hot Rod,ホットロッド,핫로드,Hot Rod,Hot Rod,Хот-род,Hot Rod,肌肉车,肌肉車
vehicleHotRod3placeableDesc,,,,,,A custom hot rod.,A custom hot rod.,Ein maßgeschneiderter Hot Rod.,Un hot rod personalizado.,Un hot rod personnalisé.,Un hot rod personalizzato.,カスタムホットロッド。,커스텀 핫로드.,Niestandardowy hot rod.,Um hot rod personalizado.,Кастомный хот-род.,Özel bir Hot Rod.,一辆定制热棒。,一輛定制熱棒。
vehicleHotRod4,,,,,,Hot Rod,Hot Rod,Hot Rod,Hot Rod,Hot Rod,Hot Rod,ホットロッド,핫로드,Hot Rod,Hot Rod,Хот-род,Hot Rod,肌肉车,肌肉車
vehicleHotRod4placeable,,,,,,Hot Rod,Hot Rod,Hot Rod,Hot Rod,Hot Rod,Hot Rod,ホットロッド,핫로드,Hot Rod,Hot Rod,Хот-род,Hot Rod,肌肉车,肌肉車
vehicleHotRod4placeableDesc,,,,,,A custom hot rod.,A custom hot rod.,Ein maßgeschneiderter Hot Rod.,Un hot rod personalizado.,Un hot rod personnalisé.,Un hot rod personalizzato.,カスタムホットロッド。,커스텀 핫로드.,Niestandardowy hot rod.,Um hot rod personalizado.,Кастомный хот-род.,Özel bir Hot Rod.,一辆定制热棒。,一輛定制熱棒。
vehicleHotRod5,,,,,,Hot Rod,Hot Rod,Hot Rod,Hot Rod,Hot Rod,Hot Rod,ホットロッド,핫로드,Hot Rod,Hot Rod,Хот-род,Hot Rod,肌肉车,肌肉車
vehicleHotRod5placeable,,,,,,Hot Rod,Hot Rod,Hot Rod,Hot Rod,Hot Rod,Hot Rod,ホットロッド,핫로드,Hot Rod,Hot Rod,Хот-род,Hot Rod,肌肉车,肌肉車
vehicleHotRod5placeableDesc,,,,,,A custom hot rod.,A custom hot rod.,Ein maßgeschneiderter Hot Rod.,Un hot rod personalizado.,Un hot rod personnalisé.,Un hot rod personalizzato.,カスタムホットロッド。,커스텀 핫로드.,Niestandardowy hot rod.,Um hot rod personalizado.,Кастомный хот-род.,Özel bir Hot Rod.,一辆定制热棒。,一輛定制熱棒。
vehicleHotRod6,,,,,,Hot Rod Accessories,Hot Rod Accessories,Hot Rod Zubehör,Accesorios para Hot Rod,Accessoires Hot Rod,Accessori per Hot Rod,ホットロッドアクセサリー,핫로드 액세서리,Akcesoria do Hot Roda,Acessórios para Hot Rod,Аксессуары для хот-рода,Hot Rod Aksesuarları,热棒配件,熱棒配件
vehicleHotRod6placeable,,,,,,Parts needed to craft the Hot Rod.,Parts needed to craft the Hot Rod.,"Teile, die benötigt werden, um den Hot Rod herzustellen.",Partes necesarias para fabricar el Hot Rod.,Pièces nécessaires pour fabriquer le Hot Rod.,Parti necessarie per creare il Hot Rod.,ホットロッドの作成に必要なパーツ。,핫로드 제작에 필요한 부품.,Części potrzebne do wytworzenia Hot Roda.,Peças necessárias para fabricar o Hot Rod.,"Детали, необходимые для создания хот-рода.",Hot Rod yapmak için gerekli parçalar.,制造热棒所需的零件。,製造熱棒所需的零件。
vehicleHotRod6placeableDesc,,,,,,Hot Rod Accessories Schematic,Hot Rod Accessories Schematic,Hot Rod Zubehör-Schema,Esquema de accesorios para Hot Rod,Schéma d'accessoires Hot Rod,Schema di accessori per Hot Rod,ホットロッドアクセサリー設計図,핫로드 액세서리 설계도,Schemat Akcesoriów do Hot Roda,Esquema de acessórios para Hot Rod,Схема аксессуаров для хот-рода,Hot Rod Aksesuar Şeması,热棒配件原理图,熱棒配件原理圖
vehicleHotRodaccessories,,,,,,Hot Rod Chassis,Hot Rod Chassis,Hot Rod Fahrgestell,Chasis de Hot Rod,Châssis de Hot Rod,Telaio di Hot Rod,ホットロッドのシャーシ,핫로드 섀시,Podwozie Hot Roda,Chassi do Hot Rod,Шасси хот-рода,Hot Rod Şasisi,热棒底盘,熱棒底盤
vehicleHotRodaccessoriesDesc,,,,,,Parts needed to craft the Hot Rod.,Parts needed to craft the Hot Rod.,"Teile, die benötigt werden, um den Hot Rod herzustellen.",Partes necesarias para fabricar el Hot Rod.,Pièces nécessaires pour fabrijar el Hot Rod.,Parti necessarie per creare il Hot Rod.,ホットロッドの作成に必要なパーツ。,핫로드 제작에 필요한 부품.,Części potrzebne do wytworzenia Hot Roda.,Peças necessárias para fabricar o Hot Rod.,"Детали, необходимые для создания хот-рода.",Hot Rod yapmak için gerekli parçalar.,制造热棒所需的零件。,製造熱棒所需的零件。
vehicleHotRodaccessoriesSchematic,,,,,,Hot Rod Chassis Schematic.,Hot Rod Chassis Schematic.,Hot Rod Fahrgestell-Schema.,Esquema de chasis de Hot Rod.,Schéma de châssis de Hot Rod.,Schema di telaio di Hot Rod.,ホットロッドのシャーシ設計図。,핫로드 섀시 설계도.,Schemat Podwozia Hot Roda.,Esquema de chassi do Hot Rod.,Схема шасси хот-рода.,Hot Rod Şasi Şeması.,热棒底盘原理图。,熱棒底盤原理圖。
vehicleHotRodchassis,,,,,,Hot Rod Chassis,Hot Rod Chassis,Hot Rod Fahrgestell,Chasis de Hot Rod,Châssis de Hot Rod,Telaio di Hot Rod,ホットロッドのシャーシ,핫로드 섀시,Podwozie Hot Roda,Chassi do Hot Rod,Шасси хот-рода,Hot Rod Şasisi,热棒底盘,熱棒底盤
vehicleHotRodchassisDesc,,,,,,Parts needed to craft the Hot Rod.,Parts needed to craft the Hot Rod.,"Teile, die benötigt werden, um den Hot Rod herzustellen.",Partes necesarias para fabricar el Hot Rod.,Pièces nécessaires pour fabriquer le Hot Rod.,Parti necessarie per creare il Hot Rod.,ホットロッドの作成に必要なパーツ。,핫로드 제작에 필요한 부품.,Części potrzebne do wytworzenia Hot Roda.,Peças necessárias para fabricar o Hot Rod.,"Детали, необходимые для создания хот-рода.",Hot Rod yapmak için gerekli parçalar.,制造热棒所需的零件。,製造熱棒所需的零件。
vehicleHotRodchassisSchematic,,,,,,Hot Rod Chassis Schematic,Hot Rod Chassis Schematic,Hot Rod Fahrgestell-Schema,Esquema de chasis de Hot Rod,Schéma de châssis de Hot Rod,Schema di telaio di Hot Rod,ホットロッドのシャーシ設計図,핫로드 섀시 설계도,Schemat Podwozia Hot Roda,Esquema de chassi do Hot Rod,Схема шасси хот-рода,Hot Rod Şasi Şeması,热棒底盘原理图,熱棒底盤原理圖
vehicleHumvee,,,,,,Humvee,Humvee,Humvee,Humvee,Humvee,Humvee,ハンヴィー,험비,Humvee,Humvee,Хамви,Humvee,悍马,悍馬
vehicleHumveebody,,,,,,Humvee Body,Humvee Body,Humvee Karosserie,Carrocería de Humvee,Carrosserie de Humvee,Carrozzeria di Humvee,ハンヴィーのボディ,험비 차체,Nadwozie Humvee,Carroceria do Humvee,Кузов Хамви,Humvee Gövdesi,悍马车身,悍馬車身
vehicleHumveebodyDesc,,,,,,Parts needed to craft the Humvee.,Parts needed to craft the Humvee.,"Teile, die benötigt werden, um den Humvee herzustellen.",Partes necesarias para fabricar el Humvee.,Pièces nécessaires pour fabriquer le Humvee.,Parti necessarie per creare l'Humvee.,ハンヴィーの作成に必要なパーツ。,험비 제작에 필요한 부품.,Części potrzebne do wytworzenia Humvee.,Peças necessárias para fabricar o Humvee.,"Детали, необходимые для создания Хамви.",Humvee yapmak için gerekli parçalar.,制造悍马所需的零件。,製造悍馬所需的零件。
vehicleHumveebodySchematic,,,,,,Humvee Body Schematic,Humvee Body Schematic,Humvee Karosserie-Schema,Esquema de carrocería de Humvee,Schéma de carrosserie de Humvee,Schema di carrozzeria di Humvee,ハンヴィーのボディ設計図,험비 차체 설계도,Schemat Nadwozia Humvee,Esquema de carroceria do Humvee,Схема кузова Хамви,Humvee Gövde Şeması,悍马车身原理图,悍馬車身原理圖
vehicleHumveechassis,,,,,,Humvee Chassis,Humvee Chassis,Humvee Fahrgestell,Chasis de Humvee,Châssis de Humvee,Telaio di Humvee,ハンヴィーのシャーシ,험비 섀시,Podwozie Humvee,Chassi do Humvee,Шасси Хамви,Humvee Şasisi,悍马底盘,悍馬底盤
vehicleHumveechassisDesc,,,,,,Parts needed to craft the Humvee.,Parts needed to craft the Humvee.,"Teile, die benötigt werden, um den Humvee herzustellen.",Partes necesarias para fabricar el Humvee.,Pièces nécessaires pour fabriquer le Humvee.,Parti necessarie per creare l'Humvee.,ハンヴィーの作成に必要なパーツ。,험비 제작에 필요한 부품.,Części potrzebne do wytworzenia Humvee.,Peças necessárias para fabricar o Humvee.,"Детали, необходимые для создания Хамви.",Humvee yapmak için gerekli parçalar.,制造悍马所需的零件。,製造悍馬所需的零件。
vehicleHumveechassisSchematic,,,,,,Humvee Chassis Schematic,Humvee Chassis Schematic,Humvee Fahrgestell-Schema,Esquema de chasis de Humvee,Schéma de châssis de Humvee,Schema di telaio di Humvee,ハンヴィーのシャーシ設計図,험비 섀시 설계도,Schemat Podwozia Humvee,Esquema de chassi do Humvee,Схема шасси Хамви,Humvee Şasi Şeması,悍马底盘原理图,悍馬底盤原理圖
vehicleHumveeplaceable,,,,,,Humvee,Humvee,Humvee,Humvee,Humvee,Humvee,ハンヴィー,험비,Humvee,Humvee,Хамви,Humvee,悍马,悍馬
vehicleHumveeplaceableDesc,,,,,,Military surplus at its finest!,Military surplus at its finest!,Militärüberschuss von seiner besten Seite!,¡Excedente militar en su máxima expresión!,Le surplus militaire à son meilleur!,Il surplus militare al suo meglio!,最高の軍払い下げ品！,최고의 군용 잉여품!,Nadwyżka wojskowa w najlepszym wydaniu!,Excedente militar no seu melhor!,Военный излишек в лучшем виде!,Askeri fazlalık en iyi haliyle!,最好的军用剩余物资！,最好的軍用剩餘物資！
vehicleHumveeTopless,,,,,,Humvee,Humvee,Humvee,Humvee,Humvee,Humvee,ハンヴィー,험비,Humvee,Humvee,Хамви,Humvee,悍马,悍馬
vehicleHumveeToplessplaceable,,,,,,Humvee (Topless),Humvee (Topless),Humvee (Oben ohne),Humvee (Sin techo),Humvee (Sans toit),Humvee (Senza tetto),ハンヴィー（屋根なし）,험비 (탑리스),Humvee (Bez dachu),Humvee (Sem capota),Хамви (Без крыши),Humvee (Üstü Açık),悍马 (无顶),悍馬 (無頂)
vehicleHumveeToplessplaceableDesc,,,,,,Military surplus at its finest!,Military surplus at its finest!,Militärüberschuss von seiner besten Seite!,¡Excedente militar en su máxima expresión!,Le surplus militaire à son meilleur!,Il surplus militare al suo meglio!,最高の軍払い下げ品！,최고의 군용 잉여품!,Nadwyżka wojskowa w najlepszym wydaniu!,Excedente militar no seu melhor!,Военный излишек в лучшем виде!,Askeri fazlalık en iyi haliyle!,最好的军用剩余物资！,最好的軍用剩餘物資！
vehicleJunker,,,,,,Junker,Junker,Junker,Junker,Junker,Junker,ジャンク,정크,Junker,Junker,Рухлядь,Junker,垃圾,垃圾
vehicleJunker2,,,,,,Junker,Junker,Junker,Junker,Junker,Junker,ジャンク,정크,Junker,Junker,Рухлядь,Junker,垃圾,垃圾
vehicleJunker2placeable,,,,,,Junker Purple,Junker Purple,Junker Lila,Junker Púrpura,Junker Violet,Junker Viola,ジャンクパープル,정크 퍼플,Junker Fioletowy,Junker Roxo,Рухлядь Фиолетовый,Junker Mor,垃圾紫,垃圾紫
vehicleJunker2placeableDesc,,,,,,An old custom bike.,An old custom bike.,Ein altes Custom-Bike.,Una bicicleta personalizada vieja.,Un vieux vélo personnalisé.,Una vecchia bici personalizzata.,古いカスタムバイク。,오래된 커스텀 바이크.,Stary Rower Niestandardowy.,Uma bicicleta personalizada antiga.,Старый кастомный байк.,Eski bir özel yapım motosiklet.,一辆旧定制自行车。,一輛舊訂製自行車。
vehicleJunkerbars,,,,,,Junker Handlebars,Junker Handlebars,Junker Lenker,Manillar de Junker,Guidon de Junker,Manubrio da Junker,ジャンクのハンドルバー,정크 핸들바,Kierownica Junkera,Guidão de Junker,Руль рухляди,Junker Gidonu,垃圾把手,垃圾把手
vehicleJunkerbarsDesc,,,,,,You might need these.,You might need these.,Du wirst diese vielleicht brauchen.,Podrías necesitar estos.,Vous pourriez avoir besoin de ceux-ci.,Potresti averne bisogno.,これらが必要になるかも。,이것들이 필요할 수도 있습니다.,Te rzeczy mogą ci się przydać.,Você pode precisar destes.,Вам могут понадобиться эти.,Bunlara ihtiyacın olabilir.,你可能需要这些。,你可能需要這些。
vehicleJunkerbarsSchematic,,,,,,Junker Handlebars Schematic,Junker Handlebars Schematic,Junker Lenker-Schema,Esquema de manillar de Junker,Schéma de guidon de Junker,Schema manubrio da Junker,ジャンクのハンドルバー設計図,정크 핸들바 설계도,Schemat Kierownicy Junkera,Esquema de guidão de Junker,Схема руля рухляди,Junker Gidonu Şeması,垃圾把手原理图,垃圾把手原理圖
vehicleJunkerChassis,,,,,,Junker Chassis,Junker Chassis,Junker Fahrgestell,Chasis de Junker,Châssis de Junker,Telaio di Junker,ジャンクのシャーシ,정크 섀시,Podwozie Junkera,Chassi de Junker,Шасси рухляди,Junker Şasisi,垃圾底盘,垃圾底盤
vehicleJunkerChassisDesc,,,,,,The beginning of something...awesome!,The beginning of something...awesome!,Der Anfang von etwas... Großartigem!,¡El comienzo de algo... increíble!,Le début de quelque chose... génial!,L'inizio di qualcosa... fantastico!,何かの始まり...素晴らしい！,뭔가의 시작... 대단해요!,Początek czegoś... niesamowitego!,O começo de algo... incrível!,Начало чего-то... потрясающего!,Bir şeyin başlangıcı... harika!,某事的开始...真棒！,某事的開始...真棒！
vehicleJunkerChassisSchematic,,,,,,Junker Chassis Schematic,Junker Chassis Schematic,Junker Fahrgestell-Schema,Esquema de chasis de Junker,Schéma de châssis de Junker,Schema di telaio di Junker,ジャンクのシャーシ設計図,정크 섀시 설계도,Schemat Podwozia Junkera,Esquema de chassi de Junker,Схема шасси рухляди,Junker Şasi Şeması,垃圾底盘原理图,垃圾底盤原理圖
vehicleJunkerplaceable,,,,,,Junker,Junker,Junker,Junker,Junker,Junker,ジャンク,정크,Junker,Junker,Рухлядь,Junker,垃圾,垃圾
vehicleJunkerplaceableDesc,,,,,,An old custom bike.,An old custom bike.,Ein altes Custom-Bike.,Una bicicleta personalizada vieja.,Un vieux vélo personnalisé.,Una vecchia bici personalizzata.,古いカスタムバイク。,오래된 커스텀 바이크.,Stary Rower Niestandardowy.,Uma bicicleta personalizada antiga.,Старый кастомный байк.,Eski bir özel yapım motosiklet.,一辆旧定制自行车。,一輛舊訂製自行車。
vehicleLMTV,,,,,,LMTV,LMTV,LMTV,LMTV,LMTV,LMTV,LMTV,LMTV,LMTV,LMTV,LMTV,LMTV,LMTV,LMTV
vehicleLMTVbody,,,,,,LMTV Body,LMTV Body,LMTV Karosserie,Carrocería de LMTV,Carrosserie de LMTV,Carrozzeria di LMTV,LMTVボディ,LMTV 차체,Nadwozie LMTV,Carroceria do LMTV,Кузов LMTV,LMTV Gövdesi,LMTV车身,LMTV車身
vehicleLMTVbodyDesc,,,,,,Parts needed to craft the LMTV.,Parts needed to craft the LMTV.,"Teile, die benötigt werden, um den LMTV herzustellen.",Partes necesarias para fabricar el LMTV.,Pièces nécessaires pour fabriquer le LMTV.,Parti necessarie per creare l'LMTV.,LMTVの作成に必要なパーツ。,LMTV 제작에 필요한 부품.,Części potrzebne do wytworzenia LMTV.,Peças necessárias para fabricar o LMTV.,"Детали, необходимые для создания LMTV.",LMTV yapmak için gerekli parçalar.,制造LMTV所需的零件。,製造LMTV所需的零件。
vehicleLMTVbodySchematic,,,,,,LMTV Body Schematic,LMTV Body Schematic,LMTV Karosserie-Schema,Esquema de carrocería de LMTV,Schéma de carrosserie de LMTV,Schema di carrozzeria di LMTV,LMTVボディ設計図,LMTV 차체 설계도,Schemat Nadwozia LMTV,Esquema de carroceria do LMTV,Схема кузова LMTV,LMTV Gövde Şeması,LMTV车身原理图,LMTV車身原理圖
vehicleLMTVchassis,,,,,,LMTV Chassis,LMTV Chassis,LMTV Fahrgestell,Chasis de LMTV,Châssis de LMTV,Telaio di LMTV,LMTVのシャーシ,LMTV 섀시,Podwozie LMTV,Chassi do LMTV,Шасси LMTV,LMTV Şasisi,LMTV底盘,LMTV底盤
vehicleLMTVchassisDesc,,,,,,Parts needed to craft the LMTV.,Parts needed to craft the LMTV.,"Teile, die benötigt werden, um den LMTV herzustellen.",Partes necesarias para fabricar el LMTV.,Pièces nécessaires pour fabriquer le LMTV.,Parti necessarie per creare l'LMTV.,LMTVの作成に必要なパーツ。,LMTV 제작에 필요한 부품.,Części potrzebne do wytworzenia LMTV.,Peças necessárias para fabricar o LMTV.,"Детали, необходимые для создания LMTV.",LMTV yapmak için gerekli parçalar.,制造LMTV所需的零件。,製造LMTV所需的零件。
vehicleLMTVchassisSchematic,,,,,,LMTV Chassis Schematic,LMTV Chassis Schematic,LMTV Fahrgestell-Schema,Esquema de chasis de LMTV,Schéma de châssis de LMTV,Schema di telaio di LMTV,LMTVのシャーシ設計図,LMTV 섀시 설계도,Schemat Podwozia LMTV,Esquema de chassi do LMTV,Схема шасси LMTV,LMTV Şasi Şeması,LMTV底盘原理图,LMTV底盤原理圖
vehicleLMTVplaceable,,,,,,LMTV,LMTV,LMTV,LMTV,LMTV,LMTV,LMTV,LMTV,LMTV,LMTV,LMTV,LMTV,LMTV,LMTV
vehicleLMTVplaceableDesc,,,,,,Military transport vehicle. Holds 6 people.,Military transport vehicle. Holds 6 people.,Militärtransportfahrzeug. Bietet Platz für 6 Personen.,Vehículo de transporte militar. Capacidad para 6 personas.,Véhicule de transport militaire. Peut contenir 6 personnes.,Veicolo da trasporto militare. Può ospitare 6 persone.,軍用輸送車両。6人乗り。,군용 수송 차량. 6인승.,Wojskowy pojazd transportowy. Mieści 6 osób.,Veículo de transporte militar. Comporta 6 pessoas.,Военный транспортный автомобиль. Вмещает 6 человек.,Askeri nakliye aracı. 6 kişi alır.,军用运输车辆。可容纳6人。,軍用運輸車輛。可容納6人。
vehicleMarauder,,,,,,Marauder,Marauder,Marauder,Merodeador,Maraudeur,Predone,マローダー,마라우더,Maruder,Pillhador,Мародер,Yağmacı,掠夺者,掠奪者
vehicleMarauderaccessories,,,,,,Marauder Accessories,Marauder Accessories,Marauder Zubehör,Accesorios para Marauder,Accessoires Maraudeur,Accessori per Marauder,マローダーアクセサリー,마라우더 액세서리,Akcesoria do Marudera,Acessórios para Marauder,Аксессуары для мародера,Marauder Aksesuarları,掠夺者配件,掠奪者配件
vehicleMarauderaccessoriesDesc,,,,,,Parts needed to craft the Marauder.,Parts needed to craft the Marauder.,"Teile, die benötigt werden, um den Marauder herzustellen.",Partes necesarias para fabricar el Marauder.,Pièces nécessaires pour fabriquer le Maraudeur.,Parti necessarie per creare il Marauder.,マローダーの作成に必要なパーツ。,마라우더 제작에 필요한 부품.,Części potrzebne do wytworzenia Marudera.,Peças necessárias para fabricar o Marauder.,"Детали, необходимые для создания мародера.",Marauder yapmak için gerekli parçalar.,制造掠夺者所需的零件。,製造掠奪者所需的零件。
vehicleMarauderaccessoriesSchematic,,,,,,Marauder Accessories Schematic,Marauder Accessories Schematic,Marauder Zubehör-Schema,Esquema de accesorios para Marauder,Schéma d'accessoires Maraudeur,Schema di accessori per Marauder,マローダーアクセサリー設計図,마라우더 액세서리 설계도,Schemat Akcesoriów do Marudera,Esquema de acessórios para Marauder,Схема аксессуаров для мародера,Marauder Aksesuar Şeması,掠夺者配件原理图,掠奪者配件原理圖
vehicleMarauderblack,,,,,,Marauder,Marauder,Marauder,Merodeador,Maraudeur,Predone,マローダー,마라우더,Maruder,Pillhador,Мародер,Yağmacı,掠夺者,掠奪者
vehicleMarauderblackplaceable,,,,,,Marauder,Marauder,Marauder,Merodeador,Maraudeur,Predone,マローダー,마라우더,Maruder,Pillhador,Мародер,Yağmacı,掠夺者,掠奪者
vehicleMarauderblackplaceableDesc,,,,,,Those zombies will be jealous of this ride!,Those zombies will be jealous of this ride!,Diese Zombies werden neidisch auf dieses Gefährt sein!,¡Esos zombis tendrán envidia de este paseo!,Ces zombies seront jaloux de ce véhicule!,Quei zombi saranno gelosi di questo mezzo!,ゾンビも羨むこの乗り物！,좀비들이 이 차를 부러워할 겁니다!,Te zombie będą zazdrościć tej jazdy!,Esses zumbis terão inveja desta carona!,Эти зомби будут завидовать этому транспорту!,Bu araca o zombiler bile imrenecek!,这些僵尸会嫉妒这个座驾！,這些殭屍會嫉妒這個座駕！
vehicleMarauderchassis,,,,,,Marauder Chassis,Marauder Chassis,Marauder Fahrgestell,Chasis de Marauder,Châssis de Maraudeur,Telaio di Marauder,マローダーのシャーシ,마라우더 섀시,Podwozie Marudera,Chassi do Marauder,Шасси мародера,Marauder Şasisi,掠夺者底盘,掠奪者底盤
vehicleMarauderchassisDesc,,,,,,Parts needed to craft the Marauder.,Parts needed to craft the Marauder.,"Teile, die benötigt werden, um den Marauder herzustellen.",Partes necesarias para fabricar el Marauder.,Pièces nécessaires pour fabriquer le Maraudeur.,Parti necessarie per creare il Marauder.,マローダーの作成に必要なパーツ。,마라우더 제작에 필요한 부품.,Części potrzebne do wytworzenia Marudera.,Peças necessárias para fabricar o Marauder.,"Детали, необходимые для создания мародера.",Marauder yapmak için gerekli parçalar.,制造掠夺者所需的零件。,製造掠奪者所需的零件。
vehicleMarauderchassisSchematic,,,,,,Marauder Chassis Schematic,Marauder Chassis Schematic,Marauder Fahrgestell-Schema,Esquema de chasis de Marauder,Schéma de châssis de Maraudeur,Schema di telaio di Marauder,マローダーのシャーシ設計図,마라우더 섀시 설계도,Schemat Podwozia Marudera,Esquema de chassi do Marauder,Схема шасси мародера,Marauder Şasi Şeması,掠夺者底盘原理图,掠奪者底盤原理圖
vehicleMarauderplaceable,,,,,,Marauder,Marauder,Marauder,Merodeador,Maraudeur,Predone,マローダー,마라우더,Maruder,Pillhador,Мародер,Yağmacı,掠夺者,掠奪者
vehicleMarauderplaceableDesc,,,,,,Those zombies will be jealous of this ride!,Those zombies will be jealous of this ride!,Diese Zombies werden neidisch auf dieses Gefährt sein!,¡Esos zombis tendrán envidia de este paseo!,Ces zombies seront jaloux de ce véhicule!,Quei zombi saranno gelosi di questo mezzo!,ゾンビも羨むこの乗り物！,좀비들이 이 차를 부러워할 겁니다!,Te zombie będą zazdrościć tej jazdy!,Esses zumbis terão inveja desta carona!,Эти зомби будут завидовать этому транспорту!,Bu araca o zombiler bile imrenecek!,这些僵尸会嫉妒这个座驾！,這些殭屍會嫉妒這個座駕！
vehicleMD500,,,,,,MD-500,MD-500,MD-500,MD-500,MD-500,MD-500,MD-500,MD-500,MD-500,MD-500,МД-500,MD-500,MD-500,MD-500
vehicleMD500accessories,,,,,,MD-500 Accessories,MD-500 Accessories,MD-500 Zubehör,Accesorios para MD-500,Accessoires MD-500,Accessori per MD-500,MD-500アクセサリー,MD-500 액세서리,Akcesoria do MD-500,Acessórios para MD-500,Аксессуары для МД-500,MD-500 Aksesuarları,MD-500 配件,MD-500 配件
vehicleMD500accessoriesDesc,,,,,,Parts needed to craft the MD-500.,Parts needed to craft the MD-500.,"Teile, die benötigt werden, um den MD-500 herzustellen.",Partes necesarias para fabricar el MD-500.,Pièces nécessaires pour fabriquer le MD-500.,Parti necessarie per creare l'MD-500.,MD-500の作成に必要なパーツ。,MD-500 제작에 필요한 부품.,Części potrzebne do wytworzenia MD-500.,Peças necessárias para fabricar o MD-500.,"Детали, необходимые для создания МД-500.",MD-500 yapmak için gerekli parçalar.,制造MD-500所需的零件。,製造MD-500所需的零件。
vehicleMD500accessoriesSchematic,,,,,,MD-500 Accessories Schematic,MD-500 Accessories Schematic,MD-500 Zubehör-Schema,Esquema de accesorios para MD-500,Schéma d'accessoires MD-500,Schema di accessori per MD-500,MD-500アクセサリー設計図,MD-500 액세서리 설계도,Schemat Akcesoriów do MD-500,Esquema de acessórios para MD-500,Схема аксессуаров для МД-500,MD-500 Aksesuar Şeması,MD-500 配件原理图,MD-500 配件原理圖
vehicleMD500chassis,,,,,,MD-500 Chassis,MD-500 Chassis,MD-500 Fahrgestell,Chasis de MD-500,Châssis de MD-500,Telaio di MD-500,MD-500のシャーシ,MD-500 섀시,Podwozie MD-500,Chassi do MD-500,Шасси МД-500,MD-500 Şasisi,MD-500 底盘,MD-500 底盤
vehicleMD500chassisDesc,,,,,,Parts needed to craft the MD-500.,Parts needed to craft the MD-500.,"Teile, die benötigt werden, um den MD-500 herzustellen.",Partes necesarias para fabricar el MD-500.,Pièces nécessaires pour fabriquer le MD-500.,Parti necessarie per creare l'MD-500.,MD-500の作成に必要なパーツ。,MD-500 제작에 필요한 부품.,Części potrzebne do wytworzenia MD-500.,Peças necessárias para fabricar o MD-500.,"Детали, необходимые для создания МД-500.",MD-500 yapmak için gerekli parçalar.,制造MD-500所需的零件。,製造MD-500所需的零件。
vehicleMD500chassisSchematic,,,,,,MD-500 Chassis Schematic,MD-500 Chassis Schematic,MD-500 Fahrgestell-Schema,Esquema de chasis de MD-500,Schéma de châssis de MD-500,Schema di telaio di MD-500,MD-500のシャーシ設計図,MD-500 섀시 설계도,Schemat Podwozia MD-500,Esquema de chassi do MD-500,Схема шасси МД-500,MD-500 Şasi Şeması,MD-500 底盘原理图,MD-500 底盤原理圖
vehicleMD500placeable,,,,,,MD-500,MD-500,MD-500,MD-500,MD-500,MD-500,MD-500,MD-500,MD-500,MD-500,МД-500,MD-500,MD-500,MD-500
vehicleMD500placeableDesc,,,,,,They can't kill you if they can't hit you!,They can't kill you if they can't hit you!,"Sie können dich nicht töten, wenn sie dich nicht treffen können!",¡No pueden matarte si no pueden golpearte!,Ils ne peuvent pas vous tuer s'ils ne peuvent pas vous toucher!,Non possono ucciderti se non possono colpirti!,当たらないなら殺せない！,맞힐 수 없다면 죽일 수 없습니다!,"Nie mogą cię zabić, jeśli nie mogą cię trafić!",Eles não podem te matar se não puderem te acertar!,"Они не смогут убить тебя, если не смогут попасть в тебя!",Seni vuramıyorlarsa öldüremezler!,如果打不中你，他们就杀不了你！,如果打不中你，他們就殺不了你！
vehicleMinibikeOldBV,,,,,,Old Minibike,Old Minibike,Altes Minibike,Minibike vieja,Vieux minivélo,Vecchia minimoto,古いミニバイク,오래된 미니 바이크,Stary Minibike,Minimoto antiga,Старый мини-байк,Eski Minibike,旧迷你自行车,舊迷你自行車
vehicleMinibikeOldBVChassis,,,,,,Old Minibike Chassis,Old Minibike Chassis,Altes Minibike Fahrgestell,Chasis de minibike vieja,Châssis de vieux minivélo,Telaio di vecchia minimoto,古いミニバイクのシャーシ,오래된 미니 바이크 섀시,Stare Podwozie Minibike'a,Chassi de minimoto antiga,Старое шасси мини-байка,Eski Minibike Şasisi,旧迷你自行车底盘,舊迷你自行車底盤
vehicleMinibikeOldBVHandlebars,,,,,,Old Minibike Handlebars,Old Minibike Handlebars,Alte Minibike Lenker,Manillar de minibike vieja,Guidon de vieux minivélo,Manubrio di vecchia minimoto,古いミニバイクのハンドルバー,오래된 미니 바이크 핸들바,Stara Kierownica Minibike'a,Guidão de minimoto antiga,Старый руль мини-байка,Eski Minibike Gidonu,旧迷你自行车把手,舊迷你自行車把手
vehicleMinibikeOldBVPlaceable,,,,,,Old Minibike,Old Minibike,Altes Minibike,Minibike vieja,Vieux minivélo,Vecchia minimoto,古いミニバイク,오래된 미니 바이크,Stary Minibike,Minimoto antiga,Старый мини-байк,Eski Minibike,旧迷你自行车,舊迷你自行車
vehicleMinibikeOldBVPlaceableDesc,,,,,,Old Minibike.,Old Minibike.,Altes Minibike.,Minibike vieja.,Vieux minivélo.,Vecchia minimoto.,古いミニバイク。,오래된 미니 바이크.,Stary Minibike.,Minimoto antiga.,Старый мини-байк.,Eski Minibike.,旧迷你自行车.,舊迷你自行車.
vehicleMotorcycleOldBV,,,,,,Old Motorcycle,Old Motorcycle,Altes Motorrad,Motocicleta vieja,Vieille moto,Vecchia moto,古いバイク,오래된 오토바이,Stary Motocykl,Motocicleta antiga,Старый мотоцикл,Eski Motosiklet,旧摩托车,舊摩托車
vehicleMotorcycleOldBVChassis,,,,,,Old Motorcycle Chassis,Old Motorcycle Chassis,Altes Motorradfahrgestell,Chasis de motocicleta vieja,Châssis de vieille moto,Telaio di vecchia moto,古いバイクのシャーシ,오래된 오토바이 섀시,Stare Podwozie Motocykla,Chassi de motocicleta antiga,Старое шасси мотоцикла,Eski Motosiklet Şasisi,旧摩托车底盘,舊摩托車底盤
vehicleMotorcycleOldBVHandlebars,,,,,,Old Motorcycle Handlebars,Old Motorcycle Handlebars,Alte Motorradlenker,Manillar de motocicleta vieja,Guidon de vieille moto,Manubrio di vecchia moto,古いバイクのハンドルバー,오래된 오토바이 핸들바,Stara Kierownica Motocykla,Guidão de motocicleta antiga,Старый руль мотоцикла,Eski Motosiklet Gidonu,旧摩托车把手,舊摩托車把手
vehicleMotorcycleOldBVPlaceable,,,,,,Old Motorcycle,Old Motorcycle,Altes Motorrad,Motocicleta vieja,Vieille moto,Vecchia moto,古いバイク,오래된 오토바이,Stary Motocykl,Motocicleta antiga,Старый мотоцикл,Eski Motosiklet,旧摩托车,舊摩托車
vehicleMotorcycleOldBVPlaceableDesc,,,,,,Old Motorcycle.,Old Motorcycle.,Altes Motorrad.,Motocicleta vieja.,Vieille moto.,Vecchia moto.,古いバイク。,오래된 오토바이.,Stary Motocykl.,Motocicleta antiga.,Старый мотоцикл.,Eski Motosiklet.,旧摩托车.,舊摩托車.
vehicleMRAP,,,,,,MRAP,MRAP,MRAP,MRAP,MRAP,MRAP,MRAP,MRAP,MRAP,MRAP,МРАП,MRAP,MRAP,MRAP
vehicleMRAP2,,,,,,MRAP,MRAP,MRAP,MRAP,MRAP,MRAP,MRAP,MRAP,MRAP,MRAP,МРАП,MRAP,MRAP,MRAP
vehicleMRAP2placeable,,,,,,MRAP,MRAP,MRAP,MRAP,MRAP,MRAP,MRAP,MRAP,MRAP,MRAP,МРАП,MRAP,MRAP,MRAP
vehicleMRAP2placeableDesc,,,,,,A MRAP military vehicle. What else could you want?,A MRAP military vehicle. What else could you want?,Ein MRAP Militärfahrzeug. Was will man mehr?,Un vehículo militar MRAP. ¿Qué más podrías querer?,Un véhicule militaire MRAP. Que demander de plus?,Un veicolo militare MRAP. Cos'altro potresti volere?,MRAP軍用車両。他に何が必要？,MRAP 군용 차량. 또 뭐가 필요해?,Pojazd wojskowy MRAP. Czego chcieć więcej?,Um veículo militar MRAP. O que mais você poderia querer?,Военный автомобиль МРАП. Что еще можно желать?,Bir MRAP askeri aracı. Başka ne isteyebilirsin?,一辆MRAP军用车辆。你还能想要什么？,一輛MRAP軍用車輛。你還能想要什麼？
vehicleMRAPaccessories,,,,,,MRAP Accessories,MRAP Accessories,MRAP Zubehör,Accesorios para MRAP,Accessoires MRAP,Accessori per MRAP,MRAPアクセサリー,MRAP 액세서리,Akcesoria do MRAP,Acessórios para MRAP,Аксессуары для МРАП,MRAP Aksesuarları,MRAP 配件,MRAP 配件
vehicleMRAPaccessoriesDesc,,,,,,Accessories needed to craft the MRAP.,Accessories needed to craft the MRAP.,"Zubehör, das benötigt wird, um den MRAP herzustellen.",Accesorios necesarios para fabricar el MRAP.,Accessoires nécessaires pour fabriquer le MRAP.,Accessori necessari per creare l'MRAP.,MRAPの作成に必要なアクセサリー。,MRAP 제작에 필요한 액세서리.,Akcesoria potrzebne do wytworzenia MRAP.,Acessórios necessários para fabricar o MRAP.,"Аксессуары, необходимые для создания МРАП.",MRAP yapmak için gerekli aksesuarlar.,制造MRAP所需的配件。,製造MRAP所需的配件。
vehicleMRAPaccessoriesSchematic,,,,,,MRAP Accessories Schematic,MRAP Accessories Schematic,MRAP Zubehör-Schema,Esquema de accesorios para MRAP,Schéma d'accessoires MRAP,Schema di accessori per MRAP,MRAPアクセサリー設計図,MRAP 액세서리 설계도,Schemat Akcesoriów do MRAP,Esquema de acessórios para MRAP,Схема аксессуаров для МРАП,MRAP Aksesuar Şeması,MRAP 配件原理图,MRAP 配件原理圖
vehicleMRAPparts,,,,,,MRAP Parts,MRAP Parts,MRAP Teile,Piezas de MRAP,Pièces de MRAP,Parti di MRAP,MRAPパーツ,MRAP 부품,Części do MRAP,Peças para MRAP,Детали МРАП,MRAP Parçaları,MRAP 零件,MRAP 零件
vehicleMRAPpartsDesc,,,,,,Parts needed to craft the MRAP.,Parts needed to craft the MRAP.,"Teile, die benötigt werden, um den MRAP herzustellen.",Partes necesarias para fabricar el MRAP.,Pièces nécessaires pour fabriquer le MRAP.,Parti necessarie per creare l'MRAP.,MRAPの作成に必要なパーツ。,MRAP 제작에 필요한 부품.,Części potrzebne do wytworzenia MRAP.,Peças necessárias para fabricar o MRAP.,"Детали, необходимые для создания МРАП.",MRAP yapmak için gerekli parçalar.,制造MRAP所需的零件。,製造MRAP所需的零件。
vehicleMRAPpartsSchematic,,,,,,MRAP Parts Schematic,MRAP Parts Schematic,MRAP Teile Schema,Esquema de piezas de MRAP,Schéma de pièces de MRAP,Schema di parti per MRAP,MRAPパーツ設計図,MRAP 부품 설계도,Schemat Części do MRAP,Esquema de peças para MRAP,Схема деталей МРАП,MRAP Parçaları Şeması,MRAP 零件原理图,MRAP 零件原理圖
vehicleMRAPplaceable,,,,,,MRAP,MRAP,MRAP,MRAP,MRAP,MRAP,MRAP,MRAP,MRAP,MRAP,МРАП,MRAP,MRAP,MRAP
vehicleMRAPplaceableDesc,,,,,,A MRAP military vehicle. What else could you want?,A MRAP military vehicle. What else could you want?,Ein MRAP Militärfahrzeug. Was will man mehr?,Un vehículo militar MRAP. ¿Qué más podrías querer?,Un véhicule militaire MRAP. Que demander de plus?,Un veicolo militare MRAP. Cos'altro potresti volere?,MRAP軍用車両。他に何が必要？,MRAP 군용 차량. 또 뭐가 필요해?,Pojazd wojskowy MRAP. Czego chcieć więcej?,Um veículo militar MRAP. O que mais você poderia querer?,Военный автомобиль МРАП. Что еще можно желать?,Bir MRAP askeri aracı. Başka ne isteyebilirsin?,一辆MRAP军用车辆。你还能想要什么？,一輛MRAP軍用車輛。你還能想要什麼？
vehicleNova,,,,,,Nova,Nova,Nova,Nova,Nova,Nova,ノヴァ,노바,Nova,Nova,Нова,Nova,新星,新星
vehicleNovaaccessories,,,,,,Nova Accessories,Nova Accessories,Nova Zubehör,Accesorios para Nova,Accessoires Nova,Accessori per Nova,ノヴァアクセサリー,노바 액세서리,Akcesoria do Novy,Acessórios para Nova,Аксессуары для Нова,Nova Aksesuarları,新星配件,新星配件
vehicleNovaaccessoriesDesc,,,,,,Parts needed to craft the Nova.,Parts needed to craft the Nova.,"Teile, die benötigt werden, um die Nova herzustellen.",Partes necesarias para fabricar la Nova.,Pièces nécessaires pour fabriquer la Nova.,Parti necessarie per creare la Nova.,ノヴァの作成に必要なパーツ。,노바 제작에 필요한 부품.,Części potrzebne do wytworzenia Novy.,Peças necessárias para fabricar a Nova.,"Детали, необходимые для создания Нова.",Nova yapmak için gerekli parçalar.,制造新星所需的零件。,製造新星所需的零件。
vehicleNovaaccessoriesSchematic,,,,,,Nova Accessories Schematic,Nova Accessories Schematic,Nova Zubehör-Schema,Esquema de accesorios para Nova,Schéma d'accessoires Nova,Schema di accessori per Nova,ノヴァアクセサリー設計図,노바 액세서리 설계도,Schemat Akcesoriów do Novy,Esquema de acessórios para Nova,Схема аксессуаров для Нова,Nova Aksesuar Şeması,新星配件原理图,新星配件原理圖
vehicleNovablack,,,,,,Nova Black,Nova Black,Nova Schwarz,Nova Negro,Nova Noir,Nova Nero,ノヴァブラック,노바 블랙,Nova Czarny,Nova Preto,Нова Черный,Nova Siyah,新星黑,新星黑
vehicleNovablackplaceable,,,,,,Nova Black,Nova Black,Nova Schwarz,Nova Negro,Nova Noir,Nova Nero,ノヴァブラック,노바 블랙,Nova Czarny,Nova Preto,Нова Черный,Nova Siyah,新星黑,新星黑
vehicleNovablackplaceableDesc,,,,,,Classic...,Classic...,Klassisch...,Clásico...,Classique...,Classico...,クラシック...,클래식...,Klasyczny...,Clássico...,Классический...,Klasik...,经典...,經典...
vehicleNovachassis,,,,,,Nova Chassis,Nova Chassis,Nova Fahrgestell,Chasis de Nova,Châssis de Nova,Telaio di Nova,ノヴァのシャーシ,노바 섀시,Podwozie Novy,Chassi da Nova,Шасси Нова,Nova Şasisi,新星底盘,新星底盤
vehicleNovachassisDesc,,,,,,Parts needed to craft the Nova.,Parts needed to craft the Nova.,"Teile, die benötigt werden, um die Nova herzustellen.",Partes necesarias para fabricar la Nova.,Pièces nécessaires pour fabriquer la Nova.,Parti necessarie per creare la Nova.,ノヴァの作成に必要なパーツ。,노바 제작에 필요한 부품.,Części potrzebne do wytworzenia Novy.,Peças necessárias para fabricar a Nova.,"Детали, необходимые для создания Нова.",Nova yapmak için gerekli parçalar.,制造新星所需的零件。,製造新星所需的零件。
vehicleNovachassisSchematic,,,,,,Nova Chassis Schematic,Nova Chassis Schematic,Nova Fahrgestell-Schema,Esquema de chasis de Nova,Schéma de châssis de Nova,Schema di telaio di Nova,ノヴァのシャーシ設計図,노바 섀시 설계도,Schemat Podwozia Novy,Esquema de chassi da Nova,Схема шасси Нова,Nova Şasi Şeması,新星底盘原理图,新星底盤原理圖
vehicleNovaplaceable,,,,,,Nova,Nova,Nova,Nova,Nova,Nova,ノヴァ,노바,Nova,Nova,Нова,Nova,新星,新星
vehicleNovaplaceableDesc,,,,,,Classic...,Classic...,Klassisch...,Clásico...,Classique...,Classico...,クラシック...,클래식...,Klasyczny...,Clássico...,Классический...,Klasik...,经典...,經典...
vehicleNovared,,,,,,Nova Red,Nova Red,Nova Rot,Nova Rojo,Nova Rouge,Nova Rosso,ノヴァ・レッド,노바 레드,Nova Czerwony,Nova Vermelho,Нова Красный,Nova Kırmızı,新星红,新星紅
vehicleNovaredplaceable,,,,,,Nova Red,Nova Red,Nova Rot,Nova Rojo,Nova Rouge,Nova Rosso,ノヴァ・レッド,노바 레드,Nova Czerwony,Nova Vermelho,Нова Красный,Nova Kırmızı,新星红,新星紅
vehicleNovaredplaceableDesc,,,,,,Classic...,Classic...,Klassisch...,Clásico...,Classique...,Classico...,クラシック...,클래식...,Klasyczny...,Clássico...,Классический...,Klasik...,经典...,經典...
vehicleOldSemi,,,,,,Old Semi,Old Semi,Alter Sattelschlepper,Viejo Semirremolque,Vieux Semi-remorque,Vecchio Semirimorchio,古いセミ,오래된 세미트레일러,Stary ciągnik siodłowy,Velho Semirreboque,Старый полуприцеп,Eski Yarı Römork,旧半挂车,舊半挂車
vehicleOldSemibody,,,,,,Old Semi Body,Old Semi Body,Alter Aufbau,Viejo Cuerpo,Vieille Carrosserie,Vecchia Carrozzeria,古いセミのボディ,오래된 세미 보디,Stare nadwozie ciągnika siodłowego,Velha Carroçaria,Старый кузов полуприцепа,Eski Yarı Römork Gövdesi,旧半挂车身,舊半挂車身
vehicleOldSemibodyDesc,,,,,,Parts needed to craft the Old Semi.,Parts needed to craft the Old Semi.,"Benötigte Teile, um den alten Sattelschlepper herzustellen.",Piezas necesarias para fabricar el viejo semirremolque.,Pièces nécessaires pour fabriquer le vieux semi-remorque.,Parti necessarie per fabbricare il vecchio semirimorchio.,古いセミを製作するために必要なパーツ。,오래된 세미를 제작하는 데 필요한 부품.,Części potrzebne do wykonania starego ciągnika siodłowego,Peças necessárias para fabricar o velho semirreboque.,"Детали, необходимые для изготовления старого полуприцепа.",Eski Yarı Römorku üretmek için gerekli parçalar.,制作旧半挂车所需的零件。,製作舊半挂車所需的零件。
vehicleOldSemibodySchematic,,,,,,Old Semi Body Schematic,Old Semi Body Schematic,Alter Aufbauplan,Esquema de la Carrocería Vieja,Schéma de la Vieille Carrosserie,Schema della Carrozzeria Vecchia,古いセミのボディの設計図,오래된 세미 보디 설계도,Schemat starego nadwozia,Esquema da Carroçaria Velha,Схема старого кузова полуприцепа,Eski Yarı Römork Gövdesi Şeması,旧半挂车身示意图,舊半挂車身示意圖
vehicleOldSemichassis,,,,,,Old Semi Chassis,Old Semi Chassis,Altes Fahrgestell,Viejo Chasis,Vieux Châssis,Vecchio Telaio,古いセミのシャーシ,오래된 세미 섀시,Stara rama podwozia,Velho Chassi,Старое шасси полуприцепа,Eski Yarı Römork Şasisi,旧半挂车底盘,舊半挂車底盤
vehicleOldSemichassisDesc,,,,,,Parts needed to craft the Old Semi.,Parts needed to craft the Old Semi.,"Benötigte Teile, um den alten Sattelschlepper herzustellen.",Piezas necesarias para fabricar el viejo semirremolque.,Pièces nécessaires pour fabriquer le vieux semi-remorque.,Parti necessarie per fabbricare il vecchio semirimorchio.,古いセミを製作するために必要なパーツ。,오래된 세미를 제작하는 데 필요한 부품.,Części potrzebne do wykonania starego ciągnika siodłowego,Peças necessárias para fabricar o velho semirreboque.,"Детали, необходимые для изготовления старого полуприцепа.",Eski Yarı Römorku üretmek için gerekli parçalar.,制作旧半挂车所需的零件。,製作舊半挂車所需的零件。
vehicleOldSemichassisSchematic,,,,,,Old Semi Chassis Schematic,Old Semi Chassis Schematic,Altes Fahrgestellschema,Esquema del Chasis Viejo,Schéma du Vieux Châssis,Schema del Telaio Vecchio,古いセミのシャーシの設計図,오래된 세미 섀시 설계도,Schemat starej ramy podwozia,Esquema do Chassi Velho,Схема старого шасси полуприцепа,Eski Yarı Römork Şasisi Şeması,旧半挂车底盘示意图,舊半挂车底盤示意圖
vehicleOldSemiplaceable,,,,,,Old Semi,Old Semi,Alter Sattelschlepper,Viejo Semirremolque,Vieux Semi-remorque,Vecchio Semirimorchio,古いセミ,오래된 세미트레일러,Stary ciągnik siodłowy,Velho Semirreboque,Старый полуприцеп,Eski Yarı Römork,旧半挂车,舊半挂車
vehicleOldSemiplaceableDesc,,,,,,"You better watch your step, Arlene!",You better watch your step,Arlene!,"Du solltest besser aufpassen, Arlene!","¡Será mejor que tengas cuidado, Arlene!","Tu ferais mieux de faire attention, Arlene!","Faresti meglio a stare attenta, Arlene!",気をつけた方がいいよ、アルリーン！,"조심하는 게 좋을 거야, 알린!","Lepiej uważaj, Arlene!","É melhor tomares cuidado, Arlene!","Тебе лучше остерегаться, Арлин!","Adımına dikkat etsen iyi olur, Arlene!",你最好小心点，阿琳！
vehiclePickup,,,,,,Pickup,Pickup,Pickup,Camioneta,Camionnette,Pickup,ピックアップ,픽업트럭,Pickup,Pickup,Пикап,Kamyonet,皮卡,皮卡
vehiclePickupaccessories,,,,,,Pickup Accessories,Pickup Accessories,Pickup-Zubehör,Accesorios de Camioneta,Accessoires de Camionnette,Accessori Pickup,ピックアップアクセサリー,픽업트럭 액세서리,Akcesoria do pickupa,Acessórios para Pickup,Аксессуары для пикапа,Kamyonet Aksesuarları,皮卡配件,皮卡配件
vehiclePickupaccessoriesDesc,,,,,,Parts needed to craft the Pickup.,Parts needed to craft the Pickup.,"Benötigte Teile, um den Pickup herzustellen.",Piezas necesarias para fabricar la camioneta.,Pièces nécessaires pour fabriquer la camionnette.,Parti necessarie per fabbricare il pickup.,ピックアップを製作するために必要なパーツ。,픽업트럭을 제작하는 데 필요한 부품.,Części potrzebne do wykonania pickupa.,Peças necessárias para fabricar a pickup.,"Детали, необходимые для изготовления пикапа.",Kamyoneti üretmek için gerekli parçalar.,制作皮卡所需的零件。,制作皮卡所需的零件。
vehiclePickupaccessoriesSchematic,,,,,,Pickup Accessories Schematic,Pickup Accessories Schematic,Pickup-Zubehörplan,Esquema de Accesorios de Camioneta,Schéma d'Accessoires de Camionnette,Schema Accessori Pickup,ピックアップアクセサリーの設計図,픽업트럭 액세서리 설계도,Schemat akcesoriów do pickupa,Esquema de Acessórios para Pickup,Схема аксессуаров для пикапа,Kamyonet Aksesuarları Şeması,皮卡配件示意图,皮卡配件示意圖
vehiclePickupchassis,,,,,,Pickup Chassis,Pickup Chassis,Pickup-Fahrgestell,Chasis de Camioneta,Châssis de Camionnette,Telaio Pickup,ピックアップのシャーシ,픽업트럭 섀시,Rama podwozia pickupa,Chassi da Pickup,Шасси пикапа,Kamyonet Şasisi,皮卡底盘,皮卡底盤
vehiclePickupchassisDesc,,,,,,Parts needed to craft the Pickup.,Parts needed to craft the Pickup.,"Benötigte Teile, um den Pickup herzustellen.",Piezas necesarias para fabricar la camioneta.,Pièces nécessaires pour fabriquer la camionnette.,Parti necessarie per fabbricare il pickup.,ピックアップを製作するために必要なパーツ。,픽업트럭을 제작하는 데 필요한 부품.,Części potrzebne do wykonania pickupa.,Peças necessárias para fabricar a pickup.,"Детали, необходимые для изготовления пикапа.",Kamyoneti üretmek için gerekli parçalar.,制作皮卡所需的零件。,制作皮卡所需的零件。
vehiclePickupchassisSchematic,,,,,,Pickup Chassis Schematic,Pickup Chassis Schematic,Pickup-Fahrgestellschema,Esquema del Chasis de Camioneta,Schéma du Châssis de Camionnette,Schema Telaio Pickup,ピックアップのシャーシの設計図,픽업트럭 섀시 설계도,Schemat ramy podwozia pickupa,Esquema do Chassi da Pickup,Схема шасси пикапа,Kamyonet Şasisi Şeması,皮卡底盘示意图,皮卡底盤示意圖
vehiclePickupplaceable,,,,,,Pickup,Pickup,Pickup,Camioneta,Camionnette,Pickup,ピックアップ,픽업트럭,Pickup,Pickup,Пикап,Kamyonet,皮卡,皮卡
vehiclePickupplaceableDesc,,,,,,Make those zeds jealous with this stylish truck!,Make those zeds jealous with this stylish truck!,Mach diese Zombies neidisch mit diesem stylischen Truck!,¡Haz que esos zombis se pongan celosos con esta elegante camioneta!,Rends ces zeds jaloux avec ce camion élégant!,Rendi gelosi quegli zed con questo pickup elegante!,このスタイリッシュなトラックで奴らを嫉妬させよう！,이 세련된 트럭으로 좀비들을 질투하게 만드세요!,"Spraw, by te zedki były zazdrosne o tę stylową ciężarówkę!",Deixa esses zombies com inveja desta pickup elegante!,Заставь этих зомби завидовать этому стильному грузовику!,Bu şık kamyonetle şu zedleri kıskandır!,用这辆时尚的卡车让那些僵尸嫉妒！,用這輛時尚的卡車讓那些僵屍嫉妒！
vehicleRat,,,,,,Rat,Rat,Ratte,Rata,Rat,Ratto,ラット,쥐,Szczur,Rato,Крыса,Fare,老鼠,老鼠
vehicleRat2,,,,,,Rat,Rat,Ratte,Rata,Rat,Ratto,ラット,쥐,Szczur,Rato,Крыса,Fare,老鼠,老鼠
vehicleRat2placeable,,,,,,Rat Red,Rat Red,Ratte Rot,Rata Roja,Rat Rouge,Ratto Rosso,ラット・レッド,쥐 레드,Szczur Czerwony,Rato Vermelho,Крыса Красный,Fare Kırmızı,红鼠,紅鼠
vehicleRat2placeableDesc,,,,,,A custom Rat bike.,A custom Rat bike.,Ein maßgeschneidertes Rat Bike.,Una moto Rat personalizada.,Une moto Rat personnalisée.,Una moto Rat personalizzata.,カスタムのラットバイク。,맞춤형 랫 바이크.,Niestandardowy rower Rat.,Uma mota Rat personalizada.,Кастомный крысиный байк.,Özel yapım bir Rat motosikleti.,一辆定制的鼠式摩托车。,一輛定制的鼠式摩托車。
vehicleRatbars,,,,,,Rat Handlebars,Rat Handlebars,Rat-Lenker,Manillares de Rata,Guidon de Rat,Manubrio Rat,ラットのハンドル,쥐 핸들바,Kierownica Rat,Guiador de Rato,Руль крысы,Fare Gidonu,鼠式车把,鼠式車把
vehicleRatbarsDesc,,,,,,You might need these.,You might need these.,Diese könnten Sie brauchen.,Podrías necesitar estos.,Vous pourriez en avoir besoin.,Potresti averne bisogno.,これらが必要かもしれません。,이것들이 필요할 수도 있습니다.,Te rzeczy mogą ci się przydać.,Poderás precisar disto.,Они могут вам понадобиться.,Bunlara ihtiyacın olabilir.,你可能需要这些。,你可能需要這些。
vehicleRatbarsSchematic,,,,,,Rat Handlebars Schematic,Rat Handlebars Schematic,Rat-Lenkerschema,Esquema de Manillares de Rata,Schéma de Guidon de Rat,Schema Manubrio Rat,ラットのハンドルの設計図,쥐 핸들바 설계도,Schemat kierownicy Rat,Esquema do Guiador de Rato,Схема руля крысы,Fare Gidonu Şeması,鼠式车把示意图,鼠式車把示意圖
vehicleRatChassis,,,,,,Rat Chassis,Rat Chassis,Rat-Fahrgestell,Chasis de Rata,Châssis de Rat,Telaio Rat,ラットのシャーシ,쥐 섀시,Rama podwozia Rat,Chassi de Rato,Шасси крысы,Fare Şasisi,鼠式底盘,鼠式底盤
vehicleRatChassisDesc,,,,,,The beginning of something...awesome!,The beginning of something...awesome!,Der Anfang von etwas... Großartigem!,¡El comienzo de algo... increíble!,Le début de quelque chose... génial!,L'inizio di qualcosa... fantastico!,何かの始まり...素晴らしい！,뭔가의 시작... 멋지네요!,Początek czegoś... niesamowitego!,O início de algo... incrível!,Начало чего-то... потрясающего!,Bir şeyin başlangıcı... harika!,某事的开始……太棒了！,某事的開始……太棒了！
vehicleRatChassisSchematic,,,,,,Rat Chassis Schematic,Rat Chassis Schematic,Rat-Fahrgestellschema,Esquema del Chasis de Rata,Schéma du Châssis de Rat,Schema Telaio Rat,ラットのシャーシの設計図,쥐 섀시 설계도,Schemat ramy podwozia Rat,Esquema do Chassi de Rato,Схема шасси крысы,Fare Şasisi Şeması,鼠式底盘示意图,鼠式底盤示意圖
vehicleRatplaceable,,,,,,Rat,Rat,Ratte,Rata,Rat,Ratto,ラット,쥐,Szczur,Rato,Крыса,Fare,老鼠,老鼠
vehicleRatplaceableDesc,,,,,,A custom Rat bike.,A custom Rat bike.,Ein maßgeschneidertes Rat Bike.,Una moto Rat personalizada.,Une moto Rat personnalisée.,Una moto Rat personalizzata.,カスタムのラットバイク。,맞춤형 랫 바이크.,Niestandardowy rower Rat.,Uma mota Rat personalizada.,Кастомный крысиный байк.,Özel yapım bir Rat motosikleti.,一辆定制的鼠式摩托车。,一輛定制的鼠式摩托車。
vehicleSHERP,,,,,,SHERP,SHERP,SHERP,SHERP,SHERP,SHERP,SHERP,SHERP,SHERP,SHERP,ШЕРП,SHERP,SHERP,SHERP
vehicleSHERPaccessories,,,,,,SHERP Accessories,SHERP Accessories,SHERP-Zubehör,Accesorios SHERP,Accessoires SHERP,Accessori SHERP,SHERPアクセサリー,SHERP 액세서리,Akcesoria SHERP,Acessórios SHERP,Аксессуары ШЕРП,SHERP Aksesuarları,SHERP配件,SHERP配件
vehicleSHERPaccessoriesDesc,,,,,,Parts needed to craft the SHERP.,Parts needed to craft the SHERP.,"Benötigte Teile, um den SHERP herzustellen.",Piezas necesarias para fabricar el SHERP.,Pièces nécessaires pour fabriquer le SHERP.,Parti necessarie per fabbricare il SHERP.,SHERPを製作するために必要なパーツ。,SHERP를 제작하는 데 필요한 부품.,Części potrzebne do wykonania SHERP.,Peças necessárias para fabricar o SHERP.,"Детали, необходимые для изготовления ШЕРП.",SHERP üretmek için gerekli parçalar.,制作SHERP所需的零件。,制作SHERP所需的零件。
vehicleSHERPaccessoriesSchematic,,,,,,SHERP Accessories Schematic,SHERP Accessories Schematic,SHERP-Zubehörplan,Esquema de Accesorios SHERP,Schéma d'Accessoires SHERP,Schema Accessori SHERP,SHERPアクセサリーの設計図,SHERP 액세서리 설계도,Schemat akcesoriów SHERP,Esquema de Acessórios SHERP,Схема аксессуаров ШЕРП,SHERP Aksesuarları Şeması,SHERP配件示意图,SHERP配件示意圖
vehicleSHERPchassis,,,,,,SHERP Chassis,SHERP Chassis,SHERP-Fahrgestell,Chasis SHERP,Châssis SHERP,Telaio SHERP,SHERPのシャーシ,SHERP 섀시,Rama podwozia SHERP,Chassi SHERP,Шасси ШЕРП,SHERP Şasisi,SHERP底盘,SHERP底盤
vehicleSHERPchassisDesc,,,,,,Parts needed to craft the SHERP.,Parts needed to craft the SHERP.,"Benötigte Teile, um den SHERP herzustellen.",Piezas necesarias para fabricar el SHERP.,Pièces nécessaires pour fabriquer le SHERP.,Parti necessarie per fabbricare il SHERP.,SHERPを製作するために必要なパーツ。,SHERP를 제작하는 데 필요한 부품.,Części potrzebne do wykonania SHERP.,Peças necessárias para fabricar o SHERP.,"Детали, необходимые для изготовления ШЕРП.",SHERP üretmek için gerekli parçalar.,制作SHERP所需的零件。,制作SHERP所需的零件。
vehicleSHERPchassisSchematic,,,,,,SHERP Chassis Schematic,SHERP Chassis Schematic,SHERP-Fahrgestellschema,Esquema del Chasis SHERP,Schéma du Châssis SHERP,Schema Telaio SHERP,SHERPのシャーシの設計図,SHERP 섀시 설계도,Schemat ramy podwozia SHERP,Esquema do Chassi SHERP,Схема шасси ШЕРП,SHERP Şasisi Şeması,SHERP底盘示意图,SHERP底盤示意圖
vehicleSHERPplaceable,,,,,,SHERP,SHERP,SHERP,SHERP,SHERP,SHERP,SHERP,SHERP,SHERP,SHERP,ШЕРП,SHERP,SHERP,SHERP
vehicleSHERPplaceableDesc,,,,,,A custom offroad vehicle.,A custom offroad vehicle.,Ein maßgeschneidertes Geländefahrzeug.,Un vehículo todoterreno personalizado.,Un véhicule tout-terrain personnalisé.,Un veicolo fuoristrada personalizzato.,カスタムのオフロード車。,맞춤형 오프로드 차량.,Niestandardowy pojazd terenowy.,Um veículo todo-o-terreno personalizado.,Кастомный внедорожный автомобиль.,Özel yapım bir arazi aracı.,一辆定制的越野车。,一輛定制的越野車。
vehicleStallion,,,,,,Stallion,Stallion,Hengst,Semental,Étalon,Stallone,スタリオン,종마,Ogier,Garanhão,Жеребец,Aygır,种马,種馬
vehicleStallionaccessories,,,,,,Stallion Accessories,Stallion Accessories,Hengst-Zubehör,Accesorios Semental,Accessoires Étalon,Accessori Stallone,スタリオンアクセサリー,종마 액세서리,Akcesoria Ogier,Acessórios Garanhão,Аксессуары Жеребец,Aygır Aksesuarları,种马配件,種馬配件
vehicleStallionaccessoriesDesc,,,,,,Parts needed to craft the Stallion.,Parts needed to craft the Stallion.,"Benötigte Teile, um den Hengst herzustellen.",Piezas necesarias para fabricar el semental.,Pièces nécessaires pour fabriquer l'étalon.,Parti necessarie per fabbricare lo stallone.,スタリオンを製作するために必要なパーツ。,종마를 제작하는 데 필요한 부품.,Części potrzebne do wykonania Ogiera.,Peças necessárias para fabricar o garanhão.,"Детали, необходимые для изготовления Жеребца.",Aygır üretmek için gerekli parçalar.,制作种马所需的零件。,制作種馬所需的零件。
vehicleStallionaccessoriesSchematic,,,,,,Stallion Accessories Schematic,Stallion Accessories Schematic,Hengst-Zubehörplan,Esquema de Accesorios Semental,Schéma d'Accessoires Étalon,Schema Accessori Stallone,スタリオンアクセサリーの設計図,종마 액세서리 설계도,Schemat akcesoriów Ogier,Esquema de Acessórios Garanhão,Схема аксессуаров Жеребец,Aygır Aksesuarları Şeması,种马配件示意图,種馬配件示意圖
vehicleStallionblue,,,,,,Stallion,Stallion,Hengst,Semental,Étalon,Stallone,スタリオン,종마,Ogier,Garanhão,Жеребец,Aygır,种马,種馬
vehicleStallionblueplaceable,,,,,,Stallion Blue,Stallion Blue,Hengst Blau,Semental Azul,Étalon Bleu,Stallone Blu,スタリオン・ブルー,종마 블루,Ogier Niebieski,Garanhão Azul,Жеребец Синий,Aygır Mavi,蓝种马,藍種馬
vehicleStallionblueplaceableDesc,,,,,,Classic...,Classic...,Klassisch...,Clásico...,Classique...,Classico...,クラシック...,클래식...,Klasyczny...,Clássico...,Классический...,Klasik...,经典...,經典...
vehicleStallionchassis,,,,,,Stallion Chassis,Stallion Chassis,Hengst-Fahrgestell,Chasis Semental,Châssis Étalon,Telaio Stallone,スタリオンのシャーシ,종마 섀시,Rama podwozia Ogier,Chassi Garanhão,Шасси Жеребца,Aygır Şasisi,种马底盘,種馬底盤
vehicleStallionchassisDesc,,,,,,Parts needed to craft the Stallion.,Parts needed to craft the Stallion.,"Benötigte Teile, um den Hengst herzustellen.",Piezas necesarias para fabricar el semental.,Pièces nécessaires pour fabriquer l'étalon.,Parti necessarie per fabbricare lo stallone.,スタリオンを製作するために必要なパーツ。,종마を製作するのに必要なパーツ。,Części potrzebne do wykonania Ogiera.,Peças necessárias para fabricar o garanhão.,"Детали, необходимые для изготовления Жеребца.",Aygır üretmek için gerekli parçalar.,制作种马所需的零件。,制作種馬所需的零件。
vehicleStallionchassisSchematic,,,,,,Stallion Chassis Schematic,Stallion Chassis Schematic,Hengst-Fahrgestellschema,Esquema del Chasis Semental,Schéma du Châssis Étalon,Schema Telaio Stallone,スタリオンのシャーシの設計図,종마 섀시 설계도,Schemat ramy podwozia Ogier,Esquema do Chassi Garanhão,Схема шасси Жеребца,Aygır Şasisi Şeması,种马底盘示意图,種馬底盤示意圖
vehicleStalliongreen,,,,,,Stallion,Stallion,Hengst,Semental,Étalon,Stallone,スタリオン,종마,Ogier,Garanhão,Жеребец,Aygır,种马,種馬
vehicleStalliongreenplaceable,,,,,,Stallion Green,Stallion Green,Hengst Grün,Semental Verde,Étalon Vert,Stallone Verde,スタリオン・グリーン,종마 그린,Ogier Zielony,Garanhão Verde,Жеребец Зеленый,Aygır Yeşil,绿种马,綠種馬
vehicleStalliongreenplaceableDesc,,,,,,Classic...,Classic...,Klassisch...,Clásico...,Classique...,Classico...,クラシック...,클래식...,Klasyczny...,Clássico...,Классический...,Klasik...,经典...,經典...
vehicleStallionplaceable,,,,,,Stallion.,Stallion.,Hengst.,Semental.,Étalon.,Stallone.,スタリオン。,종마.,Ogier.,Garanhão.,Жеребец.,Aygır.,种马。,種馬。
vehicleStallionplaceableDesc,,,,,,Classic...,Classic...,Klassisch...,Clásico...,Classique...,Classico...,クラシック...,클래식...,Klasyczny...,Clássico...,Классический...,Klasik...,经典...,經典...
vehicleStallionred,,,,,,Stallion,Stallion,Hengst,Semental,Étalon,Stallone,スタリオン,종마,Ogier,Garanhão,Жеребец,Aygır,种马,種馬
vehicleStallionredplaceable,,,,,,Stallion Red,Stallion Red,Hengst Rot,Semental Rojo,Étalon Rouge,Stallone Rosso,スタリオン・レッド,종마 레드,Ogier Czerwony,Garanhão Vermelho,Жеребец Красный,Aygır Kırmızı,红种马,紅種馬
vehicleStallionredplaceableDesc,,,,,,Classic...,Classic...,Klassisch...,Clásico...,Classique...,Classico...,クラシック...,클래식...,Klasyczny...,Clássico...,Классический...,Klasik...,经典...,經典...
vehicleStallionwhite,,,,,,Stallion,Stallion,Hengst,Semental,Étalon,Stallone,スタリオン,종마,Ogier,Garanhão,Жеребец,Aygır,种马,種馬
vehicleStallionwhiteplaceable,,,,,,Stallion White,Stallion White,Hengst Weiß,Semental Blanco,Étalon Blanc,Stallone Bianco,スタリオン・ホワイト,종마 화이트,Ogier Biały,Garanhão Branco,Жеребец Белый,Aygır Beyaz,白种马,白種馬
vehicleStallionwhiteplaceableDesc,,,,,,Classic...,Classic...,Klassisch...,Clásico...,Classique...,Classico...,クラシック...,클래식...,Klasyczny...,Clássico...,Классический...,Klasik...,经典...,經典...
vehicleTrophyTruck,,,,,,Trophy Truck,Trophy Truck,Trophäen-Truck,Camioneta Trofeo,Camion Trophy,Pickup Trofeo,トロフィートラック,트로피 트럭,Ciężarówka Trofeum,Caminhão Troféu,Трофи-трак,Trophy Kamyonet,奖杯卡车,獎杯卡車
vehicleTrophyTruckbody,,,,,,Trophy Truck Body,Trophy Truck Body,Trophäen-Truck-Karosserie,Carrocería de Camioneta Trofeo,Carrosserie de Camion Trophy,Carrozzeria Pickup Trofeo,トロフィートラックのボディ,트로피 트럭 보디,Nadwozie ciężarówki Trofeum,Carroçaria Caminhão Troféu,Кузов трофи-трака,Trophy Kamyonet Gövdesi,奖杯卡车车身,獎杯卡車車身
vehicleTrophyTruckbodyDesc,,,,,,Parts needed to craft the Trophy Truck.,Parts needed to craft the Trophy Truck.,"Benötigte Teile, um den Trophäen-Truck herzustellen.",Piezas necesarias para fabricar la camioneta trofeo.,Pièces nécessaires pour fabriquer le camion trophy.,Parti necessarie per fabbricare il pickup trofeo.,トロフィートラックを製作するために必要なパーツ。,트로피 트럭을 제작하는 데 필요한 부품.,Części potrzebne do wykonania ciężarówki Trofeum.,Peças necessárias para fabricar o caminhão troféu.,"Детали, необходимые для изготовления трофи-трака.",Trophy Kamyonet üretmek için gerekli parçalar.,制作奖杯卡车所需的零件。,製作獎杯卡車所需的零件。
vehicleTrophyTruckchassis,,,,,,Trophy Truck Chassis,Trophy Truck Chassis,Trophäen-Truck-Fahrgestell,Chasis de Camioneta Trofeo,Châssis de Camion Trophy,Telaio Pickup Trofeo,トロフィートラックのシャーシ,트로피 트럭 섀시,Rama podwozia ciężarówki Trofeum,Chassi Caminhão Troféu,Шасси трофи-трака,Trophy Kamyonet Şasisi,奖杯卡车底盘,獎杯卡車底盤
vehicleTrophyTruckchassisDesc,,,,,,Parts needed to craft the Trophy Truck.,Parts needed to craft the Trophy Truck.,"Benötigte Teile, um den Trophäen-Truck herzustellen.",Piezas necesarias para fabricar la camioneta trofeo.,Pièces nécessaires pour fabriquer le camion trophy.,Parti necessarie per fabbricare il pickup trofeo.,トロフィートラックを製作するために必要なパーツ。,트로피 트럭을 제작하는 데 필요한 부품.,Części potrzebne do wykonania ciężarówki Trofeum.,Peças necessárias para fabricar o caminhão troféu.,"Детали, необходимые для изготовления трофи-трака.",Trophy Kamyonet üretmek için gerekli parçalar.,制作奖杯卡车所需的零件。,製作獎杯卡車所需的零件。
vehicleTrophyTruckplaceable,,,,,,Trophy Truck,Trophy Truck,Trophäen-Truck,Camioneta Trofeo,Camion Trophy,Pickup Trofeo,トロフィートラック,트로피 트럭,Ciężarówka Trofeum,Caminhão Troféu,Трофи-трак,Trophy Kamyonet,奖杯卡车,獎杯卡車
vehicleTrophyTruckplaceableDesc,,,,,,"The world may have ended, but your dream of being a badass live on. You'll be the best baja racer there is...mostly because zombies aren't great drivers.\n\nPedal to the metal, and no chicken-footing!",The world may have ended,but your dream of being a badass live on. You'll be the best baja racer there is...mostly because zombies aren't great drivers.\n\nPedal to the metal,and no chicken-footing!,"Die Welt mag untergegangen sein, aber dein Traum, ein Badass zu sein, lebt weiter. Du wirst der beste Baja-Rennfahrer sein, den es gibt ... hauptsächlich weil Zombies keine guten Fahrer sind.\n\nPedal aufs Gas, und kein Hühnerfuß!","El mundo pudo haber terminado, pero tu sueño de ser un badass sigue vivo. Serás el mejor corredor de baja que existe ... principalmente porque los zombis no son buenos conductores.\n\n¡Pedal a fondo, y nada de 'pie de pollo'!","Le monde a peut-être pris fin, mais ton rêve d'être un badass perdure. Tu seras le meilleur coureur de baja qui soit ... surtout parce que les zombies ne sont pas de bons conducteurs.\n\nPédale au plancher, et pas de chicken-footing !""""","Il mondo potrebbe essere finito, ma il tuo sogno di essere un duro vive ancora. Sarai il miglior pilota di baja che ci sia ... soprattutto perché gli zombie non sono bravi a guidare.\n\nPedale a tavoletta e niente piede di pollo!""""",世界は終わったかもしれないが、一流になるという君の夢は生き続ける。君は最高のバハ・レーサーになるだろう...主にゾンビは運転が下手だから。\n\nペダルを底まで踏み込んで、チキンフィートは禁止！,"세상은 끝났을지 모르지만, 멋진 사람이 되겠다는 당신의 꿈은 계속됩니다. 당신은 최고의 바하 레이서가 될 것입니다... 주로 좀비들은 운전을 잘 못하기 때문이죠.\n\n액셀을 끝까지 밟고, 얌체 운전 금지!","Świat mógł się skończyć, ale twoje marzenie o byciu twardzielem żyje nadal. Będziesz najlepszym kierowcą rajdowym baja ... głównie dlatego, że zombie nie są dobrymi kierowcami.\n\nPedał do oporu i bez kurzej nogi!""""","O mundo pode ter acabado, mas o teu sonho de ser um durão continua vivo. Serás o melhor piloto de baja que existe ... principalmente porque os zombies não são bons condutores.\n\nPedal no fundo, e nada de pé de frango!""""","Мир мог закончиться, но твоя мечта быть крутым живет. Ты будешь лучшим гонщиком баха ... в основном потому, что зомби - плохие водители.\n\nПедаль в пол, и никаких куриных ножек!""""","Dünya sona ermiş olabilir, ancak havalı olma hayalin devam ediyor. Oradaki en iyi baja yarışçısı sen olacaksın ... çoğunlukla zombiler pek iyi sürücü değiller.\n\nPedal sonuna kadar, ve tavuk ayağı yok!"""""
vehicleTruck4x4OldBV,,,,,,Old Jeep,Old Jeep,Alter Jeep,Viejo Jeep,Vieux Jeep,Vecchia Jeep,古いジープ,오래된 지프,Stary Jeep,Velho Jeep,Старый Джип,Eski Jeep,旧吉普车,舊吉普車
vehicleTruck4x4OldBVAccessories,,,,,,Old Jeep Accessories,Old Jeep Accessories,Altes Jeep-Zubehör,Accesorios Jeep Viejo,Accessoires Vieux Jeep,Accessori Vecchia Jeep,古いジープのアクセサリー,오래된 지프 액세서리,Akcesoria do starego Jeepa,Acessórios Velho Jeep,Аксессуары для старого Джипа,Eski Jeep Aksesuarları,旧吉普车配件,舊吉普車配件
vehicleTruck4x4OldBVChassis,,,,,,Old Jeep Chassis,Old Jeep Chassis,Altes Jeep-Fahrgestell,Chasis Jeep Viejo,Châssis Vieux Jeep,Telaio Vecchia Jeep,古いジープのシャーシ,오래된 지프 섀시,Rama podwozia starego Jeepa,Chassi Velho Jeep,Шасси старого Джипа,Eski Jeep Şasisi,旧吉普车底盘,舊吉普車底盤
vehicleTruck4x4OldBVPlaceable,,,,,,Old Jeep,Old Jeep,Alter Jeep,Viejo Jeep,Vieux Jeep,Vecchia Jeep,古いジープ,오래된 지프,Stary Jeep,Velho Jeep,Старый Джип,Eski Jeep,旧吉普车,舊吉普車
vehicleTruck4x4OldBVPlaceableDesc,,,,,,Old Jeep.,Old Jeep.,Alter Jeep.,Viejo Jeep.,Vieux Jeep.,Vecchia Jeep.,古いジープ。,오래된 지프.,Stary Jeep.,Velho Jeep.,Старый Джип.,Eski Jeep.,旧吉普车。,舊吉普車。
vehicleUAZ452,,,,,,UAZ 452,UAZ 452,UAZ 452,UAZ 452,UAZ 452,UAZ 452,UAZ 452,UAZ 452,UAZ 452,UAZ 452,УАЗ 452,UAZ 452,UAZ 452,UAZ 452
vehicleUAZ452chassis,,,,,,UAZ 452 Chassis,UAZ 452 Chassis,UAZ 452 Fahrgestell,Chasis UAZ 452,Châssis UAZ 452,Telaio UAZ 452,UAZ 452のシャーシ,UAZ 452 섀시,Rama podwozia UAZ 452,Chassi UAZ 452,Шасси УАЗ 452,UAZ 452 Şasisi,UAZ 452底盘,UAZ 452底盤
vehicleUAZ452chassisDesc,,,,,,Parts needed to craft the UAZ 452.,Parts needed to craft the UAZ 452.,"Benötigte Teile, um den UAZ 452 herzustellen.",Piezas necesarias para fabricar el UAZ 452.,Pièces nécessaires pour fabriquer l'UAZ 452.,Parti necessarie per fabbricare l'UAZ 452.,UAZ 452を製作するために必要なパーツ。,UAZ 452를 제작하는 데 필요한 부품.,Części potrzebne do wykonania UAZ 452.,Peças necessárias para fabricar o UAZ 452.,"Детали, необходимые для изготовления УАЗ 452.",UAZ 452 üretmek için gerekli parçalar.,制作UAZ 452所需的零件。,製作UAZ 452所需的零件。
vehicleUAZ452chassisSchematic,,,,,,UAZ 452 Chassis Schematic,UAZ 452 Chassis Schematic,UAZ 452 Fahrgestellschema,Esquema del Chasis UAZ 452,Schéma du Châssis UAZ 452,Schema Telaio UAZ 452,UAZ 452のシャーシの設計図,UAZ 452 섀시 설계도,Schemat ramy podwozia UAZ 452,Esquema do Chassi UAZ 452,Схема шасси УАЗ 452,UAZ 452 Şasisi Şeması,UAZ 452底盘示意图,UAZ 452底盤示意圖
vehicleUAZ452placeable,,,,,,UAZ 452,UAZ 452,UAZ 452,UAZ 452,UAZ 452,UAZ 452,UAZ 452,UAZ 452,UAZ 452,UAZ 452,УАЗ 452,UAZ 452,UAZ 452,UAZ 452
vehicleUAZ452placeableDesc,,,,,,Blend right in with the apocalypse!,Blend right in with the apocalypse!,Füge dich nahtlos in die Apokalypse ein!,¡Intégrate perfectamente en el apocalipsis!,Fonds-toi dans le décor de l'apocalypse!,Mimetizzati perfettamente con l'apocalisse!,黙示録に溶け込もう！,종말에 완벽하게 녹아드세요!,Wtop się idealnie w apokalipsę!,Mistura-te perfeitamente com o apocalipse!,Впишись прямо в апокалипсис!,Kıyametle uyum içinde ol!,完美融入末日！,完美融入末日！
vehicleUAZaccessories,,,,,,UAZ 452 Accessories,UAZ 452 Accessories,UAZ 452 Zubehör,Accesorios UAZ 452,Accessoires UAZ 452,Accessori UAZ 452,UAZ 452のアクセサリー,UAZ 452 액세서리,Akcesoria UAZ 452,Acessórios UAZ 452,Аксессуары УАЗ 452,UAZ 452 Aksesuarları,UAZ 452配件,UAZ 452配件
vehicleUAZaccessoriesDesc,,,,,,Parts needed to craft the UAZ 452.,Parts needed to craft the UAZ 452.,"Benötigte Teile, um den UAZ 452 herzustellen.",Piezas necesarias para fabricar el UAZ 452.,Pièces nécessaires pour fabriquer l'UAZ 452.,Parti necessarie per fabbricare l'UAZ 452.,UAZ 452を製作するために必要なパーツ。,UAZ 452를 제작하는 데 필요한 부품.,Części potrzebne do wykonania UAZ 452.,Peças necessárias para fabricar o UAZ 452.,"Детали, необходимые для изготовления УАЗ 452.",UAZ 452 üretmek için gerekli parçalar.,制作UAZ 452所需的零件。,製作UAZ 452所需的零件。
vehicleUH60,,,,,,UH-60,UH-60,UH-60,UH-60,UH-60,UH-60,UH-60,UH-60,UH-60,UH-60,UH-60,UH-60,UH-60,UH-60
vehicleUH60accessories,,,,,,UH-60 Accessories,UH-60 Accessories,UH-60 Zubehör,Accesorios UH-60,Accessoires UH-60,Accessori UH-60,UH-60のアクセサリー,UH-60 액세서리,Akcesoria UH-60,Acessórios UH-60,Аксессуары UH-60,UH-60 Aksesuarları,UH-60配件,UH-60配件
vehicleUH60accessoriesDesc,,,,,,Parts needed to craft the UH-60.,Parts needed to craft the UH-60.,"Benötigte Teile, um den UH-60 herzustellen.",Piezas necesarias para fabricar el UH-60.,Pièces nécessaires pour fabriquer l'UH-60.,Parti necessarie per fabbricare l'UH-60.,UH-60を製作するために必要なパーツ。,UH-60를 제작하는 데 필요한 부품.,Części potrzebne do wykonania UH-60.,Peças necessárias para fabricar o UH-60.,"Детали, необходимые для изготовления UH-60.",UH-60 üretmek için gerekli parçalar.,制作UH-60所需的零件。,製作UH-60所需的零件。
vehicleUH60accessoriesSchematic,,,,,,UH-60 Accessories Schematic,UH-60 Accessories Schematic,UH-60 Zubehörplan,Esquema de Accesorios UH-60,Schéma d'Accessoires UH-60,Schema Accessori UH-60,UH-60のアクセサリーの設計図,UH-60 액세서리 설계도,Schemat akcesoriów UH-60,Esquema de Acessórios UH-60,Схема аксессуаров UH-60,UH-60 Aksesuarları Şeması,UH-60配件示意图,UH-60配件示意圖
vehicleUH60chassis,,,,,,UH-60 Chassis,UH-60 Chassis,UH-60 Fahrgestell,Chasis UH-60,Châssis UH-60,Telaio UH-60,UH-60のシャーシ,UH-60 섀시,Rama podwozia UH-60,Chassi UH-60,Шасси UH-60,UH-60 Şasisi,UH-60底盘,UH-60底盤
vehicleUH60chassisDesc,,,,,,Parts needed to craft the UH-60.,Parts needed to craft the UH-60.,"Benötigte Teile, um den UH-60 herzustellen.",Piezas necesarias para fabricar el UH-60.,Pièces nécessaires pour fabriquer l'UH-60.,Parti necessarie per fabbricare l'UH-60.,UH-60を製作するために必要なパーツ。,UH-60를 제작하는 데 필요한 부품。,Części potrzebne do wykonania UH-60.,Peças necessárias para fabricar o UH-60.,"Детали, необходимые для изготовления UH-60.",UH-60 üretmek için gerekli parçalar.,制作UH-60所需的零件。,製作UH-60所需的零件。
vehicleUH60chassisSchematic,,,,,,UH-60 Chassis Schematic,UH-60 Chassis Schematic,UH-60 Fahrgestellschema,Esquema del Chasis UH-60,Schéma du Châssis UH-60,Schema Telaio UH-60,UH-60のシャーシの設計図,UH-60 섀시 설계도,Schemat ramy podwozia UH-60,Esquema do Chassi UH-60,Схема шасси UH-60,UH-60 Şasisi Şeması,UH-60底盘示意图,UH-60底盤示意圖
vehicleUH60placeable,,,,,,UH-60,UH-60,UH-60,UH-60,UH-60,UH-60,UH-60,UH-60,UH-60,UH-60,UH-60,UH-60,UH-60,UH-60
vehicleUH60placeableDesc,,,,,,They can't kill you if they can't hit you!,They can't kill you if they can't hit you!,"Sie können dich nicht töten, wenn sie dich nicht treffen können!",¡No pueden matarte si no pueden golpearte!,Ils ne peuvent pas te tuer s'ils ne peuvent pas t'atteindre!,Non possono ucciderti se non possono colpirti!,彼らはあなたを攻撃できなければ殺すこともできない！,그들이 당신을 맞출 수 없다면 죽일 수도 없습니다!,"Nie zabiją cię, jeśli nie będą w stanie cię trafić!",Eles não te podem matar se não te conseguirem acertar!,"Они не могут убить тебя, если не могут попасть по тебе!",Seni vuramazlarsa öldüremezler!,如果他们打不中你，就杀不了你！,如果他們打不中你，就殺不了你！
vehicleWillyJeep,,,,,,Willy Jeep,Willy Jeep,Willy Jeep,Willy Jeep,Willy Jeep,Willy Jeep,ウィリージープ,윌리 지프,Willy Jeep,Willy Jeep,Вилли Джип,Willy Jeep,威利吉普车,威利吉普車
vehicleWillyJeepBlack,,,,,,Willy Jeep (Black),Willy Jeep (Black),Willy Jeep (Schwarz),Willy Jeep (Negro),Willy Jeep (Noir),Willy Jeep (Nero),ウィリージープ (黒),윌리 지프 (검은색),Willy Jeep (Czarny),Willy Jeep (Preto),Вилли Джип (Черный),Willy Jeep (Siyah),威利吉普车（黑色）,威利吉普車（黑色）
vehicleWillyJeepBlackplaceable,,,,,,Willy Jeep (Black),Willy Jeep (Black),Willy Jeep (Schwarz),Willy Jeep (Negro),Willy Jeep (Noir),Willy Jeep (Nero),ウィリージープ (黒),윌리 지프 (검은색),Willy Jeep (Czarny),Willy Jeep (Preto),Вилли Джип (Черный),Willy Jeep (Siyah),威利吉普车（黑色）,威利吉普車（黑色）
vehicleWillyJeepBlackplaceableDesc,,,,,,If it survived WW2 surely it can handle this!,If it survived WW2 surely it can handle this!,"Wenn er den 2. Weltkrieg überlebt hat, hält er das sicher auch aus!","Si sobrevivió a la Segunda Guerra Mundial, ¡seguro que puede con esto!","S'il a survécu à la Seconde Guerre mondiale, il peut sûrement gérer ça!","Se è sopravvissuto alla Seconda Guerra Mondiale, sicuramente può farcela!",第二次世界大戦を生き延びたのなら、きっとこれも乗り越えられる！,2차 세계대전에서 살아남았다면 이것도 견딜 수 있을 것입니다!,"Jeśli przetrwał II wojnę światową, na pewno poradzi sobie z tym!","Se sobreviveu à Segunda Guerra Mundial, certamente consegue lidar com isto!","Если он пережил Вторую мировую войну, наверняка справится и с этим!","2. Dünya Savaşı'ndan sağ çıktıysa, kesinlikle bununla başa çıkabilir!",如果它能熬过二战，肯定也能应对这个！,如果它能熬過二戰，肯定也能應對這個！
vehicleWillyJeepBlue,,,,,,Willy Jeep (Blue),Willy Jeep (Blue),Willy Jeep (Blau),Willy Jeep (Azul),Willy Jeep (Bleu),Willy Jeep (Blu),ウィリージープ (青),윌리 지프 (파란색),Willy Jeep (Niebieski),Willy Jeep (Azul),Вилли Джип (Синий),Willy Jeep (Mavi),威利吉普车（蓝色）,威利吉普車（藍色）
vehicleWillyJeepBlueplaceable,,,,,,Willy Jeep (Blue),Willy Jeep (Blue),Willy Jeep (Blau),Willy Jeep (Azul),Willy Jeep (Bleu),Willy Jeep (Blu),ウィリージープ (青),윌리 지프 (파란색),Willy Jeep (Niebieski),Willy Jeep (Azul),Вилли Джип (Синий),Willy Jeep (Mavi),威利吉普车（蓝色）,威利吉普車（藍色）
vehicleWillyJeepBlueplaceableDesc,,,,,,If it survived WW2 surely it can handle this!,If it survived WW2 surely it can handle this!,"Wenn er den 2. Weltkrieg überlebt hat, hält er das sicher auch aus!","Si sobrevivió a la Segunda Guerra Mundial, ¡seguro que puede con esto!","S'il a survécu à la Seconde Guerre mondiale, il peut sûrement gérer ça!","Se è sopravvissuto alla Seconda Guerra Mondiale, sicuramente può farcela!",第二次世界大戦を生き延びたのなら、きっとこれも乗り越えられる！,2차 세계대전에서 살아남았다면 이것도 견딜 수 있을 것입니다!,"Jeśli przetrwał II wojnę światową, na pewno poradzi sobie z tym!","Se sobreviveu à Segunda Guerra Mundial, certamente consegue lidar com isto!","Если он пережил Вторую мировую войну, наверняка справится и с этим!","2. Dünya Savaşı'ndan sağ çıktıysa, kesinlikle bununla başa çıkabilir!",如果它能熬过二战，肯定也能应对这个！,如果它能熬過二戰，肯定也能應對這個！
vehicleWillyJeepGreen,,,,,,Willy Jeep (Green),Willy Jeep (Green),Willy Jeep (Grün),Willy Jeep (Verde),Willy Jeep (Vert),Willy Jeep (Verde),ウィリージープ (緑),윌리 지프 (녹색),Willy Jeep (Zielony),Willy Jeep (Verde),Вилли Джип (Зеленый),Willy Jeep (Yeşil),威利吉普车（绿色）,威利吉普車（綠色）
vehicleWillyJeepGreenplaceable,,,,,,Willy Jeep (Green),Willy Jeep (Green),Willy Jeep (Grün),Willy Jeep (Verde),Willy Jeep (Vert),Willy Jeep (Verde),ウィリージープ (緑),윌리 지프 (녹색),Willy Jeep (Zielony),Willy Jeep (Verde),Вилли Джип (Зеленый),Willy Jeep (Yeşil),威利吉普车（绿色）,威利吉普車（綠色）
vehicleWillyJeepGreenplaceableDesc,,,,,,If it survived WW2 surely it can handle this!,If it survived WW2 surely it can handle this!,"Wenn er den 2. Weltkrieg überlebt hat, hält er das sicher auch aus!","Si sobrevivió a la Segunda Guerra Mundial, ¡seguro que puede con esto!","S'il a survécu à la Seconde Guerre mondiale, il peut sûrement gérer ça!","Se è sopravvissuto alla Seconda Guerra Mondiale, sicuramente può farcela!",第二次世界大戦を生き延びたのなら、きっとこれも乗り越えられる！,2차 세계대전에서 살아남았다면 이것도 견딜 수 있을 것입니다!,"Jeśli przetrwał II wojnę światową, na pewno poradzi sobie z tym!","Se sobreviveu à Segunda Guerra Mundial, certamente consegue lidar com isto!","Если он пережил Вторую мировую войну, наверняка справится и с этим!","2. Dünya Savaşı'ndan sağ çıktıysa, kesinlikle bununla başa çıkabilir!",如果它能熬过二战，肯定也能应对这个！,如果它能熬過二戰，肯定也能應對這個！
vehicleWillyJeepOrange,,,,,,Willy Jeep (Orange),Willy Jeep (Orange),Willy Jeep (Orange),Willy Jeep (Naranja),Willy Jeep (Orange),Willy Jeep (Arancione),ウィリージープ (オレンジ),윌리 지프 (주황색),Willy Jeep (Pomarańczowy),Willy Jeep (Laranja),Вилли Джип (Оранжевый),Willy Jeep (Turuncu),威利吉普车（橙色）,威利吉普車（橙色）
vehicleWillyJeepOrangeplaceable,,,,,,Willy Jeep (Orange),Willy Jeep (Orange),Willy Jeep (Orange),Willy Jeep (Naranja),Willy Jeep (Orange),Willy Jeep (Arancione),ウィリージープ (オレンジ),윌리 지프 (주황색),Willy Jeep (Pomarańczowy),Willy Jeep (Laranja),Вилли Джип (Оранжевый),Willy Jeep (Turuncu),威利吉普车（橙色）,威利吉普車（橙色）
vehicleWillyJeepOrangeplaceableDesc,,,,,,If it survived WW2 surely it can handle this!,If it survived WW2 surely it can handle this!,"Wenn er den 2. Weltkrieg überlebt hat, hält er das sicher auch aus!","Si sobrevivió a la Segunda Guerra Mundial, ¡seguro que puede con esto!","S'il a survécu à la Seconde Guerre mondiale, il peut sûrement gérer ça!","Se è sopravvissuto alla Seconda Guerra Mondiale, sicuramente può farcela!",第二次世界大戦を生き延びたのなら、きっとこれも乗り越えられる！,2차 세계대전에서 살아남았다면 이것도 견딜 수 있을 것입니다!,"Jeśli przetrwał II wojnę światową, na pewno poradzi sobie z tym!","Se sobreviveu à Segunda Guerra Mundial, certamente consegue lidar com isto!","Если он пережил Вторую мировую войну, наверняка справится и с этим!","2. Dünya Savaşı'ndan sağ çıktıysa, kesinlikle bununla başa çıkabilir!",如果它能熬过二战，肯定也能应对这个！,如果它能熬過二战，肯定也能應對這個！
vehicleWillyJeepplaceable,,,,,,Willy Jeep,Willy Jeep,Willy Jeep,Willy Jeep,Willy Jeep,Willy Jeep,ウィリージープ,윌리 지프,Willy Jeep,Willy Jeep,Вилли Джип,Willy Jeep,威利吉普车,威利吉普車
vehicleWillyJeepplaceableDesc,,,,,,If it survived WW2 surely it can handle this!,If it survived WW2 surely it can handle this!,"Wenn er den 2. Weltkrieg überlebt hat, hält er das sicher auch aus!","Si sobrevivió a la Segunda Guerra Mundial, ¡seguro que puede con esto!","S'il a survécu à la Seconde Guerre mondiale, il peut sûrement gérer ça!","Se è sopravvissuto alla Seconda Guerra Mondiale, sicuramente può farcela!",第二次世界大戦を生き延びたのなら、きっとこれも乗り越えられる！,2차 세계대전에서 살아남았다면 이것도 견딜 수 있을 것입니다!,"Jeśli przetrwał II wojnę światową, na pewno poradzi sobie z tym!","Se sobreviveu à Segunda Guerra Mundial, certamente consegue lidar com isto!","Если он пережил Вторую мировую войну, наверняка справится и с этим!","2. Dünya Savaşı'ndan sağ çıktıysa, kesinlikle bununla başa çıkabilir!",如果它能熬过二战，肯定也能应对这个！,如果它能熬過二战，肯定也能應對這個！
vehicleWillyJeepPurple,,,,,,Willy Jeep (Purple),Willy Jeep (Purple),Willy Jeep (Lila),Willy Jeep (Morado),Willy Jeep (Violet),Willy Jeep (Viola),ウィリージープ (紫),윌리 지프 (보라색),Willy Jeep (Fioletowy),Willy Jeep (Roxo),Вилли Джип (Фиолетовый),Willy Jeep (Mor),威利吉普车（紫色）,威利吉普車（紫色）
vehicleWillyJeepPurpleplaceable,,,,,,Willy Jeep (Purple),Willy Jeep (Purple),Willy Jeep (Lila),Willy Jeep (Morado),Willy Jeep (Violet),Willy Jeep (Viola),ウィリージープ (紫),윌리 지프 (보라색),Willy Jeep (Fioletowy),Willy Jeep (Roxo),Вилли Джип (Фиолетовый),Willy Jeep (Mor),威利吉普车（紫色）,威利吉普車（紫色）
vehicleWillyJeepPurpleplaceableDesc,,,,,,If it survived WW2 surely it can handle this!,If it survived WW2 surely it can handle this!,"Wenn er den 2. Weltkrieg überlebt hat, hält er das sicher auch aus!","Si sobrevivió a la Segunda Guerra Mundial, ¡seguro que puede con esto!","S'il a survécu à la Seconde Guerre mondiale, il peut sûrement gérer ça!","Se è sopravvissuto alla Seconda Guerra Mondiale, sicuramente può farcela!",第二次世界大戦を生き延びたのなら、きっとこれも乗り越えられる！,2차 세계대전에서 살아남았다면 이것도 견딜 수 있을 것입니다!,"Jeśli przetrwał II wojnę światową, na pewno poradzi sobie z tym!","Se sobreviveu à Segunda Guerra Mundial, certamente consegue lidar com isto!","Если он пережил Вторую мировую войну, наверняка справится и с этим!","2. Dünya Savaşı'ndan sağ çıktıysa, kesinlikle bununla başa çıkabilir!",如果它能熬过二战，肯定也能应对这个！,如果它能熬過二战，肯定也能應對這個！
vehicleWillyJeepRed,,,,,,Willy Jeep (Red),Willy Jeep (Red),Willy Jeep (Rot),Willy Jeep (Rojo),Willy Jeep (Rouge),Willy Jeep (Rosso),ウィリージープ (赤),윌리 지프 (빨간색),Willy Jeep (Czerwony),Willy Jeep (Vermelho),Вилли Джип (Красный),Willy Jeep (Kırmızı),威利吉普车（红色）,威利吉普車（紅色）
vehicleWillyJeepRedplaceable,,,,,,Willy Jeep (Red),Willy Jeep (Red),Willy Jeep (Rot),Willy Jeep (Rojo),Willy Jeep (Rouge),Willy Jeep (Rosso),ウィリージープ (赤),윌리 지프 (빨간색),Willy Jeep (Czerwony),Willy Jeep (Vermelho),Вилли Джип (Красный),Willy Jeep (Kırmızı),威利吉普车（红色）,威利吉普車（紅色）
vehicleWillyJeepRedplaceableDesc,,,,,,If it survived WW2 surely it can handle this!,If it survived WW2 surely it can handle this!,"Wenn er den 2. Weltkrieg überlebt hat, hält er das sicher auch aus!","Si sobrevivió a la Segunda Guerra Mundial, ¡seguro que puede con esto!","S'il a survécu à la Seconde Guerre mondiale, il peut sûrement gérer ça!","Se è sopravvissuto alla Seconda Guerra Mondiale, sicuramente può farcela!",第二次世界大戦を生き延びたのなら、きっとこれも乗り越えられる！,2차 세계대전에서 살아남았다면 이것도 견딜 수 있을 것입니다!,"Jeśli przetrwał II wojnę światową, na pewno poradzi sobie z tym!","Se sobreviveu à Segunda Guerra Mundial, certamente consegue lidar com isto!","Если он пережил Вторую мировую войну, наверняка справится и с этим!","2. Dünya Savaşı'ndan sağ çıktıysa, kesinlikle bununla başa çıkabilir!",如果它能熬过二战，肯定也能应对这个！,如果它能熬過二战，肯定也能應對這個！
vehicleWillyJeepTopless,,,,,,Willy Jeep,Willy Jeep,Willy Jeep,Willy Jeep,Willy Jeep,Willy Jeep,ウィリージープ,윌리 지프,Willy Jeep,Willy Jeep,Вилли Джип,Willy Jeep,威利吉普车,威利吉普車
vehicleWillyJeepToplessBlack,,,,,,Willy Jeep (Black),Willy Jeep (Black),Willy Jeep (Schwarz),Willy Jeep (Negro),Willy Jeep (Noir),Willy Jeep (Nero),ウィリージープ (黒),윌리 지프 (검은색),Willy Jeep (Czarny),Willy Jeep (Preto),Вилли Джип (Черный),Willy Jeep (Siyah),威利吉普车（黑色）,威利吉普車（黑色）
vehicleWillyJeepToplessBlackplaceable,,,,,,Willy Jeep (Black),Willy Jeep (Black),Willy Jeep (Schwarz),Willy Jeep (Negro),Willy Jeep (Noir),Willy Jeep (Nero),ウィリージープ (黒),윌리 지프 (검은색),Willy Jeep (Czarny),Willy Jeep (Preto),Вилли Джип (Черный),Willy Jeep (Siyah),威利吉普车（黑色）,威利吉普車（黑色）
vehicleWillyJeepToplessBlackplaceableDesc,,,,,,Now with even more wind-in-hair action!,Now with even more wind-in-hair action!,Jetzt mit noch mehr Wind-in-den-Haaren-Action!,¡Ahora con aún más acción con el viento en el pelo!,"Maintenant avec encore plus d'action vent dans les cheveux!""""","Ora con ancora più azione vento tra i capelli!""""",さらに風を感じるアクションが追加！,이제 바람을 더 느낄 수 있습니다!,Teraz jeszcze więcej akcji z wiatrem we włosach!,"Agora com ainda mais ação vento no cabelo!""""",Теперь еще больше ветра в волосах!,Şimdi rüzgarı saçlarında daha çok hisset!,现在有更多头发随风飘扬的动作！,現在有更多頭髮随風飄揚的動作！
vehicleWillyJeepToplessBlue,,,,,,Willy Jeep (Blue),Willy Jeep (Blue),Willy Jeep (Blau),Willy Jeep (Azul),Willy Jeep (Bleu),Willy Jeep (Blu),ウィリージープ (青),윌리 지프 (파란색),Willy Jeep (Niebieski),Willy Jeep (Azul),Вилли Джип (Синий),Willy Jeep (Mavi),威利吉普车（蓝色）,威利吉普車（藍色）
vehicleWillyJeepToplessBlueplaceable,,,,,,Willy Jeep (Blue),Willy Jeep (Blue),Willy Jeep (Blau),Willy Jeep (Azul),Willy Jeep (Bleu),Willy Jeep (Blu),ウィリージープ (青),윌리 지프 (파란색),Willy Jeep (Niebieski),Willy Jeep (Azul),Вилли Джип (Синий),Willy Jeep (Mavi),威利吉普车（蓝色）,威利吉普車（藍色）
vehicleWillyJeepToplessBlueplaceableDesc,,,,,,Now with even more wind-in-hair action!,Now with even more wind-in-hair action!,Jetzt mit noch mehr Wind-in-den-Haaren-Action!,¡Ahora con aún más acción con el viento en el pelo!,"Maintenant avec encore plus d'action vent dans les cheveux!""""","Ora con ancora più azione vento tra i capelli!""""",さらに風を感じるアクションが追加！,이제 바람을 더 느낄 수 있습니다!,Teraz jeszcze więcej akcji z wiatrem we włosach!,"Agora com ainda mais ação vento no cabelo!""""",Теперь еще больше ветра в волосах!,Şimdi rüzgarı saçlarında daha çok hisset!,现在有更多头发随风飘扬的动作！,現在有更多頭髮随風飄揚的動作！
vehicleWillyJeepToplessGreen,,,,,,Willy Jeep (Green),Willy Jeep (Green),Willy Jeep (Grün),Willy Jeep (Verde),Willy Jeep (Vert),Willy Jeep (Verde),ウィリージープ (緑),윌리 지프 (녹색),Willy Jeep (Zielony),Willy Jeep (Verde),Вилли Джип (Зеленый),Willy Jeep (Yeşil),威利吉普车（绿色）,威利吉普車（綠色）
vehicleWillyJeepToplessGreenplaceable,,,,,,Willy Jeep (Green),Willy Jeep (Green),Willy Jeep (Grün),Willy Jeep (Verde),Willy Jeep (Vert),Willy Jeep (Verde),ウィリージープ (緑),윌리 지프 (녹색),Willy Jeep (Zielony),Willy Jeep (Verde),Вилли Джип (Зеленый),Willy Jeep (Yeşil),威利吉普车（绿色）,威利吉普車（綠色）
vehicleWillyJeepToplessGreenplaceableDesc,,,,,,Now with even more wind-in-hair action!,Now with even more wind-in-hair action!,Jetzt mit noch mehr Wind-in-den-Haaren-Action!,¡Ahora con aún más acción con el viento en el pelo!,"Maintenant avec encore plus d'action vent dans les cheveux!""""","Ora con ancora più azione vento tra i capelli!""""",さらに風を感じるアクションが追加！,이제 바람을 더 느낄 수 있습니다!,Teraz jeszcze więcej akcji z wiatrem we włosach!,"Agora com ainda mais ação vento no cabelo!""""",Теперь еще больше ветра в волосах!,Şimdi rüzgarı saçlarında daha çok hisset!,现在有更多头发随风飘扬的动作！,現在有更多頭髮随風飄揚的動作！
vehicleWillyJeepToplessOrange,,,,,,Willy Jeep (Orange),Willy Jeep (Orange),Willy Jeep (Orange),Willy Jeep (Naranja),Willy Jeep (Orange),Willy Jeep (Arancione),ウィリージープ (オレンジ),윌리 지프 (주황색),Willy Jeep (Pomarańczowy),Willy Jeep (Laranja),Вилли Джип (Оранжевый),Willy Jeep (Turuncu),威利吉普车（橙色）,威利吉普車（橙色）
vehicleWillyJeepToplessOrangeplaceable,,,,,,Willy Jeep (Orange),Willy Jeep (Orange),Willy Jeep (Orange),Willy Jeep (Naranja),Willy Jeep (Orange),Willy Jeep (Arancione),ウィリージープ (オレンジ),윌리 지프 (주황색),Willy Jeep (Pomarańczowy),Willy Jeep (Laranja),Вилли Джип (Оранжевый),Willy Jeep (Turuncu),威利吉普车（橙色）,威利吉普車（橙色）
vehicleWillyJeepToplessOrangeplaceableDesc,,,,,,Now with even more wind-in-hair action!,Now with even more wind-in-hair action!,Jetzt mit noch mehr Wind-in-den-Haaren-Action!,¡Ahora con aún más acción con el viento en el pelo!,"Maintenant avec encore plus d'action vent dans les cheveux!""""","Ora con ancora più azione vento tra i capelli!""""",さらに風を感じるアクションが追加！,이제 바람을 더 느낄 수 있습니다!,Teraz jeszcze więcej akcji z wiatrem we włosach!,"Agora com ainda mais ação vento no cabelo!""""",Теперь еще больше ветра в волосах!,Şimdi rüzgarı saçlarında daha çok hisset!,现在有更多头发随风飘扬的动作！,現在有更多頭髮随風飄揚的動作！
vehicleWillyJeepToplessplaceable,,,,,,Willy Jeep (Orange),Willy Jeep (Orange),Willy Jeep (Orange),Willy Jeep (Naranja),Willy Jeep (Orange),Willy Jeep (Arancione),ウィリージープ (オレンジ),윌리 지프 (주황색),Willy Jeep (Pomarańczowy),Willy Jeep (Laranja),Вилли Джип (Оранжевый),Willy Jeep (Turuncu),威利吉普车（橙色）,威利吉普車（橙色）
vehicleWillyJeepToplessplaceableDesc,,,,,,Now with even more wind-in-hair action!,Now with even more wind-in-hair action!,Jetzt mit noch mehr Wind-in-den-Haaren-Action!,¡Ahora con aún más acción con el viento en el pelo!,"Maintenant avec encore plus d'action vent dans les cheveux!""""","Ora con ancora più azione vento tra i capelli!""""",さらに風を感じるアクションが追加！,이제 바람을 더 느낄 수 있습니다!,Teraz jeszcze więcej akcji z wiatrem we włosach!,"Agora com ainda mais ação vento no cabelo!""""",Теперь еще больше ветра в волосах!,Şimdi rüzgarı saçlarında daha çok hisset!,现在有更多头发随风飘扬的动作！,現在有更多頭髮随風飄揚的動作！
vehicleWillyJeepToplessPurple,,,,,,Willy Jeep (Purple),Willy Jeep (Purple),Willy Jeep (Lila),Willy Jeep (Morado),Willy Jeep (Violet),Willy Jeep (Viola),ウィリージープ (紫),윌리 지프 (보라색),Willy Jeep (Fioletowy),Willy Jeep (Roxo),Вилли Джип (Фиолетовый),Willy Jeep (Mor),威利吉普车（紫色）,威利吉普車（紫色）
vehicleWillyJeepToplessPurpleplaceable,,,,,,Willy Jeep (Purple),Willy Jeep (Purple),Willy Jeep (Lila),Willy Jeep (Morado),Willy Jeep (Violet),Willy Jeep (Viola),ウィリージープ (紫),윌리 지프 (보라색),Willy Jeep (Fioletowy),Willy Jeep (Roxo),Вилли Джип (Фиолетовый),Willy Jeep (Mor),威利吉普车（紫色）,威利吉普車（紫色）
vehicleWillyJeepToplessPurpleplaceableDesc,,,,,,Now with even more wind-in-hair action!,Now with even more wind-in-hair action!,Jetzt mit noch mehr Wind-in-den-Haaren-Action!,¡Ahora con aún más acción con el viento en el pelo!,"Maintenant avec encore plus d'action vent dans les cheveux!""""","Ora con ancora più azione vento tra i capelli!""""",さらに風を感じるアクションが追加！,이제 바람을 더 느낄 수 있습니다!,Teraz jeszcze więcej akcji z wiatrem we włosach!,"Agora com ainda mais ação vento no cabelo!""""",Теперь еще больше ветра в волосах!,Şimdi rüzgarı saçlarında daha çok hisset!,现在有更多头发随风飘扬的动作！,現在有更多頭髮随風飄揚的動作！
vehicleWillyJeepToplessRed,,,,,,Willy Jeep (Red),Willy Jeep (Red),Willy Jeep (Rot),Willy Jeep (Rojo),Willy Jeep (Rouge),Willy Jeep (Rosso),ウィリージープ (赤),윌리 지프 (빨간색),Willy Jeep (Czerwony),Willy Jeep (Vermelho),Вилли Джип (Красный),Willy Jeep (Kırmızı),威利吉普车（红色）,威利吉普車（紅色）
vehicleWillyJeepToplessRedplaceable,,,,,,Willy Jeep (Red),Willy Jeep (Red),Willy Jeep (Rot),Willy Jeep (Rojo),Willy Jeep (Rouge),Willy Jeep (Rosso),ウィリージープ (赤),윌리 지프 (빨간색),Willy Jeep (Czerwony),Willy Jeep (Vermelho),Вилли Джип (Красный),Willy Jeep (Kırmızı),威利吉普车（红色）,威利吉普車（紅色）
vehicleWillyJeepToplessRedplaceableDesc,,,,,,Now with even more wind-in-hair action!,Now with even more wind-in-hair action!,Jetzt mit noch mehr Wind-in-den-Haaren-Action!,¡Ahora con aún más acción con el viento en el pelo!,"Maintenant avec encore plus d'action vent dans les cheveux!""""","Ora con ancora più azione vento tra i capelli!""""",さらに風を感じるアクションが追加！,이제 바람을 더 느낄 수 있습니다!,Teraz jeszcze więcej akcji z wiatrem we włosach!,"Agora com ainda mais ação vento no cabelo!""""",Теперь еще больше ветра в волосах!,Şimdi rüzgarı saçlarında daha çok hisset!,现在有更多头发随风飘扬的动作！,現在有更多頭髮随風飄揚的動作！
vehicleWorkTruck,,,,,,Work Truck,Work Truck,Arbeits-Lkw,Camión de trabajo,Camion de travail,Camion da lavoro,作業トラック,작업 트럭,Ciężarówka robocza,Caminhão de trabalho,Рабочий грузовик,İş Kamyonu,工作卡车,工作卡車
vehicleWorkTruckaccessories,,,,,,Work Truck Accessories,Work Truck Accessories,Arbeits-Lkw-Zubehör,Accesorios para camión de trabajo,Accessoires pour camion de travail,Accessori per camion da lavoro,作業トラックアクセサリー,작업 트럭 액세서리,Akcesoria do ciężarówki roboczej,Acessórios para caminhão de trabalho,Аксессуары для рабочего грузовика,İş Kamyonu Aksesuarları,工作卡车配件,工作卡車配件
vehicleWorkTruckaccessoriesDesc,,,,,,Parts needed to craft the Work Truck.,Parts needed to craft the Work Truck.,"Benötigte Teile, um den Arbeits-Lkw herzustellen.",Piezas necesarias para fabricar el camión de trabajo.,Pièces nécessaires pour fabriquer le camion de travail.,Parti necessarie per fabbricare il camion da lavoro.,作業トラックを製作するために必要なパーツ。,작업 트럭을 제작하는 데 필요한 부품.,Części potrzebne do wykonania ciężarówki roboczej.,Peças necessárias para fabricar o caminhão de trabalho.,"Детали, необходимые для изготовления рабочего грузовика.",İş Kamyonu üretmek için gerekli parçalar.,制作工作卡车所需的零件。,製作工作卡車所需的零件。
vehicleWorkTruckaccessoriesSchematic,,,,,,Work Truck Accessories Schematic,Work Truck Accessories Schematic,Arbeits-Lkw-Zubehörplan,Esquema de accesorios para camión de trabajo,Schéma d'accessoires pour camion de travail,Schema accessori per camion da lavoro,作業トラックアクセサリーの設計図,작업 트럭 액세서리 설계도,Schemat akcesoriów do ciężarówki roboczej,Esquema de acessórios para caminhão de trabalho,Схема аксессуаров для рабочего грузовика,İş Kamyonu Aksesuarları Şeması,工作卡车配件示意图,工作卡車配件示意圖
vehicleWorkTruckchassis,,,,,,Work Truck Chassis,Work Truck Chassis,Arbeits-Lkw-Fahrgestell,Chasis de camión de trabajo,Châssis de camion de travail,Telaio per camion da lavoro,作業トラックのシャーシ,작업 트럭 섀시,Rama podwozia ciężarówki roboczej,Chassi para caminhão de trabalho,Шасси рабочего грузовика,İş Kamyonu Şasisi,工作卡车底盘,工作卡車底盤
vehicleWorkTruckchassisDesc,,,,,,Parts needed to craft the Work Truck.,Parts needed to craft the Work Truck.,"Benötigte Teile, um den Arbeits-Lkw herzustellen.",Piezas necesarias para fabricar el camión de trabajo.,Pièces nécessaires pour fabriquer le camion de travail.,Parti necessarie per fabbricare il camion da lavoro.,作業トラックを製作するために必要なパーツ。,작업 트럭을 제작하는 데 필요한 부품.,Części potrzebne do wykonania ciężarówki roboczej.,Peças necessárias para fabricar o caminhão de trabalho.,"Детали, необходимые для изготовления рабочего грузовика.",İş Kamyonu üretmek için gerekli parçalar.,制作工作卡车所需的零件。,製作工作卡車所需的零件。
vehicleWorkTruckchassisSchematic,,,,,,Work Truck Chassis Schematic,Work Truck Chassis Schematic,Arbeits-Lkw-Fahrgestellschema,Esquema del chasis de camión de trabajo,Schéma du châssis de camion de travail,Schema telaio per camion da lavoro,作業トラックのシャーシの設計図,작업 트럭 섀시 설계도,Schemat ramy podwozia ciężarówki roboczej,Esquema do chassi para caminhão de trabalho,Схема шасси рабочего грузовика,İş Kamyonu Şasisi Şeması,工作卡车底盘示意图,工作卡車底盤示意圖
vehicleWorkTruckplaceable,,,,,,Work Truck,Work Truck,Arbeits-Lkw,Camión de trabajo,Camion de travail,Camion da lavoro,作業トラック,작업 트럭,Ciężarówka robocza,Caminhão de trabalho,Рабочий грузовик,İş Kamyonu,工作卡车,工作卡車
vehicleWorkTruckplaceableDesc,,,,,,Looks like it's been through more than just an apocalypse...,Looks like it's been through more than just an apocalypse...,"Sieht aus, als hätte er mehr als nur eine Apokalypse hinter sich...",Parece que ha pasado por algo más que un apocalipsis...,On dirait qu'il a traversé plus qu'une simple apocalypse...,Sembra che abbia attraversato più di una semplice apocalisse...,単なる黙示録以上のものを経験したようだ...,단순한 종말 이상의 것을 겪은 것 같네요...,"Wygląda na to, że przeszedł przez coś więcej niż tylko apokalipsę...",Parece que passou por mais do que apenas um apocalipse...,"Выглядит так, будто он пережил нечто большее, чем просто апокалипсис...",Sadece bir kıyametten fazlasını atlatmış gibi görünüyor...,看起来它经历的不仅仅是末日……,看起來它經歷的不仅仅是末日……
Trader_Mechanic,,,,,,The Mechanic's Shop,,Mechanikerwerkstatt,Taller del mecánico,Atelier du mécanicien,Officina del meccanico,メカニックの店,정비소,Warsztat mechanika,Oficina do mecânico,Мастерская механика,Tamirci dükkanı,机械师商店,機械師商店
TraderMechanic_b,,,,,,The Mechanic,,Der Mechaniker,El mecánico,Le mécanicien,Il meccanico,メカニック,정비사,Mechanik,O mecânico,Механик,Tamirci,机械师,機械師
BVbillboard,,,,,,Bdub's Vehicles Billboard,,Bdubs Fahrzeuge-Werbetafel,Valla publicitaria de vehículos de Bdub,Panneau d'affichage de véhicules de Bdub,Cartellone pubblicitario veicoli Bdub,Bdubの乗り物広告,Bdub의 차량 광고판,Billboard pojazdów Bdub,Painel de veículos do Bdub,Рекламный щит Bdub's Vehicles,Bdub'un Araçları Billboardu,Bdub车辆广告牌,Bdub車輛廣告牌
questRewardBoxTruckPartsBundle,,,,,,Box Truck Parts Bundle,,Kastenwagen-Teilebündel,Paquete de piezas de camión caja,Pack de pièces de camion fourgon,Fascio di parti del camion scatola,箱型トラックのパーツバンドル,박스 트럭 부품 번들,Pakiet części furgonetki,Pacote de peças de caminhão baú,Комплект запчастей для фургона,Kamyon Parça Paketi,箱式卡车零件捆绑包,箱式卡車零件捆綁包
questRewardBRDMPartsBundle,,,,,,BRDM-2 Parts Bundle,,BRDM-2 Teilebündel,Paquete de piezas BRDM-2,Pack de pièces BRDM-2,Fascio di parti BRDM-2,BRDM-2のパーツバンドル,BRDM-2 부품 번들,Pakiet części BRDM-2,Pacote de peças BRDM-2,Комплект запчастей для БРДМ-2,BRDM-2 Parça Paketi,BRDM-2零件捆绑包,BRDM-2零件捆綁包
questRewardBuggyPartsBundle,,,,,,Buggy Parts Bundle,,Buggy-Teilebündel,Paquete de piezas de buggy,Pack de pièces de buggy,Fascio di parti del buggy,バギーのパーツバンドル,버기 부품 번들,Pakiet części buggy,Pacote de peças de buggy,Комплект запчастей для багги,Buggy Parça Paketi,越野车零件捆绑包,越野車零件捆綁包
questRewardChargerPartsBundle,,,,,,Charger Parts Bundle,,Charger-Teilebündel,Paquete de piezas de Charger,Pack de pièces de Charger,Fascio di parti del Charger,チャージャーのパーツバンドル,차저 부품 번들,Pakiet części Chargera,Pacote de peças do Charger,Комплект запчастей для Charger,Charger Parça Paketi,Charger零件捆绑包,Charger零件捆綁包
questRewardCruiserPartsBundle,,,,,,Cruiser Parts Bundle,,Cruiser-Teilebündel,Paquete de piezas de Cruiser,Pack de pièces de Cruiser,Fascio di parti del Cruiser,クルーザーのパーツバンドル,크루저 부품 번들,Pakiet części Cruisera,Pacote de peças do Cruiser,Комплект запчастей для Cruiser,Cruiser Parça Paketi,Cruiser零件捆绑包,Cruiser零件捆綁包
questRewardDirtBikePartsBundle,,,,,,Dirt Bike Parts Bundle,,Dirt-Bike-Teilebündel,Paquete de piezas de moto de cross,Pack de pièces de moto tout-terrain,Fascio di parti della moto da cross,ダートバイクのパーツバンドル,더트 바이크 부품 번들,Pakiet części motocykla terenowego,Pacote de peças de bicicleta de terra,Комплект запчастей для кроссового мотоцикла,Arazi Motosikleti Parça Paketi,越野摩托车零件捆绑包,越野摩托車零件捆綁包
questRewardDusterPartsBundle,,,,,,Duster Parts Bundle,,Duster-Teilebündel,Paquete de piezas de Duster,Pack de pièces de Duster,Fascio di parti del Duster,ダスターのパーツバンドル,더스터 부품 번들,Pakiet części Duster,Pacote de peças do Duster,Комплект запчастей для Duster,Duster Parça Paketi,Duster零件捆绑包,Duster零件捆綁包
questRewardGNXPartsBundle,,,,,,GNX Parts Bundle,,GNX Teilebündel,Paquete de piezas GNX,Pack de pièces GNX,Fascio di parti del GNX,GNXのパーツバンドル,GNX 부품 번들,Pakiet części GNX,Pacote de peças GNX,Комплект запчастей для GNX,GNX Parça Paketi,GNX零件捆绑包,GNX零件捆綁包
questRewardGolfCartPartsBundle,,,,,,Golf Cart Parts Bundle,,Golfwagen-Teilebündel,Paquete de piezas de carrito de golf,Pack de pièces de voiturette de golf,Fascio di parti del golf cart,ゴルフカートのパーツバンドル,골프 카트 부품 번들,Pakiet części wózka golfowego,Pacote de peças de carrinho de golfe,Комплект запчастей для гольф-кара,Golf Arabası Parça Paketi,高尔夫球车零件捆绑包,高爾夫球車零件捆綁包
questRewardHotRodPartsBundle,,,,,,Hot Rod Parts Bundle,,Hot-Rod-Teilebündel,Paquete de piezas de hot rod,Pack de pièces de hot rod,Fascio di parti del hot rod,ホットロッドのパーツバンドル,핫로드 부품 번들,Pakiet części hot roda,Pacote de peças de hot rod,Комплект запчастей для хот-рода,Hot Rod Parça Paketi,热棒零件捆绑包,熱棒零件捆綁包
questRewardHumveePartsBundle,,,,,,Humvee Parts Bundle,,Humvee-Teilebündel,Paquete de piezas de Humvee,Pack de pièces de Humvee,Fascio di parti del Humvee,ハンヴィーのパーツバンドル,험비 부품 번들,Pakiet części Humvee,Pacote de peças do Humvee,Комплект запчастей для Humvee,Humvee Parça Paketi,悍马零件捆绑包,悍馬零件捆綁包
questRewardJunkerPartsBundle,,,,,,Junker Parts Bundle,,Junker-Teilebündel,Paquete de piezas de Junker,Pack de pièces de Junker,Fascio di parti del Junker,ジャンカーのパーツバンドル,정크 부품 번들,Pakiet części Junker,Pacote de peças do Junker,Комплект запчастей для Junker,Junker Parça Paketi,垃圾零件捆绑包,垃圾零件捆綁包
questRewardLMTVPartsBundle,,,,,,LMTV Parts Bundle,,LMTV Teilebündel,Paquete de piezas LMTV,Pack de pièces LMTV,Fascio di parti del LMTV,LMTVのパーツバンドル,LMTV 부품 번들,Pakiet części LMTV,Pacote de peças LMTV,Комплект запчастей для LMTV,LMTV Parça Paketi,LMTV零件捆绑包,LMTV零件捆綁包
questRewardMarauderPartsBundle,,,,,,Marauder Parts Bundle,,Marauder-Teilebündel,Paquete de piezas de Marauder,Pack de pièces de Marauder,Fascio di parti del Marauder,マローダーのパーツバンドル,마라우더 부품 번들,Pakiet części Marauder,Pacote de peças do Marauder,Комплект запчастей для Marauder,Marauder Parça Paketi,掠夺者零件捆绑包,掠奪者零件捆綁包
questRewardMD500PartsBundle,,,,,,MD-500 Parts Bundle,,MD-500 Teilebündel,Paquete de piezas MD-500,Pack de pièces MD-500,Fascio di parti del MD-500,MD-500のパーツバンドル,MD-500 부품 번들,Pakiet części MD-500,Pacote de peças MD-500,Комплект запчастей для MD-500,MD-500 Parça Paketi,MD-500零件捆绑包,MD-500零件捆綁包
questRewardMRAPPartsBundle,,,,,,MRAP Parts Bundle,,MRAP Teilebündel,Paquete de piezas MRAP,Pack de pièces MRAP,Fascio di parti del MRAP,MRAPのパーツバンドル,MRAP 부품 번들,Pakiet części MRAP,Pacote de peças MRAP,Комплект запчастей для MRAP,MRAP Parça Paketi,MRAP零件捆绑包,MRAP零件捆綁包
questRewardNovaPartsBundle,,,,,,Nova Parts Bundle,,Nova-Teilebündel,Paquete de piezas de Nova,Pack de pièces de Nova,Fascio di parti del Nova,ノヴァのパーツバンドル,노바 부품 번들,Pakiet części Nova,Pacote de peças do Nova,Комплект запчастей для Nova,Nova Parça Paketi,Nova零件捆绑包,Nova零件捆綁包
questRewardOldSemiPartsBundle,,,,,,Old Semi Parts Bundle,,Alter-Sattelschlepper-Teilebündel,Paquete de piezas de semirremolque viejo,Pack de pièces de vieux semi-remorque,Fascio di parti del semirimorchio vecchio,古いセミのパーツバンドル,오래된 세미 부품 번들,Pakiet części starego ciągnika siodłowego,Pacote de peças de semirreboque velho,Комплект запчастей для старого полуприцепа,Eski Yarı Römork Parça Paketi,旧半挂车零件捆绑包,舊半掛車零件捆綁包
questRewardPickupPartsBundle,,,,,,Pickup Parts Bundle,,Pickup-Teilebündel,Paquete de piezas de camioneta,Pack de pièces de camionnette,Fascio di parti del pickup,ピックアップのパーツバンドル,픽업트럭 부품 번들,Pakiet części pickupa,Pacote de peças de pickup,Комплект запчастей для пикапа,Kamyonet Parça Paketi,皮卡零件捆绑包,皮卡零件捆綁包
questRewardRatPartsBundle,,,,,,Rat Parts Bundle,,Rat-Teilebündel,Paquete de piezas de rata,Pack de pièces de rat,Fascio di parti del rat,ラットのパーツバンドル,쥐 부품 번들,Pakiet części Rat,Pacote de peças do Rat,Комплект запчастей для Rat,Fare Parça Paketi,鼠式零件捆绑包,鼠式零件捆綁包
questRewardSHERPPartsBundle,,,,,,SHERP Parts Bundle,,SHERP-Teilebündel,Paquete de piezas de SHERP,Pack de pièces de SHERP,Fascio di parti del SHERP,SHERPのパーツバンドル,SHERP 부품 번들,Pakiet części SHERP,Pacote de peças do SHERP,Комплект запчастей для SHERP,SHERP Parça Paketi,SHERP零件捆绑包,SHERP零件捆綁包
questRewardStallionPartsBundle,,,,,,Stallion Parts Bundle,,Stallion-Teilebündel,Paquete de piezas de semental,Pack de pièces de stallion,Fascio di parti del stallion,スタリオンのパーツバンドル,종마 부품 번들,Pakiet części Stallion,Pacote de peças do Stallion,Комплект запчастей для Stallion,Stallion Parça Paketi,种马零件捆绑包,種馬零件捆綁包
questRewardUAZ452PartsBundle,,,,,,UAZ 452 Parts Bundle,,UAZ 452 Teilebündel,Paquete de piezas UAZ 452,Pack de pièces UAZ 452,Fascio di parti del UAZ 452,UAZ 452のパーツバンドル,UAZ 452 부품 번들,Pakiet części UAZ 452,Pacote de peças do UAZ 452,Комплект запчастей для УАЗ 452,UAZ 452 Parça Paketi,UAZ 452零件捆绑包,UAZ 452零件捆綁包
questRewardUH60PartsBundle,,,,,,UH-60 Parts Bundle,,UH-60 Teilebündel,Paquete de piezas UH-60,Pack de pièces UH-60,Fascio di parti del UH-60,UH-60のパーツバンドル,UH-60 부품 번들,Pakiet części UH-60,Pacote de peças do UH-60,Комплект запчастей для UH-60,UH-60 Parça Paketi,UH-60零件捆绑包,UH-60零件捆綁包
questRewardWorkTruckPartsBundle,,,,,,Work Truck Parts Bundle,,Arbeits-Lkw-Teilebündel,Paquete de piezas de camión de trabajo,Pack de pièces de camion de travail,Fascio di parti del camion da lavoro,作業トラックのパーツバンドル,작업 트럭 부품 번들,Pakiet części ciężarówki roboczej,Pacote de peças do caminhão de trabalho,Комплект запчастей для рабочего грузовика,İş Kamyonu Parça Paketi,工作卡车零件捆绑包,工作卡車零件捆綁包
questRewardTrophyTruckPartsBundle,,,,,,Trophy Truck Parts Bundle,,Trophäen-Truck-Teilebündel,Paquete de piezas de camión trofeo,Pack de pièces de camion trophy,Fascio di parti del camion trofeo,トロフィートラックのパーツバンドル,트로피 트럭 부품 번들,Pakiet części ciężarówki trofeum,Pacote de peças do caminhão troféu,Комплект запчастей для трофи-трака,Trophy Kamyonet Parça Paketi,奖杯卡车零件捆绑包,獎杯卡車零件捆綁包
modVehicleArmorDesc,,,,,,"Reinforced armor for motorcycles and gyrocopters, as well as other select vehicles.\n\nReduces the damage taken when objects hit the vehicle. Increases damage to blocks and entities.",,"Verstärkte Panzerung für Motorräder und Tragschrauber, sowie andere ausgewählte Fahrzeuge.\n\nReduziert den erlittenen Schaden, wenn Objekte das Fahrzeug treffen. Erhöht den Schaden an Blöcken und Entitäten.","Armadura reforzada para motocicletas y autogiros, así como otros vehículos seleccionados.\n\nReduce el daño recibido cuando los objetos golpean el vehículo. Aumenta el daño a bloques y entidades.","Armure renforcée pour motos et autogires, ainsi que d'autres véhicules sélectionnés.\n\nRéduit les dégâts subis lorsque des objets frappent le véhicule. Augmente les dégâts infligés aux blocs et aux entités.","Armatura rinforzata per motociclette e autogiri, nonché altri veicoli selezionati.\n\nRiduce il danno subito quando gli oggetti colpiscono il veicolo. Aumenta il danno a blocchi ed entità.",バイクやジャイロコプター、その他の特定の車両用の強化装甲。\n\nオブジェクトが車両に命中した際に受けるダメージを軽減します。ブロックやエンティティへのダメージが増加します。,오토바이 및 자이로콥터와 기타 일부 차량용 강화 장갑.\n\n사물이 차량에 부딪혔을 때 받는 피해를 줄여줍니다. 블록 및 엔티티에 대한 피해를 증가시킵니다.,"Wzmocniony pancerz do motocykli i wiatrakowców, a także innych wybranych pojazdów.\n\nZmniejsza obrażenia otrzymywane, gdy obiekty uderzają w pojazd. Zwiększa obrażenia zadawane blokom i jednostkom.","Armadura reforçada para motocicletas e autogiros, bem como outros veículos selecionados.\n\nReduz o dano sofrido quando objetos atingem o veículo. Aumenta o dano a blocos e entidades.","Усиленная броня для мотоциклов и автожиров, а также других избранных транспортных средств.\n\nСнижает урон, получаемый при попадании предметов в транспортное средство. Увеличивает урон по блокам и сущностям.",Motosikletler ve jiroskoplar ile diğer seçili araçlar için güçlendirilmiş zırh.\n\nNesneler araca çarptığında alınan hasarı azaltır. Bloklara ve varlıklara verilen hasarı artırır.,摩托车和旋翼机以及其他特定车辆的强化装甲。\n\n减少物体撞击车辆时受到的伤害。增加对方块和实体的伤害。,摩托車和旋翼機以及其他特定車輛的強化裝甲。\n\n減少物體撞擊車輛時受到的傷害。增加對方塊和實體的傷害。
