Source,Parent,Child
4x4Static,Vehicle,Parts
OSBWoodStack,Construction,Stack
abandonedPickupTruck01Blue,Vehicle,Pickup
abandonedPickupTruck01Brown,Vehicle,Pickup
abandonedPickupTruck01DoorBlue,Vehicle,Pickup
abandonedPickupTruck01DoorBrown,Vehicle,Pickup
abandonedPickupTruck01DoorGreen,Vehicle,Pickup
abandonedPickupTruck01DoorGrey,Vehicle,Pickup
abandonedPickupTruck01DoorOrange,Vehicle,Pickup
abandonedPickupTruck01DoorPink,Vehicle,Pickup
abandonedPickupTruck01DoorPurple,Vehicle,Pickup
abandonedPickupTruck01DoorRed,Vehicle,Pickup
abandonedPickupTruck01DoorWhite,Vehicle,Pickup
abandonedPickupTruck01DoorYellow,Vehicle,Pickup
abandonedPickupTruck01Green,Vehicle,Pickup
abandonedPickupTruck01Grey,Vehicle,Pickup
abandonedPickupTruck01Orange,Vehicle,Pickup
abandonedPickupTruck01Pink,Vehicle,Pickup
abandonedPickupTruck01Purple,Vehicle,Pickup
abandonedPickupTruck01Red,Vehicle,Pickup
abandonedPickupTruck01White,Vehicle,Pickup
abandonedPickupTruck01Yellow,Vehicle,Pickup
abandonedSUV01Blue,Vehicle,Suv
abandonedSUV01Brown,Vehicle,Suv
abandonedSUV01DoorsBlue,Vehicle,Suv
abandonedSUV01DoorsBrown,Vehicle,Suv
abandonedSUV01DoorsGreen,Vehicle,Suv
abandonedSUV01DoorsGrey,Vehicle,Suv
abandonedSUV01DoorsOrange,Vehicle,Suv
abandonedSUV01DoorsPink,Vehicle,Suv
abandonedSUV01DoorsPurple,Vehicle,Suv
abandonedSUV01DoorsRed,Vehicle,Suv
abandonedSUV01DoorsWhite,Vehicle,Suv
abandonedSUV01DoorsYellow,Vehicle,Suv
abandonedSUV01Green,Vehicle,Suv
abandonedSUV01Grey,Vehicle,Suv
abandonedSUV01Orange,Vehicle,Suv
abandonedSUV01Pink,Vehicle,Suv
abandonedSUV01Purple,Vehicle,Suv
abandonedSUV01Red,Vehicle,Suv
abandonedSUV01White,Vehicle,Suv
abandonedSUV01Yellow,Vehicle,Suv
airConditionVentFan,Household,Misc
airConditionVentFanDouble,Household,Misc
airConditioner,Household,Misc
apartmentMailboxClosed,Mailbox,Apartment
apartmentMailboxClosedBlue,Mailbox,Apartment
apartmentMailboxClosedGreen,Mailbox,Apartment
apartmentMailboxClosedGrey,Mailbox,Apartment
apartmentMailboxClosedRed,Mailbox,Apartment
apartmentMailboxClosedWhite,Mailbox,Apartment
apartmentMailboxClosedYellow,Mailbox,Apartment
apartmentMailboxOpen,Mailbox,Apartment
apartmentMailboxOpenBlue,Mailbox,Apartment
apartmentMailboxOpenGreen,Mailbox,Apartment
apartmentMailboxOpenGrey,Mailbox,Apartment
apartmentMailboxOpenRed,Mailbox,Apartment
apartmentMailboxOpenWhite,Mailbox,Apartment
apartmentMailboxOpenYellow,Mailbox,Apartment
apartmentSmallMailboxClosedBlue,Mailbox,Apartment
apartmentSmallMailboxClosedGreen,Mailbox,Apartment
apartmentSmallMailboxClosedGrey,Mailbox,Apartment
apartmentSmallMailboxClosedRed,Mailbox,Apartment
apartmentSmallMailboxClosedWhite,Mailbox,Apartment
apartmentSmallMailboxClosedYellow,Mailbox,Apartment
apartmentSmallMailboxOpenBlue,Mailbox,Apartment
apartmentSmallMailboxOpenGreen,Mailbox,Apartment
apartmentSmallMailboxOpenGrey,Mailbox,Apartment
apartmentSmallMailboxOpenRed,Mailbox,Apartment
apartmentSmallMailboxOpenWhite,Mailbox,Apartment
apartmentSmallMailboxOpenYellow,Mailbox,Apartment
autoTurret,Electrical,Defense
awningCornerLeftBlack,Building,Awning
awningCornerLeftBlue,Building,Awning
awningCornerLeftBrown,Building,Awning
awningCornerLeftGreen,Building,Awning
awningCornerLeftGrey,Building,Awning
awningCornerLeftOrange,Building,Awning
awningCornerLeftPink,Building,Awning
awningCornerLeftPurple,Building,Awning
awningCornerLeftRed,Building,Awning
awningCornerLeftWhite,Building,Awning
awningCornerLeftYellow,Building,Awning
awningCornerRightBlack,Building,Awning
awningCornerRightBlue,Building,Awning
awningCornerRightBrown,Building,Awning
awningCornerRightGreen,Building,Awning
awningCornerRightGrey,Building,Awning
awningCornerRightOrange,Building,Awning
awningCornerRightPink,Building,Awning
awningCornerRightPurple,Building,Awning
awningCornerRightRed,Building,Awning
awningCornerRightWhite,Building,Awning
awningCornerRightYellow,Building,Awning
awningFullBlack,Building,Awning
awningFullBlue,Building,Awning
awningFullBrown,Building,Awning
awningFullGreen,Building,Awning
awningFullGrey,Building,Awning
awningFullOrange,Building,Awning
awningFullPink,Building,Awning
awningFullPurple,Building,Awning
awningFullRed,Building,Awning
awningFullWhite,Building,Awning
awningFullYellow,Building,Awning
awningStraightBlack,Building,Awning
awningStraightBlue,Building,Awning
awningStraightBrown,Building,Awning
awningStraightGreen,Building,Awning
awningStraightGrey,Building,Awning
awningStraightOrange,Building,Awning
awningStraightPink,Building,Awning
awningStraightPurple,Building,Awning
awningStraightRed,Building,Awning
awningStraightWhite,Building,Awning
awningStraightYellow,Building,Awning
backhoeBlue,Vehicle,Backhoe
backhoeGreen,Vehicle,Backhoe
backhoeGrey,Vehicle,Backhoe
backhoeOrange,Vehicle,Backhoe
backhoeRed,Vehicle,Backhoe
backhoeWhite,Vehicle,Backhoe
backhoeYellow,Vehicle,Backhoe
banditPlatform2x2A,Building,Bandit
banditPlatform3x2A,Building,Bandit
banditPlatform3x3A,Building,Bandit
banditPlatform3x3B,Building,Bandit
banditPlatform3x3BrokenA,Building,Bandit
banditPlatform3x3BrokenB,Building,Bandit
banditPlatform3x3BrokenC,Building,Bandit
banditPlatformSheet3x2A,Building,Bandit
banditPlatformSheet3x3A,Building,Bandit
banditPlatformSheet3x3B,Building,Bandit
banditRamp2x2A,Building,Bandit
banditRamp3x2A,Building,Bandit
banditRamp3x3A,Building,Bandit
banditRampSheet2x2A,Building,Bandit
banditRampSheet3x2A,Building,Bandit
banditRampSheet3x3A,Building,Bandit
banditSupport1m,Building,Bandit
banditSupport2m,Building,Bandit
banditSupport2x2A,Building,Bandit
banditSupport3m,Building,Bandit
banditSupport3x1A,Building,Bandit
banditSupport3x1B,Building,Bandit
banditSupport3x2A,Building,Bandit
banditSupport3x3A,Building,Bandit
banditSupportBroken1m,Building,Bandit
banditSupportBroken2m,Building,Bandit
banditSupportBroken3m,Building,Bandit
banditWallCorrugated1x2.5,Building,Bandit
banditWallCorrugated1x3,Building,Bandit
banditWallCorrugated1x4,Building,Bandit
banditWallCorrugated2x3,Building,Bandit
banditWallCorrugatedDiagonal1x1,Building,Bandit
banditWallCorrugatedDiagonal1x2,Building,Bandit
banditWallCorrugatedDiagonal1x3,Building,Bandit
banditWallCorrugatedDiagonal2x3,Building,Bandit
banditWallCorrugatedDiagonal3x1,Building,Bandit
banditWallRibbed2x1Blue,Building,Bandit
banditWallRibbed2x1Brown,Building,Bandit
banditWallRibbed2x1Green,Building,Bandit
banditWallRibbed2x1Grey,Building,Bandit
banditWallRibbed2x1Orange,Building,Bandit
banditWallRibbed2x1Red,Building,Bandit
banditWallRibbed2x1White,Building,Bandit
banditWallRibbed2x1Yellow,Building,Bandit
banditWallRibbed3x2Blue,Building,Bandit
banditWallRibbed3x2Brown,Building,Bandit
banditWallRibbed3x2Green,Building,Bandit
banditWallRibbed3x2Grey,Building,Bandit
banditWallRibbed3x2Orange,Building,Bandit
banditWallRibbed3x2Red,Building,Bandit
banditWallRibbed3x2White,Building,Bandit
banditWallRibbed3x2Yellow,Building,Bandit
banditWallRibbedDiagonal2x1Blue,Building,Bandit
banditWallRibbedDiagonal2x1Brown,Building,Bandit
banditWallRibbedDiagonal2x1Green,Building,Bandit
banditWallRibbedDiagonal2x1Grey,Building,Bandit
banditWallRibbedDiagonal2x1Orange,Building,Bandit
banditWallRibbedDiagonal2x1Red,Building,Bandit
banditWallRibbedDiagonal2x1White,Building,Bandit
banditWallRibbedDiagonal2x1Yellow,Building,Bandit
banditWallSiding1x4Blue,Building,Bandit
banditWallSiding1x4Brown,Building,Bandit
banditWallSiding1x4Green,Building,Bandit
banditWallSiding1x4Grey,Building,Bandit
banditWallSiding1x4Orange,Building,Bandit
banditWallSiding1x4Red,Building,Bandit
banditWallSiding1x4White,Building,Bandit
banditWallSiding1x4Yellow,Building,Bandit
banditWallSiding2x2Blue,Building,Bandit
banditWallSiding2x2Brown,Building,Bandit
banditWallSiding2x2Green,Building,Bandit
banditWallSiding2x2Grey,Building,Bandit
banditWallSiding2x2Orange,Building,Bandit
banditWallSiding2x2Red,Building,Bandit
banditWallSiding2x2White,Building,Bandit
banditWallSiding2x2Yellow,Building,Bandit
banditWallSiding3x3Blue,Building,Bandit
banditWallSiding3x3Brown,Building,Bandit
banditWallSiding3x3Green,Building,Bandit
banditWallSiding3x3Grey,Building,Bandit
banditWallSiding3x3Orange,Building,Bandit
banditWallSiding3x3Red,Building,Bandit
banditWallSiding3x3White,Building,Bandit
banditWallSiding3x3Yellow,Building,Bandit
banditWallSidingDiagonal2x2Blue,Building,Bandit
banditWallSidingDiagonal2x2Brown,Building,Bandit
banditWallSidingDiagonal2x2Green,Building,Bandit
banditWallSidingDiagonal2x2Grey,Building,Bandit
banditWallSidingDiagonal2x2Orange,Building,Bandit
banditWallSidingDiagonal2x2Red,Building,Bandit
banditWallSidingDiagonal2x2White,Building,Bandit
banditWallSidingDiagonal2x2Yellow,Building,Bandit
banditWallStreetsign3x2,Building,Bandit
barStool,Furniture,Barstool
barStoolBlack,Furniture,Barstool
barStoolBlue,Furniture,Barstool
barStoolBrown,Furniture,Barstool
barStoolGreen,Furniture,Barstool
barStoolGrey,Furniture,Barstool
barStoolPink,Furniture,Barstool
barStoolWhite,Furniture,Barstool
barbedFence,Outdoor,Barbed
barbedFenceDamaged01,Outdoor,Barbed
barbedFenceDamaged02,Outdoor,Barbed
barbedWireSheet,Outdoor,Barbed
barbedWireSpindle,Outdoor,Barbed
barbedWireSpindle1m,Outdoor,Barbed
barbedWireSpindle2,Outdoor,Barbed
barbedWireSpindle3,Outdoor,Barbed
barbedWireSpindle4,Outdoor,Barbed
barbedWireSpindleDiagonal1m,Outdoor,Barbed
barrierConcrete,Building,Barrier
barrierMilitary,Building,Barrier
barrierPlasticBlue,Building,Barrier
barrierPlasticOrange,Building,Barrier
barrierPlasticRed,Building,Barrier
barrierPlasticWhite,Building,Barrier
barrierPlasticYellow,Building,Barrier
bathroomStallCTRBeam,Bathroom,Walls
bathroomStallSCTRBeam,Bathroom,Walls
bathroomStallSupport,Bathroom,Walls
bathroomStallSupportLeft,Bathroom,Walls
bathroomStallSupportRight,Bathroom,Walls
bathroomStallWall,Bathroom,Walls
batterybank,Electrical,Generator
bed02,Furniture,Bed
bed02ArmyGreen,Furniture,Bed
bed02Blue,Furniture,Bed
bed02Brown,Furniture,Bed
bed02Green,Furniture,Bed
bed02Grey,Furniture,Bed
bed02Orange,Furniture,Bed
bed02Pink,Furniture,Bed
bed02Purple,Furniture,Bed
bed02Red,Furniture,Bed
bed02White,Furniture,Bed
bed02Yellow,Furniture,Bed
bedMadeNoFrameArmyGreen,Furniture,Bed
bedMadeNoFrameBlack,Furniture,Bed
bedMadeNoFrameBlue,Furniture,Bed
bedMadeNoFrameBrown,Furniture,Bed
bedMadeNoFrameGreen,Furniture,Bed
bedMadeNoFrameGrey,Furniture,Bed
bedMadeNoFrameOrange,Furniture,Bed
bedMadeNoFramePink,Furniture,Bed
bedMadeNoFramePurple,Furniture,Bed
bedMadeNoFrameRed,Furniture,Bed
bedMadeNoFrameWhite,Furniture,Bed
bedMadeNoFrameYellow,Furniture,Bed
bedMessyNoFrameArmyGreen,Furniture,Bed
bedMessyNoFrameBlack,Furniture,Bed
bedMessyNoFrameBlue,Furniture,Bed
bedMessyNoFrameBrown,Furniture,Bed
bedMessyNoFrameGreen,Furniture,Bed
bedMessyNoFrameGrey,Furniture,Bed
bedMessyNoFrameOrange,Furniture,Bed
bedMessyNoFramePink,Furniture,Bed
bedMessyNoFramePurple,Furniture,Bed
bedMessyNoFrameRed,Furniture,Bed
bedMessyNoFrameWhite,Furniture,Bed
bedMessyNoFrameYellow,Furniture,Bed
bedroll,Furniture,Bed
bedrollArmyGreen,Furniture,Bed
bedrollBlue,Furniture,Bed
bedrollGreen,Furniture,Bed
bedrollGrey,Furniture,Bed
bedrollOrange,Furniture,Bed
bedrollPink,Furniture,Bed
bedrollPurple,Furniture,Bed
bedrollRed,Furniture,Bed
bedrollWhite,Furniture,Bed
bedrollYellow,Furniture,Bed
bicycleStatic,Vehicle,Parts
birdBathPlanter,Household,Pet
bladeTrap,Electrical,Defense
bleachersBottomMiddle,Furniture,General
bleachersBottomSupport,Furniture,General
bleachersSupport,Furniture,General
bleachersTopMiddle,Furniture,General
bleachersTopSupport,Furniture,General
bleachersUnderneathMiddle,Furniture,General
bleachersUnderneathSupport,Furniture,General
bloodDecor01,Decoration,Death0
bloodDecor02,Decoration,Death0
bloodDecor05,Decoration,Death0
bloodDecor06,Decoration,Death0
bodyBagBlack,Decoration,Death
bodyBagBlackFlies,Decoration,Death
bodyBagPair,Decoration,Death
bodyBagPairMixed,Decoration,Death
bodyBagPairYellow,Decoration,Death
bodyBagPile,Decoration,Death
bodyBagPileMix,Decoration,Death
bodyBagYellow,Decoration,Death
bodyBagYellowFlies,Decoration,Death
breakerBoxBroken,Electrical,Stuff
breakerBoxClosed,Electrical,Stuff
breakerBoxOpen,Electrical,Stuff
breakerBoxWallClosed,Electrical,Stuff
breakerBoxWallOpen,Electrical,Stuff
bricksStack,Construction,Stack
bunkBedFrame,Furniture,Bed
bunkBedMade,Furniture,Bed
bunkBedMadeArmyGreen,Furniture,Bed
bunkBedMadeBlue,Furniture,Bed
bunkBedMadeBrown,Furniture,Bed
bunkBedMadeGreen,Furniture,Bed
bunkBedMadeGrey,Furniture,Bed
bunkBedMadeOrange,Furniture,Bed
bunkBedMadePink,Furniture,Bed
bunkBedMadePurple,Furniture,Bed
bunkBedMadeRed,Furniture,Bed
bunkBedMadeWhite,Furniture,Bed
bunkBedMadeYellow,Furniture,Bed
bunkBedMattress,Furniture,Bed
bunkBedMessy,Furniture,Bed
bunkBedMessyArmyGreen,Furniture,Bed
bunkBedMessyBlue,Furniture,Bed
bunkBedMessyBrown,Furniture,Bed
bunkBedMessyGreen,Furniture,Bed
bunkBedMessyGrey,Furniture,Bed
bunkBedMessyOrange,Furniture,Bed
bunkBedMessyPink,Furniture,Bed
bunkBedMessyPurple,Furniture,Bed
bunkBedMessyRed,Furniture,Bed
bunkBedMessyWhite,Furniture,Bed
bunkBedMessyYellow,Furniture,Bed
burningBarrel,Light,Placeable
burntSedan01,Vehicle,Sedan
calendar2034,Sign,Misc
campfire,Electrical,Station
candelabraLight,Light,General
candelabraLightSmall,Light,General
candleTableLight,Light,Placeable
candleWallLight,Light,Placeable
capChimney,Household,Misc
capChimneyLarge,Household,Misc
capChimneyLargeSmoke,Household,Misc
cashRegisterConveyorCorner,Store,Register
cashRegisterConveyorMiddle,Store,Register
cashRegisterConveyorStraight,Store,Register
cashRegisterScanner,Store,Register
ceilingFanLight,Light,General
ceilingLight02,Light,General
ceilingLight02Brass_2x2,Light,General
ceilingLight04,Light,General
ceilingLight04_PendantPole,Light,General
ceilingLight04_PendantPoleBase,Light,General
ceilingLight04_PendantShadeBase,Light,General
ceilingLight05,Light,General
ceilingLight05_PendantBase,Light,General
ceilingLight05_PendantPole,Light,General
cementMixer,Electrical,Station
chainlinkFenceBottomPlain,Building,Chainlink
chainlinkFenceBottomPlainCorner,Building,Chainlink
chainlinkFenceBottomPlainPoleLeft,Building,Chainlink
chainlinkFenceBottomPlainPoleRight,Building,Chainlink
chainlinkFenceBottomRail,Building,Chainlink
chainlinkFenceBottomRailPoleCorner,Building,Chainlink
chainlinkFenceBottomRailPoleLeft,Building,Chainlink
chainlinkFenceBottomRailPoleRight,Building,Chainlink
chainlinkFenceMiddleRail,Building,Chainlink
chainlinkFenceMiddleRailPoleCorner,Building,Chainlink
chainlinkFenceMiddleRailPoleLeft,Building,Chainlink
chainlinkFenceMiddleRailPoleRight,Building,Chainlink
chainlinkFencePole,Building,Chainlink
chainlinkFencePole02,Building,Chainlink
chainlinkFencePole03,Building,Chainlink
chainlinkFenceTopPlainCorner,Building,Chainlink
chainlinkFenceTopPlainPoleLeft,Building,Chainlink
chainlinkFenceTopPlainPoleRight,Building,Chainlink
chainlinkFenceTopPlainRail,Building,Chainlink
chainlinkFenceTopRail,Building,Chainlink
chainlinkFenceTopRailBridge,Building,Chainlink
chainlinkFenceTopRailCorner,Building,Chainlink
chainlinkFenceTopRailPoleLeft,Building,Chainlink
chainlinkFenceTopRailPoleRight,Building,Chainlink
chairCampingBlue,Furniture,Camping
chairCampingBrown,Furniture,Camping
chairCampingGreen,Furniture,Camping
chairCampingGrey,Furniture,Camping
chairCampingOrange,Furniture,Camping
chairCampingPink,Furniture,Camping
chairCampingPurple,Furniture,Camping
chairCampingRed,Furniture,Camping
chairCampingWhite,Furniture,Camping
chairCampingYellow,Furniture,Camping
chairFoldingMetalFoldedFallenArmy,Furniture,Folding
chairFoldingMetalFoldedFallenBlack,Furniture,Folding
chairFoldingMetalFoldedFallenBlue,Furniture,Folding
chairFoldingMetalFoldedFallenBrown,Furniture,Folding
chairFoldingMetalFoldedFallenGreen,Furniture,Folding
chairFoldingMetalFoldedFallenGrey,Furniture,Folding
chairFoldingMetalFoldedFallenOrange,Furniture,Folding
chairFoldingMetalFoldedFallenPink,Furniture,Folding
chairFoldingMetalFoldedFallenPurple,Furniture,Folding
chairFoldingMetalFoldedFallenRed,Furniture,Folding
chairFoldingMetalFoldedFallenWhite,Furniture,Folding
chairFoldingMetalFoldedFallenYellow,Furniture,Folding
chairFoldingMetalFoldedLeaningArmy,Furniture,Folding
chairFoldingMetalFoldedLeaningBlack,Furniture,Folding
chairFoldingMetalFoldedLeaningBlue,Furniture,Folding
chairFoldingMetalFoldedLeaningBrown,Furniture,Folding
chairFoldingMetalFoldedLeaningGreen,Furniture,Folding
chairFoldingMetalFoldedLeaningGrey,Furniture,Folding
chairFoldingMetalFoldedLeaningOrange,Furniture,Folding
chairFoldingMetalFoldedLeaningPink,Furniture,Folding
chairFoldingMetalFoldedLeaningPurple,Furniture,Folding
chairFoldingMetalFoldedLeaningRed,Furniture,Folding
chairFoldingMetalFoldedLeaningWhite,Furniture,Folding
chairFoldingMetalFoldedLeaningYellow,Furniture,Folding
chairFoldingMetalUnfoldedArmy,Furniture,Folding
chairFoldingMetalUnfoldedBlack,Furniture,Folding
chairFoldingMetalUnfoldedBlue,Furniture,Folding
chairFoldingMetalUnfoldedBrown,Furniture,Folding
chairFoldingMetalUnfoldedGreen,Furniture,Folding
chairFoldingMetalUnfoldedGrey,Furniture,Folding
chairFoldingMetalUnfoldedOrange,Furniture,Folding
chairFoldingMetalUnfoldedPink,Furniture,Folding
chairFoldingMetalUnfoldedPurple,Furniture,Folding
chairFoldingMetalUnfoldedRed,Furniture,Folding
chairFoldingMetalUnfoldedWhite,Furniture,Folding
chairFoldingMetalUnfoldedYellow,Furniture,Folding
chairWood01,Furniture,Oldchair
chandelierLight,Light,General
chemistryStation,Electrical,Station
churchBell,Church,Bell
churchBellHanging,Church,Bell
churchPewCenterBlue,Church,Center
churchPewCenterBrown,Church,Center
churchPewCenterGreen,Church,Center
churchPewCenterGrey,Church,Center
churchPewCenterOrange,Church,Center
churchPewCenterPurple,Church,Center
churchPewCenterRed,Church,Center
churchPewCenterWhite,Church,Center
churchPewCenterYellow,Church,Center
churchPewLeftBlue,Church,Left
churchPewLeftBrown,Church,Left
churchPewLeftGreen,Church,Left
churchPewLeftGrey,Church,Left
churchPewLeftOrange,Church,Left
churchPewLeftPurple,Church,Left
churchPewLeftRed,Church,Left
churchPewLeftWhite,Church,Left
churchPewLeftYellow,Church,Left
churchPewPile,Church,Pile
churchPewRightBlue,Church,Right
churchPewRightBrown,Church,Right
churchPewRightGreen,Church,Right
churchPewRightGrey,Church,Right
churchPewRightOrange,Church,Right
churchPewRightPurple,Church,Right
churchPewRightRed,Church,Right
churchPewRightWhite,Church,Right
churchPewRightYellow,Church,Right
cinderBlocks01,Decoration,Trash
cinderBlocks02,Decoration,Trash
cinderBlocks03,Decoration,Trash
cntATMSecure,Store,Register
cntAmbulanceTruck01,Vehicle,Emergency
cntAmmoPileLarge,Decoration,Pile-Ammo
cntAmmoPileMedium,Decoration,Pile-Ammo
cntAmmoPileSmall,Decoration,Pile-Ammo
cntApiary,Electrical,Station
cntArmoireDrawerEmptyBlack,Furniture,Armoire
cntArmoireDrawerEmptyBlue,Furniture,Armoire
cntArmoireDrawerEmptyBrown,Furniture,Armoire
cntArmoireDrawerEmptyGreen,Furniture,Armoire
cntArmoireDrawerEmptyGrey,Furniture,Armoire
cntArmoireDrawerEmptyOrange,Furniture,Armoire
cntArmoireDrawerEmptyPink,Furniture,Armoire
cntArmoireDrawerEmptyPurple,Furniture,Armoire
cntArmoireDrawerEmptyRed,Furniture,Armoire
cntArmoireDrawerEmptyWhite,Furniture,Armoire
cntArmoireDrawerEmptyYellow,Furniture,Armoire
cntArmoireDrawerFullBlack,Furniture,Armoire
cntArmoireDrawerFullBlue,Furniture,Armoire
cntArmoireDrawerFullBrown,Furniture,Armoire
cntArmoireDrawerFullGreen,Furniture,Armoire
cntArmoireDrawerFullGrey,Furniture,Armoire
cntArmoireDrawerFullOrange,Furniture,Armoire
cntArmoireDrawerFullPink,Furniture,Armoire
cntArmoireDrawerFullPurple,Furniture,Armoire
cntArmoireDrawerFullRed,Furniture,Armoire
cntArmoireDrawerFullWhite,Furniture,Armoire
cntArmoireDrawerFullYellow,Furniture,Armoire
cntArmoireSideBlack,Furniture,Armoire
cntArmoireSideBlue,Furniture,Armoire
cntArmoireSideBrown,Furniture,Armoire
cntArmoireSideGreen,Furniture,Armoire
cntArmoireSideGrey,Furniture,Armoire
cntArmoireSideOrange,Furniture,Armoire
cntArmoireSidePink,Furniture,Armoire
cntArmoireSidePurple,Furniture,Armoire
cntArmoireSideRed,Furniture,Armoire
cntArmoireSideShortBlack,Furniture,Armoire
cntArmoireSideShortBlue,Furniture,Armoire
cntArmoireSideShortBrown,Furniture,Armoire
cntArmoireSideShortGreen,Furniture,Armoire
cntArmoireSideShortGrey,Furniture,Armoire
cntArmoireSideShortOrange,Furniture,Armoire
cntArmoireSideShortPink,Furniture,Armoire
cntArmoireSideShortPurple,Furniture,Armoire
cntArmoireSideShortRed,Furniture,Armoire
cntArmoireSideShortWhite,Furniture,Armoire
cntArmoireSideShortYellow,Furniture,Armoire
cntArmoireSideWhite,Furniture,Armoire
cntArmoireSideYellow,Furniture,Armoire
cntArmoireTopBackBlack,Furniture,Armoire
cntArmoireTopBackBlue,Furniture,Armoire
cntArmoireTopBackBrown,Furniture,Armoire
cntArmoireTopBackGreen,Furniture,Armoire
cntArmoireTopBackGrey,Furniture,Armoire
cntArmoireTopBackOrange,Furniture,Armoire
cntArmoireTopBackPink,Furniture,Armoire
cntArmoireTopBackPurple,Furniture,Armoire
cntArmoireTopBackRed,Furniture,Armoire
cntArmoireTopBackWhite,Furniture,Armoire
cntArmoireTopBackYellow,Furniture,Armoire
cntArmoireTopBlack,Furniture,Armoire
cntArmoireTopBlue,Furniture,Armoire
cntArmoireTopBrown,Furniture,Armoire
cntArmoireTopGreen,Furniture,Armoire
cntArmoireTopGrey,Furniture,Armoire
cntArmoireTopOrange,Furniture,Armoire
cntArmoireTopPink,Furniture,Armoire
cntArmoireTopPurple,Furniture,Armoire
cntArmoireTopRed,Furniture,Armoire
cntArmoireTopWhite,Furniture,Armoire
cntArmoireTopYellow,Furniture,Armoire
cntArmyTruckClosed,Vehicle,Government
cntArmyTruckOpen,Vehicle,Government
cntBackpack01,Decoration,Bag
cntBackpack03,Decoration,Bag
cntBarrelAcidQuadA,Construction,Barrel
cntBarrelAcidQuadB,Construction,Barrel
cntBarrelAcidSingle00,Construction,Barrel
cntBarrelAcidSingle45,Construction,Barrel
cntBarrelGasOld,Construction,Barrel
cntBarrelGasQuadA,Construction,Barrel
cntBarrelGasQuadB,Construction,Barrel
cntBarrelGasSingle00,Construction,Barrel
cntBarrelGasSingle45,Construction,Barrel
cntBarrelGenericQuadA,Construction,Barrel
cntBarrelGenericQuadB,Construction,Barrel
cntBarrelGenericSingle00,Construction,Barrel
cntBarrelGenericSingle45,Construction,Barrel
cntBarrelOilQuadA,Construction,Barrel
cntBarrelOilQuadB,Construction,Barrel
cntBarrelOilSingle00,Construction,Barrel
cntBarrelOilSingle45,Construction,Barrel
cntBarrelPlasticQuadA,Construction,Barrel
cntBarrelPlasticQuadB,Construction,Barrel
cntBarrelPlasticSingle00,Construction,Barrel
cntBarrelPlasticSingle45,Construction,Barrel
cntBarrelRadiatedQuadA,Construction,Barrel
cntBarrelRadiatedQuadB,Construction,Barrel
cntBarrelRadiatedSingle00,Construction,Barrel
cntBarrelRadiatedSingle45,Construction,Barrel
cntBarrelWhiteQuadA,Construction,Barrel
cntBarrelWhiteQuadB,Construction,Barrel
cntBarrelWhiteSingle00,Construction,Barrel
cntBarrelWhiteSingle45,Construction,Barrel
cntBathTubEmpty,Household,Bathroom
cntBathTubGore,Household,Bathroom
cntBinTrashMetalEmptyWhite,Household,Trash
cntBinTrashMetalFullWhite,Household,Trash
cntBinTrashPlasticEmptyBlack,Household,Trash
cntBinTrashPlasticEmptyBlue,Household,Trash
cntBinTrashPlasticEmptyBrown,Household,Trash
cntBinTrashPlasticEmptyGreen,Household,Trash
cntBinTrashPlasticEmptyGrey,Household,Trash
cntBinTrashPlasticEmptyOrange,Household,Trash
cntBinTrashPlasticEmptyPink,Household,Trash
cntBinTrashPlasticEmptyPurple,Household,Trash
cntBinTrashPlasticEmptyRed,Household,Trash
cntBinTrashPlasticEmptyWhite,Household,Trash
cntBinTrashPlasticEmptyYellow,Household,Trash
cntBinTrashPlasticFullBlack,Household,Trash
cntBinTrashPlasticFullBlue,Household,Trash
cntBinTrashPlasticFullBrown,Household,Trash
cntBinTrashPlasticFullGreen,Household,Trash
cntBinTrashPlasticFullGrey,Household,Trash
cntBinTrashPlasticFullOrange,Household,Trash
cntBinTrashPlasticFullPink,Household,Trash
cntBinTrashPlasticFullPurple,Household,Trash
cntBinTrashPlasticFullRed,Household,Trash
cntBinTrashPlasticFullWhite,Household,Trash
cntBinTrashPlasticFullYellow,Household,Trash
cntBirdnest,Decoration,Terrain
cntBookPile01,Decoration,Books
cntBookPile02,Decoration,Books
cntBookPile03,Decoration,Books
cntBookPile04,Decoration,Books
cntBookPile05,Decoration,Books
cntBookPile06,Decoration,Books
cntBookPile07,Decoration,Books
cntBookPile08,Decoration,Books
cntBookPile09,Decoration,Books
cntBookPile10,Decoration,Books
cntBookPile11,Decoration,Books
cntBookPile12,Decoration,Books
cntBookPile13,Decoration,Books
cntBookPile14,Decoration,Books
cntBookPile15,Decoration,Books
cntBookShelfDoubleBottomEmpty,Decoration,Bookshelves
cntBookShelfDoubleBottomFull01,Decoration,Bookshelves
cntBookShelfDoubleBottomFull02,Decoration,Bookshelves
cntBookShelfDoubleTopEmpty,Decoration,Bookshelves
cntBookShelfDoubleTopFull01,Decoration,Bookshelves
cntBookShelfDoubleTopFull02,Decoration,Bookshelves
cntBookShelfSingleBottomEmpty,Decoration,Bookshelves
cntBookShelfSingleBottomFull01,Decoration,Bookshelves
cntBookShelfSingleBottomFull02,Decoration,Bookshelves
cntBookShelfSingleCapBottomEmpty,Decoration,Bookshelves
cntBookShelfSingleCapBottomFull01,Decoration,Bookshelves
cntBookShelfSingleCapBottomFull02,Decoration,Bookshelves
cntBookShelfSingleCapTopEmpty,Decoration,Bookshelves
cntBookShelfSingleCapTopFull01,Decoration,Bookshelves
cntBookShelfSingleCapTopFull02,Decoration,Bookshelves
cntBookShelfSingleTopEmpty,Decoration,Bookshelves
cntBookShelfSingleTopFull01,Decoration,Bookshelves
cntBookShelfSingleTopFull02,Decoration,Bookshelves
cntBoxTruckBlack,Vehicle,Boxtruck
cntBoxTruckBlue,Vehicle,Boxtruck
cntBoxTruckBrown,Vehicle,Boxtruck
cntBoxTruckGreen,Vehicle,Boxtruck
cntBoxTruckGrey,Vehicle,Boxtruck
cntBoxTruckOrange,Vehicle,Boxtruck
cntBoxTruckPink,Vehicle,Boxtruck
cntBoxTruckPurple,Vehicle,Boxtruck
cntBoxTruckRed,Vehicle,Boxtruck
cntBoxTruckWhite,Vehicle,Boxtruck
cntBoxTruckYellow,Vehicle,Boxtruck
cntBuriedFoodStashChest,Decoration,Loot
cntBuriedLootStashChest,Decoration,Loot
cntBuriedWeaponChest,Decoration,Loot
cntBusCity,Vehicle,Bus
cntBusSchool,Vehicle,Bus
cntBusSchoolShort,Vehicle,Bus
cntBusShuttle,Vehicle,Bus
cntCampingTentAngularArmyGreen,Outdoor,Angular
cntCampingTentAngularBlack,Outdoor,Angular
cntCampingTentAngularBlue,Outdoor,Angular
cntCampingTentAngularDamagedArmyGreen,Outdoor,Angular
cntCampingTentAngularDamagedBlack,Outdoor,Angular
cntCampingTentAngularDamagedBlue,Outdoor,Angular
cntCampingTentAngularDamagedOrange,Outdoor,Angular
cntCampingTentAngularDamagedRed,Outdoor,Angular
cntCampingTentAngularDamagedWhite,Outdoor,Angular
cntCampingTentAngularOrange,Outdoor,Angular
cntCampingTentAngularRainCoverArmyGreen,Outdoor,Angular
cntCampingTentAngularRainCoverBlack,Outdoor,Angular
cntCampingTentAngularRainCoverBlue,Outdoor,Angular
cntCampingTentAngularRainCoverOrange,Outdoor,Angular
cntCampingTentAngularRainCoverRed,Outdoor,Angular
cntCampingTentAngularRainCoverWhite,Outdoor,Angular
cntCampingTentAngularRed,Outdoor,Angular
cntCampingTentAngularWhite,Outdoor,Angular
cntCampingTentDomeArmyGreen,Outdoor,Dome
cntCampingTentDomeBlack,Outdoor,Dome
cntCampingTentDomeBlue,Outdoor,Dome
cntCampingTentDomeDamagedArmyGreen,Outdoor,Dome
cntCampingTentDomeDamagedBlack,Outdoor,Dome
cntCampingTentDomeDamagedBlue,Outdoor,Dome
cntCampingTentDomeDamagedOrange,Outdoor,Dome
cntCampingTentDomeDamagedRed,Outdoor,Dome
cntCampingTentDomeDamagedWhite,Outdoor,Dome
cntCampingTentDomeOrange,Outdoor,Dome
cntCampingTentDomeRainCoverArmyGreen,Outdoor,Dome
cntCampingTentDomeRainCoverBlack,Outdoor,Dome
cntCampingTentDomeRainCoverBlue,Outdoor,Dome
cntCampingTentDomeRainCoverOrange,Outdoor,Dome
cntCampingTentDomeRainCoverRed,Outdoor,Dome
cntCampingTentDomeRainCoverWhite,Outdoor,Dome
cntCampingTentDomeRed,Outdoor,Dome
cntCampingTentDomeWhite,Outdoor,Dome
cntCar03Sedan3WideDamage0v04,Vehicle,Sedan
cntCar03Sedan3WideDamage0v05,Vehicle,Sedan
cntCar03Sedan3WideDamage0v06,Vehicle,Sedan
cntCar03Sedan3WideDamage1v04,Vehicle,Sedan
cntCar03Sedan3WideDamage1v05,Vehicle,Sedan
cntCar03Sedan3WideDamage1v06,Vehicle,Sedan
cntCar03Sedan3WideDamage2v04,Vehicle,Sedan
cntCar03Sedan3WideDamage2v05,Vehicle,Sedan
cntCar03Sedan3WideDamage2v06,Vehicle,Sedan
cntCar03SedanDamage0v01,Vehicle,Sedan
cntCar03SedanDamage0v02,Vehicle,Sedan
cntCar03SedanDamage0v03,Vehicle,Sedan
cntCar03SedanDamage0v05,Vehicle,Sedan
cntCar03SedanDamage0v06,Vehicle,Sedan
cntCar03SedanDamage0v07,Vehicle,Sedan
cntCar03SedanDamage0v08,Vehicle,Police
cntCar03SedanDamage1v01,Vehicle,Sedan
cntCar03SedanDamage1v02,Vehicle,Sedan
cntCar03SedanDamage1v03,Vehicle,Sedan
cntCar03SedanDamage1v05,Vehicle,Sedan
cntCar03SedanDamage1v06,Vehicle,Sedan
cntCar03SedanDamage1v07,Vehicle,Sedan
cntCar03SedanDamage1v08,Vehicle,Police
cntCar03SedanDamage2v01,Vehicle,Sedan
cntCar03SedanDamage2v02,Vehicle,Sedan
cntCar03SedanDamage2v03,Vehicle,Sedan
cntCar03SedanDamage2v05,Vehicle,Sedan
cntCar03SedanDamage2v06,Vehicle,Sedan
cntCar03SedanDamage2v07,Vehicle,Sedan
cntCar03SedanDamage2v08,Vehicle,Police
cntCardboardBox,Decoration,Loot
cntCashRegister,Store,Register
cntCashRegisterEmpty,Store,Register
cntCasketModernClosedAqua,Decoration,Death
cntCasketModernClosedBlue,Decoration,Death
cntCasketModernClosedBrown,Decoration,Death
cntCasketModernClosedGreen,Decoration,Death
cntCasketModernClosedGrey,Decoration,Death
cntCasketModernClosedPurple,Decoration,Death
cntCasketModernClosedRed,Decoration,Death
cntCasketModernClosedTan,Decoration,Death
cntCasketModernClosedWhite,Decoration,Death
cntCasketModernClosedYellow,Decoration,Death
cntCasketModernOpenAqua,Decoration,Death
cntCasketModernOpenBlue,Decoration,Death
cntCasketModernOpenBrown,Decoration,Death
cntCasketModernOpenGreen,Decoration,Death
cntCasketModernOpenGrey,Decoration,Death
cntCasketModernOpenPurple,Decoration,Death
cntCasketModernOpenRed,Decoration,Death
cntCasketModernOpenTan,Decoration,Death
cntCasketModernOpenWhite,Decoration,Death
cntCasketModernOpenYellow,Decoration,Death
cntCharcoalGrillClosed,Kitchen,Grill1
cntCharcoalGrillOpen,Kitchen,Grill1
cntChemPileLarge,Decoration,Pile-Chem
cntChemPileMedium,Decoration,Pile-Chem
cntChemPileSmall,Decoration,Pile-Chem
cntChickenCoop,Electrical,Station
cntClothesPileFloor01,Store,Clothes
cntClothesRackRectangleEmpty,Store,Clothes
cntClothesRackRectangleEmpty2,Store,Clothes
cntClothesRackRectangleEmptyMilitary,Store,Clothes
cntClothesRackRectanglePants,Store,Clothes
cntClothesRackRectanglePantsMilitary,Store,Clothes
cntClothesRackRectangleShirts,Store,Clothes
cntClothesRackRectangleShirtsMilitary,Store,Clothes
cntClothesRackRoundEmpty,Store,Clothes
cntClothesRackRoundEmpty2,Store,Clothes
cntClothesRackRoundEmptyMilitary,Store,Clothes
cntClothesRackRoundPants,Store,Clothes
cntClothesRackRoundPantsMilitary,Store,Clothes
cntClothesRackRoundShirts,Store,Clothes
cntClothesRackRoundShirtsMilitary,Store,Clothes
cntClothesRackWallEmptyHanger,Store,Clothes
cntClothesRackWallFlat,Store,Clothes
cntClothesRackWallLongSleeve,Store,Clothes
cntClothesRackWallLongSleeveMilitary,Store,Clothes
cntClothesRackWallPants,Store,Clothes
cntClothesRackWallPantsMilitary,Store,Clothes
cntClothesRackWallSweater,Store,Clothes
cntClothesRackWallSweaterMilitary,Store,Clothes
cntClothesRackWallTShirts,Store,Clothes
cntClothesRackWallTShirtsMilitary,Store,Clothes
cntClothesShelfHalfEmpty,Store,Clothes
cntClothesShelfHalfJeans01,Store,Clothes
cntClothesShelfHalfJeans02,Store,Clothes
cntClothesShelfHalfShirts01,Store,Clothes
cntClothesShelfHalfShirts02,Store,Clothes
cntClothesShelfHalfSweaters01,Store,Clothes
cntClothesShelfStackEmpty,Store,Clothes
cntClothesShelfStackJeans01,Store,Clothes
cntClothesShelfStackJeans02,Store,Clothes
cntClothesShelfStackShirts01,Store,Clothes
cntClothesShelfStackShirts02,Store,Clothes
cntCoffeeMaker,Kitchen,Counter
cntCoffeeMakerCommercial,Kitchen,Counter
cntCoffinWildWestClosed,Decoration,Death
cntCoffinWildWestCracked,Decoration,Death
cntCoffinWildWestLeaning,Decoration,Death
cntCoffinWildWestLidLeaning,Decoration,Death
cntCoffinWildWestOpen,Decoration,Death
cntCoffinWildWestStack,Decoration,Death
cntCollapsedBatterybank,Electrical,Generator
cntCollapsedCampfire,Electrical,Station
cntCollapsedChemistryStation,Electrical,Station
cntCollapsedDewCollector,Electrical,Station
cntCollapsedGeneratorbank,Electrical,Generator
cntCollapsedSolarbank,Electrical,Generator
cntCollapsedWorkbench,Electrical,Station
cntCollapsedWorkbenchEmpty,Electrical,Station
cntCoolerBlue,Kitchen,Drinks
cntCoolerClosedYellow,Kitchen,Drinks
cntCoolerGreen,Kitchen,Drinks
cntCoolerOpen,Kitchen,Drinks
cntCoolerOpenGreen,Kitchen,Drinks
cntCoolerOpenRed,Kitchen,Drinks
cntCoolerOpenYellow,Kitchen,Drinks
cntCoolerRed,Kitchen,Drinks
cntDeskMetalEmptyArmyGreen,Furniture,Table
cntDeskMetalEmptyBlack,Furniture,Table
cntDeskMetalEmptyBlue,Furniture,Table
cntDeskMetalEmptyBrown,Furniture,Table
cntDeskMetalEmptyGreen,Furniture,Table
cntDeskMetalEmptyGrey,Furniture,Table
cntDeskMetalEmptyOrange,Furniture,Table
cntDeskMetalEmptyPink,Furniture,Table
cntDeskMetalEmptyPurple,Furniture,Table
cntDeskMetalEmptyRed,Furniture,Table
cntDeskMetalEmptyWhite,Furniture,Table
cntDeskMetalEmptyYellow,Furniture,Table
cntDeskMetalFullArmyGreen,Furniture,Table
cntDeskMetalFullBlack,Furniture,Table
cntDeskMetalFullBlue,Furniture,Table
cntDeskMetalFullBrown,Furniture,Table
cntDeskMetalFullGreen,Furniture,Table
cntDeskMetalFullGrey,Furniture,Table
cntDeskMetalFullOrange,Furniture,Table
cntDeskMetalFullPink,Furniture,Table
cntDeskMetalFullPurple,Furniture,Table
cntDeskMetalFullRed,Furniture,Table
cntDeskMetalFullWhite,Furniture,Table
cntDeskMetalFullYellow,Furniture,Table
cntDeskSafe,Decoration,Safe
cntDeskSafeOpen,Decoration,Safe
cntDeskWoodEmpty,Furniture,Table
cntDeskWoodFull,Furniture,Table
cntDewCollector,Electrical,Station
cntDishwasherEmptyBlack,Kitchen,Dishwasher
cntDishwasherEmptyGreen,Kitchen,Dishwasher
cntDishwasherEmptyWhite,Kitchen,Dishwasher
cntDishwasherEmptyYellow,Kitchen,Dishwasher
cntDishwasherFullBlack,Kitchen,Dishwasher
cntDishwasherFullGreen,Kitchen,Dishwasher
cntDishwasherFullWhite,Kitchen,Dishwasher
cntDishwasherFullYellow,Kitchen,Dishwasher
cntDisplayCaseAmmoLeftBroken,Store,Gun
cntDisplayCaseAmmoMiddleBroken01,Store,Gun
cntDisplayCaseAmmoMiddleBroken02,Store,Gun
cntDisplayCaseAmmoRightBroken,Store,Gun
cntDisplayCaseEmptyLeft,Store,Gun
cntDisplayCaseEmptyLeftBroken,Store,Gun
cntDisplayCaseEmptyLeftPristine,Store,Gun
cntDisplayCaseEmptyMiddle,Store,Gun
cntDisplayCaseEmptyMiddleBroken,Store,Gun
cntDisplayCaseEmptyMiddlePristine,Store,Gun
cntDisplayCaseEmptyRight,Store,Gun
cntDisplayCaseEmptyRightBroken,Store,Gun
cntDisplayCaseEmptyRightPristine,Store,Gun
cntDomedTrashCanCornerEmpty,Household,Trash
cntDomedTrashCanCornerFull,Household,Trash
cntDomedTrashCanEmpty,Household,Trash
cntDomedTrashCanFull,Household,Trash
cntDryerClosed,Laundry,Dryer
cntDryerOpen,Laundry,Dryer
cntDuffle01,Decoration,Bag
cntDumpster,Household,Trash
cntDumpsterBlue,Household,Trash
cntDumpsterBrown,Household,Trash
cntDumpsterFlies,Household,Trash
cntDumpsterFliesBlue,Household,Trash
cntDumpsterFliesBrown,Household,Trash
cntDumpsterFliesGrey,Household,Trash
cntDumpsterGrey,Household,Trash
cntFancyGarbageCan,Household,Trash
cntFarmTruckClosed,Vehicle,Farm
cntFarmTruckOpen,Vehicle,Farm
cntFileCabinetShortClosed,Household,General
cntFileCabinetShortClosedBlack,Household,General
cntFileCabinetShortClosedBlue,Household,General
cntFileCabinetShortClosedBrown,Household,General
cntFileCabinetShortClosedGreen,Household,General
cntFileCabinetShortClosedGrey,Household,General
cntFileCabinetShortOpen,Household,General
cntFileCabinetShortOpenBlack,Household,General
cntFileCabinetShortOpenBlue,Household,General
cntFileCabinetShortOpenBrown,Household,General
cntFileCabinetShortOpenGreen,Household,General
cntFileCabinetShortOpenGrey,Household,General
cntFileCabinetTallClosed,Household,General
cntFileCabinetTallClosedBlack,Household,General
cntFileCabinetTallClosedBlue,Household,General
cntFileCabinetTallClosedBrown,Household,General
cntFileCabinetTallClosedGreen,Household,General
cntFileCabinetTallClosedGrey,Household,General
cntFileCabinetTallOpen,Household,General
cntFileCabinetTallOpenBlack,Household,General
cntFileCabinetTallOpenBlue,Household,General
cntFileCabinetTallOpenBrown,Household,General
cntFileCabinetTallOpenGreen,Household,General
cntFileCabinetTallOpenGrey,Household,General
cntFireTruck01Orange,Vehicle,Emergency
cntFireTruck01Red,Vehicle,Emergency
cntFireTruck01White,Vehicle,Emergency
cntFireTruck01Yellow,Vehicle,Emergency
cntFoodPileLarge,Decoration,Pile-Food
cntFoodPileMedium,Decoration,Pile-Food
cntFoodPileSmall,Decoration,Pile-Food
cntFoodPileSmallCorner,Decoration,Pile-Food
cntFootlockerClosedArmyGreen,Household,General
cntFootlockerClosedBlack,Household,General
cntFootlockerClosedBlue,Household,General
cntFootlockerClosedBrown,Household,General
cntFootlockerClosedGreen,Household,General
cntFootlockerClosedGrey,Household,General
cntFootlockerClosedOrange,Household,General
cntFootlockerClosedPink,Household,General
cntFootlockerClosedRed,Household,General
cntFootlockerClosedSuperCorn,Household,General
cntFootlockerClosedWhite,Household,General
cntFootlockerClosedYellow,Household,General
cntFootlockerOpenArmyGreen,Household,General
cntFootlockerOpenBlack,Household,General
cntFootlockerOpenBlue,Household,General
cntFootlockerOpenBrown,Household,General
cntFootlockerOpenGreen,Household,General
cntFootlockerOpenGrey,Household,General
cntFootlockerOpenOrange,Household,General
cntFootlockerOpenPink,Household,General
cntFootlockerOpenRed,Household,General
cntFootlockerOpenSuperCorn,Household,General
cntFootlockerOpenWhite,Household,General
cntFootlockerOpenYellow,Household,General
cntForgeWorkstationBroken,Electrical,Station
cntFreezerBeveragesLeftEmptyClosed,Store,Freezer
cntFreezerBeveragesLeftEmptyClosedBroken,Store,Freezer
cntFreezerBeveragesMiddleEmptyClosed,Store,Freezer
cntFreezerBeveragesMiddleEmptyClosedBroken,Store,Freezer
cntFreezerBeveragesMiddleEmptyOpen,Store,Freezer
cntFreezerBeveragesMiddleEmptyOpenBroken,Store,Freezer
cntFreezerBeveragesMiddleFullClosed,Store,Freezer
cntFreezerBeveragesMiddleFullClosedBroken,Store,Freezer
cntFreezerBeveragesRightEmptyClosed,Store,Freezer
cntFreezerBeveragesRightEmptyClosedBroken,Store,Freezer
cntFreezerBeveragesStandaloneEmptyClosed,Store,Freezer
cntFreezerBeveragesStandaloneEmptyClosedBroken,Store,Freezer
cntFreezerBeveragesStandaloneFullClosed,Store,Freezer
cntFreezerBeveragesStandaloneFullClosedBroken,Store,Freezer
cntFreezerGroceriesLeftEmptyClosed,Store,Freezer
cntFreezerGroceriesLeftEmptyClosedBroken,Store,Freezer
cntFreezerGroceriesMiddleEmptyClosed,Store,Freezer
cntFreezerGroceriesMiddleEmptyClosedBroken,Store,Freezer
cntFreezerGroceriesMiddleEmptyOpen,Store,Freezer
cntFreezerGroceriesMiddleEmptyOpenBroken,Store,Freezer
cntFreezerGroceriesMiddleFullClosed,Store,Freezer
cntFreezerGroceriesMiddleFullClosed2,Store,Freezer
cntFreezerGroceriesMiddleFullClosedBroken,Store,Freezer
cntFreezerGroceriesMiddleFullClosedBroken2,Store,Freezer
cntFreezerGroceriesRightEmptyClosed,Store,Freezer
cntFreezerGroceriesRightEmptyClosedBroken,Store,Freezer
cntFridgeStainless,Kitchen,Fridge
cntFridgeStainlessSteelVer2Open,Kitchen,Fridge
cntFrontCrumpledSedan01Black,Vehicle,Sedan
cntFrontCrumpledSedan01Blue,Vehicle,Sedan
cntFrontCrumpledSedan01Brown,Vehicle,Sedan
cntFrontCrumpledSedan01Green,Vehicle,Sedan
cntFrontCrumpledSedan01Grey,Vehicle,Sedan
cntFrontCrumpledSedan01Orange,Vehicle,Sedan
cntFrontCrumpledSedan01Pink,Vehicle,Sedan
cntFrontCrumpledSedan01Purple,Vehicle,Sedan
cntFrontCrumpledSedan01Red,Vehicle,Sedan
cntFrontCrumpledSedan01White,Vehicle,Sedan
cntFrontCrumpledSedan01Yellow,Vehicle,Sedan
cntGarageStorage,Decoration,Loot
cntGasGrillClosed,Kitchen,Grill2
cntGasGrillOpen,Kitchen,Grill2
cntGasPumpEmpty,Store,Gas
cntGasPumpFull,Store,Gas
cntGunRackLargeGuns01,Store,Rack
cntGunRackLargeGuns02,Store,Rack
cntGunRackLargeGunsEmpty01,Store,Rack
cntGunRackLargeGunsEmpty02,Store,Rack
cntGunRackSmallArmor,Store,Rack
cntGunRackSmallEmpty01,Store,Rack
cntGunRackSmallEmpty02,Store,Rack
cntGunRackSmallEmpty03,Store,Rack
cntGunRackSmallMagazines,Store,Rack
cntGunSafe,Decoration,Safe
cntGunSafeArmyGreen,Decoration,Safe
cntGunSafeBlue,Decoration,Safe
cntGunSafeBrown,Decoration,Safe
cntGunSafeGreen,Decoration,Safe
cntGunSafeGrey,Decoration,Safe
cntGunSafeOpen,Decoration,Safe
cntGunSafeOpenArmyGreen,Decoration,Safe
cntGunSafeOpenBlue,Decoration,Safe
cntGunSafeOpenBrown,Decoration,Safe
cntGunSafeOpenGreen,Decoration,Safe
cntGunSafeOpenGrey,Decoration,Safe
cntGunSafeOpenOrange,Decoration,Safe
cntGunSafeOpenPink,Decoration,Safe
cntGunSafeOpenPurple,Decoration,Safe
cntGunSafeOpenRed,Decoration,Safe
cntGunSafeOpenWhite,Decoration,Safe
cntGunSafeOpenYellow,Decoration,Safe
cntGunSafeOrange,Decoration,Safe
cntGunSafePink,Decoration,Safe
cntGunSafePurple,Decoration,Safe
cntGunSafeRed,Decoration,Safe
cntGunSafeWhite,Decoration,Safe
cntGunSafeYellow,Decoration,Safe
cntHardenedChestSecure,Decoration,Loot
cntHardenedChestSecureT5,Decoration,Loot
cntIceMachine,Store,Gas
cntIntroBuriedFoodChest,Decoration,Loot
cntJanitorCartEmpty,Construction,General
cntJanitorCartFull,Construction,General
cntLiquorPileLarge,Decoration,Pile-Liqour
cntLiquorPileMedium,Decoration,Pile-Liqour
cntLiquorPileSmall,Decoration,Pile-Liqour
cntLockersShortClosed,Decoration,Zlockers
cntLockersShortClosedBlue,Decoration,Zlockers
cntLockersShortClosedGrey,Decoration,Zlockers
cntLockersShortClosedRed,Decoration,Zlockers
cntLockersShortClosedWhite,Decoration,Zlockers
cntLockersShortClosedYellow,Decoration,Zlockers
cntLockersShortOpen,Decoration,Zlockers
cntLockersShortOpenBlue,Decoration,Zlockers
cntLockersShortOpenGrey,Decoration,Zlockers
cntLockersShortOpenRed,Decoration,Zlockers
cntLockersShortOpenWhite,Decoration,Zlockers
cntLockersShortOpenYellow,Decoration,Zlockers
cntLockersTallClosed,Decoration,Zlockers
cntLockersTallClosedBlue,Decoration,Zlockers
cntLockersTallClosedGrey,Decoration,Zlockers
cntLockersTallClosedRed,Decoration,Zlockers
cntLockersTallClosedWhite,Decoration,Zlockers
cntLockersTallClosedYellow,Decoration,Zlockers
cntLockersTallDoubleClosed,Decoration,Zlockers
cntLockersTallDoubleClosedBlue,Decoration,Zlockers
cntLockersTallDoubleClosedGrey,Decoration,Zlockers
cntLockersTallDoubleClosedRed,Decoration,Zlockers
cntLockersTallDoubleClosedWhite,Decoration,Zlockers
cntLockersTallDoubleClosedYellow,Decoration,Zlockers
cntLockersTallDoubleOpen,Decoration,Zlockers
cntLockersTallDoubleOpenBlue,Decoration,Zlockers
cntLockersTallDoubleOpenGrey,Decoration,Zlockers
cntLockersTallDoubleOpenRed,Decoration,Zlockers
cntLockersTallDoubleOpenWhite,Decoration,Zlockers
cntLockersTallDoubleOpenYellow,Decoration,Zlockers
cntLockersTallMixClosed,Decoration,Zlockers
cntLockersTallMixClosedBlue,Decoration,Zlockers
cntLockersTallMixClosedGrey,Decoration,Zlockers
cntLockersTallMixClosedRed,Decoration,Zlockers
cntLockersTallMixClosedWhite,Decoration,Zlockers
cntLockersTallMixClosedYellow,Decoration,Zlockers
cntLockersTallMixLinkClosed,Decoration,Zlockers
cntLockersTallMixLinkClosedBlue,Decoration,Zlockers
cntLockersTallMixLinkClosedGrey,Decoration,Zlockers
cntLockersTallMixLinkClosedRed,Decoration,Zlockers
cntLockersTallMixLinkClosedWhite,Decoration,Zlockers
cntLockersTallMixLinkClosedYellow,Decoration,Zlockers
cntLockersTallMixLinkOpen,Decoration,Zlockers
cntLockersTallMixLinkOpenBlue,Decoration,Zlockers
cntLockersTallMixLinkOpenGrey,Decoration,Zlockers
cntLockersTallMixLinkOpenRed,Decoration,Zlockers
cntLockersTallMixLinkOpenWhite,Decoration,Zlockers
cntLockersTallMixLinkOpenYellow,Decoration,Zlockers
cntLockersTallMixOpen,Decoration,Zlockers
cntLockersTallMixOpenBlue,Decoration,Zlockers
cntLockersTallMixOpenGrey,Decoration,Zlockers
cntLockersTallMixOpenRed,Decoration,Zlockers
cntLockersTallMixOpenWhite,Decoration,Zlockers
cntLockersTallMixOpenYellow,Decoration,Zlockers
cntLockersTallOpen,Decoration,Zlockers
cntLockersTallOpenBlue,Decoration,Zlockers
cntLockersTallOpenGrey,Decoration,Zlockers
cntLockersTallOpenRed,Decoration,Zlockers
cntLockersTallOpenWhite,Decoration,Zlockers
cntLockersTallOpenYellow,Decoration,Zlockers
cntLootChestHero,Decoration,Loot
cntLootCrateShamway,Decoration,Loot
cntLuggageBigClosed,Decoration,Luggage
cntLuggageBigOpen,Decoration,Luggage
cntLuggageMediumOpen,Decoration,Luggage
cntLuggagePileAClosed,Decoration,Luggage
cntLuggagePileAOpen,Decoration,Luggage
cntLuggagePileBClosed,Decoration,Luggage
cntLuggagePileBOpen,Decoration,Luggage
cntMailBox01Black,Mailbox,Closed
cntMailBox01Blue,Mailbox,Closed
cntMailBox01Brown,Mailbox,Closed
cntMailBox01Green,Mailbox,Closed
cntMailBox01Grey,Mailbox,Closed
cntMailBox01OpenBlack,Mailbox,Open
cntMailBox01OpenBlue,Mailbox,Open
cntMailBox01OpenBrown,Mailbox,Open
cntMailBox01OpenGreen,Mailbox,Open
cntMailBox01OpenGrey,Mailbox,Open
cntMailBox01OpenOrange,Mailbox,Open
cntMailBox01OpenPink,Mailbox,Open
cntMailBox01OpenPurple,Mailbox,Open
cntMailBox01OpenRed,Mailbox,Open
cntMailBox01OpenWhite,Mailbox,Open
cntMailBox01OpenYellow,Mailbox,Open
cntMailBox01Orange,Mailbox,Closed
cntMailBox01Pink,Mailbox,Closed
cntMailBox01Purple,Mailbox,Closed
cntMailBox01Red,Mailbox,Closed
cntMailBox01White,Mailbox,Closed
cntMailBox01Yellow,Mailbox,Closed
cntMailBox02Black,Mailbox,Closed
cntMailBox02Blue,Mailbox,Closed
cntMailBox02Brown,Mailbox,Closed
cntMailBox02Green,Mailbox,Closed
cntMailBox02Grey,Mailbox,Closed
cntMailBox02OpenBlack,Mailbox,Open
cntMailBox02OpenBlue,Mailbox,Open
cntMailBox02OpenBrown,Mailbox,Open
cntMailBox02OpenGreen,Mailbox,Open
cntMailBox02OpenGrey,Mailbox,Open
cntMailBox02OpenOrange,Mailbox,Open
cntMailBox02OpenPink,Mailbox,Open
cntMailBox02OpenPurple,Mailbox,Open
cntMailBox02OpenRed,Mailbox,Open
cntMailBox02OpenWhite,Mailbox,Open
cntMailBox02OpenYellow,Mailbox,Open
cntMailBox02Orange,Mailbox,Closed
cntMailBox02Pink,Mailbox,Closed
cntMailBox02Purple,Mailbox,Closed
cntMailBox02Red,Mailbox,Closed
cntMailBox02White,Mailbox,Closed
cntMailBox02Yellow,Mailbox,Closed
cntMailBox03Black,Mailbox,Closed
cntMailBox03Blue,Mailbox,Closed
cntMailBox03Brown,Mailbox,Closed
cntMailBox03Green,Mailbox,Closed
cntMailBox03Grey,Mailbox,Closed
cntMailBox03OpenBlack,Mailbox,Open
cntMailBox03OpenBlue,Mailbox,Open
cntMailBox03OpenBrown,Mailbox,Open
cntMailBox03OpenGreen,Mailbox,Open
cntMailBox03OpenGrey,Mailbox,Open
cntMailBox03OpenOrange,Mailbox,Open
cntMailBox03OpenPink,Mailbox,Open
cntMailBox03OpenPurple,Mailbox,Open
cntMailBox03OpenRed,Mailbox,Open
cntMailBox03OpenWhite,Mailbox,Open
cntMailBox03OpenYellow,Mailbox,Open
cntMailBox03Orange,Mailbox,Closed
cntMailBox03Pink,Mailbox,Closed
cntMailBox03Purple,Mailbox,Closed
cntMailBox03Red,Mailbox,Closed
cntMailBox03White,Mailbox,Closed
cntMailBox03Yellow,Mailbox,Closed
cntMedicLootPileA,Decoration,Pile-Medicine
cntMedicLootPileACorner,Decoration,Pile-Medicine
cntMedicLootPileB,Decoration,Pile-Medicine
cntMedicineCabinetClosed,Bathroom,Sink
cntMedicineCabinetFaucetClosed,Bathroom,Sink
cntMedicineCabinetFaucetOpen,Bathroom,Sink
cntMedicineCabinetOpen,Bathroom,Sink
cntMicrowaveOvenVer1Closed,Kitchen,Microwave
cntMicrowaveOvenVer1Open,Kitchen,Microwave
cntMicrowaveOvenVer2Closed,Kitchen,Microwave
cntMicrowaveOvenVer2Open,Kitchen,Microwave
cntMilitaryGoodsA,Store,Gun
cntMilitaryGoodsB,Store,Gun
cntMilitaryGoodsC,Store,Gun
cntMilitaryGoodsD,Store,Gun
cntMilitaryMetalShelvesEmpty,Store,Gun
cntMilitaryMetalShelvesFull,Store,Gun
cntMiniBeverageCooler,Kitchen,Cooler
cntMiniBeverageCoolerEmpty,Kitchen,Cooler
cntMiniBeverageCoolerUnderCounter,Kitchen,Cooler
cntMiniBeverageCoolerUnderCounterEmpty,Kitchen,Cooler
cntMinivan01Black,Vehicle,Minivan
cntMinivan01Blue,Vehicle,Minivan
cntMinivan01Brown,Vehicle,Minivan
cntMinivan01Green,Vehicle,Minivan
cntMinivan01Grey,Vehicle,Minivan
cntMinivan01Orange,Vehicle,Minivan
cntMinivan01Pink,Vehicle,Minivan
cntMinivan01Purple,Vehicle,Minivan
cntMinivan01Red,Vehicle,Minivan
cntMinivan01White,Vehicle,Minivan
cntMinivan01Yellow,Vehicle,Minivan
cntModularClosetClosed,Household,General
cntModularClosetClosedBlue,Household,General
cntModularClosetClosedBrown,Household,General
cntModularClosetClosedGreen,Household,General
cntModularClosetEnd,Household,General
cntModularClosetOpen,Household,General
cntMorticianDrawerEmpty,Decoration,General
cntMorticianDrawerFull,Decoration,General
cntMunitionsBoxArmy,Decoration,Loot
cntMunitionsBoxBlue,Decoration,Loot
cntMunitionsBoxGreen,Decoration,Loot
cntMunitionsBoxOrange,Decoration,Loot
cntMunitionsBoxRed,Decoration,Loot
cntNewsDispenseFreeGreen,Outdoor,News
cntNewsDispenseFreeOrange,Outdoor,News
cntNewspaperDispenserStandBlue,Outdoor,News
cntNewspaperDispenserStandYellow,Outdoor,News
cntNightstandClosed,Furniture,Armoire
cntNightstandOpen,Furniture,Armoire
cntNightstandWallClosed,Furniture,Armoire
cntNightstandWallOpen,Furniture,Armoire
cntOldWestChestClosed,Decoration,Loot
cntOldWestChestOpen,Decoration,Loot
cntPickupTruck01Blue,Vehicle,Pickup
cntPickupTruck01Brown,Vehicle,Pickup
cntPickupTruck01Green,Vehicle,Pickup
cntPickupTruck01Grey,Vehicle,Pickup
cntPickupTruck01Orange,Vehicle,Pickup
cntPickupTruck01Pink,Vehicle,Pickup
cntPickupTruck01Purple,Vehicle,Pickup
cntPickupTruck01Red,Vehicle,Pickup
cntPickupTruck01White,Vehicle,Pickup
cntPickupTruck01Yellow,Vehicle,Pickup
cntPillCaseClosed,Decoration,Pile-Medicine
cntPillCaseEmpty,Decoration,Pile-Medicine
cntPoliceCar01,Vehicle,Emergency
cntPoliceCar01AlarmLocked,Vehicle,Emergency
cntPostMailbox,Mailbox,Post
cntPurse01,Decoration,Bag
cntRetroFridgeVer1Closed,Kitchen,Fridge
cntRetroFridgeVer2Open,Kitchen,Fridge
cntRollingToolBoxClosedBlue,Construction,toolboxRolling
cntRollingToolBoxClosedGreen,Construction,toolboxRolling
cntRollingToolBoxClosedGrey,Construction,toolboxRolling
cntRollingToolBoxClosedRed,Construction,toolboxRolling
cntRollingToolBoxClosedWhite,Construction,toolboxRolling
cntRollingToolBoxClosedYellow,Construction,toolboxRolling
cntRollingToolBoxOpenBlue,Construction,toolboxRolling
cntRollingToolBoxOpenGreen,Construction,toolboxRolling
cntRollingToolBoxOpenGrey,Construction,toolboxRolling
cntRollingToolBoxOpenRed,Construction,toolboxRolling
cntRollingToolBoxOpenWhite,Construction,toolboxRolling
cntRollingToolBoxOpenYellow,Construction,toolboxRolling
cntSUV01Blue,Vehicle,Suv
cntSUV01Brown,Vehicle,Suv
cntSUV01Green,Vehicle,Suv
cntSUV01Grey,Vehicle,Suv
cntSUV01Orange,Vehicle,Suv
cntSUV01Pink,Vehicle,Suv
cntSUV01Purple,Vehicle,Suv
cntSUV01Red,Vehicle,Suv
cntSUV01White,Vehicle,Suv
cntSUV01Yellow,Vehicle,Suv
cntSedan01Black,Vehicle,Sedan
cntSedan01Blue,Vehicle,Sedan
cntSedan01Brown,Vehicle,Sedan
cntSedan01Green,Vehicle,Sedan
cntSedan01Grey,Vehicle,Sedan
cntSedan01Orange,Vehicle,Sedan
cntSedan01Pink,Vehicle,Sedan
cntSedan01Purple,Vehicle,Sedan
cntSedan01Red,Vehicle,Sedan
cntSedan01White,Vehicle,Sedan
cntSedan01Yellow,Vehicle,Sedan
cntSemiTruck01Blue,Vehicle,Semi-Truck
cntSemiTruck01Brown,Vehicle,Semi-Truck
cntSemiTruck01Green,Vehicle,Semi-Truck
cntSemiTruck01ModularFrontBlue,Vehicle,Semi-Truck
cntSemiTruck01ModularFrontBrown,Vehicle,Semi-Truck
cntSemiTruck01ModularFrontGreen,Vehicle,Semi-Truck
cntSemiTruck01ModularFrontOrange,Vehicle,Semi-Truck
cntSemiTruck01ModularFrontPink,Vehicle,Semi-Truck
cntSemiTruck01ModularFrontPurple,Vehicle,Semi-Truck
cntSemiTruck01ModularFrontRed,Vehicle,Semi-Truck
cntSemiTruck01ModularFrontWhite,Vehicle,Semi-Truck
cntSemiTruck01ModularFrontYellow,Vehicle,Semi-Truck
cntSemiTruck01ModularRearEndFlatbedStraight,Vehicle,Semi-Truck
cntSemiTruck01ModularRearEndOnly,Vehicle,Semi-Truck
cntSemiTruck01Orange,Vehicle,Semi-Truck
cntSemiTruck01Pink,Vehicle,Semi-Truck
cntSemiTruck01Purple,Vehicle,Semi-Truck
cntSemiTruck01Red,Vehicle,Semi-Truck
cntSemiTruck01White,Vehicle,Semi-Truck
cntSemiTruck01Yellow,Vehicle,Semi-Truck
cntServiceTruckBlack,Vehicle,Service
cntServiceTruckBlue,Vehicle,Service
cntServiceTruckBrown,Vehicle,Service
cntServiceTruckGreen,Vehicle,Service
cntServiceTruckGrey,Vehicle,Service
cntServiceTruckMoPower,Vehicle,Service
cntServiceTruckOrange,Vehicle,Service
cntServiceTruckPink,Vehicle,Service
cntServiceTruckPurple,Vehicle,Service
cntServiceTruckRed,Vehicle,Service
cntServiceTruckWhite,Vehicle,Service
cntServiceTruckWorkingStiffTools,Vehicle,Service
cntServiceTruckYellow,Vehicle,Service
cntShelvesFreeStandingEmpty,Store,Shelves
cntShelvesFreeStandingFullA,Store,Shelves
cntShelvesMetalEmpty,Store,Shelves
cntShelvesMetalFullA,Store,Shelves
cntShelvesWoodEmpty,Store,Shelves
cntShelvesWoodFullA,Store,Shelves
cntShippingCrateBookstore,Decoration,Loot
cntShippingCrateCarParts,Decoration,Loot
cntShippingCrateHero,Decoration,Loot
cntShippingCrateLabEquipment,Decoration,Loot
cntShippingCrateMoPowerElectronics,Decoration,Loot
cntShippingCrateSavageCountry,Decoration,Loot
cntShippingCrateShamway,Decoration,Loot
cntShippingCrateShotgunMessiah,Decoration,Loot
cntShippingCrateWorkingStiffs,Decoration,Loot
cntShoesPileBusinessShoes,Store,Clothes
cntShoesPileCommercial01,Store,Clothes
cntShoesPileCommercial02,Store,Clothes
cntShoesPileLeatherBoots,Store,Clothes
cntShoesPileSandals,Store,Clothes
cntShoesPileSneakers,Store,Clothes
cntShoesPileWomensHeels,Store,Clothes
cntShoppingBasketBlue,Store,Shopping
cntShoppingBasketEmptyBlue,Store,Shopping
cntShoppingBasketEmptyGreen,Store,Shopping
cntShoppingBasketEmptyOrange,Store,Shopping
cntShoppingBasketEmptyRed,Store,Shopping
cntShoppingBasketEmptyTeal,Store,Shopping
cntShoppingBasketEmptyWhite,Store,Shopping
cntShoppingBasketEmptyYellow,Store,Shopping
cntShoppingBasketGreen,Store,Shopping
cntShoppingBasketOrange,Store,Shopping
cntShoppingBasketRed,Store,Shopping
cntShoppingBasketTeal,Store,Shopping
cntShoppingBasketWhite,Store,Shopping
cntShoppingBasketYellow,Store,Shopping
cntShoppingCartBlue,Store,Shopping
cntShoppingCartEmptyBlue,Store,Shopping
cntShoppingCartEmptyGreen,Store,Shopping
cntShoppingCartEmptyGrey,Store,Shopping
cntShoppingCartEmptyOrange,Store,Shopping
cntShoppingCartEmptyRed,Store,Shopping
cntShoppingCartEmptyWhite,Store,Shopping
cntShoppingCartEmptyYellow,Store,Shopping
cntShoppingCartGreen,Store,Shopping
cntShoppingCartGrey,Store,Shopping
cntShoppingCartOrange,Store,Shopping
cntShoppingCartRed,Store,Shopping
cntShoppingCartTippedBlue,Store,Shopping
cntShoppingCartTippedGreen,Store,Shopping
cntShoppingCartTippedGrey,Store,Shopping
cntShoppingCartTippedOrange,Store,Shopping
cntShoppingCartTippedRed,Store,Shopping
cntShoppingCartTippedWhite,Store,Shopping
cntShoppingCartTippedYellow,Store,Shopping
cntShoppingCartWhite,Store,Shopping
cntShoppingCartYellow,Store,Shopping
cntSodaFountain,Kitchen,Counter
cntSportsBag01,Decoration,bagSports
cntSportsBag01Blue,Decoration,bagSports
cntSportsBag01Green,Decoration,bagSports
cntSportsBag01Orange,Decoration,bagSports
cntSportsBag01Pink,Decoration,bagSports
cntSportsBag01Purple,Decoration,bagSports
cntSportsBag01Red,Decoration,bagSports
cntSportsBag01Yellow,Decoration,bagSports
cntSportsBag02,Decoration,bagSports
cntSportsBag02Blue,Decoration,bagSports
cntSportsBag02Brown,Decoration,bagSports
cntSportsBag02Green,Decoration,bagSports
cntSportsBag02Orange,Decoration,bagSports
cntSportsBag02Pink,Decoration,bagSports
cntSportsBag02Purple,Decoration,bagSports
cntSportsBag02Red,Decoration,bagSports
cntSportsBag02Yellow,Decoration,bagSports
cntStoreElectronicsBookShelfSpeaker,Entertainment,Sound
cntStoreElectronicsPalletTvFallen,Store,Electronic
cntStoreElectronicsPalletTvStanding,Store,Electronic
cntStoreProduceBasketApples1,Store,Grocery
cntStoreProduceBasketApples2,Store,Grocery
cntStoreProduceBasketCornerEmpty1,Store,Grocery
cntStoreProduceBasketCornerEmpty2,Store,Grocery
cntStoreProduceBasketEmpty1,Store,Grocery
cntStoreProduceBasketEmpty2,Store,Grocery
cntStoreProduceBasketGourds1,Store,Grocery
cntStoreProduceBasketGourds2,Store,Grocery
cntStoreProduceBasketLettuce1,Store,Grocery
cntStoreProduceBasketLettuce2,Store,Grocery
cntStoreProduceBasketMelons1,Store,Grocery
cntStoreProduceBasketMelons2,Store,Grocery
cntStoreShelfDoubleBottomEmpty,Store,Bottom
cntStoreShelfDoubleBottomFood01,Store,Bottom
cntStoreShelfDoubleBottomFood02,Store,Bottom
cntStoreShelfDoubleBottomHardware01,Store,Bottom
cntStoreShelfDoubleBottomHardware02,Store,Bottom
cntStoreShelfDoubleBottomHardware03Rags,Store,Bottom
cntStoreShelfDoubleBottomPharmaEmpty,Store,Bottom
cntStoreShelfDoubleBottomPharmaGoods01,Store,Bottom
cntStoreShelfDoubleBottomPharmaGoods02,Store,Bottom
cntStoreShelfDoubleBottomShoesEmpty,Store,Bottom
cntStoreShelfDoubleBottomShoesFull,Store,Bottom
cntStoreShelfDoubleBottomTrash01,Store,Bottom
cntStoreShelfDoubleBottomTrash02,Store,Bottom
cntStoreShelfDoubleTopEmpty,Store,Top
cntStoreShelfDoubleTopFood01,Store,Top
cntStoreShelfDoubleTopHardware01,Store,Top
cntStoreShelfDoubleTopHardware02Rags,Store,Top
cntStoreShelfDoubleTopShoesEmpty,Store,Top
cntStoreShelfDoubleTopShoesFull,Store,Top
cntStoreShelfDoubleTopTrash01,Store,Top
cntStoreShelfElectronicsDoubleBottomEmpty,Store,Electronic
cntStoreShelfElectronicsDoubleBottomGoods01,Store,Electronic
cntStoreShelfElectronicsDoubleBottomGoods01Screensaver1,Store,Electronic
cntStoreShelfElectronicsDoubleBottomGoods01Screensaver2,Store,Electronic
cntStoreShelfElectronicsDoubleBottomGoods02,Store,Electronic
cntStoreShelfElectronicsDoubleBottomGoods02Screensaver1,Store,Electronic
cntStoreShelfElectronicsDoubleBottomGoods02Screensaver2,Store,Electronic
cntStoreShelfElectronicsDoubleBottomGoods03,Store,Electronic
cntStoreShelfElectronicsDoubleBottomGoods04,Store,Electronic
cntStoreShelfElectronicsDoubleTopEmpty,Store,Electronic
cntStoreShelfElectronicsSingleBottomElectronicsMonitor,Store,Electronic
cntStoreShelfElectronicsSingleBottomElectronicsMonitorScreensaver1,Store,Electronic
cntStoreShelfElectronicsSingleBottomElectronicsMonitorScreensaver2,Store,Electronic
cntStoreShelfElectronicsSingleBottomEmpty,Store,Electronic
cntStoreShelfElectronicsSingleBottomGoodsMisc,Store,Electronic
cntStoreShelfElectronicsSingleBottomHeadphones,Store,Electronic
cntStoreShelfElectronicsSingleBottomKeyboard,Store,Electronic
cntStoreShelfElectronicsSingleBottomLaptopClosed,Store,Electronic
cntStoreShelfElectronicsSingleBottomLaptopOpen,Store,Electronic
cntStoreShelfElectronicsSingleBottomLaptopOpenScreensaver1,Store,Electronic
cntStoreShelfElectronicsSingleBottomLaptopOpenScreensaver2,Store,Electronic
cntStoreShelfElectronicsSingleBottomPC,Store,Electronic
cntStoreShelfElectronicsSingleBottomSpeaker,Store,Electronic
cntStoreShelfElectronicsSingleTopEmpty,Store,Electronic
cntStoreShelfSingleBottomEmpty,Store,Bottom
cntStoreShelfSingleBottomFood01,Store,Bottom
cntStoreShelfSingleBottomFood02,Store,Bottom
cntStoreShelfSingleBottomHardware01,Store,Bottom
cntStoreShelfSingleBottomHardware02,Store,Bottom
cntStoreShelfSingleBottomPharmaEmpty,Store,Bottom
cntStoreShelfSingleBottomPharmaGoods01,Store,Bottom
cntStoreShelfSingleBottomPharmaGoods02,Store,Bottom
cntStoreShelfSingleBottomShoesEmpty,Store,Bottom
cntStoreShelfSingleBottomShoesFull,Store,Bottom
cntStoreShelfSingleBottomTrash01,Store,Bottom
cntStoreShelfSingleBottomTrash02,Store,Bottom
cntStoreShelfSingleTopEmpty,Store,Top
cntStoreShelfSingleTopFood01,Store,Top
cntStoreShelfSingleTopHardware01,Store,Top
cntStoreShelfSingleTopHardware02,Store,Top
cntStoreShelfSingleTopShoesEmpty,Store,Top
cntStoreShelfSingleTopShoesFull,Store,Top
cntStoreShelfSingleTopTrash01,Store,Top
cntStoreShelfSingleTopTrash02,Store,Top
cntStoveModernVer1Closed,Kitchen,Stove
cntStoveModernVer2Open,Kitchen,Stove
cntStoveOldVer1Closed,Kitchen,Stove
cntStoveOldVer2Open,Kitchen,Stove
cntSuitcase,Decoration,Luggage
cntTiltTruckEmpty,Construction,General
cntTiltTruckFull,Construction,General
cntTiltTruckFullFlies,Construction,General
cntToaster,Kitchen,Counter
cntToilet01,Bathroom,Toilets
cntToilet02,Bathroom,Toilets
cntToilet03,Bathroom,Toilets
cntToolBoxClosedBlue,Construction,Toolbox
cntToolBoxClosedGreen,Construction,Toolbox
cntToolBoxClosedGrey,Construction,Toolbox
cntToolBoxClosedRed,Construction,Toolbox
cntToolBoxClosedWhite,Construction,Toolbox
cntToolBoxClosedYellow,Construction,Toolbox
cntToolBoxOpenBlue,Construction,Toolbox
cntToolBoxOpenGreen,Construction,Toolbox
cntToolBoxOpenGrey,Construction,Toolbox
cntToolBoxOpenRed,Construction,Toolbox
cntToolBoxOpenWhite,Construction,Toolbox
cntToolBoxOpenYellow,Construction,Toolbox
cntTrashBinCommercialBlack,Household,Trash
cntTrashBinCommercialBlue,Household,Trash
cntTrashBinCommercialBrown,Household,Trash
cntTrashBinCommercialGreen,Household,Trash
cntTrashBinCommercialGrey,Household,Trash
cntTrashBinCommercialOrange,Household,Trash
cntTrashBinCommercialPurple,Household,Trash
cntTrashBinCommercialRed,Household,Trash
cntTrashBinCommercialWhite,Household,Trash
cntTrashBinCommercialYellow,Household,Trash
cntTrashPile01,Decoration,Trash
cntTrashPile02,Decoration,Trash
cntTrashPile03,Decoration,Trash
cntTrashPile04,Decoration,Trash
cntTrashPile05,Decoration,Trash
cntTrashPile06,Decoration,Trash
cntTrashPile07,Decoration,Trash
cntTrashPile08,Decoration,Trash
cntTrashPile09,Decoration,Trash
cntTrashPile10,Decoration,Trash
cntTrashPile11,Decoration,Trash
cntTroughPigEmpty,Household,Pet
cntTroughPigFull,Household,Pet
cntUtilityCartEmpty,Construction,General
cntUtilityCartEmptyBlack,Construction,General
cntUtilityCartEmptyBlue,Construction,General
cntUtilityCartEmptyBrown,Construction,General
cntUtilityCartEmptyGreen,Construction,General
cntUtilityCartEmptyGrey,Construction,General
cntUtilityCartEmptyRed,Construction,General
cntUtilityCartEmptyYellow,Construction,General
cntUtilityCartFull,Construction,General
cntUtilityCartFullBlack,Construction,General
cntUtilityCartFullBlue,Construction,General
cntUtilityCartFullBrown,Construction,General
cntUtilityCartFullGreen,Construction,General
cntUtilityCartFullGrey,Construction,General
cntUtilityCartFullRed,Construction,General
cntUtilityCartFullYellow,Construction,General
cntVendingMachine,Store,Gas
cntVendingMachine2,Store,Gas
cntVendingMachine2Broken,Store,Gas
cntVendingMachineEnergy,Store,Gas
cntVendingMachineEnergyBroken,Store,Gas
cntVendingMachineSnacksEmpty,Store,Gas
cntVendingMachineSnacksEmptyBroken,Store,Gas
cntVendingMachineSnacksFull,Store,Gas
cntVendingMachineSnacksFullBroken,Store,Gas
cntVendingMachineWater,Store,Gas
cntVendingMachineWaterBroken,Store,Gas
cntWallSafe,Decoration,Safe
cntWallSafeOpen,Decoration,Safe
cntWasherClosed,Laundry,Washer
cntWasherIndustrialClosed,Laundry,Washer
cntWasherIndustrialOpen,Laundry,Washer
cntWasherIndustrialTipped,Laundry,Washer
cntWasherOpen,Laundry,Washer
cntWaterCoolerBottle,Kitchen,Drinks
cntWaterCoolerBottleSideCentered,Kitchen,Drinks
cntWaterCoolerFull,Kitchen,Drinks
cntWeaponsBagLarge,Decoration,Pile-weapon
cntWeaponsBagSmall,Decoration,Pile-weapon
cntWoodBurningStove,Kitchen,Stove
cntWoodenChestClosed,Decoration,Loot
cntWoodenChestMilitaryClosed,Decoration,Loot
cntWoodenChestMilitaryOpen,Decoration,Loot
cntWoodenChestOpen,Decoration,Loot
cntWoodenChestRottenClosed,Decoration,Loot
cntWoodenChestRottenOpen,Decoration,Loot
cntbasketLaundryEmptyBlack,Laundry,General
cntbasketLaundryEmptyBlue,Laundry,General
cntbasketLaundryEmptyBrown,Laundry,General
cntbasketLaundryEmptyGreen,Laundry,General
cntbasketLaundryEmptyGrey,Laundry,General
cntbasketLaundryEmptyOrange,Laundry,General
cntbasketLaundryEmptyRed,Laundry,General
cntbasketLaundryEmptyWhite,Laundry,General
cntbasketLaundryEmptyYellow,Laundry,General
cntbasketLaundryFullBlack,Laundry,General
cntbasketLaundryFullBlue,Laundry,General
cntbasketLaundryFullBrown,Laundry,General
cntbasketLaundryFullGreen,Laundry,General
cntbasketLaundryFullGrey,Laundry,General
cntbasketLaundryFullOrange,Laundry,General
cntbasketLaundryFullRed,Laundry,General
cntbasketLaundryFullWhite,Laundry,General
cntbasketLaundryFullYellow,Laundry,General
cntbinTrashRollingBlue,Household,Trash
cntbinTrashRollingBrown,Household,Trash
cntbinTrashRollingGreen,Household,Trash
cntbinTrashRollingGrey,Household,Trash
cntbinTrashRollingOrange,Household,Trash
cntbinTrashRollingRed,Household,Trash
cntbinTrashRollingWhite,Household,Trash
cntbinTrashRollingYellow,Household,Trash
cntgasRangeBlack,Kitchen,Stove
cntgasRangeGrey,Kitchen,Stove
cntgasRangeWhite,Kitchen,Stove
cntshelfSupplyOfficeEmptyBlue,Decoration,Bookshelves
cntshelfSupplyOfficeEmptyBrown,Decoration,Bookshelves
cntshelfSupplyOfficeEmptyGreen,Decoration,Bookshelves
cntshelfSupplyOfficeEmptyGrey,Decoration,Bookshelves
cntshelfSupplyOfficeEmptyOrange,Decoration,Bookshelves
cntshelfSupplyOfficeEmptyPink,Decoration,Bookshelves
cntshelfSupplyOfficeEmptyPurple,Decoration,Bookshelves
cntshelfSupplyOfficeEmptyRed,Decoration,Bookshelves
cntshelfSupplyOfficeEmptyWhite,Decoration,Bookshelves
cntshelfSupplyOfficeEmptyYellow,Decoration,Bookshelves
cntshelfSupplyOfficeFullBlue,Decoration,Bookshelves
cntshelfSupplyOfficeFullBrown,Decoration,Bookshelves
cntshelfSupplyOfficeFullGreen,Decoration,Bookshelves
cntshelfSupplyOfficeFullGrey,Decoration,Bookshelves
cntshelfSupplyOfficeFullOrange,Decoration,Bookshelves
cntshelfSupplyOfficeFullPink,Decoration,Bookshelves
cntshelfSupplyOfficeFullPurple,Decoration,Bookshelves
cntshelfSupplyOfficeFullRed,Decoration,Bookshelves
cntshelfSupplyOfficeFullWhite,Decoration,Bookshelves
cntshelfSupplyOfficeFullYellow,Decoration,Bookshelves
cntwallOvenEmptyBlack,Kitchen,Oven
cntwallOvenEmptyGrey,Kitchen,Oven
cntwallOvenEmptyWhite,Kitchen,Oven
cntwallOvenFullBlack,Kitchen,Oven
cntwallOvenFullGrey,Kitchen,Oven
cntwallOvenFullWhite,Kitchen,Oven
cobweb,Decoration,Terrain
combineStation,Electrical,Station
commercialDistributionBox,Electrical,Stuff
commercialDualMeter,Electrical,Stuff
commercialQuadMeter,Electrical,Stuff
commercialSingleMeter,Electrical,Stuff
commercialSingleMeterDisconnect,Electrical,Stuff
commercialTripleMeter,Electrical,Stuff
concretePlateRound13mCenter01,Building,Sidewalk
concretePlateRound13mCenter02,Building,Sidewalk
concretePlateRound13mLeft01,Building,Sidewalk
concretePlateRound13mLeft02,Building,Sidewalk
concretePlateRound13mLeft03,Building,Sidewalk
concretePlateRound13mLeft04,Building,Sidewalk
concretePlateRound13mLeft05,Building,Sidewalk
concretePlateRound13mLeft06,Building,Sidewalk
concretePlateRound13mLeft07,Building,Sidewalk
concretePlateRound13mLeft08,Building,Sidewalk
concretePlateRound13mLeft09,Building,Sidewalk
concretePlateRound13mLeft10,Building,Sidewalk
concretePlateRound13mLeft11,Building,Sidewalk
concretePlateRound13mLeft12,Building,Sidewalk
concretePlateRound13mLeft13,Building,Sidewalk
concretePlateRound13mLeft14,Building,Sidewalk
concretePlateRound13mLeft15,Building,Sidewalk
concretePlateRound13mLeft16,Building,Sidewalk
concretePlateRound13mLeft17,Building,Sidewalk
concretePlateRound13mLeft18,Building,Sidewalk
concretePlateRound13mLeft19,Building,Sidewalk
concretePlateRound13mLeft20,Building,Sidewalk
concretePlateRound13mLeft21,Building,Sidewalk
concretePlateRound13mRight01,Building,Sidewalk
concretePlateRound13mRight02,Building,Sidewalk
concretePlateRound13mRight03,Building,Sidewalk
concretePlateRound13mRight04,Building,Sidewalk
concretePlateRound13mRight05,Building,Sidewalk
concretePlateRound13mRight06,Building,Sidewalk
concretePlateRound13mRight07,Building,Sidewalk
concretePlateRound13mRight08,Building,Sidewalk
concretePlateRound13mRight09,Building,Sidewalk
concretePlateRound13mRight10,Building,Sidewalk
concretePlateRound13mRight11,Building,Sidewalk
concretePlateRound13mRight12,Building,Sidewalk
concretePlateRound13mRight13,Building,Sidewalk
concretePlateRound13mRight14,Building,Sidewalk
concretePlateRound13mRight15,Building,Sidewalk
concretePlateRound13mRight16,Building,Sidewalk
concretePlateRound13mRight17,Building,Sidewalk
concretePlateRound13mRight18,Building,Sidewalk
concretePlateRound13mRight19,Building,Sidewalk
concretePlateRound13mRight20,Building,Sidewalk
concretePlateRound13mRight21,Building,Sidewalk
conduit01,Electrical,Stuff
conduit01Corner,Electrical,Stuff
conduit01Curve,Electrical,Stuff
conduit01End,Electrical,Stuff
conduitSingle90Angle,Electrical,Stuff
conduitSingleCentered,Electrical,Stuff
conduitSingleCenteredEnd,Electrical,Stuff
conduitSingleCorner,Electrical,Stuff
conduitSingleOffset,Electrical,Stuff
conduitSingleOffsetEnd,Electrical,Stuff
conduitTriple90AngleEnd,Electrical,Stuff
coneConstruction,Construction,Misc
controlPanelBase01,Electrical,General
controlPanelBase01Blue,Electrical,General
controlPanelBase01Green,Electrical,General
controlPanelBase01Grey,Electrical,General
controlPanelBase01Red,Electrical,General
controlPanelBase01White,Electrical,General
controlPanelBase02,Electrical,General
controlPanelBase02Blue,Electrical,General
controlPanelBase02Green,Electrical,General
controlPanelBase02Grey,Electrical,General
controlPanelBase02Red,Electrical,General
controlPanelBase02White,Electrical,General
controlPanelBase03,Electrical,General
controlPanelBase03Blue,Electrical,General
controlPanelBase03Green,Electrical,General
controlPanelBase03Grey,Electrical,General
controlPanelBase03Red,Electrical,General
controlPanelBase03White,Electrical,General
controlPanelBase04,Electrical,General
controlPanelBase04Blue,Electrical,General
controlPanelBase04Green,Electrical,General
controlPanelBase04Grey,Electrical,General
controlPanelBase04Red,Electrical,General
controlPanelBase04White,Electrical,General
controlPanelBase05,Electrical,General
controlPanelBase05Blue,Electrical,General
controlPanelBase05Green,Electrical,General
controlPanelBase05Grey,Electrical,General
controlPanelBase05Red,Electrical,General
controlPanelBase05White,Electrical,General
controlPanelBase06,Electrical,General
controlPanelBase06Blue,Electrical,General
controlPanelBase06Green,Electrical,General
controlPanelBase06Grey,Electrical,General
controlPanelBase06Red,Electrical,General
controlPanelBase06White,Electrical,General
controlPanelBase07,Electrical,General
controlPanelBase07Blue,Electrical,General
controlPanelBase07Green,Electrical,General
controlPanelBase07Grey,Electrical,General
controlPanelBase07Red,Electrical,General
controlPanelBase07White,Electrical,General
controlPanelBase08,Electrical,General
controlPanelBase08Blue,Electrical,General
controlPanelBase08Green,Electrical,General
controlPanelBase08Grey,Electrical,General
controlPanelBase08Red,Electrical,General
controlPanelBase08White,Electrical,General
controlPanelCorner,Electrical,General
controlPanelCornerBlue,Electrical,General
controlPanelCornerGreen,Electrical,General
controlPanelCornerGrey,Electrical,General
controlPanelCornerRed,Electrical,General
controlPanelCornerWhite,Electrical,General
controlPanelTop01,Electrical,General
controlPanelTop01Blue,Electrical,General
controlPanelTop01Green,Electrical,General
controlPanelTop01Grey,Electrical,General
controlPanelTop01Red,Electrical,General
controlPanelTop01White,Electrical,General
controlPanelTop02,Electrical,General
controlPanelTop02Blue,Electrical,General
controlPanelTop02Green,Electrical,General
controlPanelTop02Grey,Electrical,General
controlPanelTop02Red,Electrical,General
controlPanelTop02White,Electrical,General
controlPanelTop03,Electrical,General
controlPanelTop03Blue,Electrical,General
controlPanelTop03Green,Electrical,General
controlPanelTop03Grey,Electrical,General
controlPanelTop03Red,Electrical,General
controlPanelTop03White,Electrical,General
controlPanelTop04,Electrical,General
controlPanelTop04Blue,Electrical,General
controlPanelTop04Green,Electrical,General
controlPanelTop04Grey,Electrical,General
controlPanelTop04Red,Electrical,General
controlPanelTop04White,Electrical,General
controlPanelTop05,Electrical,General
controlPanelTop05Blue,Electrical,General
controlPanelTop05Green,Electrical,General
controlPanelTop05Grey,Electrical,General
controlPanelTop05Red,Electrical,General
controlPanelTop05White,Electrical,General
controlPanelTop06,Electrical,General
controlPanelTop06Blue,Electrical,General
controlPanelTop06Green,Electrical,General
controlPanelTop06Grey,Electrical,General
controlPanelTop06Red,Electrical,General
controlPanelTop06White,Electrical,General
controlPanelTop07,Electrical,General
controlPanelTop07Blue,Electrical,General
controlPanelTop07Green,Electrical,General
controlPanelTop07Grey,Electrical,General
controlPanelTop07Red,Electrical,General
controlPanelTop07White,Electrical,General
corpseHangingLog1Blue,Death,Hanging
corpseHangingLog1Brown,Death,Hanging
corpseHangingLog1Green,Death,Hanging
corpseHangingLog1Grey,Death,Hanging
corpseHangingLog1Red,Death,Hanging
corpseHangingLog1White,Death,Hanging
corpseHangingLog2Blue,Death,Hanging
corpseHangingLog2Brown,Death,Hanging
corpseHangingLog2Green,Death,Hanging
corpseHangingLog2Grey,Death,Hanging
corpseHangingLog2Red,Death,Hanging
corpseHangingLog2White,Death,Hanging
corpseHangingLog3Blue,Death,Hanging
corpseHangingLog3Brown,Death,Hanging
corpseHangingLog3Green,Death,Hanging
corpseHangingLog3Grey,Death,Hanging
corpseHangingLog3Red,Death,Hanging
corpseHangingLog3White,Death,Hanging
corpseHangingRope1Blue,Death,Hanging
corpseHangingRope1Brown,Death,Hanging
corpseHangingRope1Green,Death,Hanging
corpseHangingRope1Grey,Death,Hanging
corpseHangingRope1Red,Death,Hanging
corpseHangingRope1White,Death,Hanging
couchModernArm,Furniture,Couch
couchModernArmBlack,Furniture,Couch
couchModernArmBlue,Furniture,Couch
couchModernArmGreen,Furniture,Couch
couchModernArmGrey,Furniture,Couch
couchModernArmRed,Furniture,Couch
couchModernArmWhite,Furniture,Couch
couchModernCorner,Furniture,Couch
couchModernCornerBlack,Furniture,Couch
couchModernCornerBlue,Furniture,Couch
couchModernCornerGreen,Furniture,Couch
couchModernCornerGrey,Furniture,Couch
couchModernCornerRed,Furniture,Couch
couchModernCornerWhite,Furniture,Couch
couchModernSection,Furniture,Couch
couchModernSectionBlack,Furniture,Couch
couchModernSectionBlue,Furniture,Couch
couchModernSectionGreen,Furniture,Couch
couchModernSectionGrey,Furniture,Couch
couchModernSectionRed,Furniture,Couch
couchModernSectionWhite,Furniture,Couch
couchUglyLargeBlack,Furniture,Couch
couchUglyLargeBlue,Furniture,Couch
couchUglyLargeBrown,Furniture,Couch
couchUglyLargeGreen,Furniture,Couch
couchUglyLargeGrey,Furniture,Couch
couchUglyLargeOrange,Furniture,Couch
couchUglyLargePink,Furniture,Couch
couchUglyLargePurple,Furniture,Couch
couchUglyLargeRed,Furniture,Couch
couchUglyLargeWhite,Furniture,Couch
couchUglyLargeYellow,Furniture,Couch
couchUglySingleBlack,Furniture,Couch
couchUglySingleBlue,Furniture,Couch
couchUglySingleBrown,Furniture,Couch
couchUglySingleGreen,Furniture,Couch
couchUglySingleGrey,Furniture,Couch
couchUglySingleOrange,Furniture,Couch
couchUglySinglePink,Furniture,Couch
couchUglySinglePurple,Furniture,Couch
couchUglySingleRed,Furniture,Couch
couchUglySingleWhite,Furniture,Couch
couchUglySingleYellow,Furniture,Couch
couchUglySmallBlack,Furniture,Couch
couchUglySmallBlue,Furniture,Couch
couchUglySmallBrown,Furniture,Couch
couchUglySmallGreen,Furniture,Couch
couchUglySmallGrey,Furniture,Couch
couchUglySmallOrange,Furniture,Couch
couchUglySmallPink,Furniture,Couch
couchUglySmallPurple,Furniture,Couch
couchUglySmallRed,Furniture,Couch
couchUglySmallWhite,Furniture,Couch
couchUglySmallYellow,Furniture,Couch
counterMountedSinkCommercial,Bathroom,Sink
crushedCars01Black,Vehicle,Destroyed
crushedCars01Blue,Vehicle,Destroyed
crushedCars01Brown,Vehicle,Destroyed
crushedCars01Green,Vehicle,Destroyed
crushedCars01Grey,Vehicle,Destroyed
crushedCars01Orange,Vehicle,Destroyed
crushedCars01Pink,Vehicle,Destroyed
crushedCars01Purple,Vehicle,Destroyed
crushedCars01Red,Vehicle,Destroyed
crushedCars01White,Vehicle,Destroyed
crushedCars01Yellow,Vehicle,Destroyed
crushedCars02Black,Vehicle,Destroyed
crushedCars02Blue,Vehicle,Destroyed
crushedCars02Brown,Vehicle,Destroyed
crushedCars02Green,Vehicle,Destroyed
crushedCars02Grey,Vehicle,Destroyed
crushedCars02Orange,Vehicle,Destroyed
crushedCars02Pink,Vehicle,Destroyed
crushedCars02Purple,Vehicle,Destroyed
crushedCars02Red,Vehicle,Destroyed
crushedCars02White,Vehicle,Destroyed
crushedCars02Yellow,Vehicle,Destroyed
curtainDrapesFullBottomBlack,Window,Full
curtainDrapesFullBottomBlue,Window,Full
curtainDrapesFullBottomBrown,Window,Full
curtainDrapesFullBottomDirtyBlack,Window,Full
curtainDrapesFullBottomDirtyBlue,Window,Full
curtainDrapesFullBottomDirtyBrown,Window,Full
curtainDrapesFullBottomDirtyGreen,Window,Full
curtainDrapesFullBottomDirtyGrey,Window,Full
curtainDrapesFullBottomDirtyOrange,Window,Full
curtainDrapesFullBottomDirtyPink,Window,Full
curtainDrapesFullBottomDirtyPurple,Window,Full
curtainDrapesFullBottomDirtyRed,Window,Full
curtainDrapesFullBottomDirtyWhite,Window,Full
curtainDrapesFullBottomDirtyYellow,Window,Full
curtainDrapesFullBottomGreen,Window,Full
curtainDrapesFullBottomGrey,Window,Full
curtainDrapesFullBottomOrange,Window,Full
curtainDrapesFullBottomPink,Window,Full
curtainDrapesFullBottomPurple,Window,Full
curtainDrapesFullBottomRed,Window,Full
curtainDrapesFullBottomWhite,Window,Full
curtainDrapesFullBottomYellow,Window,Full
curtainDrapesFullTileBlack,Window,Full
curtainDrapesFullTileBlue,Window,Full
curtainDrapesFullTileBrown,Window,Full
curtainDrapesFullTileDirtyBlack,Window,Full
curtainDrapesFullTileDirtyBlue,Window,Full
curtainDrapesFullTileDirtyBrown,Window,Full
curtainDrapesFullTileDirtyGreen,Window,Full
curtainDrapesFullTileDirtyGrey,Window,Full
curtainDrapesFullTileDirtyOrange,Window,Full
curtainDrapesFullTileDirtyPink,Window,Full
curtainDrapesFullTileDirtyPurple,Window,Full
curtainDrapesFullTileDirtyRed,Window,Full
curtainDrapesFullTileDirtyWhite,Window,Full
curtainDrapesFullTileDirtyYellow,Window,Full
curtainDrapesFullTileGreen,Window,Full
curtainDrapesFullTileGrey,Window,Full
curtainDrapesFullTileOrange,Window,Full
curtainDrapesFullTilePink,Window,Full
curtainDrapesFullTilePurple,Window,Full
curtainDrapesFullTileRed,Window,Full
curtainDrapesFullTileWhite,Window,Full
curtainDrapesFullTileYellow,Window,Full
curtainDrapesFullTopBlack,Window,Full
curtainDrapesFullTopBlue,Window,Full
curtainDrapesFullTopBrown,Window,Full
curtainDrapesFullTopDirtyBlack,Window,Full
curtainDrapesFullTopDirtyBlue,Window,Full
curtainDrapesFullTopDirtyBrown,Window,Full
curtainDrapesFullTopDirtyGreen,Window,Full
curtainDrapesFullTopDirtyGrey,Window,Full
curtainDrapesFullTopDirtyOrange,Window,Full
curtainDrapesFullTopDirtyPink,Window,Full
curtainDrapesFullTopDirtyPurple,Window,Full
curtainDrapesFullTopDirtyRed,Window,Full
curtainDrapesFullTopDirtyWhite,Window,Full
curtainDrapesFullTopDirtyYellow,Window,Full
curtainDrapesFullTopGreen,Window,Full
curtainDrapesFullTopGrey,Window,Full
curtainDrapesFullTopOrange,Window,Full
curtainDrapesFullTopPink,Window,Full
curtainDrapesFullTopPurple,Window,Full
curtainDrapesFullTopRed,Window,Full
curtainDrapesFullTopWhite,Window,Full
curtainDrapesFullTopYellow,Window,Full
curtainDrapesLeftHalfBottomBlack,Window,Half
curtainDrapesLeftHalfBottomBlue,Window,Half
curtainDrapesLeftHalfBottomBrown,Window,Half
curtainDrapesLeftHalfBottomDirtyBlack,Window,Half
curtainDrapesLeftHalfBottomDirtyBlue,Window,Half
curtainDrapesLeftHalfBottomDirtyBrown,Window,Half
curtainDrapesLeftHalfBottomDirtyGreen,Window,Half
curtainDrapesLeftHalfBottomDirtyGrey,Window,Half
curtainDrapesLeftHalfBottomDirtyOrange,Window,Half
curtainDrapesLeftHalfBottomDirtyPink,Window,Half
curtainDrapesLeftHalfBottomDirtyPurple,Window,Half
curtainDrapesLeftHalfBottomDirtyRed,Window,Half
curtainDrapesLeftHalfBottomDirtyWhite,Window,Half
curtainDrapesLeftHalfBottomDirtyYellow,Window,Half
curtainDrapesLeftHalfBottomGreen,Window,Half
curtainDrapesLeftHalfBottomGrey,Window,Half
curtainDrapesLeftHalfBottomOrange,Window,Half
curtainDrapesLeftHalfBottomPink,Window,Half
curtainDrapesLeftHalfBottomPurple,Window,Half
curtainDrapesLeftHalfBottomRed,Window,Half
curtainDrapesLeftHalfBottomWhite,Window,Half
curtainDrapesLeftHalfBottomYellow,Window,Half
curtainDrapesLeftHalfTileBlack,Window,Half
curtainDrapesLeftHalfTileBlue,Window,Half
curtainDrapesLeftHalfTileBrown,Window,Half
curtainDrapesLeftHalfTileDirtyBlack,Window,Half
curtainDrapesLeftHalfTileDirtyBlue,Window,Half
curtainDrapesLeftHalfTileDirtyBrown,Window,Half
curtainDrapesLeftHalfTileDirtyGreen,Window,Half
curtainDrapesLeftHalfTileDirtyGrey,Window,Half
curtainDrapesLeftHalfTileDirtyOrange,Window,Half
curtainDrapesLeftHalfTileDirtyPink,Window,Half
curtainDrapesLeftHalfTileDirtyPurple,Window,Half
curtainDrapesLeftHalfTileDirtyRed,Window,Half
curtainDrapesLeftHalfTileDirtyWhite,Window,Half
curtainDrapesLeftHalfTileDirtyYellow,Window,Half
curtainDrapesLeftHalfTileGreen,Window,Half
curtainDrapesLeftHalfTileGrey,Window,Half
curtainDrapesLeftHalfTileOrange,Window,Half
curtainDrapesLeftHalfTilePink,Window,Half
curtainDrapesLeftHalfTilePurple,Window,Half
curtainDrapesLeftHalfTileRed,Window,Half
curtainDrapesLeftHalfTileWhite,Window,Half
curtainDrapesLeftHalfTileYellow,Window,Half
curtainDrapesLeftHalfTopBlack,Window,Half
curtainDrapesLeftHalfTopBlue,Window,Half
curtainDrapesLeftHalfTopBrown,Window,Half
curtainDrapesLeftHalfTopDirtyBlack,Window,Half
curtainDrapesLeftHalfTopDirtyBlue,Window,Half
curtainDrapesLeftHalfTopDirtyBrown,Window,Half
curtainDrapesLeftHalfTopDirtyGreen,Window,Half
curtainDrapesLeftHalfTopDirtyGrey,Window,Half
curtainDrapesLeftHalfTopDirtyOrange,Window,Half
curtainDrapesLeftHalfTopDirtyPink,Window,Half
curtainDrapesLeftHalfTopDirtyPurple,Window,Half
curtainDrapesLeftHalfTopDirtyRed,Window,Half
curtainDrapesLeftHalfTopDirtyWhite,Window,Half
curtainDrapesLeftHalfTopDirtyYellow,Window,Half
curtainDrapesLeftHalfTopGreen,Window,Half
curtainDrapesLeftHalfTopGrey,Window,Half
curtainDrapesLeftHalfTopOrange,Window,Half
curtainDrapesLeftHalfTopPink,Window,Half
curtainDrapesLeftHalfTopPurple,Window,Half
curtainDrapesLeftHalfTopRed,Window,Half
curtainDrapesLeftHalfTopWhite,Window,Half
curtainDrapesLeftHalfTopYellow,Window,Half
curtainDrapesRightHalfBottomBlack,Window,Half
curtainDrapesRightHalfBottomBlue,Window,Half
curtainDrapesRightHalfBottomBrown,Window,Half
curtainDrapesRightHalfBottomDirtyBlack,Window,Half
curtainDrapesRightHalfBottomDirtyBlue,Window,Half
curtainDrapesRightHalfBottomDirtyBrown,Window,Half
curtainDrapesRightHalfBottomDirtyGreen,Window,Half
curtainDrapesRightHalfBottomDirtyGrey,Window,Half
curtainDrapesRightHalfBottomDirtyOrange,Window,Half
curtainDrapesRightHalfBottomDirtyPink,Window,Half
curtainDrapesRightHalfBottomDirtyPurple,Window,Half
curtainDrapesRightHalfBottomDirtyRed,Window,Half
curtainDrapesRightHalfBottomDirtyWhite,Window,Half
curtainDrapesRightHalfBottomDirtyYellow,Window,Half
curtainDrapesRightHalfBottomGreen,Window,Half
curtainDrapesRightHalfBottomGrey,Window,Half
curtainDrapesRightHalfBottomOrange,Window,Half
curtainDrapesRightHalfBottomPink,Window,Half
curtainDrapesRightHalfBottomPurple,Window,Half
curtainDrapesRightHalfBottomRed,Window,Half
curtainDrapesRightHalfBottomWhite,Window,Half
curtainDrapesRightHalfBottomYellow,Window,Half
curtainDrapesRightHalfTileBlack,Window,Half
curtainDrapesRightHalfTileBlue,Window,Half
curtainDrapesRightHalfTileBrown,Window,Half
curtainDrapesRightHalfTileDirtyBlack,Window,Half
curtainDrapesRightHalfTileDirtyBlue,Window,Half
curtainDrapesRightHalfTileDirtyBrown,Window,Half
curtainDrapesRightHalfTileDirtyGreen,Window,Half
curtainDrapesRightHalfTileDirtyGrey,Window,Half
curtainDrapesRightHalfTileDirtyOrange,Window,Half
curtainDrapesRightHalfTileDirtyPink,Window,Half
curtainDrapesRightHalfTileDirtyPurple,Window,Half
curtainDrapesRightHalfTileDirtyRed,Window,Half
curtainDrapesRightHalfTileDirtyWhite,Window,Half
curtainDrapesRightHalfTileDirtyYellow,Window,Half
curtainDrapesRightHalfTileGreen,Window,Half
curtainDrapesRightHalfTileGrey,Window,Half
curtainDrapesRightHalfTileOrange,Window,Half
curtainDrapesRightHalfTilePink,Window,Half
curtainDrapesRightHalfTilePurple,Window,Half
curtainDrapesRightHalfTileRed,Window,Half
curtainDrapesRightHalfTileWhite,Window,Half
curtainDrapesRightHalfTileYellow,Window,Half
curtainDrapesRightHalfTopBlack,Window,Half
curtainDrapesRightHalfTopBlue,Window,Half
curtainDrapesRightHalfTopBrown,Window,Half
curtainDrapesRightHalfTopDirtyBlack,Window,Half
curtainDrapesRightHalfTopDirtyBlue,Window,Half
curtainDrapesRightHalfTopDirtyBrown,Window,Half
curtainDrapesRightHalfTopDirtyGreen,Window,Half
curtainDrapesRightHalfTopDirtyGrey,Window,Half
curtainDrapesRightHalfTopDirtyOrange,Window,Half
curtainDrapesRightHalfTopDirtyPink,Window,Half
curtainDrapesRightHalfTopDirtyPurple,Window,Half
curtainDrapesRightHalfTopDirtyRed,Window,Half
curtainDrapesRightHalfTopDirtyWhite,Window,Half
curtainDrapesRightHalfTopDirtyYellow,Window,Half
curtainDrapesRightHalfTopGreen,Window,Half
curtainDrapesRightHalfTopGrey,Window,Half
curtainDrapesRightHalfTopOrange,Window,Half
curtainDrapesRightHalfTopPink,Window,Half
curtainDrapesRightHalfTopPurple,Window,Half
curtainDrapesRightHalfTopRed,Window,Half
curtainDrapesRightHalfTopWhite,Window,Half
curtainDrapesRightHalfTopYellow,Window,Half
curtainDrapesRod1m,Window,Drapes
dartTrap,Electrical,Defense
decoBasketBallHoop,Entertainment,Recreation
decoBenchPress,Entertainment,Recreation
decoBucket,Construction,Toolbox
decoCarBackBumperFlipped,Vehicle,Parts
decoCarBackBumperUpright,Vehicle,Parts
decoCarFenderFlat,Vehicle,Parts
decoCarFenderFlipped,Vehicle,Parts
decoCarFrontBumperFlat,Vehicle,Parts
decoCarFrontBumperFlipped,Vehicle,Parts
decoCarHoodFlat,Vehicle,Parts
decoCarHoodFlipped,Vehicle,Parts
decoCarMotorFlat,Vehicle,Parts
decoCarMotorFlipped,Vehicle,Parts
decoCarPartsRamp,Vehicle,Parts
decoCarRadiatorFlat,Vehicle,Parts
decoCarRadiatorFlipped,Vehicle,Parts
decoCarSeatFlipped,Vehicle,Parts
decoCarSeatUpright,Vehicle,Parts
decoCarTireFlat,Vehicle,Parts
decoCarTireFlat02,Vehicle,Parts
decoCarTirePile,Vehicle,Parts
decoCarTirePile02,Vehicle,Parts
decoCarTireSmallFlat,Vehicle,Parts
decoCarTireSmallFlat02,Vehicle,Parts
decoCarTireStack,Vehicle,Parts
decoCarTireStack02,Vehicle,Parts
decoCarTrunkLidFlat,Vehicle,Parts
decoCarTrunkLidFlipped,Vehicle,Parts
decoCarWheelFlat,Vehicle,Parts
decoCarWheelFlat02,Vehicle,Parts
decoCarWheelOffset01,Vehicle,Parts
decoCaulk,Construction,Toolbox
decoClassicDogHouse,Household,Pet
decoClawFootBathTub,Household,Tub
decoComputerDeskTopPC,Entertainment,Pc
decoComputerMonitor,Entertainment,Pc
decoComputerMonitorKeyboardMouse,Entertainment,Pc
decoComputerMonitorKeyboardMouse2,Entertainment,Pc
decoComputerMonitorKeyboardMouse2Screen2,Entertainment,Pc
decoComputerMonitorKeyboardMousePC,Entertainment,Pc
decoComputerMonitorKeyboardMousePCScreen2,Entertainment,Pc
decoComputerMonitorKeyboardMouseScreen2,Entertainment,Pc
decoComputerMonitorScreen2,Entertainment,Pc
decoConcreteBollard,Building,Bollard
decoConcreteBollardDestroyed01,Building,Bollard
decoConcreteBollardDestroyed02,Building,Bollard
decoConcreteBollardDestroyed03,Building,Bollard
decoCookingPot,Kitchen,Counter
decoCoronaWipes,Construction,Toolbox
decoCowSkull,Decoration,Death0
decoHandTruck,Construction,General
decoHeadphonesBroken,Entertainment,Sound
decoHoistChain,Construction,Machine
decoHoistChainSingleCenter,Construction,Machine
decoHoistChainSingleCorner,Construction,Machine
decoHoistHook,Construction,Machine
decoHoistMagnet,Construction,Machine
decoHoistSpreader,Construction,Machine
decoHoistTopMount,Construction,Machine
decoLaptop,Entertainment,Pc
decoLaptopClosed,Entertainment,Pc
decoLaptopScreen2,Entertainment,Pc
decoLargePetCage,Household,Pet
decoMannequinFemale,Store,Clothes
decoMannequinFemaleBroken,Store,Clothes
decoMannequinMale,Store,Clothes
decoMannequinMaleBroken,Store,Clothes
decoMannequinMilitaryCommando,Store,Clothes
decoMetalBollard,Building,Bollard
decoMetalBollardDestroyed01,Building,Bollard
decoMetalSlide,Entertainment,Recreation
decoPicnicTable,Furniture,Table
decoPoolTable,Entertainment,Recreation
decoPoolTableBlue,Entertainment,Recreation
decoPumpkinJackOLantern,Light,Placeable
decoReptileTerrarium,Household,Pet
decoServerRackArmyGreen,Electrical,Stuff
decoServerRackBlue,Electrical,Stuff
decoServerRackBrown,Electrical,Stuff
decoServerRackGreen,Electrical,Stuff
decoServerRackGrey,Electrical,Stuff
decoServerRackOrange,Electrical,Stuff
decoServerRackRed,Electrical,Stuff
decoServerRackWhite,Electrical,Stuff
decoServerRackYellow,Electrical,Stuff
decoSodaCan6Pack,Kitchen,Drinks
decoSodaCan6PackCorner,Kitchen,Drinks
decoSodaCanSingle,Kitchen,Drinks
decoSprayCans,Construction,Toolbox
decoStationaryBike,Entertainment,Recreation
decoStudioCamera,Entertainment,Video
decoSwingSet,Entertainment,Recreation
decoTableRound,Furniture,Table
decoToolSetClosed,Construction,Toolbox
decoToolSetOpen,Construction,Toolbox
decoTreadmill,Entertainment,Recreation
decoWeightBar,Entertainment,Recreation
decoWildWestWagon,Decoration,Death2
decoWildWestWagonWheelBack,Decoration,Death2
decoWildWestWagonWheelFront,Decoration,Death2
decoWineBottle,Kitchen,Drinks
decoWineBottleCorner,Kitchen,Drinks
decoWineBottlePile01,Kitchen,Drinks
decoWineBottlePile02,Kitchen,Drinks
decoWineBottleShelfRow,Kitchen,Drinks
deskLampLight,Light,General
deskLampLight02White,Light,General
diningTable01,Furniture,Table
driftwood,Decoration,Terrain
driftwood2,Decoration,Terrain
driftwood3,Decoration,Terrain
drinkingfountainDouble,Kitchen,Drinks
drinkingfountainSingle,Kitchen,Drinks
dryWallStack,Construction,Stack
ductCornerDown,Building,Duct
ductCornerSideCentered,Building,Duct
ductCornerUp,Building,Duct
ductStraightCentered,Building,Duct
ductStraightSideCentered,Building,Duct
electricalBox01,Electrical,Stuff
electricalBox02,Electrical,Stuff
electricfencepost,Electrical,Defense
electrictimerrelay,Electrical,Stuff
electricwirerelay,Electrical,Stuff
elevatorInsidePanel,Building,Elevator
elevatorOutsideButtonPanel,Building,Elevator
elevatorOutsideFloorPanel,Building,Elevator
emberPileDeco1,Decoration,Terrain
emberPileDeco2,Decoration,Terrain
emberPileDeco3,Decoration,Terrain
emberPileDeco4,Decoration,Terrain
emberPileDeco5,Decoration,Terrain
emberPileDeco6,Decoration,Terrain
emberPileDeco7,Decoration,Terrain
emberPileDeco8,Decoration,Terrain
endTable,Furniture,Table
endTableLamp,Light,General
escalatorBottom,Building,Elevator
escalatorFiller,Building,Elevator
escalatorMiddle,Building,Elevator
escalatorPreTop,Building,Elevator
escalatorTop,Building,Elevator
excavatorBlue,Vehicle,Excavator
excavatorClawBlue,Vehicle,Claw
excavatorClawGreen,Vehicle,Claw
excavatorClawGrey,Vehicle,Claw
excavatorClawOrange,Vehicle,Claw
excavatorClawRed,Vehicle,Claw
excavatorClawWhite,Vehicle,Claw
excavatorClawYellow,Vehicle,Claw
excavatorGreen,Vehicle,Excavator
excavatorGrey,Vehicle,Excavator
excavatorOrange,Vehicle,Excavator
excavatorRed,Vehicle,Excavator
excavatorWhite,Vehicle,Excavator
excavatorYellow,Vehicle,Excavator
factoryConveyorBelt,Construction,General
factoryConveyorBridge,Construction,General
factoryConveyorCap,Construction,General
factoryConveyorCorner,Construction,General
factoryConveyorCorner2,Construction,General
factoryConveyorRamp,Construction,General
factoryConveyorTee,Construction,General
factoryConveyorWedgeRamp,Construction,General
fastFoodBooth,Furniture,Foodbooth
fastFoodBoothBenchBlack,Furniture,Foodbooth
fastFoodBoothBenchBlue,Furniture,Foodbooth
fastFoodBoothBenchBrown,Furniture,Foodbooth
fastFoodBoothBenchGreen,Furniture,Foodbooth
fastFoodBoothBenchGrey,Furniture,Foodbooth
fastFoodBoothBenchOrange,Furniture,Foodbooth
fastFoodBoothBenchPurple,Furniture,Foodbooth
fastFoodBoothBenchRed,Furniture,Foodbooth
fastFoodBoothBenchWhite,Furniture,Foodbooth
fastFoodBoothBenchYellow,Furniture,Foodbooth
fastFoodBoothBlack,Furniture,Foodbooth
fastFoodBoothBrown,Furniture,Foodbooth
fastFoodBoothEndClosed,Furniture,Foodbooth
fastFoodBoothEndClosedBlack,Furniture,Foodbooth
fastFoodBoothEndClosedBrown,Furniture,Foodbooth
fastFoodBoothEndClosedGreen,Furniture,Foodbooth
fastFoodBoothEndClosedGrey,Furniture,Foodbooth
fastFoodBoothEndClosedOrange,Furniture,Foodbooth
fastFoodBoothEndClosedPurple,Furniture,Foodbooth
fastFoodBoothEndClosedRed,Furniture,Foodbooth
fastFoodBoothEndClosedWhite,Furniture,Foodbooth
fastFoodBoothEndClosedYellow,Furniture,Foodbooth
fastFoodBoothEndOpen,Furniture,Foodbooth
fastFoodBoothEndOpenBlack,Furniture,Foodbooth
fastFoodBoothEndOpenBrown,Furniture,Foodbooth
fastFoodBoothEndOpenGreen,Furniture,Foodbooth
fastFoodBoothEndOpenGrey,Furniture,Foodbooth
fastFoodBoothEndOpenOrange,Furniture,Foodbooth
fastFoodBoothEndOpenPurple,Furniture,Foodbooth
fastFoodBoothEndOpenRed,Furniture,Foodbooth
fastFoodBoothEndOpenWhite,Furniture,Foodbooth
fastFoodBoothEndOpenYellow,Furniture,Foodbooth
fastFoodBoothGreen,Furniture,Foodbooth
fastFoodBoothGrey,Furniture,Foodbooth
fastFoodBoothMiddle,Furniture,Foodbooth
fastFoodBoothMiddleBlack,Furniture,Foodbooth
fastFoodBoothMiddleBrown,Furniture,Foodbooth
fastFoodBoothMiddleGreen,Furniture,Foodbooth
fastFoodBoothMiddleGrey,Furniture,Foodbooth
fastFoodBoothMiddleOrange,Furniture,Foodbooth
fastFoodBoothMiddlePurple,Furniture,Foodbooth
fastFoodBoothMiddleRed,Furniture,Foodbooth
fastFoodBoothMiddleWhite,Furniture,Foodbooth
fastFoodBoothMiddleYellow,Furniture,Foodbooth
fastFoodBoothOrange,Furniture,Foodbooth
fastFoodBoothPurple,Furniture,Foodbooth
fastFoodBoothRed,Furniture,Foodbooth
fastFoodBoothWhite,Furniture,Foodbooth
fastFoodBoothYellow,Furniture,Foodbooth
faucet02,Bathroom,Sink
faucet04,Bathroom,Sink
faucetBrass02,Bathroom,Sink
faucetBrass04,Bathroom,Sink
fireHydrant,Electrical,General
fireHydrantYellow,Electrical,General
flagPoleAmerican,Decoration,Pole
flagPoleSign,Decoration,Pole
flagPoleTrader,Decoration,Pole
flagPoleWhiteRiver,Decoration,Pole
flagWallHungDuke,Decoration,Wall
flagWallHungGadsdenArmyGreen,Decoration,Wall
flagWallHungGadsdenBlue,Decoration,Wall
flagWallHungGadsdenBrown,Decoration,Wall
flagWallHungGadsdenGreen,Decoration,Wall
flagWallHungGadsdenGrey,Decoration,Wall
flagWallHungGadsdenOrange,Decoration,Wall
flagWallHungGadsdenPink,Decoration,Wall
flagWallHungGadsdenPurple,Decoration,Wall
flagWallHungGadsdenRed,Decoration,Wall
flagWallHungGadsdenWhite,Decoration,Wall
flagWallHungGadsdenYellow,Decoration,Wall
flagWallHungHonorDuty,Decoration,Wall
flagWallHungTFP,Decoration,Wall
flagWallHungThick44Black,Decoration,Wall
flagWallHungThick44Purple,Decoration,Wall
flagWallHungUSA,Decoration,Wall
flagWallHungValiant,Decoration,Wall
flamethrowerTrap,Electrical,Defense
flashlightCornerDecorBlue,Light,Placeable
flashlightCornerDecorGreen,Light,Placeable
flashlightCornerDecorOrange,Light,Placeable
flashlightCornerDecorRed,Light,Placeable
flashlightCornerDecorWhite,Light,Placeable
flashlightCornerDecorYellow,Light,Placeable
flashlightDecorBlue,Light,Placeable
flashlightDecorGreen,Light,Placeable
flashlightDecorOrange,Light,Placeable
flashlightDecorRed,Light,Placeable
flashlightDecorWhite,Light,Placeable
flashlightDecorYellow,Light,Placeable
flashlightSideCenteredDecorBlue,Light,Placeable
flashlightSideCenteredDecorGreen,Light,Placeable
flashlightSideCenteredDecorOrange,Light,Placeable
flashlightSideCenteredDecorRed,Light,Placeable
flashlightSideCenteredDecorWhite,Light,Placeable
flashlightSideCenteredDecorYellow,Light,Placeable
fluorescentLight,Light,General
fluorescentLightBayBroken,Light,General
fluorescentLightBayBrokenOff,Light,General
fluorescentLightBayIntact,Light,General
forestFlower,Flora,Flower
forge,Electrical,Station
forklift2Blue,Vehicle,Forklift
forklift2Green,Vehicle,Forklift
forklift2Orange,Vehicle,Forklift
forklift2Red,Vehicle,Forklift
forklift2White,Vehicle,Forklift
forklift2Yellow,Vehicle,Forklift
forkliftBlue,Vehicle,Forklift
forkliftGreen,Vehicle,Forklift
forkliftOrange,Vehicle,Forklift
forkliftRed,Vehicle,Forklift
forkliftWhite,Vehicle,Forklift
forkliftYellow,Vehicle,Forklift
garbage_decor1,Decoration,Trash
garbage_decor2,Decoration,Trash
garbage_decor3,Decoration,Trash
generatorbank,Electrical,Generator
glassBrokenCapLeft,Decoration,Trash
glassBrokenCapRight,Decoration,Trash
glassBroken_01,Decoration,Trash
glassBroken_02,Decoration,Trash
glassBroken_03,Decoration,Trash
glassBulletproofBlock,Structure,Glass
glassBulletproofCTRPlate,Structure,Glass
glassBulletproofPlate,Structure,Glass
glassBulletproofPlateCurved,Structure,Glass
glassBulletproofRamp,Structure,Glass
glassBulletproofRampSheet,Structure,Glass
glassBusinessBlock,Structure,Glass
glassBusinessCTRSheet,Structure,Glass
glassBusinessPlate,Structure,Glass
glassBusinessPlateCurved,Structure,Glass
glassBusinessSheet,Structure,Glass
glassBusinessTubePlateCenter,Structure,Glass
glassBusinessTubePlateCorner,Structure,Glass
glassDebris01,Decoration,Trash
glassIndustrialCTRPlate,Structure,Glass
glassIndustrialPlate,Structure,Glass
glassOpaqueBulletproofCTRPlate,Structure,Glass
glassOpaqueBulletproofPlate,Structure,Glass
glassRampSheet,Structure,Glass
graveStone01,Decoration,Death
graveStone02,Decoration,Death
graveStone03,Decoration,Death
graveStone04,Decoration,Death
graveStone05,Decoration,Death
graveStone06,Decoration,Death
graveStone07,Decoration,Death
graveStone08,Decoration,Death
guardRailBarrier,Building,Barrier
guardRailBarrierFlipped,Building,Barrier
guardRailBarrierFlippedTall,Building,Barrier
guardRailBarrierTall,Building,Barrier
guardRailBend,Building,Barrier
guardRailBend8mIncline,Building,Barrier
guardRailBend8mIncline2,Building,Barrier
guardRailBend8mInclineFlipped,Building,Barrier
guardRailBend8mInclineFlipped2,Building,Barrier
guardRailPole,Building,Barrier
guardRailPole8mIncline,Building,Barrier
guardRailPole8mInclineFlipped,Building,Barrier
guardRailPoleTall,Building,Barrier
guardRailStraight,Building,Barrier
guardRailStraight8mIncline,Building,Barrier
guardRailStraight8mInclineFlipped,Building,Barrier
guardRailStraightLong,Building,Barrier
gurneyBed,Furniture,Bed
gyrocopterStatic,Vehicle,Parts
hangingMoss,Decoration,Terrain
hayBaleRound,Household,Pet
hayBaleSquare,Household,Pet
helipad,Building,General
hoodRangeBlackOffset,Kitchen,Stove
hoodRangeWhite,Kitchen,Stove
horseshoe_01,Household,Pet
horseshoe_02,Household,Pet
horseshoe_03,Household,Pet
hospitalBed,Furniture,Bed
hubCaps,Vehicle,Parts
hubCapsHanging,Vehicle,Parts
hubCapsHanging2,Vehicle,Parts
hubcapNoMine,Vehicle,Parts
iBeam,Building,Bandit
iBeam5wayCentered,Building,Bandit
iBeam6wayCentered,Building,Bandit
iBeamBent,Building,Bandit
iBeamCentered,Building,Bandit
iBeamCenteredFoundation,Building,Bandit
iBeamCorner,Building,Bandit
iBeamCornerCentered,Building,Bandit
iBeamFoundation,Building,Bandit
iBeamSmall,Building,Bandit
iBeamSupport,Building,Bandit
iBeamTCentered,Building,Bandit
industrialLight01,Light,General
ironWroughtFenceSpike_01,Building,Iron
ironWroughtFenceWallBrokenLeftSpike_01,Building,Iron
ironWroughtFenceWallBrokenLeft_01,Building,Iron
ironWroughtFenceWallBrokenLeft_02,Building,Iron
ironWroughtFenceWallBrokenLeft_03,Building,Iron
ironWroughtFenceWallBrokenRightSpike_01,Building,Iron
ironWroughtFenceWallBrokenRight_01,Building,Iron
ironWroughtFenceWallBrokenRight_02,Building,Iron
ironWroughtFenceWallBrokenRight_03,Building,Iron
ironWroughtFenceWallCornerSpike_01,Building,Iron
ironWroughtFenceWallCorner_01,Building,Iron
ironWroughtFenceWallCorner_02,Building,Iron
ironWroughtFenceWallDamageFallenSpike_01,Building,Iron
ironWroughtFenceWallDamageFallenSpike_02,Building,Iron
ironWroughtFenceWallDamageFallen_01,Building,Iron
ironWroughtFenceWallDamageFallen_02,Building,Iron
ironWroughtFenceWallDamageFallen_03,Building,Iron
ironWroughtFenceWallSpike_01,Building,Iron
ironWroughtFenceWallTopVent_03,Building,Iron
ironWroughtFenceWall_01,Building,Iron
ironWroughtFenceWall_02,Building,Iron
ironWroughtFence_01,Building,Iron
ironWroughtFence_02,Building,Iron
jailBarsBlue,Building,Jail
jailBarsBrown,Building,Jail
jailBarsGreen,Building,Jail
jailBarsGrey,Building,Jail
jailBarsWhite,Building,Jail
jailBarsYellow,Building,Jail
keyRackBoxMetal01,Household,Misc
keyRackWood01,Household,Misc
keystoneBlock,Construction,General
lanternDecorLightBlack,Light,Placeable
lanternDecorLightBlue,Light,Placeable
lanternDecorLightGreen,Light,Placeable
lanternDecorLightGrey,Light,Placeable
lanternDecorLightRed,Light,Placeable
lanternDecorLightWhite,Light,Placeable
lanternDecorLightYellow,Light,Placeable
lanternOld_01,Light,Placeable
lanternOld_02,Light,Placeable
lanternOld_03,Light,Placeable
lanternOld_04,Light,Placeable
laundryCartEmpty,Laundry,General
laundryCartFull,Laundry,General
laundryLoose,Laundry,General
laundryPileLong,Laundry,General
laundryPileTall,Laundry,General
liftHydraulicBlue,Construction,Machine
liftHydraulicGreen,Construction,Machine
liftHydraulicGrey,Construction,Machine
liftHydraulicOrange,Construction,Machine
liftHydraulicRed,Construction,Machine
liftHydraulicWhite,Construction,Machine
liftHydraulicYellow,Construction,Machine
lightCeiling07,Light,General
lightCeilingBulbMountWhite,Light,General
lightCeilingBulbSocketWhite,Light,General
lightDisplayXRayEmpty,Light,Other
lightDisplayXRayFull,Light,Other
lightIndustrial,Light,Industrial
lightIndustrialHangingWhite,Light,Industrial
lightIndustrialMountedWall,Light,Industrial
lightPanelLEDWhite,Light,panelLED
lightPorchWhite,Light,General
lightSconce,Light,General
lightWallGooseneckWhite,Light,General
logWallLeft,Building,Log
logWallLeft2,Building,Log
logWallLeftSpikes,Building,Log
logWallLeftSpikes2,Building,Log
logWallPillar,Building,Log
logWallPillarCap,Building,Log
logWallPillarCap2,Building,Log
logWallRight,Building,Log
logWallRight2,Building,Log
logWallRightSpikes,Building,Log
logWallRightSpikes2,Building,Log
loudspeaker,Entertainment,Sound
m60Turret,Electrical,Defense
mattressCurled,Furniture,Bed
mattressFlatThin,Furniture,Bed
metalPipeStack,Construction,Stack
metalPipeStackLoose,Construction,Stack
metalPipeValve,Construction,Pipe
microphoneDesk,Entertainment,Sound
microphoneDeskCorner,Entertainment,Sound
microphoneWithStand,Entertainment,Sound
microphoneWithStandFallen,Entertainment,Sound
minibikeStatic,Vehicle,Parts
miniblindBottomSheet,Window,Blinds
miniblindTopSheet,Window,Blinds
modularFireWoodStackA,Household,Misc
modularFireWoodStackB,Household,Misc
modularFireWoodStackC,Household,Misc
modularRopeTiled,Death,Rope
modularRopeTiledSideCentered,Death,Climbable
modularRopeTopTied,Death,Rope
modularRopeTopTiedSideCentered,Death,Climbable
motionsensor,Electrical,Stuff
motorcycleStatic,Vehicle,Parts
mushroom01,Flora,Mushroom
mushroom02,Flora,Mushroom
mushroomRadiated02,Flora,Mushroom
mushroomRadiated04,Flora,Mushroom
newspaperDecor01,Decoration,Trash
newspaperDecor02,Decoration,Trash
newspaperDecor03,Decoration,Trash
newspaperDecor04,Decoration,Trash
noCorpseHangingLog1,Death,Hanging
noCorpseHangingLog2,Death,Hanging
officeChair01,Furniture,Seat
officeChair01ArmyGreen,Furniture,Seat
officeChair01Black,Furniture,Seat
officeChair01Blue,Furniture,Seat
officeChair01Brown,Furniture,Seat
officeChair01Green,Furniture,Seat
officeChair01Orange,Furniture,Seat
officeChair01Pink,Furniture,Seat
officeChair01Purple,Furniture,Seat
officeChair01Red,Furniture,Seat
officeChair01White,Furniture,Seat
officeChair01Yellow,Furniture,Seat
officeDesk,Furniture,Table
officeTable,Furniture,Table
oldChair1,Furniture,Oldchair
oldChair1Blue,Furniture,Oldchair
oldChair1Broken,Furniture,Oldchair
oldChair1BrokenBlue,Furniture,Oldchair
oldChair1BrokenBrown,Furniture,Oldchair
oldChair1BrokenGreen,Furniture,Oldchair
oldChair1BrokenRed,Furniture,Oldchair
oldChair1BrokenWhite,Furniture,Oldchair
oldChair1Brown,Furniture,Oldchair
oldChair1Green,Furniture,Oldchair
oldChair1Red,Furniture,Oldchair
oldChair1White,Furniture,Oldchair
oreCoalBoulder,Decoration,Terrain
oreIronBoulder,Decoration,Terrain
oreLeadBoulder,Decoration,Terrain
orePotassiumNitrateBoulder,Decoration,Terrain
oreShaleBoulder,Decoration,Terrain
paintingAbstract01_2x2,Painting,General
paintingAbstract02_2x2,Painting,General
paintingAbstract03_2x2,Painting,General
paintingAbstract04_2x2,Painting,General
paintingBen,Painting,Person
paintingDerek,Painting,Person
paintingDuke,Painting,Person
paintingKen,Painting,Person
paintingLorien,Painting,Person
paintingNoah,Painting,Person
palletBagBlankBaseFullArmyGreen,Construction,Pallet
palletBagBlankBaseFullBlack,Construction,Pallet
palletBagBlankBaseFullBlue,Construction,Pallet
palletBagBlankBaseFullBrown,Construction,Pallet
palletBagBlankBaseFullGreen,Construction,Pallet
palletBagBlankBaseFullGrey,Construction,Pallet
palletBagBlankBaseFullOrange,Construction,Pallet
palletBagBlankBaseFullPink,Construction,Pallet
palletBagBlankBaseFullPurple,Construction,Pallet
palletBagBlankBaseFullRed,Construction,Pallet
palletBagBlankBaseFullWhite,Construction,Pallet
palletBagBlankBaseFullYellow,Construction,Pallet
palletBagBlankBaseMedArmyGreen,Construction,Pallet
palletBagBlankBaseMedBlack,Construction,Pallet
palletBagBlankBaseMedBlue,Construction,Pallet
palletBagBlankBaseMedBrown,Construction,Pallet
palletBagBlankBaseMedGreen,Construction,Pallet
palletBagBlankBaseMedGrey,Construction,Pallet
palletBagBlankBaseMedOrange,Construction,Pallet
palletBagBlankBaseMedPink,Construction,Pallet
palletBagBlankBaseMedPurple,Construction,Pallet
palletBagBlankBaseMedRed,Construction,Pallet
palletBagBlankBaseMedWhite,Construction,Pallet
palletBagBlankBaseMedYellow,Construction,Pallet
palletBagBlankCapMedArmyGreen,Construction,Pallet
palletBagBlankCapMedBlack,Construction,Pallet
palletBagBlankCapMedBlue,Construction,Pallet
palletBagBlankCapMedBrown,Construction,Pallet
palletBagBlankCapMedGreen,Construction,Pallet
palletBagBlankCapMedGrey,Construction,Pallet
palletBagBlankCapMedOrange,Construction,Pallet
palletBagBlankCapMedPink,Construction,Pallet
palletBagBlankCapMedPurple,Construction,Pallet
palletBagBlankCapMedRed,Construction,Pallet
palletBagBlankCapMedWhite,Construction,Pallet
palletBagBlankCapMedYellow,Construction,Pallet
palletBagBlankCapSmlArmyGreen,Construction,Pallet
palletBagBlankCapSmlBlack,Construction,Pallet
palletBagBlankCapSmlBlue,Construction,Pallet
palletBagBlankCapSmlBrown,Construction,Pallet
palletBagBlankCapSmlGreen,Construction,Pallet
palletBagBlankCapSmlGrey,Construction,Pallet
palletBagBlankCapSmlOrange,Construction,Pallet
palletBagBlankCapSmlPink,Construction,Pallet
palletBagBlankCapSmlPurple,Construction,Pallet
palletBagBlankCapSmlRed,Construction,Pallet
palletBagBlankCapSmlWhite,Construction,Pallet
palletBagBlankCapSmlYellow,Construction,Pallet
palletBagBlankSingleBentArmyGreen,Construction,Pallet
palletBagBlankSingleBentBlack,Construction,Pallet
palletBagBlankSingleBentBlue,Construction,Pallet
palletBagBlankSingleBentBrown,Construction,Pallet
palletBagBlankSingleBentGreen,Construction,Pallet
palletBagBlankSingleBentGrey,Construction,Pallet
palletBagBlankSingleBentOrange,Construction,Pallet
palletBagBlankSingleBentPink,Construction,Pallet
palletBagBlankSingleBentPurple,Construction,Pallet
palletBagBlankSingleBentRed,Construction,Pallet
palletBagBlankSingleBentWhite,Construction,Pallet
palletBagBlankSingleBentYellow,Construction,Pallet
palletBagBlankSingleFlatArmyGreen,Construction,Pallet
palletBagBlankSingleFlatBlack,Construction,Pallet
palletBagBlankSingleFlatBlue,Construction,Pallet
palletBagBlankSingleFlatBrown,Construction,Pallet
palletBagBlankSingleFlatGreen,Construction,Pallet
palletBagBlankSingleFlatGrey,Construction,Pallet
palletBagBlankSingleFlatOrange,Construction,Pallet
palletBagBlankSingleFlatPink,Construction,Pallet
palletBagBlankSingleFlatPurple,Construction,Pallet
palletBagBlankSingleFlatRed,Construction,Pallet
palletBagBlankSingleFlatWhite,Construction,Pallet
palletBagBlankSingleFlatYellow,Construction,Pallet
palletBagBlankTileArmyGreen,Construction,Pallet
palletBagBlankTileBlack,Construction,Pallet
palletBagBlankTileBlue,Construction,Pallet
palletBagBlankTileBrown,Construction,Pallet
palletBagBlankTileGreen,Construction,Pallet
palletBagBlankTileGrey,Construction,Pallet
palletBagBlankTileOrange,Construction,Pallet
palletBagBlankTilePink,Construction,Pallet
palletBagBlankTilePurple,Construction,Pallet
palletBagBlankTileRed,Construction,Pallet
palletBagBlankTileWhite,Construction,Pallet
palletBagBlankTileYellow,Construction,Pallet
palletBagConcreteBaseFull,Construction,Pallet
palletBagConcreteBaseMed,Construction,Pallet
palletBagConcreteBaseSml,Construction,Pallet
palletBagConcreteCapMed,Construction,Pallet
palletBagConcreteCapSml,Construction,Pallet
palletBagConcreteSingleBent,Construction,Pallet
palletBagConcreteSingleFlat,Construction,Pallet
palletBagConcreteTile,Construction,Pallet
palletBagCowFeedBaseFull,Construction,Pallet
palletBagCowFeedBaseMed,Construction,Pallet
palletBagCowFeedCapMed,Construction,Pallet
palletBagCowFeedCapSml,Construction,Pallet
palletBagCowFeedSingleBent,Construction,Pallet
palletBagCowFeedSingleFlat,Construction,Pallet
palletBagCowFeedTile,Construction,Pallet
palletBagFertilizerBaseFull,Construction,Pallet
palletBagFertilizerBaseMed,Construction,Pallet
palletBagFertilizerCapMed,Construction,Pallet
palletBagFertilizerCapSml,Construction,Pallet
palletBagFertilizerSingleBent,Construction,Pallet
palletBagFertilizerSingleFlat,Construction,Pallet
palletBagFertilizerTile,Construction,Pallet
palletBagFlourBaseFull,Construction,Pallet
palletBagFlourBaseMed,Construction,Pallet
palletBagFlourCapMed,Construction,Pallet
palletBagFlourCapSml,Construction,Pallet
palletBagFlourSingleBent,Construction,Pallet
palletBagFlourSingleFlat,Construction,Pallet
palletBagFlourTile,Construction,Pallet
palletBagSandBaseFull,Construction,Pallet
palletBagSandBaseMed,Construction,Pallet
palletBagSandCapMed,Construction,Pallet
palletBagSandCapSml,Construction,Pallet
palletBagSandSingleBent,Construction,Pallet
palletBagSandSingleFlat,Construction,Pallet
palletBagSandTile,Construction,Pallet
palletBricksBase,Construction,Pallet
palletBricksBaseBrown,Construction,Pallet
palletBricksBaseOrange,Construction,Pallet
palletBricksBaseRed,Construction,Pallet
palletBricksLoose,Construction,Pallet
palletBricksLooseBrown,Construction,Pallet
palletBricksLooseOrange,Construction,Pallet
palletBricksLooseRed,Construction,Pallet
palletBricksPartial1,Construction,Pallet
palletBricksPartial1Brown,Construction,Pallet
palletBricksPartial1Orange,Construction,Pallet
palletBricksPartial1Red,Construction,Pallet
palletBricksPartial2,Construction,Pallet
palletBricksPartial2Brown,Construction,Pallet
palletBricksPartial2Orange,Construction,Pallet
palletBricksPartial2Red,Construction,Pallet
palletBricksTile,Construction,Pallet
palletBricksTileBrown,Construction,Pallet
palletBricksTileOrange,Construction,Pallet
palletBricksTileRed,Construction,Pallet
palletBricksTop,Construction,Pallet
palletBricksTopBrown,Construction,Pallet
palletBricksTopOrange,Construction,Pallet
palletBricksTopRed,Construction,Pallet
palletBrownBoxesBase,Construction,Pallet
palletBrownBoxesLoose,Construction,Pallet
palletBrownBoxesTile,Construction,Pallet
palletBrownBoxesTop,Construction,Pallet
palletBrownBoxesTopSmall,Construction,Pallet
palletCans,Construction,Pallet
palletCansBase,Construction,Pallet
palletCartonMilitaryBase,Construction,Pallet
palletCartonMilitaryCap,Construction,Pallet
palletCartonMilitaryTile,Construction,Pallet
palletCartonMilitaryTileCovered,Construction,Pallet
palletCompressedCardboard,Construction,Pallet
palletEmpty,Construction,Pallet
palletEmptyStack,Construction,Pallet
palletTarpBaseArmyGreen,Construction,Pallet
palletTarpBaseBlack,Construction,Pallet
palletTarpBaseBlue,Construction,Pallet
palletTarpBaseBrown,Construction,Pallet
palletTarpBaseGreen,Construction,Pallet
palletTarpBaseGrey,Construction,Pallet
palletTarpBaseOrange,Construction,Pallet
palletTarpBasePink,Construction,Pallet
palletTarpBasePurple,Construction,Pallet
palletTarpBaseRed,Construction,Pallet
palletTarpBaseWhite,Construction,Pallet
palletTarpBaseYellow,Construction,Pallet
palletTarpTileArmyGreen,Construction,Pallet
palletTarpTileBlack,Construction,Pallet
palletTarpTileBlue,Construction,Pallet
palletTarpTileBrown,Construction,Pallet
palletTarpTileGreen,Construction,Pallet
palletTarpTileGrey,Construction,Pallet
palletTarpTileOrange,Construction,Pallet
palletTarpTilePink,Construction,Pallet
palletTarpTilePurple,Construction,Pallet
palletTarpTileRed,Construction,Pallet
palletTarpTileWhite,Construction,Pallet
palletTarpTileYellow,Construction,Pallet
parkBenchA,Furniture,General
parkBenchB,Furniture,General
parkingBlock,Building,City
parkingBlockBlue,Building,City
parkingBlockBroken,Building,City
parkingBlockBrokenBlue,Building,City
parkingBlockBrokenWhite,Building,City
parkingBlockBrokenYellow,Building,City
parkingBlockCrooked1,Building,City
parkingBlockCrooked1Blue,Building,City
parkingBlockCrooked1White,Building,City
parkingBlockCrooked1Yellow,Building,City
parkingBlockCrooked2,Building,City
parkingBlockCrooked2Blue,Building,City
parkingBlockCrooked2White,Building,City
parkingBlockCrooked2Yellow,Building,City
parkingBlockWhite,Building,City
parkingBlockYellow,Building,City
parkingMeter,Electrical,Meter
pedestalSink,Bathroom,Sink
piano,Entertainment,Recreation
pictureCanvas_01a,Sign,Painting
pictureCanvas_01b,Sign,Painting
pictureCanvas_01c,Sign,Painting
pictureCanvas_01d,Sign,Painting
pictureCanvas_01e,Sign,Painting
pictureCanvas_01f,Sign,Painting
pictureCanvas_01g,Sign,Painting
pictureCanvas_01h,Sign,Painting
pictureCanvas_01i,Sign,Painting
pictureCanvas_01j,Sign,Painting
pictureDeskFrameBigFam,Sign,Misc
pictureDeskFrameModFam,Sign,Misc
pictureDeskFrameRetroFam,Sign,Misc
pictureFrameCarrier,Sign,Misc
pictureFrameGunSchematic,Sign,Misc
pictureFrameJetGirls,Sign,Misc
pictureFrameTank,Sign,Misc
pictureFrame_01a,Sign,Painting
pictureFrame_01b,Sign,Painting
pictureFrame_01c,Sign,Painting
pictureFrame_01d,Sign,Painting
pictureFrame_01e,Sign,Painting
pictureFrame_01f,Sign,Painting
pictureFrame_01g,Sign,Painting
pictureFrame_01h,Sign,Painting
pictureFrame_01i,Sign,Painting
pictureFrame_01j,Sign,Painting
pictureFrame_01k,Sign,Painting
pictureFrame_01l,Sign,Painting
pictureFrame_01m,Sign,Painting
pictureFrame_01n,Sign,Painting
pictureFrame_01o,Sign,Painting
pictureFrame_01p,Sign,Painting
pictureFrame_01q,Sign,Painting
pictureFrame_01r,Sign,Painting
pictureFrame_01s,Sign,Painting
pictureFrame_01t,Sign,Painting
pictureFrame_01u,Sign,Painting
pictureFrame_01v,Sign,Painting
pictureFrame_01w,Sign,Painting
pictureFramedMedalsLrg,Sign,Misc2
pictureFramedMedalsMed,Sign,Misc2
pictureFramedMedalsSml,Sign,Misc2
pictureRobertDishongPlaque,Sign,Misc2
pipeSmall1x1,Construction,X1
pipeSmall1x1Blue,Construction,X1
pipeSmall1x1Green,Construction,X1
pipeSmall1x1Grey,Construction,X1
pipeSmall1x1Red,Construction,X1
pipeSmall1x1Yellow,Construction,X1
pipeSmall1x3,Construction,X3
pipeSmall1x3Blue,Construction,X3
pipeSmall1x3Green,Construction,X3
pipeSmall1x3Grey,Construction,X3
pipeSmall1x3Red,Construction,X3
pipeSmall1x3Yellow,Construction,X3
pipeSmallBroke,Construction,Broke
pipeSmallBrokeBlue,Construction,Broke
pipeSmallBrokeGreen,Construction,Broke
pipeSmallBrokeGrey,Construction,Broke
pipeSmallBrokeRed,Construction,Broke
pipeSmallBrokeYellow,Construction,Broke
pipeSmallCap,Construction,Cap
pipeSmallCapBlue,Construction,Cap
pipeSmallCapGreen,Construction,Cap
pipeSmallCapGrey,Construction,Cap
pipeSmallCapRed,Construction,Cap
pipeSmallCapYellow,Construction,Cap
pipeSmallCorner,Construction,Corner
pipeSmallCornerBlue,Construction,Corner
pipeSmallCornerGreen,Construction,Corner
pipeSmallCornerGrey,Construction,Corner
pipeSmallCornerRed,Construction,Corner
pipeSmallCornerYellow,Construction,Corner
pipeSmallJoint,Construction,Joint
pipeSmallJointBlue,Construction,Joint
pipeSmallJointGreen,Construction,Joint
pipeSmallJointGrey,Construction,Joint
pipeSmallJointRed,Construction,Joint
pipeSmallJointYellow,Construction,Joint
pipeSmallValve,Construction,Valve01
pipeSmallValve02,Construction,Valve02
pipeSmallValve02Blue,Construction,Valve02
pipeSmallValve02Green,Construction,Valve02
pipeSmallValve02Grey,Construction,Valve02
pipeSmallValve02Red,Construction,Valve02
pipeSmallValve02Switch,Construction,Valve02Switch
pipeSmallValve02SwitchBlue,Construction,Valve02Switch
pipeSmallValve02SwitchGreen,Construction,Valve02Switch
pipeSmallValve02SwitchGrey,Construction,Valve02Switch
pipeSmallValve02SwitchRed,Construction,Valve02Switch
pipeSmallValve02SwitchYellow,Construction,Valve02Switch
pipeSmallValve02Yellow,Construction,Valve02
pipeSmallValveBlue,Construction,Valve01
pipeSmallValveGreen,Construction,Valve01
pipeSmallValveGrey,Construction,Valve01
pipeSmallValveRed,Construction,Valve01
pipeSmallValveSwitch,Construction,Valve01Switch
pipeSmallValveSwitchBlue,Construction,Valve01Switch
pipeSmallValveSwitchGreen,Construction,Valve01Switch
pipeSmallValveSwitchGrey,Construction,Valve01Switch
pipeSmallValveSwitchRed,Construction,Valve01Switch
pipeSmallValveSwitchYellow,Construction,Valve01Switch
pipeSmallValveYellow,Construction,Valve01
pipeSmallWall1x1,Construction,Wall1x1
pipeSmallWall1x1Blue,Construction,Wall1x1
pipeSmallWall1x1Green,Construction,Wall1x1
pipeSmallWall1x1Grey,Construction,Wall1x1
pipeSmallWall1x1Red,Construction,Wall1x1
pipeSmallWall1x1Yellow,Construction,Wall1x1
pipeSmallWall1x3,Construction,Wall1x3
pipeSmallWall1x3Blue,Construction,Wall1x3
pipeSmallWall1x3Green,Construction,Wall1x3
pipeSmallWall1x3Grey,Construction,Wall1x3
pipeSmallWall1x3Red,Construction,Wall1x3
pipeSmallWall1x3Yellow,Construction,Wall1x3
pipeSmallWallBroke,Construction,WallBroke
pipeSmallWallBrokeBlue,Construction,WallBroke
pipeSmallWallBrokeGreen,Construction,WallBroke
pipeSmallWallBrokeGrey,Construction,WallBroke
pipeSmallWallBrokeRed,Construction,WallBroke
pipeSmallWallBrokeYellow,Construction,WallBroke
pipeSmallWallCap,Construction,WallCap
pipeSmallWallCapBlue,Construction,WallCap
pipeSmallWallCapGreen,Construction,WallCap
pipeSmallWallCapGrey,Construction,WallCap
pipeSmallWallCapRed,Construction,WallCap
pipeSmallWallCapYellow,Construction,WallCap
pipeSmallWallCenterBridge,Construction,WallCenterBridge
pipeSmallWallCenterBridgeBlue,Construction,WallCenterBridge
pipeSmallWallCenterBridgeGreen,Construction,WallCenterBridge
pipeSmallWallCenterBridgeGrey,Construction,WallCenterBridge
pipeSmallWallCenterBridgeRed,Construction,WallCenterBridge
pipeSmallWallCenterBridgeYellow,Construction,WallCenterBridge
pipeSmallWallCorner,Construction,WallCorner
pipeSmallWallCornerBlue,Construction,WallCorner
pipeSmallWallCornerGreen,Construction,WallCorner
pipeSmallWallCornerGrey,Construction,WallCorner
pipeSmallWallCornerRed,Construction,WallCorner
pipeSmallWallCornerYellow,Construction,WallCorner
pipeSmallWallInsideCorner,Construction,WallCornerInside
pipeSmallWallInsideCornerBlue,Construction,WallCornerInside
pipeSmallWallInsideCornerGreen,Construction,WallCornerInside
pipeSmallWallInsideCornerGrey,Construction,WallCornerInside
pipeSmallWallInsideCornerRed,Construction,WallCornerInside
pipeSmallWallInsideCornerYellow,Construction,WallCornerInside
pipeSmallWallJoint,Construction,WallJoint
pipeSmallWallJointBlue,Construction,WallJoint
pipeSmallWallJointGreen,Construction,WallJoint
pipeSmallWallJointGrey,Construction,WallJoint
pipeSmallWallJointRed,Construction,WallJoint
pipeSmallWallJointYellow,Construction,WallJoint
pipeSmallWallOutsideCorner,Construction,WallCornerOutside
pipeSmallWallOutsideCornerBlue,Construction,WallCornerOutside
pipeSmallWallOutsideCornerGreen,Construction,WallCornerOutside
pipeSmallWallOutsideCornerGrey,Construction,WallCornerOutside
pipeSmallWallOutsideCornerRed,Construction,WallCornerOutside
pipeSmallWallOutsideCornerYellow,Construction,WallCornerOutside
pipeSmallWallValve,Construction,WallValve01
pipeSmallWallValve02,Construction,WallValve02
pipeSmallWallValve02Blue,Construction,WallValve02
pipeSmallWallValve02Green,Construction,WallValve02
pipeSmallWallValve02Grey,Construction,WallValve02
pipeSmallWallValve02Red,Construction,WallValve02
pipeSmallWallValve02Switch,Construction,WallValve02Switch
pipeSmallWallValve02SwitchBlue,Construction,WallValve02Switch
pipeSmallWallValve02SwitchGreen,Construction,WallValve02Switch
pipeSmallWallValve02SwitchGrey,Construction,WallValve02Switch
pipeSmallWallValve02SwitchRed,Construction,WallValve02Switch
pipeSmallWallValve02SwitchYellow,Construction,WallValve02Switch
pipeSmallWallValve02Yellow,Construction,WallValve02
pipeSmallWallValveBlue,Construction,WallValve01
pipeSmallWallValveGreen,Construction,WallValve01
pipeSmallWallValveGrey,Construction,WallValve01
pipeSmallWallValveRed,Construction,WallValve01
pipeSmallWallValveSwitch,Construction,WallValve01Switch
pipeSmallWallValveSwitchBlue,Construction,WallValve01Switch
pipeSmallWallValveSwitchGreen,Construction,WallValve01Switch
pipeSmallWallValveSwitchGrey,Construction,WallValve01Switch
pipeSmallWallValveSwitchRed,Construction,WallValve01Switch
pipeSmallWallValveSwitchYellow,Construction,WallValve01Switch
pipeSmallWallValveYellow,Construction,WallValve01
plantAloePottedBlue,Flora,Potted
plantAloePottedBrown,Flora,Potted
plantAloePottedCornerBlue,Flora,Corner
plantAloePottedCornerBrown,Flora,Corner
plantAloePottedCornerGreen,Flora,Corner
plantAloePottedCornerGrey,Flora,Corner
plantAloePottedCornerOrange,Flora,Corner
plantAloePottedCornerPink,Flora,Corner
plantAloePottedCornerPurple,Flora,Corner
plantAloePottedCornerRed,Flora,Corner
plantAloePottedCornerWhite,Flora,Corner
plantAloePottedCornerYellow,Flora,Corner
plantAloePottedGreen,Flora,Potted
plantAloePottedGrey,Flora,Potted
plantAloePottedOrange,Flora,Potted
plantAloePottedPink,Flora,Potted
plantAloePottedPurple,Flora,Potted
plantAloePottedRed,Flora,Potted
plantAloePottedWhite,Flora,Potted
plantAloePottedYellow,Flora,Potted
plantCherryBlossomBlack,Flora,Potted
plantCherryBlossomBlue,Flora,Potted
plantCherryBlossomBrown,Flora,Potted
plantCherryBlossomGreen,Flora,Potted
plantCherryBlossomGrey,Flora,Potted
plantCherryBlossomOrange,Flora,Potted
plantCherryBlossomPink,Flora,Potted
plantCherryBlossomPurple,Flora,Potted
plantCherryBlossomRed,Flora,Potted
plantCherryBlossomWhite,Flora,Potted
plantCherryBlossomYellow,Flora,Potted
plantFernBlack,Potted,General
plantFernBlue,Potted,General
plantFernBrown,Potted,General
plantFernGreen,Potted,General
plantFernGrey,Potted,General
plantFernHangingBlack,Flora,Hanging
plantFernHangingBlue,Flora,Hanging
plantFernHangingBrown,Flora,Hanging
plantFernHangingGreen,Flora,Hanging
plantFernHangingGrey,Flora,Hanging
plantFernHangingOrange,Flora,Hanging
plantFernHangingPink,Flora,Hanging
plantFernHangingPurple,Flora,Hanging
plantFernHangingRed,Flora,Hanging
plantFernHangingWhite,Flora,Hanging
plantFernHangingYellow,Flora,Hanging
plantFernOrange,Potted,General
plantFernPink,Potted,General
plantFernPurple,Potted,General
plantFernRed,Potted,General
plantFernWhite,Potted,General
plantFernYellow,Potted,General
plantHangingIvy01,Flora,Hanging
plantHangingIvy02,Flora,Hanging
plantHedge,Flora,General
plantHedgeDead,Flora,General
plantHedgeSnow,Flora,General
plantHousePottedBlack,Flora,House
plantHousePottedBlue,Flora,House
plantHousePottedBrown,Flora,House
plantHousePottedCornerBlack,Flora,House
plantHousePottedCornerBlue,Flora,House
plantHousePottedCornerBrown,Flora,House
plantHousePottedCornerGreen,Flora,House
plantHousePottedCornerGrey,Flora,House
plantHousePottedCornerOrange,Flora,House
plantHousePottedCornerPink,Flora,House
plantHousePottedCornerPurple,Flora,House
plantHousePottedCornerRed,Flora,House
plantHousePottedCornerWhite,Flora,House
plantHousePottedCornerYellow,Flora,House
plantHousePottedGreen,Flora,House
plantHousePottedGrey,Flora,House
plantHousePottedOrange,Flora,House
plantHousePottedPink,Flora,House
plantHousePottedPurple,Flora,House
plantHousePottedRed,Flora,House
plantHousePottedWhite,Flora,House
plantHousePottedYellow,Flora,House
plantHouseTallPottedBlack,Flora,House
plantHouseTallPottedBlue,Flora,House
plantHouseTallPottedBrown,Flora,House
plantHouseTallPottedGreen,Flora,House
plantHouseTallPottedGrey,Flora,House
plantHouseTallPottedOrange,Flora,House
plantHouseTallPottedPink,Flora,House
plantHouseTallPottedPurple,Flora,House
plantHouseTallPottedRed,Flora,House
plantHouseTallPottedWhite,Flora,House
plantHouseTallPottedYellow,Flora,House
plantHydroponicAloe,Flora,Potted
plantHydroponicVertical,Flora,Potted
plantShrub,Flora,General
plantShrubDead,Flora,General
plantShrubSnow,Flora,General
plantedAloe1,Flora,Crop
plantedAloe2,Flora,Crop
plantedAloe3Harvest,Flora,Crop
plantedAloeDead,Flora,Crop
plantedBlueberry1,Flora,Crop
plantedBlueberry2,Flora,Crop
plantedBlueberry3Harvest,Flora,Crop
plantedBlueberryDead,Flora,Crop
plantedChrysanthemum1,Flora,Crop
plantedChrysanthemum2,Flora,Crop
plantedChrysanthemum3Harvest,Flora,Crop
plantedCoffee1,Flora,Crop
plantedCoffee2,Flora,Crop
plantedCoffee3Harvest,Flora,Crop
plantedCoffeeDead,Flora,Crop
plantedCorn1,Flora,Crop
plantedCorn2,Flora,Crop
plantedCorn3Harvest,Flora,Crop
plantedCornDead,Flora,Crop
plantedCornDeadMedium,Flora,Crop
plantedCornDeadSmall,Flora,Crop
plantedCotton1,Flora,Crop
plantedCotton2,Flora,Crop
plantedCotton3Harvest,Flora,Crop
plantedCottonDead,Flora,Crop
plantedGoldenrod1,Flora,Crop
plantedGoldenrod2,Flora,Crop
plantedGoldenrod3Harvest,Flora,Crop
plantedGraceCorn1,Flora,Crop
plantedGraceCorn2,Flora,Crop
plantedGraceCorn3Harvest,Flora,Crop
plantedHop1,Flora,Crop
plantedHop2,Flora,Crop
plantedHop3Harvest,Flora,Crop
plantedHopDead,Flora,Crop
plantedMushroom1,Flora,Mushroom
plantedMushroom2,Flora,Mushroom
plantedMushroom3Harvest,Flora,Mushroom
plantedPotato1,Flora,Crop
plantedPotato2,Flora,Crop
plantedPotato3Harvest,Flora,Crop
plantedPotatoDead,Flora,Crop
plantedPumpkin1,Flora,Crop
plantedPumpkin2,Flora,Crop
plantedPumpkin3Harvest,Flora,Crop
plantedSnowberry1,Flora,Crop
plantedSnowberry2,Flora,Crop
plantedSnowberry3Harvest,Flora,Crop
plantedYucca1,Flora,Crop
plantedYucca2,Flora,Crop
plantedYucca3Harvest,Flora,Crop
plantedYuccaDead,Flora,Crop
planter,Flora,General
plywoodStack,Construction,Stack
portaPottyBackBlue,Outdoor,Potty
portaPottyBackBrown,Outdoor,Potty
portaPottyBackGreen,Outdoor,Potty
portaPottyBackGrey,Outdoor,Potty
portaPottyBackOrange,Outdoor,Potty
portaPottyBackPink,Outdoor,Potty
portaPottyBackPurple,Outdoor,Potty
portaPottyBackRed,Outdoor,Potty
portaPottyBackWhite,Outdoor,Potty
portaPottyBackYellow,Outdoor,Potty
portaPottyTopSidesBlue,Outdoor,Potty
portaPottyTopSidesBrown,Outdoor,Potty
portaPottyTopSidesGreen,Outdoor,Potty
portaPottyTopSidesGrey,Outdoor,Potty
portaPottyTopSidesOrange,Outdoor,Potty
portaPottyTopSidesPink,Outdoor,Potty
portaPottyTopSidesPurple,Outdoor,Potty
portaPottyTopSidesRed,Outdoor,Potty
portaPottyTopSidesWhite,Outdoor,Potty
portaPottyTopSidesYellow,Outdoor,Potty
posterBlueprintPistol,Sign,Misc
posterBlueprintRifle,Sign,Misc
posterCalendarWorkingStiff,Sign,Misc
posterCat,Painting,General
posterCats,Painting,General
posterSparky,Painting,General
powerSwitch01,Electrical,Stuff
powerSwitch02,Electrical,Stuff
pressureplate,Electrical,Stuff
pressureplateLong,Electrical,Stuff
projectorCeiling,Entertainment,Video
projectorCeilingTrader,Entertainment,Video
projectorTableTop,Entertainment,Video
pushButtonSwitch01,Electrical,Stuff
pushButtonSwitch02,Electrical,Stuff
radiatorHouse01,Household,Misc
radioHam,Entertainment,Sound
recessedLight,Light,General
residentialSingleMeterDisconnect,Electrical,Stuff
resourceRock01,Decoration,Terrain
resourceRock02,Decoration,Terrain
resourceRock03,Decoration,Terrain
restaurantBooth,Furniture,Booth
restaurantBoothBlack,Furniture,Booth
restaurantBoothBlue,Furniture,Booth
restaurantBoothBrown,Furniture,Booth
restaurantBoothCorner,Furniture,Booth
restaurantBoothCornerBlack,Furniture,Booth
restaurantBoothCornerBlue,Furniture,Booth
restaurantBoothCornerBrown,Furniture,Booth
restaurantBoothCornerGreen,Furniture,Booth
restaurantBoothCornerOrange,Furniture,Booth
restaurantBoothCornerPink,Furniture,Booth
restaurantBoothCornerPurple,Furniture,Booth
restaurantBoothCornerRed,Furniture,Booth
restaurantBoothCornerWhite,Furniture,Booth
restaurantBoothCornerYellow,Furniture,Booth
restaurantBoothGreen,Furniture,Booth
restaurantBoothOrange,Furniture,Booth
restaurantBoothPink,Furniture,Booth
restaurantBoothPurple,Furniture,Booth
restaurantBoothRed,Furniture,Booth
restaurantBoothWhite,Furniture,Booth
restaurantBoothYellow,Furniture,Booth
restaurantTableEnd,Furniture,Table
restaurantTableMiddle,Furniture,Table
roadBarricadeLight,Light,Other
rock01,Decoration,Terrain
rock02,Decoration,Terrain
rock04,Decoration,Terrain
rock05,Decoration,Terrain
rock07,Decoration,Terrain
rubbishDecor01,Decoration,Trash
rubbishDecor02,Decoration,Trash
rubbishDecor03,Decoration,Trash
rubbishDecor04,Decoration,Trash
rubbishDecor05,Decoration,Trash
rubbishDecor06,Decoration,Trash
rubbishDecor08,Decoration,Trash
rubbishDecor09,Decoration,Trash
rubbishDecor10,Decoration,Trash
rubbishDecor11,Decoration,Trash
rubbishDecor12,Decoration,Trash
rubbishDecor13,Decoration,Trash
rugBear,Household,Misc
sandbagCorner01Short,Building,Sandbags
sandbagCorner02Long,Building,Sandbags
sandbagEnd00,Building,Sandbags
sandbagEnd01,Building,Sandbags
sandbagEnd02,Building,Sandbags
sandbagPile01,Building,Sandbags
sandbagPile02,Building,Sandbags
sandbagSingle01,Building,Sandbags
sandbagSingle02,Building,Sandbags
sandbagSingle03,Building,Sandbags
sandbagSingle04,Building,Sandbags
sandbagSingle05,Building,Sandbags
sandbagStraight01,Building,Sandbags
satelliteUnit2X2Large,Electrical,Stuff
satelliteUnit3X3Large,Electrical,Stuff
satelliteUnitLarge,Electrical,Stuff
satelliteUnitSmallFloor,Electrical,Stuff
satelliteUnitSmallWall,Electrical,Stuff
schoolDesk01Blue,Furniture,General
schoolDesk01Brown,Furniture,General
schoolDesk01Green,Furniture,General
schoolDesk01Grey,Furniture,General
schoolDesk01Orange,Furniture,General
schoolDesk01Purple,Furniture,General
schoolDesk01Red,Furniture,General
schoolDesk01White,Furniture,General
schoolDesk01Yellow,Furniture,General
schoolDesk02Blue,Furniture,General
schoolDesk02Brown,Furniture,General
schoolDesk02Green,Furniture,General
schoolDesk02Grey,Furniture,General
schoolDesk02Orange,Furniture,General
schoolDesk02Purple,Furniture,General
schoolDesk02Red,Furniture,General
schoolDesk02White,Furniture,General
schoolDesk02Yellow,Furniture,General
schoolDesk03Blue,Furniture,General
schoolDesk03Brown,Furniture,General
schoolDesk03Green,Furniture,General
schoolDesk03Grey,Furniture,General
schoolDesk03Orange,Furniture,General
schoolDesk03Purple,Furniture,General
schoolDesk03Red,Furniture,General
schoolDesk03White,Furniture,General
schoolDesk03Yellow,Furniture,General
schoolSeat01Blue,Furniture,General
schoolSeat01Brown,Furniture,General
schoolSeat01Green,Furniture,General
schoolSeat01Grey,Furniture,General
schoolSeat01Orange,Furniture,General
schoolSeat01Purple,Furniture,General
schoolSeat01Red,Furniture,General
schoolSeat01White,Furniture,General
schoolSeat01Yellow,Furniture,General
schoolSeat02Blue,Furniture,General
schoolSeat02Brown,Furniture,General
schoolSeat02Green,Furniture,General
schoolSeat02Grey,Furniture,General
schoolSeat02Orange,Furniture,General
schoolSeat02Purple,Furniture,General
schoolSeat02Red,Furniture,General
schoolSeat02White,Furniture,General
schoolSeat02Yellow,Furniture,General
screenCurtainDividerBlue,Window,General
screenCurtainDividerGreen,Window,General
screenCurtainDividerRed,Window,General
screenCurtainDividerWhite,Window,General
sectionalLeatherChair,Furniture,Couch
sectionalLeatherCouchSofaArm,Furniture,Couch
sectionalLeatherCouchSofaCorner,Furniture,Couch
sectionalLeatherCouchSofaMiddle,Furniture,Couch
sectionalPlaidChair,Furniture,Couch
sectionalPlaidCouchSofaArm,Furniture,Couch
sectionalPlaidCouchSofaCorner,Furniture,Couch
sectionalPlaidCouchSofaMiddle,Furniture,Couch
semiFlatbedBack,Vehicle,Semi-Truck
semiFlatbedFront,Vehicle,Semi-Truck
semiFlatbedMiddle,Vehicle,Semi-Truck
semiFlatbedMiddle45,Vehicle,Semi-Truck
semiFlatbedMiddleWheels,Vehicle,Semi-Truck
shippingContainerCapBlue,Building,Cap
shippingContainerCapGreen,Building,Cap
shippingContainerCapOrange,Building,Cap
shippingContainerCapWhite,Building,Cap
shippingContainerDoorCrackedOpenBlue,Building,Crackedopen
shippingContainerDoorCrackedOpenGreen,Building,Crackedopen
shippingContainerDoorCrackedOpenOrange,Building,Crackedopen
shippingContainerDoorCrackedOpenWhite,Building,Crackedopen
shippingContainerDoorFrameBlue,Building,Frame
shippingContainerDoorFrameGreen,Building,Frame
shippingContainerDoorFrameOrange,Building,Frame
shippingContainerDoorFrameWhite,Building,Frame
shippingContainerDoorLeftOpenBlue,Building,Leftopen
shippingContainerDoorLeftOpenGreen,Building,Leftopen
shippingContainerDoorLeftOpenOrange,Building,Leftopen
shippingContainerDoorLeftOpenWhite,Building,Leftopen
shippingContainerDoorLeftRotatedBlue,Building,Leftrotated
shippingContainerDoorLeftRotatedGreen,Building,Leftrotated
shippingContainerDoorLeftRotatedOrange,Building,Leftrotated
shippingContainerDoorLeftRotatedWhite,Building,Leftrotated
shippingContainerDoorRightOpenBlue,Building,Rightopen
shippingContainerDoorRightOpenGreen,Building,Rightopen
shippingContainerDoorRightOpenOrange,Building,Rightopen
shippingContainerDoorRightOpenWhite,Building,Rightopen
shippingContainerDoorRightRotatedBlue,Building,Rightrotated
shippingContainerDoorRightRotatedGreen,Building,Rightrotated
shippingContainerDoorRightRotatedOrange,Building,Rightrotated
shippingContainerDoorRightRotatedWhite,Building,Rightrotated
shippingContainerDoorsClosedBlue,Building,Closed
shippingContainerDoorsClosedGreen,Building,Closed
shippingContainerDoorsClosedOrange,Building,Closed
shippingContainerDoorsClosedWhite,Building,Closed
shippingContainerSide2mBlue,Building,Side2M
shippingContainerSide2mGreen,Building,Side2M
shippingContainerSide2mOrange,Building,Side2M
shippingContainerSide2mWhite,Building,Side2M
shippingContainerSideBlue,Building,Side
shippingContainerSideGreen,Building,Side
shippingContainerSideHoleBlue,Building,Sidehole
shippingContainerSideHoleGreen,Building,Sidehole
shippingContainerSideHoleOrange,Building,Sidehole
shippingContainerSideHoleWhite,Building,Sidehole
shippingContainerSideOrange,Building,Side
shippingContainerSideTextBlue,Building,Sidetext
shippingContainerSideTextGreen,Building,Sidetext
shippingContainerSideTextOrange,Building,Sidetext
shippingContainerSideTextWhite,Building,Sidetext
shippingContainerSideWhite,Building,Side
shootingRangeTarget,Entertainment,Recreation
shotgunTurret,Electrical,Defense
showerHandle01,Bathroom,Shower
showerHead,Bathroom,Shower
signAnselAdamsRiver,Sign,Navezgane
signAuthorizedPersonnel,Sign,Commercial
signBathroomSignMenCeilingMount,Sign,Bathroom
signBathroomSignMenWallMount,Sign,Bathroom
signBathroomSignUnisexCeilingMount,Sign,Bathroom
signBathroomSignUnisexWallMount,Sign,Bathroom
signBathroomSignWomenCeilingMount,Sign,Bathroom
signBathroomSignWomenWallMount,Sign,Bathroom
signBookSaleAd,Sign,Book
signBread01,Sign,Grocery
signBread02,Sign,Grocery
signBulletinBoard01,Sign,Misc2
signBulletinBoard02,Sign,Misc2
signCampFish,Sign,Navezgane
signCamping,Sign,Navezgane
signCaution,Sign,Commercial
signCigaretteAd,Sign,Grocery
signCrossWalkYellow,Sign,Traffic
signCrossWalkYellowHanging,Sign,Traffic
signCrosswalk,Sign,Traffic
signDinersMenu,Sign,Grocery
signDinersMenu2m,Sign,Grocery
signDoNotEnter,Sign,Instructions
signDoNotEnterHanging,Sign,Instructions
signExitFrameMount,Sign,Instructions
signExitFrameMountHigh,Sign,Instructions
signExitLight,Sign,Instructions
signExitLightOffset,Sign,Instructions
signExitWallMount,Sign,Instructions
signExitWallMountHigh,Sign,Instructions
signGas01,Sign,Gas
signGas02,Sign,Gas
signGas03,Sign,Gas
signGas04,Sign,Gas
signGas05,Sign,Gas
signGas06,Sign,Gas
signGas07,Sign,Gas
signGas08,Sign,Gas
signGas09,Sign,Gas
signGas10,Sign,Gas
signGas11,Sign,Gas
signGas12,Sign,Gas
signGas13,Sign,Gas
signGas14,Sign,Gas
signGas15,Sign,Gas
signGas16,Sign,Gas
signGas17,Sign,Gas
signGas18,Sign,Gas
signGas19,Sign,Gas
signGas20,Sign,Gas
signGas21,Sign,Gas
signGunsThinAttention,Sign,Guns
signGunsThinNo,Sign,Guns
signGunsThinPermitted,Sign,Guns
signGunsThinPrivate,Sign,Guns
signGunsThinReturn,Sign,Guns
signGunsThinSafety,Sign,Guns
signGunsThinSafety2,Sign,Guns
signGunsThinSmile,Sign,Guns
signGunsThinSmoke,Sign,Guns
signGunsWideWarning,Sign,Guns
signGunsWideWarning2,Sign,Guns
signHandicapParking,Sign,Traffic
signHardHat,Sign,Commercial
signInfoCenter,Sign,Navezgane
signLaborDaySaleAd,Sign,General
signMegaCrushAd,Sign,General
signMisc4Lease,Sign,Title
signMisc4Sale,Sign,Title
signMisc4SaleSold,Sign,Title
signMiscAdministration,Sign,Title
signMiscBewareOfDog,Sign,Title
signMiscDangerHazard,Sign,Title
signMiscDoNotEnter,Sign,Title
signMiscPrivate,Sign,Title
signMiscQuarantineArea,Sign,Title
signMiscQuarantineTape,Sign,Title
signMiscRestrictedArea,Sign,Title
signMiscSmile,Sign,Title
signMiscSurveilledArea,Sign,Title
signMiscWarningQuarantine,Sign,Title
signNationalPark,Sign,Navezgane
signNeighborhoodWatch,Sign,Traffic
signNeonColdBeer,Sign,Grocery
signNoHazardousWaste,Sign,Commercial
signNoParking,Sign,Traffic
signNoParkingHanging,Sign,Traffic
signNotice,Sign,Commercial
signNotice01,Sign,Commercial
signNotice02,Sign,Commercial
signNotice03,Sign,Commercial
signNotice04,Sign,Commercial
signOpenCeilingMount,Sign,Instructions
signOpenSideMount,Sign,Instructions
signOpenWallMountChain,Sign,Instructions
signOpenWallMountFrame,Sign,Instructions
signPassNGasHanging,Sign,Title
signPassNGasHanging2,Sign,Title
signPillsLogo,Sign,Pharmacy
signPillsLogoSmall,Sign,Pharmacy
signPosterMovie2159,Sign,Misc
signPosterMovieLoneWolf,Sign,Misc
signPosterMovieMammasJustice,Sign,Misc
signPosterMovieSexualTension,Sign,Misc
signPosterMovieTheater2159,Sign,Misc
signPosterMovieTheaterLoneWolf,Sign,Misc
signPosterMovieTheaterMammasJustice,Sign,Misc
signPosterMovieTheaterSexualTension,Sign,Misc
signPosterWantedMissing01,Sign,Misc2
signPosterWantedMissing02,Sign,Misc2
signPosterWantedMissing03,Sign,Misc2
signPrivateProperty,Sign,Traffic
signRoadAZ260eastSpeed65,Sign,Traffic
signRoadAZ260west,Sign,Navezgane
signRoadAZ260westSpeed65,Sign,Traffic
signRoadAZ73north,Sign,Navezgane
signRoadAZ73northSpeed65,Sign,Traffic
signRoadAZ73south,Sign,Navezgane
signRoadAZ73southSpeed65,Sign,Traffic
signRoadApacheAZ260,Sign,Navezgane
signRoadArrowheadApache,Sign,Navezgane
signRoadBellLake,Sign,Navezgane
signRoadCoronado,Sign,Navezgane
signRoadCoronadoCourtland,Sign,Navezgane
signRoadCourtlandAZ260Left,Sign,Navezgane
signRoadCourtlandApache,Sign,Navezgane
signRoadCourtlandBell,Sign,Navezgane
signRoadCourtlandHuenink,Sign,Navezgane
signRoadCourtlandMaple,Sign,Navezgane
signRoadCourtlandTran,Sign,Navezgane
signRoadDavis,Sign,Navezgane
signRoadDestinationsEast,Sign,Navezgane
signRoadDestinationsWest,Sign,Navezgane
signRoadEssig,Sign,Navezgane
signRoadLangTran,Sign,Navezgane
signRoadMaple,Sign,Navezgane
signRoadPrivate,Sign,Navezgane
signRoadRoughSurface,Sign,Traffic
signRoadSlow,Sign,Traffic
signRoadSpeed25,Sign,Traffic
signRoadSpeed25noTrucks,Sign,Traffic
signRoadSpeed35,Sign,Traffic
signRoadSpeed45,Sign,Traffic
signRoadSpeed55,Sign,Traffic
signRoadSpeed65,Sign,Traffic
signRoadStop,Sign,Traffic
signRoadStop4way,Sign,Traffic
signRoadTran,Sign,Navezgane
signRoadWork,Sign,Traffic
signSafetyWorkProtection,Sign,Commercial
signSale01,Sign,General
signSale02,Sign,General
signSchoolZone,Sign,Traffic
signShamwaySale,Sign,Grocery
signShopBookStore,Sign,Title
signShopBookStoreLarge,Sign,Title
signShopBookStoreLargeLit,Sign,Title
signShopBookStoreLargeWall,Sign,Title
signShopBookStoreLargeWallLit,Sign,Title
signShopBookStoreLit,Sign,Title
signShopBookStoreWall,Sign,Title
signShopBookStoreWallLit,Sign,Title
signShopGas,Sign,Title
signShopGasLarge,Sign,Title
signShopGasLargeLit,Sign,Title
signShopGasLargeWall,Sign,Title
signShopGasLargeWallLit,Sign,Title
signShopGasLit,Sign,Title
signShopGasWall,Sign,Title
signShopGasWallLit,Sign,Title
signShopGrocery,Sign,Title
signShopGroceryLarge,Sign,Title
signShopGroceryLargeLit,Sign,Title
signShopGroceryLargeWall,Sign,Title
signShopGroceryLargeWallLit,Sign,Title
signShopGroceryLit,Sign,Title
signShopGroceryWall,Sign,Title
signShopGroceryWallLit,Sign,Title
signShopGunStore,Sign,Title
signShopGunStoreLarge,Sign,Title
signShopGunStoreLargeLit,Sign,Title
signShopGunStoreLargeWall,Sign,Title
signShopGunStoreLargeWallLit,Sign,Title
signShopGunStoreLit,Sign,Title
signShopGunStoreWall,Sign,Title
signShopGunStoreWallLit,Sign,Title
signShopMoPowerElectronics,Sign,Title
signShopMoPowerElectronicsLarge,Sign,Title
signShopMoPowerElectronicsLargeLit,Sign,Title
signShopMoPowerElectronicsLargeWall,Sign,Title
signShopMoPowerElectronicsLargeWallLit,Sign,Title
signShopMoPowerElectronicsLit,Sign,Title
signShopMoPowerElectronicsWall,Sign,Title
signShopMoPowerElectronicsWallLit,Sign,Title
signShopOpen,Sign,Instructions
signShopPharmacy,Sign,Title
signShopPharmacyLarge,Sign,Title
signShopPharmacyLargeLit,Sign,Title
signShopPharmacyLargeWall,Sign,Title
signShopPharmacyLargeWallLit,Sign,Title
signShopPharmacyLit,Sign,Title
signShopPharmacyWall,Sign,Title
signShopPharmacyWallLit,Sign,Title
signShopPostOfficeSign,Sign,Title
signShopPostOfficeSignLarge,Sign,Title
signShopPostOfficeSignLargeLit,Sign,Title
signShopPostOfficeSignLargeWall,Sign,Title
signShopPostOfficeSignLargeWallLit,Sign,Title
signShopPostOfficeSignLit,Sign,Title
signShopPostOfficeSignWall,Sign,Title
signShopPostOfficeSignWallLit,Sign,Title
signShopSavageCountry,Sign,Title
signShopSavageCountryLarge,Sign,Title
signShopSavageCountryLargeLit,Sign,Title
signShopSavageCountryLargeWall,Sign,Title
signShopSavageCountryLargeWallLit,Sign,Title
signShopSavageCountryLit,Sign,Title
signShopSavageCountryWall,Sign,Title
signShopSavageCountryWallLit,Sign,Title
signShopToolStore,Sign,Title
signShopToolStoreLarge,Sign,Title
signShopToolStoreLargeLit,Sign,Title
signShopToolStoreLargeWall,Sign,Title
signShopToolStoreLargeWallLit,Sign,Title
signShopToolStoreLit,Sign,Title
signShopToolStoreWall,Sign,Title
signShopToolStoreWallLit,Sign,Title
signSlowHanging,Sign,Traffic
signSnackPosterAtom,Sign,Grocery
signSnackPosterBretzels,Sign,Grocery
signSnackPosterEyeCandy,Sign,Grocery
signSnackPosterFortBites,Sign,Grocery
signSnackPosterGoblinO,Sign,Grocery
signSnackPosterHackers,Sign,Grocery
signSnackPosterHealth,Sign,Grocery
signSnackPosterJailBreakers,Sign,Grocery
signSnackPosterJerky,Sign,Grocery
signSnackPosterNachos,Sign,Grocery
signSnackPosterNachosRanch,Sign,Grocery
signSnackPosterNerd,Sign,Grocery
signSnackPosterOops,Sign,Grocery
signSnackPosterOopsClassic,Sign,Grocery
signSnackPosterPrime,Sign,Grocery
signSnackPosterRamen,Sign,Grocery
signSnackPosterSkullCrusher,Sign,Grocery
signSpillwayLake,Sign,Navezgane
signStaffOnly,Sign,Instructions
signTowAway,Sign,Traffic
signTraderBobExterior,Sign,Trader
signTraderBobExteriorBig,Sign,Trader
signTraderBobExteriorLarge,Sign,Trader
signTraderBobInterior,Sign,Trader
signTraderBobInteriorNoLights,Sign,Trader
signTraderHughExterior,Sign,Trader
signTraderHughInterior,Sign,Trader
signTraderJenExterior,Sign,Trader
signTraderJenInterior,Sign,Trader
signTraderJoelExteriorLarge,Sign,Trader
signTraderJoelExteriorSmall,Sign,Trader
signTraderRektExteriorLarge,Sign,Trader
signTraderRektExteriorSmall,Sign,Trader
signTrafficLight,Light,Other
signYardSign01,Sign,Commercial
sinkKitchen,Bathroom,Sink
solarbank,Electrical,Generator
speaker,Entertainment,Sound
stainedGlassCTRPlate,Structure,Glass
stainedGlassPlate,Structure,Glass
standIV,Household,Misc
streetLight01,Light,Other
streetLight02,Light,Other
streetLight03,Light,Other
streetLight04,Light,Other
streetLightBroken,Light,Other
streetLightBrokenDestroyed,Light,Other
streetLightClassic,Light,Other
switch,Electrical,Stuff
tableCommunion,Church,General
tableLampLight01CenteredWhite,Light,Lamplight
tableLampLight01TippedOverWhite,Light,Lamplight
tableLampLight01White,Light,Lamplight
tableSaw,Electrical,Station
tankPropaneBlue,Household,Misc
tankPropaneBrown,Household,Misc
tankPropaneGreen,Household,Misc
tankPropaneGrey,Household,Misc
tankPropaneOrange,Household,Misc
tankPropanePink,Household,Misc
tankPropaneRed,Household,Misc
tankPropaneWhite,Household,Misc
tankPropaneYellow,Household,Misc
targetPoster1,Entertainment,Recreation
targetPoster2,Entertainment,Recreation
tarpFenceBlue,Building,ChainlinkTarp
tarpFenceCornerBlue,Building,ChainlinkTarp
tarpFenceCornerGreen,Building,ChainlinkTarp
tarpFenceCornerRed,Building,ChainlinkTarp
tarpFenceCornerWhite,Building,ChainlinkTarp
tarpFenceFallingLeftBlue,Building,ChainlinkTarp
tarpFenceFallingLeftGreen,Building,ChainlinkTarp
tarpFenceFallingLeftRed,Building,ChainlinkTarp
tarpFenceFallingLeftWhite,Building,ChainlinkTarp
tarpFenceFallingRightBlue,Building,ChainlinkTarp
tarpFenceFallingRightGreen,Building,ChainlinkTarp
tarpFenceFallingRightRed,Building,ChainlinkTarp
tarpFenceFallingRightWhite,Building,ChainlinkTarp
tarpFenceGreen,Building,ChainlinkTarp
tarpFenceRed,Building,ChainlinkTarp
tarpFenceSagingBlue,Building,ChainlinkTarp
tarpFenceSagingGreen,Building,ChainlinkTarp
tarpFenceSagingRed,Building,ChainlinkTarp
tarpFenceSagingWhite,Building,ChainlinkTarp
tarpFenceWhite,Building,ChainlinkTarp
tarpHangingBlue,Building,ChainlinkTarp
tarpHangingGreen,Building,ChainlinkTarp
tarpHangingRed,Building,ChainlinkTarp
tarpHangingWhite,Building,ChainlinkTarp
tentBiohazardCapCenterArmyGreen,Building,CapCenter
tentBiohazardCapCenterBlue,Building,CapCenter
tentBiohazardCapCenterBrown,Building,CapCenter
tentBiohazardCapCenterCamo,Building,CapCenter
tentBiohazardCapCenterGreen,Building,CapCenter
tentBiohazardCapCenterGrey,Building,CapCenter
tentBiohazardCapCenterOrange,Building,CapCenter
tentBiohazardCapCenterRed,Building,CapCenter
tentBiohazardCapCenterWhite,Building,CapCenter
tentBiohazardCapCenterYellow,Building,CapCenter
tentBiohazardCapLeftArmyGreen,Building,CapLeft
tentBiohazardCapLeftBlue,Building,CapLeft
tentBiohazardCapLeftBrown,Building,CapLeft
tentBiohazardCapLeftCamo,Building,CapLeft
tentBiohazardCapLeftGreen,Building,CapLeft
tentBiohazardCapLeftGrey,Building,CapLeft
tentBiohazardCapLeftOrange,Building,CapLeft
tentBiohazardCapLeftRed,Building,CapLeft
tentBiohazardCapLeftWhite,Building,CapLeft
tentBiohazardCapLeftYellow,Building,CapLeft
tentBiohazardCapRightArmyGreen,Building,CapRight
tentBiohazardCapRightBlue,Building,CapRight
tentBiohazardCapRightBrown,Building,CapRight
tentBiohazardCapRightCamo,Building,CapRight
tentBiohazardCapRightGreen,Building,CapRight
tentBiohazardCapRightGrey,Building,CapRight
tentBiohazardCapRightOrange,Building,CapRight
tentBiohazardCapRightRed,Building,CapRight
tentBiohazardCapRightWhite,Building,CapRight
tentBiohazardCapRightYellow,Building,CapRight
tentBiohazardRoofArmyGreen,Building,Roof
tentBiohazardRoofBlue,Building,Roof
tentBiohazardRoofBrown,Building,Roof
tentBiohazardRoofCamo,Building,Roof
tentBiohazardRoofCenterArmyGreen,Building,RoofCenter
tentBiohazardRoofCenterBlue,Building,RoofCenter
tentBiohazardRoofCenterBrown,Building,RoofCenter
tentBiohazardRoofCenterCamo,Building,RoofCenter
tentBiohazardRoofCenterGreen,Building,RoofCenter
tentBiohazardRoofCenterGrey,Building,RoofCenter
tentBiohazardRoofCenterOrange,Building,RoofCenter
tentBiohazardRoofCenterRed,Building,RoofCenter
tentBiohazardRoofCenterSupportArmyGreen,Building,RoofCenterSupport
tentBiohazardRoofCenterSupportBlue,Building,RoofCenterSupport
tentBiohazardRoofCenterSupportBrown,Building,RoofCenterSupport
tentBiohazardRoofCenterSupportCamo,Building,RoofCenterSupport
tentBiohazardRoofCenterSupportGreen,Building,RoofCenterSupport
tentBiohazardRoofCenterSupportGrey,Building,RoofCenterSupport
tentBiohazardRoofCenterSupportOrange,Building,RoofCenterSupport
tentBiohazardRoofCenterSupportRed,Building,RoofCenterSupport
tentBiohazardRoofCenterSupportWhite,Building,RoofCenterSupport
tentBiohazardRoofCenterSupportYellow,Building,RoofCenterSupport
tentBiohazardRoofCenterThinArmyGreen,Building,RoofCenterThing
tentBiohazardRoofCenterThinBlue,Building,RoofCenterThing
tentBiohazardRoofCenterThinBrown,Building,RoofCenterThing
tentBiohazardRoofCenterThinCamo,Building,RoofCenterThing
tentBiohazardRoofCenterThinGreen,Building,RoofCenterThing
tentBiohazardRoofCenterThinGrey,Building,RoofCenterThing
tentBiohazardRoofCenterThinOrange,Building,RoofCenterThing
tentBiohazardRoofCenterThinRed,Building,RoofCenterThing
tentBiohazardRoofCenterThinWhite,Building,RoofCenterThing
tentBiohazardRoofCenterThinYellow,Building,RoofCenterThing
tentBiohazardRoofCenterThreewayArmyGreen,Building,RoofCenterThreeway
tentBiohazardRoofCenterThreewayBlue,Building,RoofCenterThreeway
tentBiohazardRoofCenterThreewayBrown,Building,RoofCenterThreeway
tentBiohazardRoofCenterThreewayCamo,Building,RoofCenterThreeway
tentBiohazardRoofCenterThreewayGreen,Building,RoofCenterThreeway
tentBiohazardRoofCenterThreewayGrey,Building,RoofCenterThreeway
tentBiohazardRoofCenterThreewayOrange,Building,RoofCenterThreeway
tentBiohazardRoofCenterThreewayRed,Building,RoofCenterThreeway
tentBiohazardRoofCenterThreewayWhite,Building,RoofCenterThreeway
tentBiohazardRoofCenterThreewayYellow,Building,RoofCenterThreeway
tentBiohazardRoofCenterWhite,Building,RoofCenter
tentBiohazardRoofCenterYellow,Building,RoofCenter
tentBiohazardRoofCornerInsideArmyGreen,Building,RoofCornerInside
tentBiohazardRoofCornerInsideBlue,Building,RoofCornerInside
tentBiohazardRoofCornerInsideBrown,Building,RoofCornerInside
tentBiohazardRoofCornerInsideCamo,Building,RoofCornerInside
tentBiohazardRoofCornerInsideGreen,Building,RoofCornerInside
tentBiohazardRoofCornerInsideGrey,Building,RoofCornerInside
tentBiohazardRoofCornerInsideOrange,Building,RoofCornerInside
tentBiohazardRoofCornerInsideRed,Building,RoofCornerInside
tentBiohazardRoofCornerInsideWhite,Building,RoofCornerInside
tentBiohazardRoofCornerInsideYellow,Building,RoofCornerInside
tentBiohazardRoofCornerOutsideArmyGreen,Building,RoofCornerOutside
tentBiohazardRoofCornerOutsideBlue,Building,RoofCornerOutside
tentBiohazardRoofCornerOutsideBrown,Building,RoofCornerOutside
tentBiohazardRoofCornerOutsideCamo,Building,RoofCornerOutside
tentBiohazardRoofCornerOutsideGreen,Building,RoofCornerOutside
tentBiohazardRoofCornerOutsideGrey,Building,RoofCornerOutside
tentBiohazardRoofCornerOutsideOrange,Building,RoofCornerOutside
tentBiohazardRoofCornerOutsideRed,Building,RoofCornerOutside
tentBiohazardRoofCornerOutsideWhite,Building,RoofCornerOutside
tentBiohazardRoofCornerOutsideYellow,Building,RoofCornerOutside
tentBiohazardRoofGreen,Building,Roof
tentBiohazardRoofGrey,Building,Roof
tentBiohazardRoofOrange,Building,Roof
tentBiohazardRoofRed,Building,Roof
tentBiohazardRoofThinArmyGreen,Building,RoofThin
tentBiohazardRoofThinBlue,Building,RoofThin
tentBiohazardRoofThinBrown,Building,RoofThin
tentBiohazardRoofThinCamo,Building,RoofThin
tentBiohazardRoofThinGreen,Building,RoofThin
tentBiohazardRoofThinGrey,Building,RoofThin
tentBiohazardRoofThinOrange,Building,RoofThin
tentBiohazardRoofThinRed,Building,RoofThin
tentBiohazardRoofThinWhite,Building,RoofThin
tentBiohazardRoofThinYellow,Building,RoofThin
tentBiohazardRoofWhite,Building,Roof
tentBiohazardRoofYellow,Building,Roof
tentBiohazardWallArmyGreen,Building,Wall
tentBiohazardWallBlue,Building,Wall
tentBiohazardWallBrown,Building,Wall
tentBiohazardWallCamo,Building,Wall
tentBiohazardWallCornerInsideArmyGreen,Building,WallCornerInside
tentBiohazardWallCornerInsideBlue,Building,WallCornerInside
tentBiohazardWallCornerInsideBrown,Building,WallCornerInside
tentBiohazardWallCornerInsideCamo,Building,WallCornerInside
tentBiohazardWallCornerInsideGreen,Building,WallCornerInside
tentBiohazardWallCornerInsideGrey,Building,WallCornerInside
tentBiohazardWallCornerInsideOrange,Building,WallCornerInside
tentBiohazardWallCornerInsideRed,Building,WallCornerInside
tentBiohazardWallCornerInsideWhite,Building,WallCornerInside
tentBiohazardWallCornerInsideYellow,Building,WallCornerInside
tentBiohazardWallCornerOutsideArmyGreen,Building,WallCornerOutside
tentBiohazardWallCornerOutsideBlue,Building,WallCornerOutside
tentBiohazardWallCornerOutsideBrown,Building,WallCornerOutside
tentBiohazardWallCornerOutsideCamo,Building,WallCornerOutside
tentBiohazardWallCornerOutsideGreen,Building,WallCornerOutside
tentBiohazardWallCornerOutsideGrey,Building,WallCornerOutside
tentBiohazardWallCornerOutsideOrange,Building,WallCornerOutside
tentBiohazardWallCornerOutsideRed,Building,WallCornerOutside
tentBiohazardWallCornerOutsideWhite,Building,WallCornerOutside
tentBiohazardWallCornerOutsideYellow,Building,WallCornerOutside
tentBiohazardWallGreen,Building,Wall
tentBiohazardWallGrey,Building,Wall
tentBiohazardWallLogoArmyGreen,Building,WallLogo
tentBiohazardWallLogoBlue,Building,WallLogo
tentBiohazardWallLogoBrown,Building,WallLogo
tentBiohazardWallLogoCamo,Building,WallLogo
tentBiohazardWallLogoGreen,Building,WallLogo
tentBiohazardWallLogoGrey,Building,WallLogo
tentBiohazardWallLogoOrange,Building,WallLogo
tentBiohazardWallLogoWhite,Building,WallLogo
tentBiohazardWallLogoYellow,Building,WallLogo
tentBiohazardWallMedicLogoArmyGreen,Building,WallMedicLogo
tentBiohazardWallMedicLogoBlue,Building,WallMedicLogo
tentBiohazardWallMedicLogoBrown,Building,WallMedicLogo
tentBiohazardWallMedicLogoCamo,Building,WallMedicLogo
tentBiohazardWallMedicLogoGreen,Building,WallMedicLogo
tentBiohazardWallMedicLogoGrey,Building,WallMedicLogo
tentBiohazardWallMedicLogoOrange,Building,WallMedicLogo
tentBiohazardWallMedicLogoWhite,Building,WallMedicLogo
tentBiohazardWallMedicLogoYellow,Building,WallMedicLogo
tentBiohazardWallOrange,Building,Wall
tentBiohazardWallRed,Building,Wall
tentBiohazardWallRollupArmyGreen,Building,WallRollup
tentBiohazardWallRollupBlue,Building,WallRollup
tentBiohazardWallRollupBrown,Building,WallRollup
tentBiohazardWallRollupCamo,Building,WallRollup
tentBiohazardWallRollupGreen,Building,WallRollup
tentBiohazardWallRollupGrey,Building,WallRollup
tentBiohazardWallRollupOrange,Building,WallRollup
tentBiohazardWallRollupRed,Building,WallRollup
tentBiohazardWallRollupWhite,Building,WallRollup
tentBiohazardWallRollupYellow,Building,WallRollup
tentBiohazardWallThinArmyGreen,Building,WallThin
tentBiohazardWallThinBlue,Building,WallThin
tentBiohazardWallThinBrown,Building,WallThin
tentBiohazardWallThinCamo,Building,WallThin
tentBiohazardWallThinGreen,Building,WallThin
tentBiohazardWallThinGrey,Building,WallThin
tentBiohazardWallThinOrange,Building,WallThin
tentBiohazardWallThinRed,Building,WallThin
tentBiohazardWallThinWhite,Building,WallThin
tentBiohazardWallThinYellow,Building,WallThin
tentBiohazardWallTubeArmyGreen,Building,WallTube
tentBiohazardWallTubeBlue,Building,WallTube
tentBiohazardWallTubeBrown,Building,WallTube
tentBiohazardWallTubeCamo,Building,WallTube
tentBiohazardWallTubeGreen,Building,WallTube
tentBiohazardWallTubeGrey,Building,WallTube
tentBiohazardWallTubeOrange,Building,WallTube
tentBiohazardWallTubeRed,Building,WallTube
tentBiohazardWallTubeWhite,Building,WallTube
tentBiohazardWallTubeYellow,Building,WallTube
tentBiohazardWallWhite,Building,Wall
tentBiohazardWallWindowArmyGreen,Building,WallWindow
tentBiohazardWallWindowBlue,Building,WallWindow
tentBiohazardWallWindowBrown,Building,WallWindow
tentBiohazardWallWindowCamo,Building,WallWindow
tentBiohazardWallWindowGreen,Building,WallWindow
tentBiohazardWallWindowGrey,Building,WallWindow
tentBiohazardWallWindowOrange,Building,WallWindow
tentBiohazardWallWindowRed,Building,WallWindow
tentBiohazardWallWindowWhite,Building,WallWindow
tentBiohazardWallWindowYellow,Building,WallWindow
tentBiohazardWallYellow,Building,Wall
tentBiohazardWire01,Building,Wire
theaterSeatDownFullArmsUpBlack,Furniture,General
theaterSeatDownFullArmsUpBlue,Furniture,General
theaterSeatDownFullArmsUpRed,Furniture,General
theaterSeatDownFullArmsUpWhite,Furniture,General
theaterSeatDownFullBlack,Furniture,General
theaterSeatDownFullBlue,Furniture,General
theaterSeatDownFullRed,Furniture,General
theaterSeatDownFullWhite,Furniture,General
theaterSeatDownTileArmUpBlack,Furniture,General
theaterSeatDownTileArmUpBlue,Furniture,General
theaterSeatDownTileArmUpRed,Furniture,General
theaterSeatDownTileArmUpWhite,Furniture,General
theaterSeatDownTileBlack,Furniture,General
theaterSeatDownTileBlue,Furniture,General
theaterSeatDownTileRed,Furniture,General
theaterSeatDownTileWhite,Furniture,General
theaterSeatUpFullArmsUpBlack,Furniture,General
theaterSeatUpFullArmsUpBlue,Furniture,General
theaterSeatUpFullArmsUpRed,Furniture,General
theaterSeatUpFullArmsUpWhite,Furniture,General
theaterSeatUpTileArmUpBlack,Furniture,General
theaterSeatUpTileArmUpBlue,Furniture,General
theaterSeatUpTileArmUpRed,Furniture,General
theaterSeatUpTileArmUpWhite,Furniture,General
torchWallHolder,Light,Placeable
trackLight,Light,General
tractorBlue,Vehicle,Farm
tractorGreen,Vehicle,Farm
tractorRed,Vehicle,Farm
tractorWhite,Vehicle,Farm
treeAzalea,Flora,General
treeBrownGrassDiagonal,Flora,Grass
treeBurntMaple01,Flora,Tree
treeBurntMaple02,Flora,Tree
treeBurntMaple03,Flora,Tree
treeBurntMaple04,Tree,General
treeCactus01,Flora,Cactus
treeCactus02,Flora,Cactus
treeCactus03,Flora,Cactus
treeCactus04,Flora,Cactus
treeCactus05,Flora,Cactus
treeCactus06,Flora,Cactus
treeDeadPineLeaf,Flora,Tree
treeDeadTree01,Flora,Tree
treeDeadTree02,Flora,Tree
treeDesertShrub,Flora,Tree
treeFirLrg01,Flora,Tree
treeForestGrassDiagonal,Flora,Grass
treeGreenBrownGrassDiagonal,Flora,Grass
treeJuniper4m,Flora,Tree
treeMountainPine12m,Flora,Tree
treeMountainPine19m,Flora,Tree
treeMountainPine27m,Flora,Tree
treeMountainPine31m,Flora,Tree
treeMountainPine41m,Flora,Tree
treeMountainPine48m,Flora,Tree
treeMountainPineDry21m,Flora,Tree
treeOakLrg01,Flora,Tree
treeOakMed01,Flora,Tree
treeOakMed02,Flora,Tree
treeOakSml01,Flora,Tree
treePineBurntFullMed,Flora,Pineburnt
treePineBurntLrg,Flora,Pineburnt
treePineBurntMed,Flora,Pineburnt
treePlainsTree,Flora,Tree
treePlainsTree2,Flora,Tree
treePlant02,Flora,General
treePlantedOak27m,Flora,Tree
treePlantedOak41m,Flora,Tree
treeShortGrass,Flora,Grass
treeSnowyDeadBush,Flora,General
treeSnowyGrassDiagonal,Flora,General
treeStump,Flora,Tree
treeTallGrassDiagonal,Flora,Grass
treeWinterEverGreen,Flora,Tree
treeWinterEverGreenLarge,Tree,General
treeWinterPine13m,Flora,Tree
treeWinterPine19m,Flora,Tree
treeWinterPine28m,Flora,Tree
tripwirepost,Electrical,Defense
trophy,Household,Misc
trophyOffset,Household,Misc
tvCRT,Entertainment,Video
tvExtraSmallStand1x1,Entertainment,Video
tvExtraSmallStand1x1EBS,Entertainment,Video
tvExtraSmallStandFallen1x1,Entertainment,Video
tvExtraSmallWall1x1,Entertainment,Video
tvExtraSmallWall1x1EBS,Entertainment,Video
tvLargeStand2x2,Entertainment,Video
tvLargeStand2x2EBS,Entertainment,Video
tvLargeStand3x2,Entertainment,Video
tvLargeStand3x2EBS,Entertainment,Video
tvLargeWall2x2,Entertainment,Video
tvLargeWall2x2EBS,Entertainment,Video
tvLargeWall3x2,Entertainment,Video
tvLargeWall3x2EBS,Entertainment,Video
tvSmallStand1x1,Entertainment,Video
tvSmallStand1x1EBS,Entertainment,Video
tvSmallStand1x1Fallen,Entertainment,Video
tvSmallStand2x1,Entertainment,Video
tvSmallStand2x1EBS,Entertainment,Video
tvSmallWall1x1,Entertainment,Video
tvSmallWall1x1EBS,Entertainment,Video
tvSmallWall2x1,Entertainment,Video
tvSmallWall2x1EBS,Entertainment,Video
umbrellaTableDownBlack,Furniture,Table
umbrellaTableDownBlue,Furniture,Table
umbrellaTableDownBrown,Furniture,Table
umbrellaTableDownGreen,Furniture,Table
umbrellaTableDownGrey,Furniture,Table
umbrellaTableDownOrange,Furniture,Table
umbrellaTableDownPink,Furniture,Table
umbrellaTableDownPurple,Furniture,Table
umbrellaTableDownRed,Furniture,Table
umbrellaTableDownWhite,Furniture,Table
umbrellaTableDownYellow,Furniture,Table
umbrellaTableUpBlack,Furniture,Table
umbrellaTableUpBlue,Furniture,Table
umbrellaTableUpBrown,Furniture,Table
umbrellaTableUpGreen,Furniture,Table
umbrellaTableUpGrey,Furniture,Table
umbrellaTableUpOrange,Furniture,Table
umbrellaTableUpPink,Furniture,Table
umbrellaTableUpPurple,Furniture,Table
umbrellaTableUpRed,Furniture,Table
umbrellaTableUpWhite,Furniture,Table
umbrellaTableUpYellow,Furniture,Table
urinalCommercialMounted,Bathroom,Toilets
utilityGasMeter01,Electrical,City
utilityGasMeter02,Electrical,City
utilityInsulator,Electrical,City
utilitySink,Bathroom,Sink
utilityTransformer,Electrical,City
utilityTransformerHanging,Electrical,City
verticalBlindsBottom2Black,Window,Bottom2
verticalBlindsBottom2Grey,Window,Bottom2
verticalBlindsBottom2MetalBlack,Window,Bottom2
verticalBlindsBottom2MetalGrey,Window,Bottom2
verticalBlindsBottom2MetalWhite,Window,Bottom2
verticalBlindsBottom2OpenBlack,Window,Bottom2
verticalBlindsBottom2OpenGrey,Window,Bottom2
verticalBlindsBottom2OpenMetalBlack,Window,Bottom2
verticalBlindsBottom2OpenMetalGrey,Window,Bottom2
verticalBlindsBottom2OpenMetalWhite,Window,Bottom2
verticalBlindsBottom2OpenWhite,Window,Bottom2
verticalBlindsBottom2OpenWoodDarkOak,Window,Bottom2
verticalBlindsBottom2OpenWoodLightOak,Window,Bottom2
verticalBlindsBottom2White,Window,Bottom2
verticalBlindsBottom2WoodDarkOak,Window,Bottom2
verticalBlindsBottom2WoodLightOak,Window,Bottom2
verticalBlindsBottomBlack,Window,Bottom1
verticalBlindsBottomGrey,Window,Bottom1
verticalBlindsBottomMetalBlack,Window,Bottom1
verticalBlindsBottomMetalGrey,Window,Bottom1
verticalBlindsBottomMetalWhite,Window,Bottom1
verticalBlindsBottomOpenBlack,Window,Bottom1
verticalBlindsBottomOpenGrey,Window,Bottom1
verticalBlindsBottomOpenMetalBlack,Window,Bottom1
verticalBlindsBottomOpenMetalGrey,Window,Bottom1
verticalBlindsBottomOpenMetalWhite,Window,Bottom1
verticalBlindsBottomOpenWhite,Window,Bottom1
verticalBlindsBottomOpenWoodDarkOak,Window,Bottom1
verticalBlindsBottomOpenWoodLightOak,Window,Bottom1
verticalBlindsBottomWhite,Window,Bottom1
verticalBlindsBottomWoodDarkOak,Window,Bottom1
verticalBlindsBottomWoodLightOak,Window,Bottom1
verticalBlindsTop2Black,Window,Top2
verticalBlindsTop2Grey,Window,Top2
verticalBlindsTop2MetalBlack,Window,Top2
verticalBlindsTop2MetalGrey,Window,Top2
verticalBlindsTop2MetalWhite,Window,Top2
verticalBlindsTop2OpenBlack,Window,Top2
verticalBlindsTop2OpenGrey,Window,Top2
verticalBlindsTop2OpenMetalBlack,Window,Top2
verticalBlindsTop2OpenMetalGrey,Window,Top2
verticalBlindsTop2OpenMetalWhite,Window,Top2
verticalBlindsTop2OpenWhite,Window,Top2
verticalBlindsTop2OpenWoodDarkOak,Window,Top2
verticalBlindsTop2OpenWoodLightOak,Window,Top2
verticalBlindsTop2White,Window,Top2
verticalBlindsTop2WoodDarkOak,Window,Top2
verticalBlindsTop2WoodLightOak,Window,Top2
verticalBlindsTopBlack,Window,Top1
verticalBlindsTopGrey,Window,Top1
verticalBlindsTopMetalBlack,Window,Top1
verticalBlindsTopMetalGrey,Window,Top1
verticalBlindsTopMetalWhite,Window,Top1
verticalBlindsTopOpenBlack,Window,Top1
verticalBlindsTopOpenGrey,Window,Top1
verticalBlindsTopOpenMetalBlack,Window,Top1
verticalBlindsTopOpenMetalGrey,Window,Top1
verticalBlindsTopOpenMetalWhite,Window,Top1
verticalBlindsTopOpenWhite,Window,Top1
verticalBlindsTopOpenWoodDarkOak,Window,Top1
verticalBlindsTopOpenWoodLightOak,Window,Top1
verticalBlindsTopRailBlack,Window,Top1
verticalBlindsTopRailGrey,Window,Top1
verticalBlindsTopRailMetalBlack,Window,Top1
verticalBlindsTopRailMetalGrey,Window,Top1
verticalBlindsTopRailMetalWhite,Window,Top1
verticalBlindsTopRailWhite,Window,Top1
verticalBlindsTopRailWoodDarkOak,Window,Top1
verticalBlindsTopRailWoodLightOak,Window,Top1
verticalBlindsTopWhite,Window,Top1
verticalBlindsTopWoodDarkOak,Window,Top1
verticalBlindsTopWoodLightOak,Window,Top1
wallClock,Household,Clock
wallClockBroken,Household,Clock
wallClockWorking,Household,Clock
wallMirror,Household,Misc
wallMirrorBroken,Household,Misc
wallMountSinkCommercial,Bathroom,Sink
wallTorchLight,Light,Placeable
waterHeaterBlack,House,Plumbing
waterHeaterBlue,House,Plumbing
waterHeaterBrown,House,Plumbing
waterHeaterGreen,House,Plumbing
waterHeaterGrey,House,Plumbing
waterHeaterRed,House,Plumbing
waterHeaterWhite,House,Plumbing
waterHeaterYellow,House,Plumbing
wheelchairBlack,Furniture,Wheelchair
wheelchairBlue,Furniture,Wheelchair
wheelchairBrown,Furniture,Wheelchair
wheelchairGreen,Furniture,Wheelchair
wheelchairGrey,Furniture,Wheelchair
wheelchairRed,Furniture,Wheelchair
wheelchairWhite,Furniture,Wheelchair
wheelchairYellow,Furniture,Wheelchair
wineBarrel,Kitchen,Drinks
wineBarrelPlain,Kitchen,Drinks
wineBarrelSet,Kitchen,Drinks
woodPlanksStack,Construction,Stack
woodenBear,Household,Misc
workbench,Electrical,Station
