BlockName,EnglishName,SortOrder1,SortOrder2,Kind,HelperFamily,Parent,Child
agfDecocntCoffeeMakerCooking,Coffee Maker [f0beb9](Campfire)[-],00001,,campfire,cntCoffeeMaker,Kitchen,Campfires
agfDecocntCoffeeMakerCommercialCooking,Commercial Coffee Maker [f0beb9](Campfire)[-],00002,,campfire,cntCoffeeMaker,Kitchen,Campfires
agfDecodecoCookingPotCooking,Cooking Pot [f0beb9](Campfire)[-],00003,,campfire,decoCookingPot,Kitchen,Campfires
agfDecocntCharcoalGrillClosedCooking,"Charcoal Grill, Closed [f0beb9](Campfire)[-]",00004,,campfire,cntCharcoalGrill,Kitchen,Campfires
agfDecocntCharcoalGrillOpenCooking,"Charcoal Grill, Open [f0beb9](Campfire)[-]",00005,,campfire,cntCharcoalGrill,Kitchen,Campfires
agfDecocntGasGrillClosedCooking,"Gas Grill, Closed [f0beb9](Campfire)[-]",00006,,campfire,cntGasGrill,Kitchen,Campfires
agfDecocntGasGrillOpenCooking,"Gas Grill, Open [f0beb9](Campfire)[-]",00007,,campfire,cntGasGrill,Kitchen,Campfires
agfDecocntMicrowaveOvenVer1ClosedCooking,"Microwave, Closed [f0beb9](Campfire)[-]",00008,,campfire,cntMicrowaveOvenVer1,Kitchen,Campfires
agfDecocntMicrowaveOvenVer1OpenCooking,"Microwave, Open [f0beb9](Campfire)[-]",00009,,campfire,cntMicrowaveOvenVer1,Kitchen,Campfires
agfDecocntMicrowaveOvenVer2ClosedCooking,"Microwave, Closed [f0beb9](Campfire)[-]",00010,,campfire,cntMicrowaveOvenVer2,Kitchen,Campfires
agfDecocntMicrowaveOvenVer2OpenCooking,"Microwave, Open [f0beb9](Campfire)[-]",00011,,campfire,cntMicrowaveOvenVer2,Kitchen,Campfires
agfDecocntwallOvenEmptyWhiteCooking,"Wall Oven, Offset, Open, White [f0beb9](Campfire)[-]",00012,,campfire,cntwallOvenEmpty,Kitchen,Campfires
agfDecocntwallOvenEmptyBlackCooking,"Wall Oven, Offset, Open, Black [f0beb9](Campfire)[-]",00013,,campfire,cntwallOvenEmpty,Kitchen,Campfires
agfDecocntwallOvenEmptyGreyCooking,"Wall Oven, Offset, Open, Grey [f0beb9](Campfire)[-]",00014,,campfire,cntwallOvenEmpty,Kitchen,Campfires
agfDecocntwallOvenFullWhiteCooking,"Wall Oven, Offset, Closed, White [f0beb9](Campfire)[-]",00015,,campfire,cntwallOvenFull,Kitchen,Campfires
agfDecocntwallOvenFullBlackCooking,"Wall Oven, Offset, Closed, Black [f0beb9](Campfire)[-]",00016,,campfire,cntwallOvenFull,Kitchen,Campfires
agfDecocntwallOvenFullGreyCooking,"Wall Oven, Offset, Closed, Grey [f0beb9](Campfire)[-]",00017,,campfire,cntwallOvenFull,Kitchen,Campfires
agfDecocntgasRangeWhiteCooking,"Gas Range, White [f0beb9](Campfire)[-]",00018,,campfire,cntgasRange,Kitchen,Campfires
agfDecocntgasRangeBlackCooking,"Gas Range, Black [f0beb9](Campfire)[-]",00019,,campfire,cntgasRange,Kitchen,Campfires
agfDecocntgasRangeGreyCooking,"Gas Range, Grey [f0beb9](Campfire)[-]",00020,,campfire,cntgasRange,Kitchen,Campfires
agfDecocntStoveModernVer1ClosedCooking,"Modern Stove, Closed [f0beb9](Campfire)[-]",00021,,campfire,cntStoveModernVer,Kitchen,Campfires
agfDecocntStoveModernVer2OpenCooking,"Modern Stove, Open [f0beb9](Campfire)[-]",00022,,campfire,cntStoveModernVer,Kitchen,Campfires
agfDecocntStoveOldVer1ClosedCooking,"Old Stove, Closed [f0beb9](Campfire)[-]",00023,,campfire,cntStoveOldVer,Kitchen,Campfires
agfDecocntStoveOldVer2OpenCooking,"Old Stove, Open [f0beb9](Campfire)[-]",00024,,campfire,cntStoveOldVer,Kitchen,Campfires
agfDecocntWoodBurningStoveCooking,Wood Burning Stove [f0beb9](Campfire)[-],00025,,campfire,cntWoodBurningStove,Kitchen,Campfires
agfDecocntCoffeeMaker,Coffee Maker [c8e6be](Loot)[-],00026,,loot,cntCoffeeMaker,Kitchen,Counter
agfDecocntCoffeeMakerCommercial,Commercial Coffee Maker [c8e6be](Loot)[-],00027,,loot,cntCoffeeMaker,Kitchen,Counter
agfDecodecoCookingPot,Cooking Pot [ddcdfa](Deco)[-],00028,,plain,decoCookingPot,Kitchen,Counter
agfDecocntSodaFountain,Soda Fountain [c8e6be](Loot)[-],00029,,loot,cntSodaFountain,Kitchen,Counter
agfDecocntToaster,Toaster [c8e6be](Loot)[-],00030,,loot,cntToaster,Kitchen,Counter
agfDecocntCharcoalGrillClosed,"Charcoal Grill, Closed [c8e6be](Loot)[-]",00031,,loot,cntCharcoalGrill,Kitchen,Grill1
agfDecocntCharcoalGrillOpen,"Charcoal Grill, Open [c8e6be](Loot)[-]",00032,,loot,cntCharcoalGrill,Kitchen,Grill1
agfDecocntGasGrillClosed,"Gas Grill, Closed [c8e6be](Loot)[-]",00033,,loot,cntGasGrill,Kitchen,Grill2
agfDecocntGasGrillOpen,"Gas Grill, Open [c8e6be](Loot)[-]",00034,,loot,cntGasGrill,Kitchen,Grill2
agfDecocntMicrowaveOvenVer1Closed,"Microwave, Closed [c8e6be](Loot)[-]",00035,,loot,cntMicrowaveOvenVer1,Kitchen,Microwave
agfDecocntMicrowaveOvenVer1Open,"Microwave, Open [c8e6be](Loot)[-]",00036,,loot,cntMicrowaveOvenVer1,Kitchen,Microwave
agfDecocntMicrowaveOvenVer2Closed,"Microwave, Closed [c8e6be](Loot)[-]",00037,,loot,cntMicrowaveOvenVer2,Kitchen,Microwave
agfDecocntMicrowaveOvenVer2Open,"Microwave, Open [c8e6be](Loot)[-]",00038,,loot,cntMicrowaveOvenVer2,Kitchen,Microwave
agfDecocntwallOvenFullBlack,"Wall Oven, Offset, Closed, Black [c8e6be](Loot)[-]",00039,,loot,cntwallOvenFull,Kitchen,Oven
agfDecocntwallOvenFullGrey,"Wall Oven, Offset, Closed, Grey [c8e6be](Loot)[-]",00040,,loot,cntwallOvenFull,Kitchen,Oven
agfDecocntwallOvenFullWhite,"Wall Oven, Offset, Closed, White [c8e6be](Loot)[-]",00041,,loot,cntwallOvenFull,Kitchen,Oven
agfDecocntwallOvenEmptyBlack,"Wall Oven, Offset, Open, Black [c8e6be](Loot)[-]",00042,,loot,cntwallOvenEmpty,Kitchen,Oven
agfDecocntwallOvenEmptyGrey,"Wall Oven, Offset, Open, Grey [c8e6be](Loot)[-]",00043,,loot,cntwallOvenEmpty,Kitchen,Oven
agfDecocntwallOvenEmptyWhite,"Wall Oven, Offset, Open, White [c8e6be](Loot)[-]",00044,,loot,cntwallOvenEmpty,Kitchen,Oven
agfDecocntgasRangeBlack,"Gas Range, Black [c8e6be](Loot)[-]",00045,,loot,cntgasRange,Kitchen,Stove
agfDecocntgasRangeGrey,"Gas Range, Grey [c8e6be](Loot)[-]",00046,,loot,cntgasRange,Kitchen,Stove
agfDecocntgasRangeWhite,"Gas Range, White [c8e6be](Loot)[-]",00047,,loot,cntgasRange,Kitchen,Stove
agfDecocntStoveModernVer1Closed,"Modern Stove, Closed [c8e6be](Loot)[-]",00048,,loot,cntStoveModernVer,Kitchen,Stove
agfDecocntStoveModernVer2Open,"Modern Stove, Open [c8e6be](Loot)[-]",00049,,loot,cntStoveModernVer,Kitchen,Stove
agfDecocntStoveOldVer1Closed,"Old Stove, Closed [c8e6be](Loot)[-]",00050,,loot,cntStoveOldVer,Kitchen,Stove
agfDecocntStoveOldVer2Open,"Old Stove, Open [c8e6be](Loot)[-]",00051,,loot,cntStoveOldVer,Kitchen,Stove
agfDecocntWoodBurningStove,Wood Burning Stove [c8e6be](Loot)[-],00052,,loot,cntWoodBurningStove,Kitchen,Stove
agfDecohoodRangeBlackOffset,"Range Hood, Offset, Black [e6dca5](Electric)[-]",00053,,plain,hoodRange,Kitchen,Stove
agfDecohoodRangeWhite,"Range Hood, White [e6dca5](Electric)[-]",00054,,plain,hoodRange,Kitchen,Stove
agfDecocntDishwasherFullBlack,"Dishwasher, Closed, Black [c8e6be](Loot)[-]",00055,,loot,cntDishwasherFull,Kitchen,Dishwasher
agfDecocntDishwasherFullGreen,"Dishwasher, Closed, Green [c8e6be](Loot)[-]",00056,,loot,cntDishwasherFull,Kitchen,Dishwasher
agfDecocntDishwasherFullWhite,"Dishwasher, Closed, White [c8e6be](Loot)[-]",00057,,loot,cntDishwasherFull,Kitchen,Dishwasher
agfDecocntDishwasherFullYellow,"Dishwasher, Closed, Yellow [c8e6be](Loot)[-]",00058,,loot,cntDishwasherFull,Kitchen,Dishwasher
agfDecocntDishwasherEmptyBlack,"Dishwasher, Open, Black [c8e6be](Loot)[-]",00059,,loot,cntDishwasherEmpty,Kitchen,Dishwasher
agfDecocntDishwasherEmptyGreen,"Dishwasher, Open, Green [c8e6be](Loot)[-]",00060,,loot,cntDishwasherEmpty,Kitchen,Dishwasher
agfDecocntDishwasherEmptyWhite,"Dishwasher, Open, White [c8e6be](Loot)[-]",00061,,loot,cntDishwasherEmpty,Kitchen,Dishwasher
agfDecocntDishwasherEmptyYellow,"Dishwasher, Open, Yellow [c8e6be](Loot)[-]",00062,,loot,cntDishwasherEmpty,Kitchen,Dishwasher
agfDecocntFridgeStainlessSteel,"Refrigerator, Closed [c8e6be](Loot)[-]",00063,,loot,cntFridgeStainlessSteel,Kitchen,Fridge
agfDecocntFridgeStainlessSteelVer2Open,"Refrigerator, Open [c8e6be](Loot)[-]",00064,,loot,cntFridgeStainlessSteel,Kitchen,Fridge
agfDecocntRetroFridgeVer1Closed,"Retro Refrigerator, Closed [c8e6be](Loot)[-]",00065,,loot,cntRetroFridgeVer,Kitchen,Fridge
agfDecocntRetroFridgeVer2Open,"Retro Refrigerator, Open [c8e6be](Loot)[-]",00066,,loot,cntRetroFridgeVer,Kitchen,Fridge
agfDecocntMiniBeverageCoolerEmpty,"Mini Beverage Cooler, Empty [c8e6be](Loot)[-]",00067,,loot,cntMiniBeverageCooler,Kitchen,Cooler
agfDecocntMiniBeverageCooler,Mini Beverage Cooler [c8e6be](Loot)[-],00068,,loot,cntMiniBeverageCooler,Kitchen,Cooler
agfDecocntMiniBeverageCoolerUnderCounterEmpty,"Mini Beverage Cooler, Offset, Empty [c8e6be](Loot)[-]",00069,,loot,cntMiniBeverageCoolerUnderCounter,Kitchen,Cooler
agfDecocntMiniBeverageCoolerUnderCounter,"Mini Beverage Cooler, Offset [c8e6be](Loot)[-]",00070,,loot,cntMiniBeverageCoolerUnderCounter,Kitchen,Cooler
agfDecocntCoolerBlue,"Cooler, Closed, Blue [c8e6be](Loot)[-]",00071,,loot,cooler,Kitchen,Drinks
agfDecocntCoolerGreen,"Cooler, Closed, Green [c8e6be](Loot)[-]",00072,,loot,cooler,Kitchen,Drinks
agfDecocntCoolerRed,"Cooler, Closed, Red [c8e6be](Loot)[-]",00073,,loot,cooler,Kitchen,Drinks
agfDecocntCoolerClosedYellow,"Cooler, Closed, Yellow [c8e6be](Loot)[-]",00074,,loot,cooler,Kitchen,Drinks
agfDecocntCoolerOpen,"Cooler, Open [c8e6be](Loot)[-]",00075,,loot,cooler,Kitchen,Drinks
agfDecocntCoolerOpenGreen,"Cooler, Open, Green [c8e6be](Loot)[-]",00076,,loot,cooler,Kitchen,Drinks
agfDecocntCoolerOpenRed,"Cooler, Open, Red [c8e6be](Loot)[-]",00077,,loot,cooler,Kitchen,Drinks
agfDecocntCoolerOpenYellow,"Cooler, Open, Yellow [c8e6be](Loot)[-]",00078,,loot,cooler,Kitchen,Drinks
agfDecocntWaterCoolerFull,"Water Cooler, Full [c8e6be](Loot)[-]",00079,,loot,cntWaterCooler,Kitchen,Drinks
agfDecocntWaterCoolerBottle,Water Cooler Bottle [c8e6be](Loot)[-],00080,,loot,cntWaterCoolerBottle,Kitchen,Drinks
agfDecocntWaterCoolerBottleSideCentered,"Water Cooler Bottle, Side [c8e6be](Loot)[-]",00081,,loot,cntWaterCoolerBottle,Kitchen,Drinks
agfDecodecoSodaCan6Pack,Soda Can 6-Pack [ddcdfa](Deco)[-],00082,,plain,wine,Kitchen,Drinks
agfDecodecoSodaCan6PackCorner,"Soda Can 6-Pack, Corner [ddcdfa](Deco)[-]",00083,,plain,wine,Kitchen,Drinks
agfDecodecoSodaCanSingle,Soda Can [ddcdfa](Deco)[-],00084,,plain,wine,Kitchen,Drinks
agfDecodecoWineBottle,Wine Bottle [ddcdfa](Deco)[-],00085,,plain,wine,Kitchen,Drinks
agfDecodecoWineBottleCorner,"Wine Bottle, Corner [ddcdfa](Deco)[-]",00086,,plain,wine,Kitchen,Drinks
agfDecodecoWineBottlePile01,Wine Bottle Pile 01 [ddcdfa](Deco)[-],00087,,plain,wine,Kitchen,Drinks
agfDecodecoWineBottlePile02,Wine Bottle Pile 02 [ddcdfa](Deco)[-],00088,,plain,wine,Kitchen,Drinks
agfDecodecoWineBottleShelfRow,Wine Bottle Shelf Row [ddcdfa](Deco)[-],00089,,plain,wine,Kitchen,Drinks
agfDecodrinkingfountainDouble,Drinking Fountain [ddcdfa](Deco)[-],00090,,plain,drinkingfountain,Kitchen,Drinks
agfDecodrinkingfountainSingle,Drinking Fountain Single [ddcdfa](Deco)[-],00091,,plain,drinkingfountain,Kitchen,Drinks
agfDecowineBarrel,Wine Barrel [ddcdfa](Deco)[-],00092,,plain,wine,Kitchen,Drinks
agfDecowineBarrelPlain,"Wine Barrel, Plain [ddcdfa](Deco)[-]",00093,,plain,wine,Kitchen,Drinks
agfDecowineBarrelSet,Wine Barrel Set [ddcdfa](Deco)[-],00094,,plain,wine,Kitchen,Drinks
agfDecoshowerHandle01,Shower Handle [ddcdfa](Deco)[-],00095,,plain,showerHandle01,Bathroom,Shower
agfDecoshowerHead,Shower Head [ddcdfa](Deco)[-],00096,,plain,showerHead,Bathroom,Shower
agfDecocounterMountedSinkCommercial,Commercial Counter Sink [ddcdfa](Deco)[-],00097,,plain,counterMountedSinkCommercial,Bathroom,Sink
agfDecofaucet02,Household Faucet 2 [ddcdfa](Deco)[-],00098,,plain,faucet02,Bathroom,Sink
agfDecofaucetBrass02,"Faucet 2, Brass [ddcdfa](Deco)[-]",00099,,plain,faucet02,Bathroom,Sink
agfDecofaucet04,Household Faucet [ddcdfa](Deco)[-],00100,,plain,faucet04,Bathroom,Sink
agfDecofaucetBrass04,"Faucet, Brass [ddcdfa](Deco)[-]",00101,,plain,faucet04,Bathroom,Sink
agfDecopedestalSink,Pedestal Sink [ddcdfa](Deco)[-],00102,,plain,pedestalSink,Bathroom,Sink
agfDecosinkKitchen,Kitchen Sink [ddcdfa](Deco)[-],00103,,plain,sinkKitchen,Bathroom,Sink
agfDecoutilitySink,Utility Sink [ddcdfa](Deco)[-],00104,,plain,utilitySink,Bathroom,Sink
agfDecowallMountSinkCommercial,Commercial Sink [ddcdfa](Deco)[-],00105,,plain,wallMountSinkCommercial,Bathroom,Sink
agfDecocntMedicineCabinetFaucetClosed,"Medicine Cabinet, Closed [c8e6be](Loot)[-]",00106,,loot,cntMedicineCabinetFaucet,Bathroom,Sink
agfDecocntMedicineCabinetFaucetOpen,"Medicine Cabinet, Open [c8e6be](Loot)[-]",00107,,loot,cntMedicineCabinetFaucet,Bathroom,Sink
agfDecocntMedicineCabinetClosed,"Medicine Cabinet, Closed [c8e6be](Loot)[-]",00108,,loot,cntMedicineCabinet,Bathroom,Sink
agfDecocntMedicineCabinetOpen,"Medicine Cabinet, Open [c8e6be](Loot)[-]",00109,,loot,cntMedicineCabinet,Bathroom,Sink
agfDecowallMirror,Wall Mirror [ddcdfa](Deco)[-],00110,,plain,wallMirror,Household,Misc
agfDecowallMirrorBroken,"Wall Mirror, Broken [ddcdfa](Deco)[-]",00111,,plain,wallMirror,Household,Misc
agfDecocntToilet01,Toilet [c8e6be](Loot)[-],00112,,loot,cntToilet0,Bathroom,Toilets
agfDecocntToilet02,Fancy Toilet [c8e6be](Loot)[-],00113,,loot,cntToilet0,Bathroom,Toilets
agfDecocntToilet03,Commercial Toilet [c8e6be](Loot)[-],00114,,loot,cntToilet0,Bathroom,Toilets
agfDecourinalCommercialMounted,Urinal [ddcdfa](Deco)[-],00115,,plain,urinalCommercialMounted,Bathroom,Toilets
agfDecobathroomStallCTRBeam,Bathroom Stall Wall Top Support [ddcdfa](Deco)[-],00116,,plain,bathroomStall,Bathroom,Walls
agfDecobathroomStallSCTRBeam,Bathroom Stall Door Top Support [ddcdfa](Deco)[-],00117,,plain,bathroomStall,Bathroom,Walls
agfDecobathroomStallSupport,Bathroom Stall Support [ddcdfa](Deco)[-],00118,,plain,bathroomStallSupport,Bathroom,Walls
agfDecobathroomStallSupportLeft,"Bathroom Stall Support, Left [ddcdfa](Deco)[-]",00119,,plain,bathroomStallSupport,Bathroom,Walls
agfDecobathroomStallSupportRight,"Bathroom Stall Support, Right [ddcdfa](Deco)[-]",00120,,plain,bathroomStallSupport,Bathroom,Walls
agfDecobathroomStallWall,Bathroom Stall Wall [ddcdfa](Deco)[-],00121,,plain,bathroomStall,Bathroom,Walls
agfDecowaterHeaterBlack,"Water Heater, Black [ddcdfa](Deco)[-]",00122,,plain,waterHeater,House,Plumbing
agfDecowaterHeaterBlue,"Water Heater, Blue [ddcdfa](Deco)[-]",00123,,plain,waterHeater,House,Plumbing
agfDecowaterHeaterBrown,"Water Heater, Brown [ddcdfa](Deco)[-]",00124,,plain,waterHeater,House,Plumbing
agfDecowaterHeaterGreen,"Water Heater, Green [ddcdfa](Deco)[-]",00125,,plain,waterHeater,House,Plumbing
agfDecowaterHeaterGrey,"Water Heater, Grey [ddcdfa](Deco)[-]",00126,,plain,waterHeater,House,Plumbing
agfDecowaterHeaterRed,"Water Heater, Red [ddcdfa](Deco)[-]",00127,,plain,waterHeater,House,Plumbing
agfDecowaterHeaterWhite,"Water Heater, White [ddcdfa](Deco)[-]",00128,,plain,waterHeater,House,Plumbing
agfDecowaterHeaterYellow,"Water Heater, Yellow [ddcdfa](Deco)[-]",00129,,plain,waterHeater,House,Plumbing
agfDecodecoClawFootBathTub,Claw Foot Tub [ddcdfa](Deco)[-],00130,,plain,decoClawFootBathTub,Household,Tub
agfDecocntBathTubEmpty,"Bathtub, Empty [c8e6be](Loot)[-]",00131,,loot,cntBathTubEmpty,Household,Bathroom
agfDecocntBathTubGore,"Bathtub, Gore [c8e6be](Loot)[-]",00132,,loot,cntBathTubGore,Household,Bathroom
agfDecocntModularClosetClosed,"Garment Bag, Closed [c8e6be](Loot)[-]",00133,,loot,cntModularClosetClosed,Household,General
agfDecocntModularClosetClosedBlue,"Garment Bag, Closed, Blue [c8e6be](Loot)[-]",00134,,loot,cntModularClosetClosed,Household,General
agfDecocntModularClosetClosedBrown,"Garment Bag, Closed, Brown [c8e6be](Loot)[-]",00135,,loot,cntModularClosetClosed,Household,General
agfDecocntModularClosetClosedGreen,"Garment Bag, Closed, Green [c8e6be](Loot)[-]",00136,,loot,cntModularClosetClosed,Household,General
agfDecocntModularClosetOpen,"Garment Bag, Empty, Open [c8e6be](Loot)[-]",00137,,loot,cntModularCloset,Household,General
agfDecocntModularClosetEnd,"Garment Bag, End Piece [c8e6be](Loot)[-]",00138,,loot,cntModularCloset,Household,General
agfDecocntFileCabinetShortClosed,"File Cabinet, Short, Closed [c8e6be](Loot)[-]",00139,,loot,cntFileCabinetShortClosed,Household,General
agfDecocntFileCabinetShortClosedBlack,"File Cabinet, Short, Closed, Black [c8e6be](Loot)[-]",00140,,loot,cntFileCabinetShortClosed,Household,General
agfDecocntFileCabinetShortClosedBlue,"File Cabinet, Short, Closed, Blue [c8e6be](Loot)[-]",00141,,loot,cntFileCabinetShortClosed,Household,General
agfDecocntFileCabinetShortClosedBrown,"File Cabinet, Short, Closed, Brown [c8e6be](Loot)[-]",00142,,loot,cntFileCabinetShortClosed,Household,General
agfDecocntFileCabinetShortClosedGreen,"File Cabinet, Short, Closed, Green [c8e6be](Loot)[-]",00143,,loot,cntFileCabinetShortClosed,Household,General
agfDecocntFileCabinetShortClosedGrey,"File Cabinet, Short, Closed, Grey [c8e6be](Loot)[-]",00144,,loot,cntFileCabinetShortClosed,Household,General
agfDecocntFileCabinetShortOpen,"File Cabinet, Short, Open [c8e6be](Loot)[-]",00145,,loot,cntFileCabinetShortOpen,Household,General
agfDecocntFileCabinetShortOpenBlack,"File Cabinet, Short, Open, Black [c8e6be](Loot)[-]",00146,,loot,cntFileCabinetShortOpen,Household,General
agfDecocntFileCabinetShortOpenBlue,"File Cabinet, Short, Open, Blue [c8e6be](Loot)[-]",00147,,loot,cntFileCabinetShortOpen,Household,General
agfDecocntFileCabinetShortOpenBrown,"File Cabinet, Short, Open, Brown [c8e6be](Loot)[-]",00148,,loot,cntFileCabinetShortOpen,Household,General
agfDecocntFileCabinetShortOpenGreen,"File Cabinet, Short, Open, Green [c8e6be](Loot)[-]",00149,,loot,cntFileCabinetShortOpen,Household,General
agfDecocntFileCabinetShortOpenGrey,"File Cabinet, Short, Open, Grey [c8e6be](Loot)[-]",00150,,loot,cntFileCabinetShortOpen,Household,General
agfDecocntFileCabinetTallClosed,"File Cabinet, Tall, Closed [c8e6be](Loot)[-]",00151,,loot,cntFileCabinetTallClosed,Household,General
agfDecocntFileCabinetTallClosedBlack,"File Cabinet, Tall, Closed, Black [c8e6be](Loot)[-]",00152,,loot,cntFileCabinetTallClosed,Household,General
agfDecocntFileCabinetTallClosedBlue,"File Cabinet, Tall, Closed, Blue [c8e6be](Loot)[-]",00153,,loot,cntFileCabinetTallClosed,Household,General
agfDecocntFileCabinetTallClosedBrown,"File Cabinet, Tall, Closed, Brown [c8e6be](Loot)[-]",00154,,loot,cntFileCabinetTallClosed,Household,General
agfDecocntFileCabinetTallClosedGreen,"File Cabinet, Tall, Closed, Green [c8e6be](Loot)[-]",00155,,loot,cntFileCabinetTallClosed,Household,General
agfDecocntFileCabinetTallClosedGrey,"File Cabinet, Tall, Closed, Grey [c8e6be](Loot)[-]",00156,,loot,cntFileCabinetTallClosed,Household,General
agfDecocntFileCabinetTallOpen,"File Cabinet, Tall, Open [c8e6be](Loot)[-]",00157,,loot,cntFileCabinetTallOpen,Household,General
agfDecocntFileCabinetTallOpenBlack,"File Cabinet, Tall, Open, Black [c8e6be](Loot)[-]",00158,,loot,cntFileCabinetTallOpen,Household,General
agfDecocntFileCabinetTallOpenBlue,"File Cabinet, Tall, Open, Blue [c8e6be](Loot)[-]",00159,,loot,cntFileCabinetTallOpen,Household,General
agfDecocntFileCabinetTallOpenBrown,"File Cabinet, Tall, Open, Brown [c8e6be](Loot)[-]",00160,,loot,cntFileCabinetTallOpen,Household,General
agfDecocntFileCabinetTallOpenGreen,"File Cabinet, Tall, Open, Green [c8e6be](Loot)[-]",00161,,loot,cntFileCabinetTallOpen,Household,General
agfDecocntFileCabinetTallOpenGrey,"File Cabinet, Tall, Open, Grey [c8e6be](Loot)[-]",00162,,loot,cntFileCabinetTallOpen,Household,General
agfDecocntFootlockerClosedArmyGreen,"Footlocker, Closed, Army Green [c8e6be](Loot)[-]",00163,,loot,cntFootlockerClosed,Household,General
agfDecocntFootlockerClosedBlack,"Footlocker, Closed, Black [c8e6be](Loot)[-]",00164,,loot,cntFootlockerClosed,Household,General
agfDecocntFootlockerClosedBlue,"Footlocker, Closed, Blue [c8e6be](Loot)[-]",00165,,loot,cntFootlockerClosed,Household,General
agfDecocntFootlockerClosedBrown,"Footlocker, Closed, Brown [c8e6be](Loot)[-]",00166,,loot,cntFootlockerClosed,Household,General
agfDecocntFootlockerClosedSuperCorn,"Footlocker, Closed, Dark Green [c8e6be](Loot)[-]",00167,,loot,cntFootlockerClosed,Household,General
agfDecocntFootlockerClosedGreen,"Footlocker, Closed, Green [c8e6be](Loot)[-]",00168,,loot,cntFootlockerClosed,Household,General
agfDecocntFootlockerClosedGrey,"Footlocker, Closed, Grey [c8e6be](Loot)[-]",00169,,loot,cntFootlockerClosed,Household,General
agfDecocntFootlockerClosedOrange,"Footlocker, Closed, Orange [c8e6be](Loot)[-]",00170,,loot,cntFootlockerClosed,Household,General
agfDecocntFootlockerClosedPink,"Footlocker, Closed, Pink [c8e6be](Loot)[-]",00171,,loot,cntFootlockerClosed,Household,General
agfDecocntFootlockerClosedRed,"Footlocker, Closed, Red [c8e6be](Loot)[-]",00172,,loot,cntFootlockerClosed,Household,General
agfDecocntFootlockerClosedWhite,"Footlocker, Closed, White [c8e6be](Loot)[-]",00173,,loot,cntFootlockerClosed,Household,General
agfDecocntFootlockerClosedYellow,"Footlocker, Closed, Yellow [c8e6be](Loot)[-]",00174,,loot,cntFootlockerClosed,Household,General
agfDecocntFootlockerOpenArmyGreen,"Footlocker, Open, Army Green [c8e6be](Loot)[-]",00175,,loot,cntFootlockerOpen,Household,General
agfDecocntFootlockerOpenBlack,"Footlocker, Open, Black [c8e6be](Loot)[-]",00176,,loot,cntFootlockerOpen,Household,General
agfDecocntFootlockerOpenBlue,"Footlocker, Open, Blue [c8e6be](Loot)[-]",00177,,loot,cntFootlockerOpen,Household,General
agfDecocntFootlockerOpenBrown,"Footlocker, Open, Brown [c8e6be](Loot)[-]",00178,,loot,cntFootlockerOpen,Household,General
agfDecocntFootlockerOpenSuperCorn,"Footlocker, Open, Dark Green [c8e6be](Loot)[-]",00179,,loot,cntFootlockerOpen,Household,General
agfDecocntFootlockerOpenGreen,"Footlocker, Open, Green [c8e6be](Loot)[-]",00180,,loot,cntFootlockerOpen,Household,General
agfDecocntFootlockerOpenGrey,"Footlocker, Open, Grey [c8e6be](Loot)[-]",00181,,loot,cntFootlockerOpen,Household,General
agfDecocntFootlockerOpenOrange,"Footlocker, Open, Orange [c8e6be](Loot)[-]",00182,,loot,cntFootlockerOpen,Household,General
agfDecocntFootlockerOpenPink,"Footlocker, Open, Pink [c8e6be](Loot)[-]",00183,,loot,cntFootlockerOpen,Household,General
agfDecocntFootlockerOpenRed,"Footlocker, Open, Red [c8e6be](Loot)[-]",00184,,loot,cntFootlockerOpen,Household,General
agfDecocntFootlockerOpenWhite,"Footlocker, Open, White [c8e6be](Loot)[-]",00185,,loot,cntFootlockerOpen,Household,General
agfDecocntFootlockerOpenYellow,"Footlocker, Open, Yellow [c8e6be](Loot)[-]",00186,,loot,cntFootlockerOpen,Household,General
agfDecoairConditioner,Air Conditioner [ddcdfa](Deco)[-],00187,,plain,airConditioner,Household,Misc
agfDecoairConditionVentFan,Vent Fan [ddcdfa](Deco)[-],00188,,plain,airConditionVentFan,Household,Misc
agfDecoairConditionVentFanDouble,Vent Fan [ddcdfa](Deco)[-],00189,,plain,airConditionVentFan,Household,Misc
agfDecoradiatorHouse01,Radiator [ddcdfa](Deco)[-],00190,,plain,radiatorHouse01,Household,Misc
agfDecocapChimney,Chimney Cap [ddcdfa](Deco)[-],00191,,plain,capChimney,Household,Misc
agfDecocapChimneyLarge,Chimney Cap Large [ddcdfa](Deco)[-],00192,,plain,capChimneyLarge,Household,Misc
agfDecocapChimneyLargeSmoke,Chimney Cap Large Smoke [ddcdfa](Deco)[-],00193,,plain,capChimneyLarge,Household,Misc
agfDecomodularFireWoodStackA,Firewood Stack A [ddcdfa](Deco)[-],00194,,plain,modularFireWoodStack,Household,Misc
agfDecomodularFireWoodStackB,Firewood Stack B [ddcdfa](Deco)[-],00195,,plain,modularFireWoodStack,Household,Misc
agfDecomodularFireWoodStackC,Firewood Stack C [ddcdfa](Deco)[-],00196,,plain,modularFireWoodStack,Household,Misc
agfDecotankPropaneBlue,"Propane Tank, Blue [ddcdfa](Deco)[-]",00197,,plain,tankPropane,Household,Misc
agfDecotankPropaneBrown,"Propane Tank, Brown [ddcdfa](Deco)[-]",00198,,plain,tankPropane,Household,Misc
agfDecotankPropaneGreen,"Propane Tank, Green [ddcdfa](Deco)[-]",00199,,plain,tankPropane,Household,Misc
agfDecotankPropaneGrey,"Propane Tank, Grey [ddcdfa](Deco)[-]",00200,,plain,tankPropane,Household,Misc
agfDecotankPropaneOrange,"Propane Tank, Orange [ddcdfa](Deco)[-]",00201,,plain,tankPropane,Household,Misc
agfDecotankPropanePink,"Propane Tank, Pink [ddcdfa](Deco)[-]",00202,,plain,tankPropane,Household,Misc
agfDecotankPropaneRed,"Propane Tank, Red [ddcdfa](Deco)[-]",00203,,plain,tankPropane,Household,Misc
agfDecotankPropaneWhite,"Propane Tank, White [ddcdfa](Deco)[-]",00204,,plain,tankPropane,Household,Misc
agfDecotankPropaneYellow,"Propane Tank, Yellow [ddcdfa](Deco)[-]",00205,,plain,tankPropane,Household,Misc
agfDecokeyRackBoxMetal01,Metal Key Rack [ddcdfa](Deco)[-],00206,,plain,keyRackBoxMetal01,Household,Misc
agfDecokeyRackWood01,Wood Key Rack [ddcdfa](Deco)[-],00207,,plain,keyRackWood01,Household,Misc
agfDecorugBear,Bear Rug [ddcdfa](Deco)[-],00208,,plain,rugBear,Household,Misc
agfDecostandIV,IV Stand [ddcdfa](Deco)[-],00209,,plain,standIV,Household,Misc
agfDecotrophy,Trophy [ddcdfa](Deco)[-],00210,,plain,trophy,Household,Misc
agfDecotrophyOffset,"Trophy, Offset [ddcdfa](Deco)[-]",00211,,plain,trophyOffset,Household,Misc
agfDecowoodenBear,Wooden Bear [ddcdfa](Deco)[-],00212,,plain,woodenBear,Household,Misc
agfDecocntDumpsterBlue,"Dumpster, Blue [c8e6be](Loot)[-]",00213,,loot,cntDumpster,Household,Trash
agfDecocntDumpsterBrown,"Dumpster, Brown [c8e6be](Loot)[-]",00214,,loot,cntDumpster,Household,Trash
agfDecocntDumpster,"Dumpster, Green [c8e6be](Loot)[-]",00215,,loot,cntDumpster,Household,Trash
agfDecocntDumpsterGrey,"Dumpster, Grey [c8e6be](Loot)[-]",00216,,loot,cntDumpster,Household,Trash
agfDecocntDumpsterFliesBlue,"Dumpster, Flies, Blue [c8e6be](Loot)[-]",00217,,loot,cntDumpsterFlies,Household,Trash
agfDecocntDumpsterFliesBrown,"Dumpster, Flies, Brown [c8e6be](Loot)[-]",00218,,loot,cntDumpsterFlies,Household,Trash
agfDecocntDumpsterFlies,"Dumpster, Flies, Green [c8e6be](Loot)[-]",00219,,loot,cntDumpsterFlies,Household,Trash
agfDecocntDumpsterFliesGrey,"Dumpster, Flies, Grey [c8e6be](Loot)[-]",00220,,loot,cntDumpsterFlies,Household,Trash
agfDecocntBinTrashMetalEmptyWhite,"Metal Trash Bin, Empty, White [c8e6be](Loot)[-]",00221,,loot,cntBinTrashMetal,Household,Trash
agfDecocntBinTrashMetalFullWhite,"Metal Trash Bin, Full, White [c8e6be](Loot)[-]",00222,,loot,cntBinTrashMetal,Household,Trash
agfDecocntBinTrashPlasticEmptyBlack,"Plastic Trash Bin, Empty, Black [c8e6be](Loot)[-]",00223,,loot,cntBinTrashPlasticEmpty,Household,Trash
agfDecocntBinTrashPlasticEmptyBlue,"Plastic Trash Bin, Empty, Blue [c8e6be](Loot)[-]",00224,,loot,cntBinTrashPlasticEmpty,Household,Trash
agfDecocntBinTrashPlasticEmptyBrown,"Plastic Trash Bin, Empty, Brown [c8e6be](Loot)[-]",00225,,loot,cntBinTrashPlasticEmpty,Household,Trash
agfDecocntBinTrashPlasticEmptyGreen,"Plastic Trash Bin, Empty, Green [c8e6be](Loot)[-]",00226,,loot,cntBinTrashPlasticEmpty,Household,Trash
agfDecocntBinTrashPlasticEmptyGrey,"Plastic Trash Bin, Empty, Grey [c8e6be](Loot)[-]",00227,,loot,cntBinTrashPlasticEmpty,Household,Trash
agfDecocntBinTrashPlasticEmptyOrange,"Plastic Trash Bin, Empty, Orange [c8e6be](Loot)[-]",00228,,loot,cntBinTrashPlasticEmpty,Household,Trash
agfDecocntBinTrashPlasticEmptyPink,"Plastic Trash Bin, Empty, Pink [c8e6be](Loot)[-]",00229,,loot,cntBinTrashPlasticEmpty,Household,Trash
agfDecocntBinTrashPlasticEmptyPurple,"Plastic Trash Bin, Empty, Purple [c8e6be](Loot)[-]",00230,,loot,cntBinTrashPlasticEmpty,Household,Trash
agfDecocntBinTrashPlasticEmptyRed,"Plastic Trash Bin, Empty, Red [c8e6be](Loot)[-]",00231,,loot,cntBinTrashPlasticEmpty,Household,Trash
agfDecocntBinTrashPlasticEmptyWhite,"Plastic Trash Bin, Empty, White [c8e6be](Loot)[-]",00232,,loot,cntBinTrashPlasticEmpty,Household,Trash
agfDecocntBinTrashPlasticEmptyYellow,"Plastic Trash Bin, Empty, Yellow [c8e6be](Loot)[-]",00233,,loot,cntBinTrashPlasticEmpty,Household,Trash
agfDecocntBinTrashPlasticFullBlack,"Plastic Trash Bin, Full, Black [c8e6be](Loot)[-]",00234,,loot,cntBinTrashPlasticFull,Household,Trash
agfDecocntBinTrashPlasticFullBlue,"Plastic Trash Bin, Full, Blue [c8e6be](Loot)[-]",00235,,loot,cntBinTrashPlasticFull,Household,Trash
agfDecocntBinTrashPlasticFullBrown,"Plastic Trash Bin, Full, Brown [c8e6be](Loot)[-]",00236,,loot,cntBinTrashPlasticFull,Household,Trash
agfDecocntBinTrashPlasticFullGreen,"Plastic Trash Bin, Full, Green [c8e6be](Loot)[-]",00237,,loot,cntBinTrashPlasticFull,Household,Trash
agfDecocntBinTrashPlasticFullGrey,"Plastic Trash Bin, Full, Grey [c8e6be](Loot)[-]",00238,,loot,cntBinTrashPlasticFull,Household,Trash
agfDecocntBinTrashPlasticFullOrange,"Plastic Trash Bin, Full, Orange [c8e6be](Loot)[-]",00239,,loot,cntBinTrashPlasticFull,Household,Trash
agfDecocntBinTrashPlasticFullPink,"Plastic Trash Bin, Full, Pink [c8e6be](Loot)[-]",00240,,loot,cntBinTrashPlasticFull,Household,Trash
agfDecocntBinTrashPlasticFullPurple,"Plastic Trash Bin, Full, Purple [c8e6be](Loot)[-]",00241,,loot,cntBinTrashPlasticFull,Household,Trash
agfDecocntBinTrashPlasticFullRed,"Plastic Trash Bin, Full, Red [c8e6be](Loot)[-]",00242,,loot,cntBinTrashPlasticFull,Household,Trash
agfDecocntBinTrashPlasticFullWhite,"Plastic Trash Bin, Full, White [c8e6be](Loot)[-]",00243,,loot,cntBinTrashPlasticFull,Household,Trash
agfDecocntBinTrashPlasticFullYellow,"Plastic Trash Bin, Full, Yellow [c8e6be](Loot)[-]",00244,,loot,cntBinTrashPlasticFull,Household,Trash
agfDecocntbinTrashRollingBlue,"Rolling Trash Bin, Blue [c8e6be](Loot)[-]",00245,,loot,cntbinTrashRolling,Household,Trash
agfDecocntbinTrashRollingBrown,"Rolling Trash Bin, Brown [c8e6be](Loot)[-]",00246,,loot,cntbinTrashRolling,Household,Trash
agfDecocntbinTrashRollingGreen,"Rolling Trash Bin, Green [c8e6be](Loot)[-]",00247,,loot,cntbinTrashRolling,Household,Trash
agfDecocntbinTrashRollingGrey,"Rolling Trash Bin, Grey [c8e6be](Loot)[-]",00248,,loot,cntbinTrashRolling,Household,Trash
agfDecocntbinTrashRollingOrange,"Rolling Trash Bin, Orange [c8e6be](Loot)[-]",00249,,loot,cntbinTrashRolling,Household,Trash
agfDecocntbinTrashRollingRed,"Rolling Trash Bin, Red [c8e6be](Loot)[-]",00250,,loot,cntbinTrashRolling,Household,Trash
agfDecocntbinTrashRollingWhite,"Rolling Trash Bin, White [c8e6be](Loot)[-]",00251,,loot,cntbinTrashRolling,Household,Trash
agfDecocntbinTrashRollingYellow,"Rolling Trash Bin, Yellow [c8e6be](Loot)[-]",00252,,loot,cntbinTrashRolling,Household,Trash
agfDecocntDomedTrashCanCornerEmpty,"Domed Trash Can, Corner, Empty [c8e6be](Loot)[-]",00253,,loot,cntDomedTrashCanCorner,Household,Trash
agfDecocntDomedTrashCanCornerFull,"Domed Trash Can, Corner, Full [c8e6be](Loot)[-]",00254,,loot,cntDomedTrashCanCorner,Household,Trash
agfDecocntDomedTrashCanEmpty,"Domed Trash Can, Empty [c8e6be](Loot)[-]",00255,,loot,cntDomedTrashCan,Household,Trash
agfDecocntDomedTrashCanFull,"Domed Trash Can, Full [c8e6be](Loot)[-]",00256,,loot,cntDomedTrashCan,Household,Trash
agfDecocntFancyGarbageCan,Fancy Garbage Can [c8e6be](Loot)[-],00257,,loot,cntFancyGarbageCan,Household,Trash
agfDecocntTrashBinCommercialBlack,"Trash, Black [c8e6be](Loot)[-]",00258,,loot,cntTrashBinCommercial,Household,Trash
agfDecocntTrashBinCommercialBlue,"Trash, Blue [c8e6be](Loot)[-]",00259,,loot,cntTrashBinCommercial,Household,Trash
agfDecocntTrashBinCommercialBrown,"Trash, Brown [c8e6be](Loot)[-]",00260,,loot,cntTrashBinCommercial,Household,Trash
agfDecocntTrashBinCommercialGreen,"Trash, Green [c8e6be](Loot)[-]",00261,,loot,cntTrashBinCommercial,Household,Trash
agfDecocntTrashBinCommercialGrey,"Trash, Grey [c8e6be](Loot)[-]",00262,,loot,cntTrashBinCommercial,Household,Trash
agfDecocntTrashBinCommercialOrange,"Trash, Orange [c8e6be](Loot)[-]",00263,,loot,cntTrashBinCommercial,Household,Trash
agfDecocntTrashBinCommercialPurple,"Trash, Purple [c8e6be](Loot)[-]",00264,,loot,cntTrashBinCommercial,Household,Trash
agfDecocntTrashBinCommercialRed,"Trash, Red [c8e6be](Loot)[-]",00265,,loot,cntTrashBinCommercial,Household,Trash
agfDecocntTrashBinCommercialWhite,"Trash, White [c8e6be](Loot)[-]",00266,,loot,cntTrashBinCommercial,Household,Trash
agfDecocntTrashBinCommercialYellow,"Trash, Yellow [c8e6be](Loot)[-]",00267,,loot,cntTrashBinCommercial,Household,Trash
agfDecodecoReptileTerrarium,Reptile Terrarium [ddcdfa](Deco)[-],00268,,plain,decoReptileTerrarium,Household,Pet
agfDecodecoClassicDogHouse,Dog House [ddcdfa](Deco)[-],00269,,plain,decoClassicDogHouse,Household,Pet
agfDecodecoLargePetCage,Large Pet Cage [ddcdfa](Deco)[-],00270,,plain,decoLargePetCage,Household,Pet
agfDecobirdBathPlanter,Bird Bath Planter [ddcdfa](Deco)[-],00271,,plain,birdBathPlanter,Household,Pet
agfDecohorseshoe_01,Horseshoe 01 [ddcdfa](Deco)[-],00272,,plain,horseshoe_0,Household,Pet
agfDecohorseshoe_02,Horseshoe 02 [ddcdfa](Deco)[-],00273,,plain,horseshoe_0,Household,Pet
agfDecohorseshoe_03,Horseshoe 03 [ddcdfa](Deco)[-],00274,,plain,horseshoe_0,Household,Pet
agfDecohayBaleRound,"Hay Bale, Round [ddcdfa](Deco)[-]",00275,,plain,hayBaleRound,Household,Pet
agfDecohayBaleSquare,Hay Bale [ddcdfa](Deco)[-],00276,,plain,hayBaleSquare,Household,Pet
agfDecocntTroughPigEmpty,"Pig Trough, Empty [c8e6be](Loot)[-]",00277,,loot,cntTroughPig,Household,Pet
agfDecocntTroughPigFull,"Pig Trough, Full [c8e6be](Loot)[-]",00278,,loot,cntTroughPig,Household,Pet
agfDecowallClock,"Wall Clock, Stopped [ddcdfa](Deco)[-]",00279,,plain,wallClock,Household,Clock
agfDecowallClockWorking,"Wall Clock, Working [ddcdfa](Deco)[-]",00280,,plain,wallClock,Household,Clock
agfDecowallClockBroken,"Wall Clock, Broken [ddcdfa](Deco)[-]",00281,,plain,wallClock,Household,Clock
agfDecocntDryerClosed,"Dryer, Closed [c8e6be](Loot)[-]",00282,,loot,cntDryer,Laundry,Dryer
agfDecocntDryerOpen,"Dryer, Open [c8e6be](Loot)[-]",00283,,loot,cntDryer,Laundry,Dryer
agfDecocntWasherClosed,"Washing Machine, Closed [c8e6be](Loot)[-]",00284,,loot,cntWasher,Laundry,Washer
agfDecocntWasherOpen,"Washing Machine, Open [c8e6be](Loot)[-]",00285,,loot,cntWasher,Laundry,Washer
agfDecocntWasherIndustrialClosed,"Industrial Washing Machine, Closed [c8e6be](Loot)[-]",00286,,loot,cntWasherIndustrial,Laundry,Washer
agfDecocntWasherIndustrialOpen,"Industrial Washing Machine, Open [c8e6be](Loot)[-]",00287,,loot,cntWasherIndustrial,Laundry,Washer
agfDecocntWasherIndustrialTipped,"Industrial Washing Machine, Tipped [c8e6be](Loot)[-]",00288,,loot,cntWasherIndustrial,Laundry,Washer
agfDecocntbasketLaundryEmptyBlack,"Laundry Basket, Empty, Black [c8e6be](Loot)[-]",00289,,loot,cntbasketLaundryEmpty,Laundry,General
agfDecocntbasketLaundryEmptyBlue,"Laundry Basket, Empty, Blue [c8e6be](Loot)[-]",00290,,loot,cntbasketLaundryEmpty,Laundry,General
agfDecocntbasketLaundryEmptyBrown,"Laundry Basket, Empty, Brown [c8e6be](Loot)[-]",00291,,loot,cntbasketLaundryEmpty,Laundry,General
agfDecocntbasketLaundryEmptyGreen,"Laundry Basket, Empty, Green [c8e6be](Loot)[-]",00292,,loot,cntbasketLaundryEmpty,Laundry,General
agfDecocntbasketLaundryEmptyGrey,"Laundry Basket, Empty, Grey [c8e6be](Loot)[-]",00293,,loot,cntbasketLaundryEmpty,Laundry,General
agfDecocntbasketLaundryEmptyOrange,"Laundry Basket, Empty, Orange [c8e6be](Loot)[-]",00294,,loot,cntbasketLaundryEmpty,Laundry,General
agfDecocntbasketLaundryEmptyRed,"Laundry Basket, Empty, Red [c8e6be](Loot)[-]",00295,,loot,cntbasketLaundryEmpty,Laundry,General
agfDecocntbasketLaundryEmptyWhite,"Laundry Basket, Empty, White [c8e6be](Loot)[-]",00296,,loot,cntbasketLaundryEmpty,Laundry,General
agfDecocntbasketLaundryEmptyYellow,"Laundry Basket, Empty, Yellow [c8e6be](Loot)[-]",00297,,loot,cntbasketLaundryEmpty,Laundry,General
agfDecocntbasketLaundryFullBlack,"Laundry Basket, Full, Black [c8e6be](Loot)[-]",00298,,loot,cntbasketLaundryFull,Laundry,General
agfDecocntbasketLaundryFullBlue,"Laundry Basket, Full, Blue [c8e6be](Loot)[-]",00299,,loot,cntbasketLaundryFull,Laundry,General
agfDecocntbasketLaundryFullBrown,"Laundry Basket, Full, Brown [c8e6be](Loot)[-]",00300,,loot,cntbasketLaundryFull,Laundry,General
agfDecocntbasketLaundryFullGreen,"Laundry Basket, Full, Green [c8e6be](Loot)[-]",00301,,loot,cntbasketLaundryFull,Laundry,General
agfDecocntbasketLaundryFullGrey,"Laundry Basket, Full, Grey [c8e6be](Loot)[-]",00302,,loot,cntbasketLaundryFull,Laundry,General
agfDecocntbasketLaundryFullOrange,"Laundry Basket, Full, Orange [c8e6be](Loot)[-]",00303,,loot,cntbasketLaundryFull,Laundry,General
agfDecocntbasketLaundryFullRed,"Laundry Basket, Full, Red [c8e6be](Loot)[-]",00304,,loot,cntbasketLaundryFull,Laundry,General
agfDecocntbasketLaundryFullWhite,"Laundry Basket, Full, White [c8e6be](Loot)[-]",00305,,loot,cntbasketLaundryFull,Laundry,General
agfDecocntbasketLaundryFullYellow,"Laundry Basket, Full, Yellow [c8e6be](Loot)[-]",00306,,loot,cntbasketLaundryFull,Laundry,General
agfDecolaundryCartEmpty,"Laundry Cart, Empty [c8e6be](Loot)[-]",00307,,loot,laundryCart,Laundry,General
agfDecolaundryCartFull,"Laundry Cart, Full [c8e6be](Loot)[-]",00308,,loot,laundryCart,Laundry,General
agfDecolaundryLoose,Loose Laundry [ddcdfa](Deco)[-],00309,,plain,laundryLoose,Laundry,General
agfDecolaundryPileLong,Long Laundry Pile [ddcdfa](Deco)[-],00310,,plain,laundryPile,Laundry,General
agfDecolaundryPileTall,"Laundry Pile, Tall [ddcdfa](Deco)[-]",00311,,plain,laundryPile,Laundry,General
agfDecocntNightstandClosed,"Nightstand, Closed [c8e6be](Loot)[-]",00312,,loot,cntNightstand,Furniture,Armoire
agfDecocntNightstandOpen,"Nightstand, Open [c8e6be](Loot)[-]",00313,,loot,cntNightstand,Furniture,Armoire
agfDecocntNightstandWallClosed,"Nightstand, Closed [c8e6be](Loot)[-]",00314,,loot,cntNightstandWall,Furniture,Armoire
agfDecocntNightstandWallOpen,"Nightstand, Open [c8e6be](Loot)[-]",00315,,loot,cntNightstandWall,Furniture,Armoire
agfDecocntArmoireDrawerFullBlack,"Armoire Drawer, Closed, Black [c8e6be](Loot)[-]",00316,,loot,cntArmoireDrawerFull,Furniture,Armoire
agfDecocntArmoireDrawerFullBlue,"Armoire Drawer, Closed, Blue [c8e6be](Loot)[-]",00317,,loot,cntArmoireDrawerFull,Furniture,Armoire
agfDecocntArmoireDrawerFullBrown,"Armoire Drawer, Closed, Brown [c8e6be](Loot)[-]",00318,,loot,cntArmoireDrawerFull,Furniture,Armoire
agfDecocntArmoireDrawerFullGreen,"Armoire Drawer, Closed, Green [c8e6be](Loot)[-]",00319,,loot,cntArmoireDrawerFull,Furniture,Armoire
agfDecocntArmoireDrawerFullGrey,"Armoire Drawer, Closed, Grey [c8e6be](Loot)[-]",00320,,loot,cntArmoireDrawerFull,Furniture,Armoire
agfDecocntArmoireDrawerFullOrange,"Armoire Drawer, Closed, Orange [c8e6be](Loot)[-]",00321,,loot,cntArmoireDrawerFull,Furniture,Armoire
agfDecocntArmoireDrawerFullPink,"Armoire Drawer, Closed, Pink [c8e6be](Loot)[-]",00322,,loot,cntArmoireDrawerFull,Furniture,Armoire
agfDecocntArmoireDrawerFullPurple,"Armoire Drawer, Closed, Purple [c8e6be](Loot)[-]",00323,,loot,cntArmoireDrawerFull,Furniture,Armoire
agfDecocntArmoireDrawerFullRed,"Armoire Drawer, Closed, Red [c8e6be](Loot)[-]",00324,,loot,cntArmoireDrawerFull,Furniture,Armoire
agfDecocntArmoireDrawerFullWhite,"Armoire Drawer, Closed, White [c8e6be](Loot)[-]",00325,,loot,cntArmoireDrawerFull,Furniture,Armoire
agfDecocntArmoireDrawerFullYellow,"Armoire Drawer, Closed, Yellow [c8e6be](Loot)[-]",00326,,loot,cntArmoireDrawerFull,Furniture,Armoire
agfDecocntArmoireDrawerEmptyBlack,"Armoire Drawer, Open, Black [c8e6be](Loot)[-]",00327,,loot,cntArmoireDrawerEmpty,Furniture,Armoire
agfDecocntArmoireDrawerEmptyBlue,"Armoire Drawer, Open, Blue [c8e6be](Loot)[-]",00328,,loot,cntArmoireDrawerEmpty,Furniture,Armoire
agfDecocntArmoireDrawerEmptyBrown,"Armoire Drawer, Open, Brown [c8e6be](Loot)[-]",00329,,loot,cntArmoireDrawerEmpty,Furniture,Armoire
agfDecocntArmoireDrawerEmptyGreen,"Armoire Drawer, Open, Green [c8e6be](Loot)[-]",00330,,loot,cntArmoireDrawerEmpty,Furniture,Armoire
agfDecocntArmoireDrawerEmptyGrey,"Armoire Drawer, Open, Grey [c8e6be](Loot)[-]",00331,,loot,cntArmoireDrawerEmpty,Furniture,Armoire
agfDecocntArmoireDrawerEmptyOrange,"Armoire Drawer, Open, Orange [c8e6be](Loot)[-]",00332,,loot,cntArmoireDrawerEmpty,Furniture,Armoire
agfDecocntArmoireDrawerEmptyPink,"Armoire Drawer, Open, Pink [c8e6be](Loot)[-]",00333,,loot,cntArmoireDrawerEmpty,Furniture,Armoire
agfDecocntArmoireDrawerEmptyPurple,"Armoire Drawer, Open, Purple [c8e6be](Loot)[-]",00334,,loot,cntArmoireDrawerEmpty,Furniture,Armoire
agfDecocntArmoireDrawerEmptyRed,"Armoire Drawer, Open, Red [c8e6be](Loot)[-]",00335,,loot,cntArmoireDrawerEmpty,Furniture,Armoire
agfDecocntArmoireDrawerEmptyWhite,"Armoire Drawer, Open, White [c8e6be](Loot)[-]",00336,,loot,cntArmoireDrawerEmpty,Furniture,Armoire
agfDecocntArmoireDrawerEmptyYellow,"Armoire Drawer, Open, Yellow [c8e6be](Loot)[-]",00337,,loot,cntArmoireDrawerEmpty,Furniture,Armoire
agfDecocntArmoireSideBlack,"Armoire Side, Black [c8e6be](Loot)[-]",00338,,loot,cntArmoireSide,Furniture,Armoire
agfDecocntArmoireSideBlue,"Armoire Side, Blue [c8e6be](Loot)[-]",00339,,loot,cntArmoireSide,Furniture,Armoire
agfDecocntArmoireSideBrown,"Armoire Side, Brown [c8e6be](Loot)[-]",00340,,loot,cntArmoireSide,Furniture,Armoire
agfDecocntArmoireSideGreen,"Armoire Side, Green [c8e6be](Loot)[-]",00341,,loot,cntArmoireSide,Furniture,Armoire
agfDecocntArmoireSideGrey,"Armoire Side, Grey [c8e6be](Loot)[-]",00342,,loot,cntArmoireSide,Furniture,Armoire
agfDecocntArmoireSideOrange,"Armoire Side, Orange [c8e6be](Loot)[-]",00343,,loot,cntArmoireSide,Furniture,Armoire
agfDecocntArmoireSidePink,"Armoire Side, Pink [c8e6be](Loot)[-]",00344,,loot,cntArmoireSide,Furniture,Armoire
agfDecocntArmoireSidePurple,"Armoire Side, Purple [c8e6be](Loot)[-]",00345,,loot,cntArmoireSide,Furniture,Armoire
agfDecocntArmoireSideRed,"Armoire Side, Red [c8e6be](Loot)[-]",00346,,loot,cntArmoireSide,Furniture,Armoire
agfDecocntArmoireSideWhite,"Armoire Side, White [c8e6be](Loot)[-]",00347,,loot,cntArmoireSide,Furniture,Armoire
agfDecocntArmoireSideYellow,"Armoire Side, Yellow [c8e6be](Loot)[-]",00348,,loot,cntArmoireSide,Furniture,Armoire
agfDecocntArmoireSideShortBlack,"Armoire Side, Short, Black [c8e6be](Loot)[-]",00349,,loot,cntArmoireSideShort,Furniture,Armoire
agfDecocntArmoireSideShortBlue,"Armoire Side, Short, Blue [c8e6be](Loot)[-]",00350,,loot,cntArmoireSideShort,Furniture,Armoire
agfDecocntArmoireSideShortBrown,"Armoire Side, Short, Brown [c8e6be](Loot)[-]",00351,,loot,cntArmoireSideShort,Furniture,Armoire
agfDecocntArmoireSideShortGreen,"Armoire Side, Short, Green [c8e6be](Loot)[-]",00352,,loot,cntArmoireSideShort,Furniture,Armoire
agfDecocntArmoireSideShortGrey,"Armoire Side, Short, Grey [c8e6be](Loot)[-]",00353,,loot,cntArmoireSideShort,Furniture,Armoire
agfDecocntArmoireSideShortOrange,"Armoire Side, Short, Orange [c8e6be](Loot)[-]",00354,,loot,cntArmoireSideShort,Furniture,Armoire
agfDecocntArmoireSideShortPink,"Armoire Side, Short, Pink [c8e6be](Loot)[-]",00355,,loot,cntArmoireSideShort,Furniture,Armoire
agfDecocntArmoireSideShortPurple,"Armoire Side, Short, Purple [c8e6be](Loot)[-]",00356,,loot,cntArmoireSideShort,Furniture,Armoire
agfDecocntArmoireSideShortRed,"Armoire Side, Short, Red [c8e6be](Loot)[-]",00357,,loot,cntArmoireSideShort,Furniture,Armoire
agfDecocntArmoireSideShortWhite,"Armoire Side, Short, White [c8e6be](Loot)[-]",00358,,loot,cntArmoireSideShort,Furniture,Armoire
agfDecocntArmoireSideShortYellow,"Armoire Side, Short, Yellow [c8e6be](Loot)[-]",00359,,loot,cntArmoireSideShort,Furniture,Armoire
agfDecocntArmoireTopBackBlack,"Armoire Top Back, Black [c8e6be](Loot)[-]",00360,,loot,cntArmoireTopBack,Furniture,Armoire
agfDecocntArmoireTopBackBlue,"Armoire Top Back, Blue [c8e6be](Loot)[-]",00361,,loot,cntArmoireTopBack,Furniture,Armoire
agfDecocntArmoireTopBackBrown,"Armoire Top Back, Brown [c8e6be](Loot)[-]",00362,,loot,cntArmoireTopBack,Furniture,Armoire
agfDecocntArmoireTopBackGreen,"Armoire Top Back, Green [c8e6be](Loot)[-]",00363,,loot,cntArmoireTopBack,Furniture,Armoire
agfDecocntArmoireTopBackGrey,"Armoire Top Back, Grey [c8e6be](Loot)[-]",00364,,loot,cntArmoireTopBack,Furniture,Armoire
agfDecocntArmoireTopBackOrange,"Armoire Top Back, Orange [c8e6be](Loot)[-]",00365,,loot,cntArmoireTopBack,Furniture,Armoire
agfDecocntArmoireTopBackPink,"Armoire Top Back, Pink [c8e6be](Loot)[-]",00366,,loot,cntArmoireTopBack,Furniture,Armoire
agfDecocntArmoireTopBackPurple,"Armoire Top Back, Purple [c8e6be](Loot)[-]",00367,,loot,cntArmoireTopBack,Furniture,Armoire
agfDecocntArmoireTopBackRed,"Armoire Top Back, Red [c8e6be](Loot)[-]",00368,,loot,cntArmoireTopBack,Furniture,Armoire
agfDecocntArmoireTopBackWhite,"Armoire Top Back, White [c8e6be](Loot)[-]",00369,,loot,cntArmoireTopBack,Furniture,Armoire
agfDecocntArmoireTopBackYellow,"Armoire Top Back, Yellow [c8e6be](Loot)[-]",00370,,loot,cntArmoireTopBack,Furniture,Armoire
agfDecocntArmoireTopBlack,"Armoire Top, Black [c8e6be](Loot)[-]",00371,,loot,cntArmoireTop,Furniture,Armoire
agfDecocntArmoireTopBlue,"Armoire Top, Blue [c8e6be](Loot)[-]",00372,,loot,cntArmoireTop,Furniture,Armoire
agfDecocntArmoireTopBrown,"Armoire Top, Brown [c8e6be](Loot)[-]",00373,,loot,cntArmoireTop,Furniture,Armoire
agfDecocntArmoireTopGreen,"Armoire Top, Green [c8e6be](Loot)[-]",00374,,loot,cntArmoireTop,Furniture,Armoire
agfDecocntArmoireTopGrey,"Armoire Top, Grey [c8e6be](Loot)[-]",00375,,loot,cntArmoireTop,Furniture,Armoire
agfDecocntArmoireTopOrange,"Armoire Top, Orange [c8e6be](Loot)[-]",00376,,loot,cntArmoireTop,Furniture,Armoire
agfDecocntArmoireTopPink,"Armoire Top, Pink [c8e6be](Loot)[-]",00377,,loot,cntArmoireTop,Furniture,Armoire
agfDecocntArmoireTopPurple,"Armoire Top, Purple [c8e6be](Loot)[-]",00378,,loot,cntArmoireTop,Furniture,Armoire
agfDecocntArmoireTopRed,"Armoire Top, Red [c8e6be](Loot)[-]",00379,,loot,cntArmoireTop,Furniture,Armoire
agfDecocntArmoireTopWhite,"Armoire Top, White [c8e6be](Loot)[-]",00380,,loot,cntArmoireTop,Furniture,Armoire
agfDecocntArmoireTopYellow,"Armoire Top, Yellow [c8e6be](Loot)[-]",00381,,loot,cntArmoireTop,Furniture,Armoire
agfDecobed02ArmyGreen,"King Size Bed, Army Green [ddcdfa](Deco)[-]",00382,,plain,bed,Furniture,Bed
agfDecobed02,"King Size Bed, Black [ddcdfa](Deco)[-]",00383,,plain,bed,Furniture,Bed
agfDecobed02Blue,"King Size Bed, Blue [ddcdfa](Deco)[-]",00384,,plain,bed,Furniture,Bed
agfDecobed02Brown,"King Size Bed, Brown [ddcdfa](Deco)[-]",00385,,plain,bed,Furniture,Bed
agfDecobed02Green,"King Size Bed, Green [ddcdfa](Deco)[-]",00386,,plain,bed,Furniture,Bed
agfDecobed02Grey,"King Size Bed, Grey [ddcdfa](Deco)[-]",00387,,plain,bed,Furniture,Bed
agfDecobed02Orange,"King Size Bed, Orange [ddcdfa](Deco)[-]",00388,,plain,bed,Furniture,Bed
agfDecobed02Pink,"King Size Bed, Pink [ddcdfa](Deco)[-]",00389,,plain,bed,Furniture,Bed
agfDecobed02Purple,"King Size Bed, Purple [ddcdfa](Deco)[-]",00390,,plain,bed,Furniture,Bed
agfDecobed02Red,"King Size Bed, Red [ddcdfa](Deco)[-]",00391,,plain,bed,Furniture,Bed
agfDecobed02White,"King Size Bed, White [ddcdfa](Deco)[-]",00392,,plain,bed,Furniture,Bed
agfDecobed02Yellow,"King Size Bed, Yellow [ddcdfa](Deco)[-]",00393,,plain,bed,Furniture,Bed
agfDecobedMadeNoFrameArmyGreen,"Bed No Frame, Made, Army Green [ddcdfa](Deco)[-]",00394,,plain,bed,Furniture,Bed
agfDecobedMadeNoFrameBlack,"Bed No Frame, Made, Black [ddcdfa](Deco)[-]",00395,,plain,bed,Furniture,Bed
agfDecobedMadeNoFrameBlue,"Bed No Frame, Made, Blue [ddcdfa](Deco)[-]",00396,,plain,bed,Furniture,Bed
agfDecobedMadeNoFrameBrown,"Bed No Frame, Made, Brown [ddcdfa](Deco)[-]",00397,,plain,bed,Furniture,Bed
agfDecobedMadeNoFrameGreen,"Bed No Frame, Made, Green [ddcdfa](Deco)[-]",00398,,plain,bed,Furniture,Bed
agfDecobedMadeNoFrameGrey,"Bed No Frame, Made, Grey [ddcdfa](Deco)[-]",00399,,plain,bed,Furniture,Bed
agfDecobedMadeNoFrameOrange,"Bed No Frame, Made, Orange [ddcdfa](Deco)[-]",00400,,plain,bed,Furniture,Bed
agfDecobedMadeNoFramePink,"Bed No Frame, Made, Pink [ddcdfa](Deco)[-]",00401,,plain,bed,Furniture,Bed
agfDecobedMadeNoFramePurple,"Bed No Frame, Made, Purple [ddcdfa](Deco)[-]",00402,,plain,bed,Furniture,Bed
agfDecobedMadeNoFrameRed,"Bed No Frame, Made, Red [ddcdfa](Deco)[-]",00403,,plain,bed,Furniture,Bed
agfDecobedMadeNoFrameWhite,"Bed No Frame, Made, White [ddcdfa](Deco)[-]",00404,,plain,bed,Furniture,Bed
agfDecobedMadeNoFrameYellow,"Bed No Frame, Made, Yellow [ddcdfa](Deco)[-]",00405,,plain,bed,Furniture,Bed
agfDecobedMessyNoFrameArmyGreen,"Bed No Frame, Messy, Army Green [ddcdfa](Deco)[-]",00406,,plain,bed,Furniture,Bed
agfDecobedMessyNoFrameBlack,"Bed No Frame, Messy, Black [ddcdfa](Deco)[-]",00407,,plain,bed,Furniture,Bed
agfDecobedMessyNoFrameBlue,"Bed No Frame, Messy, Blue [ddcdfa](Deco)[-]",00408,,plain,bed,Furniture,Bed
agfDecobedMessyNoFrameBrown,"Bed No Frame, Messy, Brown [ddcdfa](Deco)[-]",00409,,plain,bed,Furniture,Bed
agfDecobedMessyNoFrameGreen,"Bed No Frame, Messy, Green [ddcdfa](Deco)[-]",00410,,plain,bed,Furniture,Bed
agfDecobedMessyNoFrameGrey,"Bed No Frame, Messy, Grey [ddcdfa](Deco)[-]",00411,,plain,bed,Furniture,Bed
agfDecobedMessyNoFrameOrange,"Bed No Frame, Messy, Orange [ddcdfa](Deco)[-]",00412,,plain,bed,Furniture,Bed
agfDecobedMessyNoFramePink,"Bed No Frame, Messy, Pink [ddcdfa](Deco)[-]",00413,,plain,bed,Furniture,Bed
agfDecobedMessyNoFramePurple,"Bed No Frame, Messy, Purple [ddcdfa](Deco)[-]",00414,,plain,bed,Furniture,Bed
agfDecobedMessyNoFrameRed,"Bed No Frame, Messy, Red [ddcdfa](Deco)[-]",00415,,plain,bed,Furniture,Bed
agfDecobedMessyNoFrameWhite,"Bed No Frame, Messy, White [ddcdfa](Deco)[-]",00416,,plain,bed,Furniture,Bed
agfDecobedMessyNoFrameYellow,"Bed No Frame, Messy, Yellow [ddcdfa](Deco)[-]",00417,,plain,bed,Furniture,Bed
agfDecobunkBedFrame,"Bunk Bed, Frame [ddcdfa](Deco)[-]",00418,,plain,bed,Furniture,Bed
agfDecobunkBedMadeArmyGreen,"Bunk Bed, Made, Army Green [ddcdfa](Deco)[-]",00419,,plain,bed,Furniture,Bed
agfDecobunkBedMade,"Bunk Bed, Made, Black [ddcdfa](Deco)[-]",00420,,plain,bed,Furniture,Bed
agfDecobunkBedMadeBlue,"Bunk Bed, Made, Blue [ddcdfa](Deco)[-]",00421,,plain,bed,Furniture,Bed
agfDecobunkBedMadeBrown,"Bunk Bed, Made, Brown [ddcdfa](Deco)[-]",00422,,plain,bed,Furniture,Bed
agfDecobunkBedMadeGreen,"Bunk Bed, Made, Green [ddcdfa](Deco)[-]",00423,,plain,bed,Furniture,Bed
agfDecobunkBedMadeGrey,"Bunk Bed, Made, Grey [ddcdfa](Deco)[-]",00424,,plain,bed,Furniture,Bed
agfDecobunkBedMadeOrange,"Bunk Bed, Made, Orange [ddcdfa](Deco)[-]",00425,,plain,bed,Furniture,Bed
agfDecobunkBedMadePink,"Bunk Bed, Made, Pink [ddcdfa](Deco)[-]",00426,,plain,bed,Furniture,Bed
agfDecobunkBedMadePurple,"Bunk Bed, Made, Purple [ddcdfa](Deco)[-]",00427,,plain,bed,Furniture,Bed
agfDecobunkBedMadeRed,"Bunk Bed, Made, Red [ddcdfa](Deco)[-]",00428,,plain,bed,Furniture,Bed
agfDecobunkBedMadeWhite,"Bunk Bed, Made, White [ddcdfa](Deco)[-]",00429,,plain,bed,Furniture,Bed
agfDecobunkBedMadeYellow,"Bunk Bed, Made, Yellow [ddcdfa](Deco)[-]",00430,,plain,bed,Furniture,Bed
agfDecobunkBedMattress,"Bunk Bed, Mattress [ddcdfa](Deco)[-]",00431,,plain,bed,Furniture,Bed
agfDecobunkBedMessyArmyGreen,"Bunk Bed, Messy, Army Green [ddcdfa](Deco)[-]",00432,,plain,bed,Furniture,Bed
agfDecobunkBedMessy,"Bunk Bed, Messy, Black [ddcdfa](Deco)[-]",00433,,plain,bed,Furniture,Bed
agfDecobunkBedMessyBlue,"Bunk Bed, Messy, Blue [ddcdfa](Deco)[-]",00434,,plain,bed,Furniture,Bed
agfDecobunkBedMessyBrown,"Bunk Bed, Messy, Brown [ddcdfa](Deco)[-]",00435,,plain,bed,Furniture,Bed
agfDecobunkBedMessyGreen,"Bunk Bed, Messy, Green [ddcdfa](Deco)[-]",00436,,plain,bed,Furniture,Bed
agfDecobunkBedMessyGrey,"Bunk Bed, Messy, Grey [ddcdfa](Deco)[-]",00437,,plain,bed,Furniture,Bed
agfDecobunkBedMessyOrange,"Bunk Bed, Messy, Orange [ddcdfa](Deco)[-]",00438,,plain,bed,Furniture,Bed
agfDecobunkBedMessyPink,"Bunk Bed, Messy, Pink [ddcdfa](Deco)[-]",00439,,plain,bed,Furniture,Bed
agfDecobunkBedMessyPurple,"Bunk Bed, Messy, Purple [ddcdfa](Deco)[-]",00440,,plain,bed,Furniture,Bed
agfDecobunkBedMessyRed,"Bunk Bed, Messy, Red [ddcdfa](Deco)[-]",00441,,plain,bed,Furniture,Bed
agfDecobunkBedMessyWhite,"Bunk Bed, Messy, White [ddcdfa](Deco)[-]",00442,,plain,bed,Furniture,Bed
agfDecobunkBedMessyYellow,"Bunk Bed, Messy, Yellow [ddcdfa](Deco)[-]",00443,,plain,bed,Furniture,Bed
agfDecomattressCurled,Mattress Curled [ddcdfa](Deco)[-],00444,,plain,bed,Furniture,Bed
agfDecomattressFlatThin,Mattress Flat [ddcdfa](Deco)[-],00445,,plain,bed,Furniture,Bed
agfDecobedroll,"Bedroll, Brown [ddcdfa](Deco)[-]",00446,,plain,bed,Furniture,Bed
agfDecobedrollArmyGreen,"Bedroll, Army Green [ddcdfa](Deco)[-]",00447,,plain,bed,Furniture,Bed
agfDecobedrollBlue,"Bedroll, Blue [ddcdfa](Deco)[-]",00448,,plain,bed,Furniture,Bed
agfDecobedrollGreen,"Bedroll, Green [ddcdfa](Deco)[-]",00449,,plain,bed,Furniture,Bed
agfDecobedrollGrey,"Bedroll, Grey [ddcdfa](Deco)[-]",00450,,plain,bed,Furniture,Bed
agfDecobedrollOrange,"Bedroll, Orange [ddcdfa](Deco)[-]",00451,,plain,bed,Furniture,Bed
agfDecobedrollPink,"Bedroll, Pink [ddcdfa](Deco)[-]",00452,,plain,bed,Furniture,Bed
agfDecobedrollPurple,"Bedroll, Purple [ddcdfa](Deco)[-]",00453,,plain,bed,Furniture,Bed
agfDecobedrollRed,"Bedroll, Red [ddcdfa](Deco)[-]",00454,,plain,bed,Furniture,Bed
agfDecobedrollWhite,"Bedroll, White [ddcdfa](Deco)[-]",00455,,plain,bed,Furniture,Bed
agfDecobedrollYellow,"Bedroll, Yellow [ddcdfa](Deco)[-]",00456,,plain,bed,Furniture,Bed
agfDecogurneyBed,Gurney [ddcdfa](Deco)[-],00457,,plain,bed,Furniture,Bed
agfDecohospitalBed,Hospital Bed [ddcdfa](Deco)[-],00458,,plain,bed,Furniture,Bed
agfDecobarStool,"Bar Stool, Red [ddcdfa](Deco)[-]",00459,,plain,chair,Furniture,Barstool
agfDecobarStoolBlack,"Bar Stool, Black [ddcdfa](Deco)[-]",00460,,plain,chair,Furniture,Barstool
agfDecobarStoolBlue,"Bar Stool, Blue [ddcdfa](Deco)[-]",00461,,plain,chair,Furniture,Barstool
agfDecobarStoolBrown,"Bar Stool, Brown [ddcdfa](Deco)[-]",00462,,plain,chair,Furniture,Barstool
agfDecobarStoolGreen,"Bar Stool, Green [ddcdfa](Deco)[-]",00463,,plain,chair,Furniture,Barstool
agfDecobarStoolGrey,"Bar Stool, Grey [ddcdfa](Deco)[-]",00464,,plain,chair,Furniture,Barstool
agfDecobarStoolPink,"Bar Stool, Pink [ddcdfa](Deco)[-]",00465,,plain,chair,Furniture,Barstool
agfDecobarStoolWhite,"Bar Stool, White [ddcdfa](Deco)[-]",00466,,plain,chair,Furniture,Barstool
agfDecocouchModernArm,Modern Couch Arm [ddcdfa](Deco)[-],00467,,plain,couch,Furniture,Couch
agfDecocouchModernArmBlack,"Couch Modern Arm, Black [ddcdfa](Deco)[-]",00468,,plain,couch,Furniture,Couch
agfDecocouchModernArmBlue,"Couch Modern Arm, Blue [ddcdfa](Deco)[-]",00469,,plain,couch,Furniture,Couch
agfDecocouchModernArmGreen,"Couch Modern Arm, Green [ddcdfa](Deco)[-]",00470,,plain,couch,Furniture,Couch
agfDecocouchModernArmGrey,"Couch Modern Arm, Grey [ddcdfa](Deco)[-]",00471,,plain,couch,Furniture,Couch
agfDecocouchModernArmRed,"Couch Modern Arm, Red [ddcdfa](Deco)[-]",00472,,plain,couch,Furniture,Couch
agfDecocouchModernArmWhite,"Couch Modern Arm, White [ddcdfa](Deco)[-]",00473,,plain,couch,Furniture,Couch
agfDecocouchModernCorner,"Modern Couch, Corner [ddcdfa](Deco)[-]",00474,,plain,couch,Furniture,Couch
agfDecocouchModernCornerBlack,"Couch Modern, Corner, Black [ddcdfa](Deco)[-]",00475,,plain,couch,Furniture,Couch
agfDecocouchModernCornerBlue,"Couch Modern, Corner, Blue [ddcdfa](Deco)[-]",00476,,plain,couch,Furniture,Couch
agfDecocouchModernCornerGreen,"Couch Modern, Corner, Green [ddcdfa](Deco)[-]",00477,,plain,couch,Furniture,Couch
agfDecocouchModernCornerGrey,"Couch Modern, Corner, Grey [ddcdfa](Deco)[-]",00478,,plain,couch,Furniture,Couch
agfDecocouchModernCornerRed,"Couch Modern, Corner, Red [ddcdfa](Deco)[-]",00479,,plain,couch,Furniture,Couch
agfDecocouchModernCornerWhite,"Couch Modern, Corner, White [ddcdfa](Deco)[-]",00480,,plain,couch,Furniture,Couch
agfDecocouchModernSection,Modern Couch Section [ddcdfa](Deco)[-],00481,,plain,couch,Furniture,Couch
agfDecocouchModernSectionBlack,"Couch Modern Section, Black [ddcdfa](Deco)[-]",00482,,plain,couch,Furniture,Couch
agfDecocouchModernSectionBlue,"Couch Modern Section, Blue [ddcdfa](Deco)[-]",00483,,plain,couch,Furniture,Couch
agfDecocouchModernSectionGreen,"Couch Modern Section, Green [ddcdfa](Deco)[-]",00484,,plain,couch,Furniture,Couch
agfDecocouchModernSectionGrey,"Couch Modern Section, Grey [ddcdfa](Deco)[-]",00485,,plain,couch,Furniture,Couch
agfDecocouchModernSectionRed,"Couch Modern Section, Red [ddcdfa](Deco)[-]",00486,,plain,couch,Furniture,Couch
agfDecocouchModernSectionWhite,"Couch Modern Section, White [ddcdfa](Deco)[-]",00487,,plain,couch,Furniture,Couch
agfDecocouchUglyLargeBlack,"Ugly Couch, Large, Black [ddcdfa](Deco)[-]",00488,,plain,couch,Furniture,Couch
agfDecocouchUglyLargeBlue,"Ugly Couch, Large, Blue [ddcdfa](Deco)[-]",00489,,plain,couch,Furniture,Couch
agfDecocouchUglyLargeBrown,"Ugly Couch, Large, Brown [ddcdfa](Deco)[-]",00490,,plain,couch,Furniture,Couch
agfDecocouchUglyLargeGreen,"Ugly Couch, Large, Green [ddcdfa](Deco)[-]",00491,,plain,couch,Furniture,Couch
agfDecocouchUglyLargeGrey,"Ugly Couch, Large, Grey [ddcdfa](Deco)[-]",00492,,plain,couch,Furniture,Couch
agfDecocouchUglyLargeOrange,"Ugly Couch, Large, Orange [ddcdfa](Deco)[-]",00493,,plain,couch,Furniture,Couch
agfDecocouchUglyLargePink,"Ugly Couch, Large, Pink [ddcdfa](Deco)[-]",00494,,plain,couch,Furniture,Couch
agfDecocouchUglyLargePurple,"Ugly Couch, Large, Purple [ddcdfa](Deco)[-]",00495,,plain,couch,Furniture,Couch
agfDecocouchUglyLargeRed,"Ugly Couch, Large, Red [ddcdfa](Deco)[-]",00496,,plain,couch,Furniture,Couch
agfDecocouchUglyLargeWhite,"Ugly Couch, Large, White [ddcdfa](Deco)[-]",00497,,plain,couch,Furniture,Couch
agfDecocouchUglyLargeYellow,"Ugly Couch, Large, Yellow [ddcdfa](Deco)[-]",00498,,plain,couch,Furniture,Couch
agfDecocouchUglySingleBlack,"Ugly Chair, Black [ddcdfa](Deco)[-]",00499,,plain,couch,Furniture,Couch
agfDecocouchUglySingleBlue,"Ugly Chair, Blue [ddcdfa](Deco)[-]",00500,,plain,couch,Furniture,Couch
agfDecocouchUglySingleBrown,"Ugly Chair, Brown [ddcdfa](Deco)[-]",00501,,plain,couch,Furniture,Couch
agfDecocouchUglySingleGreen,"Ugly Chair, Green [ddcdfa](Deco)[-]",00502,,plain,couch,Furniture,Couch
agfDecocouchUglySingleGrey,"Ugly Chair, Grey [ddcdfa](Deco)[-]",00503,,plain,couch,Furniture,Couch
agfDecocouchUglySingleOrange,"Ugly Chair, Orange [ddcdfa](Deco)[-]",00504,,plain,couch,Furniture,Couch
agfDecocouchUglySinglePink,"Ugly Chair, Pink [ddcdfa](Deco)[-]",00505,,plain,couch,Furniture,Couch
agfDecocouchUglySinglePurple,"Ugly Chair, Purple [ddcdfa](Deco)[-]",00506,,plain,couch,Furniture,Couch
agfDecocouchUglySingleRed,"Ugly Chair, Red [ddcdfa](Deco)[-]",00507,,plain,couch,Furniture,Couch
agfDecocouchUglySingleWhite,"Ugly Chair, White [ddcdfa](Deco)[-]",00508,,plain,couch,Furniture,Couch
agfDecocouchUglySingleYellow,"Ugly Chair, Yellow [ddcdfa](Deco)[-]",00509,,plain,couch,Furniture,Couch
agfDecocouchUglySmallBlack,"Ugly Couch, Small, Black [ddcdfa](Deco)[-]",00510,,plain,couch,Furniture,Couch
agfDecocouchUglySmallBlue,"Ugly Couch, Small, Blue [ddcdfa](Deco)[-]",00511,,plain,couch,Furniture,Couch
agfDecocouchUglySmallBrown,"Ugly Couch, Small, Brown [ddcdfa](Deco)[-]",00512,,plain,couch,Furniture,Couch
agfDecocouchUglySmallGreen,"Ugly Couch, Small, Green [ddcdfa](Deco)[-]",00513,,plain,couch,Furniture,Couch
agfDecocouchUglySmallGrey,"Ugly Couch, Small, Grey [ddcdfa](Deco)[-]",00514,,plain,couch,Furniture,Couch
agfDecocouchUglySmallOrange,"Ugly Couch, Small, Orange [ddcdfa](Deco)[-]",00515,,plain,couch,Furniture,Couch
agfDecocouchUglySmallPink,"Ugly Couch, Small, Pink [ddcdfa](Deco)[-]",00516,,plain,couch,Furniture,Couch
agfDecocouchUglySmallPurple,"Ugly Couch, Small, Purple [ddcdfa](Deco)[-]",00517,,plain,couch,Furniture,Couch
agfDecocouchUglySmallRed,"Ugly Couch, Small, Red [ddcdfa](Deco)[-]",00518,,plain,couch,Furniture,Couch
agfDecocouchUglySmallWhite,"Ugly Couch, Small, White [ddcdfa](Deco)[-]",00519,,plain,couch,Furniture,Couch
agfDecocouchUglySmallYellow,"Ugly Couch, Small, Yellow [ddcdfa](Deco)[-]",00520,,plain,couch,Furniture,Couch
agfDecosectionalLeatherChair,Leather Couch Chair [ddcdfa](Deco)[-],00521,,plain,couch,Furniture,Couch
agfDecosectionalLeatherCouchSofaArm,Leather Couch Arm [ddcdfa](Deco)[-],00522,,plain,couch,Furniture,Couch
agfDecosectionalLeatherCouchSofaCorner,"Leather Couch, Corner [ddcdfa](Deco)[-]",00523,,plain,couch,Furniture,Couch
agfDecosectionalLeatherCouchSofaMiddle,Leather Couch Middle [ddcdfa](Deco)[-],00524,,plain,couch,Furniture,Couch
agfDecosectionalPlaidChair,Old Couch Chair [ddcdfa](Deco)[-],00525,,plain,couch,Furniture,Couch
agfDecosectionalPlaidCouchSofaArm,Old Couch Arm [ddcdfa](Deco)[-],00526,,plain,couch,Furniture,Couch
agfDecosectionalPlaidCouchSofaCorner,"Old Couch, Corner [ddcdfa](Deco)[-]",00527,,plain,couch,Furniture,Couch
agfDecosectionalPlaidCouchSofaMiddle,Old Couch Middle [ddcdfa](Deco)[-],00528,,plain,couch,Furniture,Couch
agfDecochairCampingBlue,"Camping Chair, Blue [ddcdfa](Deco)[-]",00529,,plain,chair,Furniture,Camping
agfDecochairCampingBrown,"Camping Chair, Brown [ddcdfa](Deco)[-]",00530,,plain,chair,Furniture,Camping
agfDecochairCampingGreen,"Camping Chair, Green [ddcdfa](Deco)[-]",00531,,plain,chair,Furniture,Camping
agfDecochairCampingGrey,"Camping Chair, Grey [ddcdfa](Deco)[-]",00532,,plain,chair,Furniture,Camping
agfDecochairCampingOrange,"Camping Chair, Orange [ddcdfa](Deco)[-]",00533,,plain,chair,Furniture,Camping
agfDecochairCampingPink,"Camping Chair, Pink [ddcdfa](Deco)[-]",00534,,plain,chair,Furniture,Camping
agfDecochairCampingPurple,"Camping Chair, Purple [ddcdfa](Deco)[-]",00535,,plain,chair,Furniture,Camping
agfDecochairCampingRed,"Camping Chair, Red [ddcdfa](Deco)[-]",00536,,plain,chair,Furniture,Camping
agfDecochairCampingWhite,"Camping Chair, White [ddcdfa](Deco)[-]",00537,,plain,chair,Furniture,Camping
agfDecochairCampingYellow,"Camping Chair, Yellow [ddcdfa](Deco)[-]",00538,,plain,chair,Furniture,Camping
agfDecochairFoldingMetalFoldedFallenArmy,Army Metal Folding Chair [ddcdfa](Deco)[-],00539,,plain,chair,Furniture,Folding
agfDecochairFoldingMetalFoldedFallenBlack,"Metal Folding Chair, Black [ddcdfa](Deco)[-]",00540,,plain,chair,Furniture,Folding
agfDecochairFoldingMetalFoldedFallenBlue,"Metal Folding Chair, Blue [ddcdfa](Deco)[-]",00541,,plain,chair,Furniture,Folding
agfDecochairFoldingMetalFoldedFallenBrown,"Metal Folding Chair, Brown [ddcdfa](Deco)[-]",00542,,plain,chair,Furniture,Folding
agfDecochairFoldingMetalFoldedFallenGreen,"Metal Folding Chair, Green [ddcdfa](Deco)[-]",00543,,plain,chair,Furniture,Folding
agfDecochairFoldingMetalFoldedFallenGrey,"Metal Folding Chair, Grey [ddcdfa](Deco)[-]",00544,,plain,chair,Furniture,Folding
agfDecochairFoldingMetalFoldedFallenOrange,"Metal Folding Chair, Orange [ddcdfa](Deco)[-]",00545,,plain,chair,Furniture,Folding
agfDecochairFoldingMetalFoldedFallenPink,"Metal Folding Chair, Pink [ddcdfa](Deco)[-]",00546,,plain,chair,Furniture,Folding
agfDecochairFoldingMetalFoldedFallenPurple,"Metal Folding Chair, Purple [ddcdfa](Deco)[-]",00547,,plain,chair,Furniture,Folding
agfDecochairFoldingMetalFoldedFallenRed,"Metal Folding Chair, Red [ddcdfa](Deco)[-]",00548,,plain,chair,Furniture,Folding
agfDecochairFoldingMetalFoldedFallenWhite,"Metal Folding Chair, White [ddcdfa](Deco)[-]",00549,,plain,chair,Furniture,Folding
agfDecochairFoldingMetalFoldedFallenYellow,"Metal Folding Chair, Yellow [ddcdfa](Deco)[-]",00550,,plain,chair,Furniture,Folding
agfDecochairFoldingMetalFoldedLeaningArmy,Army Metal Folding Chair [ddcdfa](Deco)[-],00551,,plain,chair,Furniture,Folding
agfDecochairFoldingMetalFoldedLeaningBlack,"Metal Folding Chair, Black [ddcdfa](Deco)[-]",00552,,plain,chair,Furniture,Folding
agfDecochairFoldingMetalFoldedLeaningBlue,"Metal Folding Chair, Blue [ddcdfa](Deco)[-]",00553,,plain,chair,Furniture,Folding
agfDecochairFoldingMetalFoldedLeaningBrown,"Metal Folding Chair, Brown [ddcdfa](Deco)[-]",00554,,plain,chair,Furniture,Folding
agfDecochairFoldingMetalFoldedLeaningGreen,"Metal Folding Chair, Green [ddcdfa](Deco)[-]",00555,,plain,chair,Furniture,Folding
agfDecochairFoldingMetalFoldedLeaningGrey,"Metal Folding Chair, Grey [ddcdfa](Deco)[-]",00556,,plain,chair,Furniture,Folding
agfDecochairFoldingMetalFoldedLeaningOrange,"Metal Folding Chair, Orange [ddcdfa](Deco)[-]",00557,,plain,chair,Furniture,Folding
agfDecochairFoldingMetalFoldedLeaningPink,"Metal Folding Chair, Pink [ddcdfa](Deco)[-]",00558,,plain,chair,Furniture,Folding
agfDecochairFoldingMetalFoldedLeaningPurple,"Metal Folding Chair, Purple [ddcdfa](Deco)[-]",00559,,plain,chair,Furniture,Folding
agfDecochairFoldingMetalFoldedLeaningRed,"Metal Folding Chair, Red [ddcdfa](Deco)[-]",00560,,plain,chair,Furniture,Folding
agfDecochairFoldingMetalFoldedLeaningWhite,"Metal Folding Chair, White [ddcdfa](Deco)[-]",00561,,plain,chair,Furniture,Folding
agfDecochairFoldingMetalFoldedLeaningYellow,"Metal Folding Chair, Yellow [ddcdfa](Deco)[-]",00562,,plain,chair,Furniture,Folding
agfDecochairFoldingMetalUnfoldedArmy,Army Metal Folding Chair [ddcdfa](Deco)[-],00563,,plain,chair,Furniture,Folding
agfDecochairFoldingMetalUnfoldedBlack,"Metal Folding Chair, Black [ddcdfa](Deco)[-]",00564,,plain,chair,Furniture,Folding
agfDecochairFoldingMetalUnfoldedBlue,"Metal Folding Chair, Blue [ddcdfa](Deco)[-]",00565,,plain,chair,Furniture,Folding
agfDecochairFoldingMetalUnfoldedBrown,"Metal Folding Chair, Brown [ddcdfa](Deco)[-]",00566,,plain,chair,Furniture,Folding
agfDecochairFoldingMetalUnfoldedGreen,"Metal Folding Chair, Green [ddcdfa](Deco)[-]",00567,,plain,chair,Furniture,Folding
agfDecochairFoldingMetalUnfoldedGrey,"Metal Folding Chair, Grey [ddcdfa](Deco)[-]",00568,,plain,chair,Furniture,Folding
agfDecochairFoldingMetalUnfoldedOrange,"Metal Folding Chair, Orange [ddcdfa](Deco)[-]",00569,,plain,chair,Furniture,Folding
agfDecochairFoldingMetalUnfoldedPink,"Metal Folding Chair, Pink [ddcdfa](Deco)[-]",00570,,plain,chair,Furniture,Folding
agfDecochairFoldingMetalUnfoldedPurple,"Metal Folding Chair, Purple [ddcdfa](Deco)[-]",00571,,plain,chair,Furniture,Folding
agfDecochairFoldingMetalUnfoldedRed,"Metal Folding Chair, Red [ddcdfa](Deco)[-]",00572,,plain,chair,Furniture,Folding
agfDecochairFoldingMetalUnfoldedWhite,"Metal Folding Chair, White [ddcdfa](Deco)[-]",00573,,plain,chair,Furniture,Folding
agfDecochairFoldingMetalUnfoldedYellow,"Metal Folding Chair, Yellow [ddcdfa](Deco)[-]",00574,,plain,chair,Furniture,Folding
agfDecochairWood01,Wooden Chair [ddcdfa](Deco)[-],00575,,plain,chair,Furniture,Oldchair
agfDecooldChair1Blue,"Old Chair, Blue [ddcdfa](Deco)[-]",00576,,plain,chair,Furniture,Oldchair
agfDecooldChair1Brown,"Old Chair, Brown [ddcdfa](Deco)[-]",00577,,plain,chair,Furniture,Oldchair
agfDecooldChair1Green,"Old Chair, Green [ddcdfa](Deco)[-]",00578,,plain,chair,Furniture,Oldchair
agfDecooldChair1,"Old Chair, Grey [ddcdfa](Deco)[-]",00579,,plain,chair,Furniture,Oldchair
agfDecooldChair1Red,"Old Chair, Red [ddcdfa](Deco)[-]",00580,,plain,chair,Furniture,Oldchair
agfDecooldChair1White,"Old Chair, White [ddcdfa](Deco)[-]",00581,,plain,chair,Furniture,Oldchair
agfDecooldChair1BrokenBlue,"Old Chair, Broken, Blue [ddcdfa](Deco)[-]",00582,,plain,chair,Furniture,Oldchair
agfDecooldChair1BrokenBrown,"Old Chair, Broken, Brown [ddcdfa](Deco)[-]",00583,,plain,chair,Furniture,Oldchair
agfDecooldChair1BrokenGreen,"Old Chair, Broken, Green [ddcdfa](Deco)[-]",00584,,plain,chair,Furniture,Oldchair
agfDecooldChair1Broken,"Old Chair, Broken, Grey [ddcdfa](Deco)[-]",00585,,plain,chair,Furniture,Oldchair
agfDecooldChair1BrokenRed,"Old Chair, Broken, Red [ddcdfa](Deco)[-]",00586,,plain,chair,Furniture,Oldchair
agfDecooldChair1BrokenWhite,"Old Chair, Broken, White [ddcdfa](Deco)[-]",00587,,plain,chair,Furniture,Oldchair
agfDecowheelchairBlack,"Wheelchair, Black [ddcdfa](Deco)[-]",00588,,plain,chair,Furniture,Wheelchair
agfDecowheelchairBlue,"Wheelchair, Blue [ddcdfa](Deco)[-]",00589,,plain,chair,Furniture,Wheelchair
agfDecowheelchairBrown,"Wheelchair, Brown [ddcdfa](Deco)[-]",00590,,plain,chair,Furniture,Wheelchair
agfDecowheelchairGreen,"Wheelchair, Green [ddcdfa](Deco)[-]",00591,,plain,chair,Furniture,Wheelchair
agfDecowheelchairGrey,"Wheelchair, Grey [ddcdfa](Deco)[-]",00592,,plain,chair,Furniture,Wheelchair
agfDecowheelchairRed,"Wheelchair, Red [ddcdfa](Deco)[-]",00593,,plain,chair,Furniture,Wheelchair
agfDecowheelchairWhite,"Wheelchair, White [ddcdfa](Deco)[-]",00594,,plain,chair,Furniture,Wheelchair
agfDecowheelchairYellow,"Wheelchair, Yellow [ddcdfa](Deco)[-]",00595,,plain,chair,Furniture,Wheelchair
agfDecoofficeChair01,"Office Chair, Grey [ddcdfa](Deco)[-]",00596,,plain,chair,Furniture,Seat
agfDecoofficeChair01ArmyGreen,"Office Chair, ArmyGreen, Army Green [ddcdfa](Deco)[-]",00597,,plain,chair,Furniture,Seat
agfDecoofficeChair01Black,"Office Chair, Black [ddcdfa](Deco)[-]",00598,,plain,chair,Furniture,Seat
agfDecoofficeChair01Blue,"Office Chair, Blue [ddcdfa](Deco)[-]",00599,,plain,chair,Furniture,Seat
agfDecoofficeChair01Brown,"Office Chair, Brown [ddcdfa](Deco)[-]",00600,,plain,chair,Furniture,Seat
agfDecoofficeChair01Green,"Office Chair, Green [ddcdfa](Deco)[-]",00601,,plain,chair,Furniture,Seat
agfDecoofficeChair01Orange,"Office Chair, Orange [ddcdfa](Deco)[-]",00602,,plain,chair,Furniture,Seat
agfDecoofficeChair01Pink,"Office Chair, Pink [ddcdfa](Deco)[-]",00603,,plain,chair,Furniture,Seat
agfDecoofficeChair01Purple,"Office Chair, Purple [ddcdfa](Deco)[-]",00604,,plain,chair,Furniture,Seat
agfDecoofficeChair01Red,"Office Chair, Red [ddcdfa](Deco)[-]",00605,,plain,chair,Furniture,Seat
agfDecoofficeChair01White,"Office Chair, White [ddcdfa](Deco)[-]",00606,,plain,chair,Furniture,Seat
agfDecoofficeChair01Yellow,"Office Chair, Yellow [ddcdfa](Deco)[-]",00607,,plain,chair,Furniture,Seat
agfDecorestaurantBooth,"Restaurant Booth, Grey [ddcdfa](Deco)[-]",00608,,plain,restaurantBooth,Furniture,Booth
agfDecorestaurantBoothBlack,"Restaurant Booth, Black [ddcdfa](Deco)[-]",00609,,plain,restaurantBooth,Furniture,Booth
agfDecorestaurantBoothBlue,"Restaurant Booth, Blue [ddcdfa](Deco)[-]",00610,,plain,restaurantBooth,Furniture,Booth
agfDecorestaurantBoothBrown,"Restaurant Booth, Brown [ddcdfa](Deco)[-]",00611,,plain,restaurantBooth,Furniture,Booth
agfDecorestaurantBoothGreen,"Restaurant Booth, Green [ddcdfa](Deco)[-]",00612,,plain,restaurantBooth,Furniture,Booth
agfDecorestaurantBoothOrange,"Restaurant Booth, Orange [ddcdfa](Deco)[-]",00613,,plain,restaurantBooth,Furniture,Booth
agfDecorestaurantBoothPink,"Restaurant Booth, Pink [ddcdfa](Deco)[-]",00614,,plain,restaurantBooth,Furniture,Booth
agfDecorestaurantBoothPurple,"Restaurant Booth, Purple [ddcdfa](Deco)[-]",00615,,plain,restaurantBooth,Furniture,Booth
agfDecorestaurantBoothRed,"Restaurant Booth, Red [ddcdfa](Deco)[-]",00616,,plain,restaurantBooth,Furniture,Booth
agfDecorestaurantBoothWhite,"Restaurant Booth, White [ddcdfa](Deco)[-]",00617,,plain,restaurantBooth,Furniture,Booth
agfDecorestaurantBoothYellow,"Restaurant Booth, Yellow [ddcdfa](Deco)[-]",00618,,plain,restaurantBooth,Furniture,Booth
agfDecorestaurantBoothCorner,"Restaurant Booth, Corner, Grey [ddcdfa](Deco)[-]",00619,,plain,restaurantBoothCorner,Furniture,Booth
agfDecorestaurantBoothCornerBlack,"Restaurant Booth, Corner, Black [ddcdfa](Deco)[-]",00620,,plain,restaurantBoothCorner,Furniture,Booth
agfDecorestaurantBoothCornerBlue,"Restaurant Booth, Corner, Blue [ddcdfa](Deco)[-]",00621,,plain,restaurantBoothCorner,Furniture,Booth
agfDecorestaurantBoothCornerBrown,"Restaurant Booth, Corner, Brown [ddcdfa](Deco)[-]",00622,,plain,restaurantBoothCorner,Furniture,Booth
agfDecorestaurantBoothCornerGreen,"Restaurant Booth, Corner, Green [ddcdfa](Deco)[-]",00623,,plain,restaurantBoothCorner,Furniture,Booth
agfDecorestaurantBoothCornerOrange,"Restaurant Booth, Corner, Orange [ddcdfa](Deco)[-]",00624,,plain,restaurantBoothCorner,Furniture,Booth
agfDecorestaurantBoothCornerPink,"Restaurant Booth, Corner, Pink [ddcdfa](Deco)[-]",00625,,plain,restaurantBoothCorner,Furniture,Booth
agfDecorestaurantBoothCornerPurple,"Restaurant Booth, Corner, Purple [ddcdfa](Deco)[-]",00626,,plain,restaurantBoothCorner,Furniture,Booth
agfDecorestaurantBoothCornerRed,"Restaurant Booth, Corner, Red [ddcdfa](Deco)[-]",00627,,plain,restaurantBoothCorner,Furniture,Booth
agfDecorestaurantBoothCornerWhite,"Restaurant Booth, Corner, White [ddcdfa](Deco)[-]",00628,,plain,restaurantBoothCorner,Furniture,Booth
agfDecorestaurantBoothCornerYellow,"Restaurant Booth, Corner, Yellow [ddcdfa](Deco)[-]",00629,,plain,restaurantBoothCorner,Furniture,Booth
agfDecofastFoodBooth,"Fast Food Booth, Blue [ddcdfa](Deco)[-]",00630,,plain,fastFoodBooth,Furniture,Foodbooth
agfDecofastFoodBoothBlack,"Fast Food Booth, Black [ddcdfa](Deco)[-]",00631,,plain,fastFoodBooth,Furniture,Foodbooth
agfDecofastFoodBoothBrown,"Fast Food Booth, Brown [ddcdfa](Deco)[-]",00632,,plain,fastFoodBooth,Furniture,Foodbooth
agfDecofastFoodBoothGreen,"Fast Food Booth, Green [ddcdfa](Deco)[-]",00633,,plain,fastFoodBooth,Furniture,Foodbooth
agfDecofastFoodBoothGrey,"Fast Food Booth, Grey [ddcdfa](Deco)[-]",00634,,plain,fastFoodBooth,Furniture,Foodbooth
agfDecofastFoodBoothOrange,"Fast Food Booth, Orange [ddcdfa](Deco)[-]",00635,,plain,fastFoodBooth,Furniture,Foodbooth
agfDecofastFoodBoothPurple,"Fast Food Booth, Purple [ddcdfa](Deco)[-]",00636,,plain,fastFoodBooth,Furniture,Foodbooth
agfDecofastFoodBoothRed,"Fast Food Booth, Red [ddcdfa](Deco)[-]",00637,,plain,fastFoodBooth,Furniture,Foodbooth
agfDecofastFoodBoothWhite,"Fast Food Booth, White [ddcdfa](Deco)[-]",00638,,plain,fastFoodBooth,Furniture,Foodbooth
agfDecofastFoodBoothYellow,"Fast Food Booth, Yellow [ddcdfa](Deco)[-]",00639,,plain,fastFoodBooth,Furniture,Foodbooth
agfDecofastFoodBoothMiddle,"Fast Food Booth Middle, Blue [ddcdfa](Deco)[-]",00640,,plain,fastFoodBoothMiddle,Furniture,Foodbooth
agfDecofastFoodBoothMiddleBlack,"Fast Food Booth Middle, Black [ddcdfa](Deco)[-]",00641,,plain,fastFoodBoothMiddle,Furniture,Foodbooth
agfDecofastFoodBoothMiddleBrown,"Fast Food Booth Middle, Brown [ddcdfa](Deco)[-]",00642,,plain,fastFoodBoothMiddle,Furniture,Foodbooth
agfDecofastFoodBoothMiddleGreen,"Fast Food Booth Middle, Green [ddcdfa](Deco)[-]",00643,,plain,fastFoodBoothMiddle,Furniture,Foodbooth
agfDecofastFoodBoothMiddleGrey,"Fast Food Booth Middle, Grey [ddcdfa](Deco)[-]",00644,,plain,fastFoodBoothMiddle,Furniture,Foodbooth
agfDecofastFoodBoothMiddleOrange,"Fast Food Booth Middle, Orange [ddcdfa](Deco)[-]",00645,,plain,fastFoodBoothMiddle,Furniture,Foodbooth
agfDecofastFoodBoothMiddlePurple,"Fast Food Booth Middle, Purple [ddcdfa](Deco)[-]",00646,,plain,fastFoodBoothMiddle,Furniture,Foodbooth
agfDecofastFoodBoothMiddleRed,"Fast Food Booth Middle, Red [ddcdfa](Deco)[-]",00647,,plain,fastFoodBoothMiddle,Furniture,Foodbooth
agfDecofastFoodBoothMiddleWhite,"Fast Food Booth Middle, White [ddcdfa](Deco)[-]",00648,,plain,fastFoodBoothMiddle,Furniture,Foodbooth
agfDecofastFoodBoothMiddleYellow,"Fast Food Booth Middle, Yellow [ddcdfa](Deco)[-]",00649,,plain,fastFoodBoothMiddle,Furniture,Foodbooth
agfDecofastFoodBoothEndClosed,"Fast Food Booth End, Closed, Blue [ddcdfa](Deco)[-]",00650,,plain,fastFoodBoothEndClosed,Furniture,Foodbooth
agfDecofastFoodBoothEndClosedBlack,"Fast Food Booth End, Closed, Black [ddcdfa](Deco)[-]",00651,,plain,fastFoodBoothEndClosed,Furniture,Foodbooth
agfDecofastFoodBoothEndClosedBrown,"Fast Food Booth End, Closed, Brown [ddcdfa](Deco)[-]",00652,,plain,fastFoodBoothEndClosed,Furniture,Foodbooth
agfDecofastFoodBoothEndClosedGreen,"Fast Food Booth End, Closed, Green [ddcdfa](Deco)[-]",00653,,plain,fastFoodBoothEndClosed,Furniture,Foodbooth
agfDecofastFoodBoothEndClosedGrey,"Fast Food Booth End, Closed, Grey [ddcdfa](Deco)[-]",00654,,plain,fastFoodBoothEndClosed,Furniture,Foodbooth
agfDecofastFoodBoothEndClosedOrange,"Fast Food Booth End, Closed, Orange [ddcdfa](Deco)[-]",00655,,plain,fastFoodBoothEndClosed,Furniture,Foodbooth
agfDecofastFoodBoothEndClosedPurple,"Fast Food Booth End, Closed, Purple [ddcdfa](Deco)[-]",00656,,plain,fastFoodBoothEndClosed,Furniture,Foodbooth
agfDecofastFoodBoothEndClosedRed,"Fast Food Booth End, Closed, Red [ddcdfa](Deco)[-]",00657,,plain,fastFoodBoothEndClosed,Furniture,Foodbooth
agfDecofastFoodBoothEndClosedWhite,"Fast Food Booth End, Closed, White [ddcdfa](Deco)[-]",00658,,plain,fastFoodBoothEndClosed,Furniture,Foodbooth
agfDecofastFoodBoothEndClosedYellow,"Fast Food Booth End, Closed, Yellow [ddcdfa](Deco)[-]",00659,,plain,fastFoodBoothEndClosed,Furniture,Foodbooth
agfDecofastFoodBoothEndOpen,"Fast Food Booth End, Open, Blue [ddcdfa](Deco)[-]",00660,,plain,fastFoodBoothEndOpen,Furniture,Foodbooth
agfDecofastFoodBoothEndOpenBlack,"Fast Food Booth End, Open, Black [ddcdfa](Deco)[-]",00661,,plain,fastFoodBoothEndOpen,Furniture,Foodbooth
agfDecofastFoodBoothEndOpenBrown,"Fast Food Booth End, Open, Brown [ddcdfa](Deco)[-]",00662,,plain,fastFoodBoothEndOpen,Furniture,Foodbooth
agfDecofastFoodBoothEndOpenGreen,"Fast Food Booth End, Open, Green [ddcdfa](Deco)[-]",00663,,plain,fastFoodBoothEndOpen,Furniture,Foodbooth
agfDecofastFoodBoothEndOpenGrey,"Fast Food Booth End, Open, Grey [ddcdfa](Deco)[-]",00664,,plain,fastFoodBoothEndOpen,Furniture,Foodbooth
agfDecofastFoodBoothEndOpenOrange,"Fast Food Booth End, Open, Orange [ddcdfa](Deco)[-]",00665,,plain,fastFoodBoothEndOpen,Furniture,Foodbooth
agfDecofastFoodBoothEndOpenPurple,"Fast Food Booth End, Open, Purple [ddcdfa](Deco)[-]",00666,,plain,fastFoodBoothEndOpen,Furniture,Foodbooth
agfDecofastFoodBoothEndOpenRed,"Fast Food Booth End, Open, Red [ddcdfa](Deco)[-]",00667,,plain,fastFoodBoothEndOpen,Furniture,Foodbooth
agfDecofastFoodBoothEndOpenWhite,"Fast Food Booth End, Open, White [ddcdfa](Deco)[-]",00668,,plain,fastFoodBoothEndOpen,Furniture,Foodbooth
agfDecofastFoodBoothEndOpenYellow,"Fast Food Booth End, Open, Yellow [ddcdfa](Deco)[-]",00669,,plain,fastFoodBoothEndOpen,Furniture,Foodbooth
agfDecofastFoodBoothBenchBlack,"Fast Food Booth Bench, Black [ddcdfa](Deco)[-]",00670,,plain,fastFoodBoothBench,Furniture,Foodbooth
agfDecofastFoodBoothBenchBlue,"Fast Food Booth Bench, Blue [ddcdfa](Deco)[-]",00671,,plain,fastFoodBoothBench,Furniture,Foodbooth
agfDecofastFoodBoothBenchBrown,"Fast Food Booth Bench, Brown [ddcdfa](Deco)[-]",00672,,plain,fastFoodBoothBench,Furniture,Foodbooth
agfDecofastFoodBoothBenchGreen,"Fast Food Booth Bench, Green [ddcdfa](Deco)[-]",00673,,plain,fastFoodBoothBench,Furniture,Foodbooth
agfDecofastFoodBoothBenchGrey,"Fast Food Booth Bench, Grey [ddcdfa](Deco)[-]",00674,,plain,fastFoodBoothBench,Furniture,Foodbooth
agfDecofastFoodBoothBenchOrange,"Fast Food Booth Bench, Orange [ddcdfa](Deco)[-]",00675,,plain,fastFoodBoothBench,Furniture,Foodbooth
agfDecofastFoodBoothBenchPurple,"Fast Food Booth Bench, Purple [ddcdfa](Deco)[-]",00676,,plain,fastFoodBoothBench,Furniture,Foodbooth
agfDecofastFoodBoothBenchRed,"Fast Food Booth Bench, Red [ddcdfa](Deco)[-]",00677,,plain,fastFoodBoothBench,Furniture,Foodbooth
agfDecofastFoodBoothBenchWhite,"Fast Food Booth Bench, White [ddcdfa](Deco)[-]",00678,,plain,fastFoodBoothBench,Furniture,Foodbooth
agfDecofastFoodBoothBenchYellow,"Fast Food Booth Bench, Yellow [ddcdfa](Deco)[-]",00679,,plain,fastFoodBoothBench,Furniture,Foodbooth
agfDecocntDeskMetalFullArmyGreen,"Metal Desk, Closed, Army Green [c8e6be](Loot)[-]",00680,,loot,cntDeskMetalFull,Furniture,Table
agfDecocntDeskMetalFullBlack,"Metal Desk, Closed, Black [c8e6be](Loot)[-]",00681,,loot,cntDeskMetalFull,Furniture,Table
agfDecocntDeskMetalFullBlue,"Metal Desk, Closed, Blue [c8e6be](Loot)[-]",00682,,loot,cntDeskMetalFull,Furniture,Table
agfDecocntDeskMetalFullBrown,"Metal Desk, Closed, Brown [c8e6be](Loot)[-]",00683,,loot,cntDeskMetalFull,Furniture,Table
agfDecocntDeskMetalFullGreen,"Metal Desk, Closed, Green [c8e6be](Loot)[-]",00684,,loot,cntDeskMetalFull,Furniture,Table
agfDecocntDeskMetalFullGrey,"Metal Desk, Closed, Grey [c8e6be](Loot)[-]",00685,,loot,cntDeskMetalFull,Furniture,Table
agfDecocntDeskMetalFullOrange,"Metal Desk, Closed, Orange [c8e6be](Loot)[-]",00686,,loot,cntDeskMetalFull,Furniture,Table
agfDecocntDeskMetalFullPink,"Metal Desk, Closed, Pink [c8e6be](Loot)[-]",00687,,loot,cntDeskMetalFull,Furniture,Table
agfDecocntDeskMetalFullPurple,"Metal Desk, Closed, Purple [c8e6be](Loot)[-]",00688,,loot,cntDeskMetalFull,Furniture,Table
agfDecocntDeskMetalFullRed,"Metal Desk, Closed, Red [c8e6be](Loot)[-]",00689,,loot,cntDeskMetalFull,Furniture,Table
agfDecocntDeskMetalFullWhite,"Metal Desk, Closed, White [c8e6be](Loot)[-]",00690,,loot,cntDeskMetalFull,Furniture,Table
agfDecocntDeskMetalFullYellow,"Metal Desk, Closed, Yellow [c8e6be](Loot)[-]",00691,,loot,cntDeskMetalFull,Furniture,Table
agfDecocntDeskMetalEmptyArmyGreen,"Metal Desk, Open, Army Green [c8e6be](Loot)[-]",00692,,loot,cntDeskMetalEmpty,Furniture,Table
agfDecocntDeskMetalEmptyBlack,"Metal Desk, Open, Black [c8e6be](Loot)[-]",00693,,loot,cntDeskMetalEmpty,Furniture,Table
agfDecocntDeskMetalEmptyBlue,"Metal Desk, Open, Blue [c8e6be](Loot)[-]",00694,,loot,cntDeskMetalEmpty,Furniture,Table
agfDecocntDeskMetalEmptyBrown,"Metal Desk, Open, Brown [c8e6be](Loot)[-]",00695,,loot,cntDeskMetalEmpty,Furniture,Table
agfDecocntDeskMetalEmptyGreen,"Metal Desk, Open, Green [c8e6be](Loot)[-]",00696,,loot,cntDeskMetalEmpty,Furniture,Table
agfDecocntDeskMetalEmptyGrey,"Metal Desk, Open, Grey [c8e6be](Loot)[-]",00697,,loot,cntDeskMetalEmpty,Furniture,Table
agfDecocntDeskMetalEmptyOrange,"Metal Desk, Open, Orange [c8e6be](Loot)[-]",00698,,loot,cntDeskMetalEmpty,Furniture,Table
agfDecocntDeskMetalEmptyPink,"Metal Desk, Open, Pink [c8e6be](Loot)[-]",00699,,loot,cntDeskMetalEmpty,Furniture,Table
agfDecocntDeskMetalEmptyPurple,"Metal Desk, Open, Purple [c8e6be](Loot)[-]",00700,,loot,cntDeskMetalEmpty,Furniture,Table
agfDecocntDeskMetalEmptyRed,"Metal Desk, Open, Red [c8e6be](Loot)[-]",00701,,loot,cntDeskMetalEmpty,Furniture,Table
agfDecocntDeskMetalEmptyWhite,"Metal Desk, Open, White [c8e6be](Loot)[-]",00702,,loot,cntDeskMetalEmpty,Furniture,Table
agfDecocntDeskMetalEmptyYellow,"Metal Desk, Open, Yellow [c8e6be](Loot)[-]",00703,,loot,cntDeskMetalEmpty,Furniture,Table
agfDecocntDeskWoodFull,"Wood Desk, Closed [c8e6be](Loot)[-]",00704,,loot,cntDeskWood,Furniture,Table
agfDecocntDeskWoodEmpty,"Wood Desk, Open [c8e6be](Loot)[-]",00705,,loot,cntDeskWood,Furniture,Table
agfDecodecoPicnicTable,Picnic Table [ddcdfa](Deco)[-],00706,,plain,decoPicnicTable,Furniture,Table
agfDecodecoTableRound,Round Table [ddcdfa](Deco)[-],00707,,plain,decoTableRound,Furniture,Table
agfDecodiningTable01,Dining Table [ddcdfa](Deco)[-],00708,,plain,diningTable01,Furniture,Table
agfDecoendTable,End Table [ddcdfa](Deco)[-],00709,,plain,endTable,Furniture,Table
agfDecoofficeDesk,Office Desk [ddcdfa](Deco)[-],00710,,plain,officeDesk,Furniture,Table
agfDecoofficeTable,Office Table [ddcdfa](Deco)[-],00711,,plain,officeTable,Furniture,Table
agfDecorestaurantTableEnd,Restaurant Table End [ddcdfa](Deco)[-],00712,,plain,restaurantTable,Furniture,Table
agfDecorestaurantTableMiddle,Restaurant Table Middle [ddcdfa](Deco)[-],00713,,plain,restaurantTable,Furniture,Table
agfDecoumbrellaTableDownBlack,"Umbrella Down, Black [ddcdfa](Deco)[-]",00714,,plain,umbrellaTableDown,Furniture,Table
agfDecoumbrellaTableDownBlue,"Umbrella Down, Blue [ddcdfa](Deco)[-]",00715,,plain,umbrellaTableDown,Furniture,Table
agfDecoumbrellaTableDownBrown,"Umbrella Down, Brown [ddcdfa](Deco)[-]",00716,,plain,umbrellaTableDown,Furniture,Table
agfDecoumbrellaTableDownGreen,"Umbrella Down, Green [ddcdfa](Deco)[-]",00717,,plain,umbrellaTableDown,Furniture,Table
agfDecoumbrellaTableDownGrey,"Umbrella Down, Grey [ddcdfa](Deco)[-]",00718,,plain,umbrellaTableDown,Furniture,Table
agfDecoumbrellaTableDownOrange,"Umbrella Down, Orange [ddcdfa](Deco)[-]",00719,,plain,umbrellaTableDown,Furniture,Table
agfDecoumbrellaTableDownPink,"Umbrella Down, Pink [ddcdfa](Deco)[-]",00720,,plain,umbrellaTableDown,Furniture,Table
agfDecoumbrellaTableDownPurple,"Umbrella Down, Purple [ddcdfa](Deco)[-]",00721,,plain,umbrellaTableDown,Furniture,Table
agfDecoumbrellaTableDownRed,"Umbrella Down, Red [ddcdfa](Deco)[-]",00722,,plain,umbrellaTableDown,Furniture,Table
agfDecoumbrellaTableDownWhite,"Umbrella Down, White [ddcdfa](Deco)[-]",00723,,plain,umbrellaTableDown,Furniture,Table
agfDecoumbrellaTableDownYellow,"Umbrella Down, Yellow [ddcdfa](Deco)[-]",00724,,plain,umbrellaTableDown,Furniture,Table
agfDecoumbrellaTableUpBlack,"Umbrella Up, Black [ddcdfa](Deco)[-]",00725,,plain,umbrellaTableUp,Furniture,Table
agfDecoumbrellaTableUpBlue,"Umbrella Up, Blue [ddcdfa](Deco)[-]",00726,,plain,umbrellaTableUp,Furniture,Table
agfDecoumbrellaTableUpBrown,"Umbrella Up, Brown [ddcdfa](Deco)[-]",00727,,plain,umbrellaTableUp,Furniture,Table
agfDecoumbrellaTableUpGreen,"Umbrella Up, Green [ddcdfa](Deco)[-]",00728,,plain,umbrellaTableUp,Furniture,Table
agfDecoumbrellaTableUpGrey,"Umbrella Up, Grey [ddcdfa](Deco)[-]",00729,,plain,umbrellaTableUp,Furniture,Table
agfDecoumbrellaTableUpOrange,"Umbrella Up, Orange [ddcdfa](Deco)[-]",00730,,plain,umbrellaTableUp,Furniture,Table
agfDecoumbrellaTableUpPink,"Umbrella Up, Pink [ddcdfa](Deco)[-]",00731,,plain,umbrellaTableUp,Furniture,Table
agfDecoumbrellaTableUpPurple,"Umbrella Up, Purple [ddcdfa](Deco)[-]",00732,,plain,umbrellaTableUp,Furniture,Table
agfDecoumbrellaTableUpRed,"Umbrella Up, Red [ddcdfa](Deco)[-]",00733,,plain,umbrellaTableUp,Furniture,Table
agfDecoumbrellaTableUpWhite,"Umbrella Up, White [ddcdfa](Deco)[-]",00734,,plain,umbrellaTableUp,Furniture,Table
agfDecoumbrellaTableUpYellow,"Umbrella Up, Yellow [ddcdfa](Deco)[-]",00735,,plain,umbrellaTableUp,Furniture,Table
agfDecoparkBenchA,Park Bench A [ddcdfa](Deco)[-],00736,,plain,parkBench,Furniture,General
agfDecoparkBenchB,Park Bench B [ddcdfa](Deco)[-],00737,,plain,parkBench,Furniture,General
agfDecoschoolDesk01Blue,"School Desk, Blue [ddcdfa](Deco)[-]",00738,,plain,schoolDesk01,Furniture,General
agfDecoschoolDesk01Brown,"School Desk, Brown [ddcdfa](Deco)[-]",00739,,plain,schoolDesk01,Furniture,General
agfDecoschoolDesk01Green,"School Desk, Green [ddcdfa](Deco)[-]",00740,,plain,schoolDesk01,Furniture,General
agfDecoschoolDesk01Grey,"School Desk, Grey [ddcdfa](Deco)[-]",00741,,plain,schoolDesk01,Furniture,General
agfDecoschoolDesk01Orange,"School Desk, Orange [ddcdfa](Deco)[-]",00742,,plain,schoolDesk01,Furniture,General
agfDecoschoolDesk01Purple,"School Desk, Purple [ddcdfa](Deco)[-]",00743,,plain,schoolDesk01,Furniture,General
agfDecoschoolDesk01Red,"School Desk, Red [ddcdfa](Deco)[-]",00744,,plain,schoolDesk01,Furniture,General
agfDecoschoolDesk01White,"School Desk, White [ddcdfa](Deco)[-]",00745,,plain,schoolDesk01,Furniture,General
agfDecoschoolDesk01Yellow,"School Desk, Yellow [ddcdfa](Deco)[-]",00746,,plain,schoolDesk01,Furniture,General
agfDecoschoolDesk02Blue,"School Desk, Blue [ddcdfa](Deco)[-]",00747,,plain,schoolDesk02,Furniture,General
agfDecoschoolDesk02Brown,"School Desk, Brown [ddcdfa](Deco)[-]",00748,,plain,schoolDesk02,Furniture,General
agfDecoschoolDesk02Green,"School Desk, Green [ddcdfa](Deco)[-]",00749,,plain,schoolDesk02,Furniture,General
agfDecoschoolDesk02Grey,"School Desk, Grey [ddcdfa](Deco)[-]",00750,,plain,schoolDesk02,Furniture,General
agfDecoschoolDesk02Orange,"School Desk, Orange [ddcdfa](Deco)[-]",00751,,plain,schoolDesk02,Furniture,General
agfDecoschoolDesk02Purple,"School Desk, Purple [ddcdfa](Deco)[-]",00752,,plain,schoolDesk02,Furniture,General
agfDecoschoolDesk02Red,"School Desk, Red [ddcdfa](Deco)[-]",00753,,plain,schoolDesk02,Furniture,General
agfDecoschoolDesk02White,"School Desk, White [ddcdfa](Deco)[-]",00754,,plain,schoolDesk02,Furniture,General
agfDecoschoolDesk02Yellow,"School Desk, Yellow [ddcdfa](Deco)[-]",00755,,plain,schoolDesk02,Furniture,General
agfDecoschoolDesk03Blue,"School Desk, Blue [ddcdfa](Deco)[-]",00756,,plain,schoolDesk03,Furniture,General
agfDecoschoolDesk03Brown,"School Desk, Brown [ddcdfa](Deco)[-]",00757,,plain,schoolDesk03,Furniture,General
agfDecoschoolDesk03Green,"School Desk, Green [ddcdfa](Deco)[-]",00758,,plain,schoolDesk03,Furniture,General
agfDecoschoolDesk03Grey,"School Desk, Grey [ddcdfa](Deco)[-]",00759,,plain,schoolDesk03,Furniture,General
agfDecoschoolDesk03Orange,"School Desk, Orange [ddcdfa](Deco)[-]",00760,,plain,schoolDesk03,Furniture,General
agfDecoschoolDesk03Purple,"School Desk, Purple [ddcdfa](Deco)[-]",00761,,plain,schoolDesk03,Furniture,General
agfDecoschoolDesk03Red,"School Desk, Red [ddcdfa](Deco)[-]",00762,,plain,schoolDesk03,Furniture,General
agfDecoschoolDesk03White,"School Desk, White [ddcdfa](Deco)[-]",00763,,plain,schoolDesk03,Furniture,General
agfDecoschoolDesk03Yellow,"School Desk, Yellow [ddcdfa](Deco)[-]",00764,,plain,schoolDesk03,Furniture,General
agfDecoschoolSeat01Blue,"School Seat, Blue [ddcdfa](Deco)[-]",00765,,plain,schoolSeat01,Furniture,General
agfDecoschoolSeat01Brown,"School Seat, Brown [ddcdfa](Deco)[-]",00766,,plain,schoolSeat01,Furniture,General
agfDecoschoolSeat01Green,"School Seat, Green [ddcdfa](Deco)[-]",00767,,plain,schoolSeat01,Furniture,General
agfDecoschoolSeat01Grey,"School Seat, Grey [ddcdfa](Deco)[-]",00768,,plain,schoolSeat01,Furniture,General
agfDecoschoolSeat01Orange,"School Seat, Orange [ddcdfa](Deco)[-]",00769,,plain,schoolSeat01,Furniture,General
agfDecoschoolSeat01Purple,"School Seat, Purple [ddcdfa](Deco)[-]",00770,,plain,schoolSeat01,Furniture,General
agfDecoschoolSeat01Red,"School Seat, Red [ddcdfa](Deco)[-]",00771,,plain,schoolSeat01,Furniture,General
agfDecoschoolSeat01White,"School Seat, White [ddcdfa](Deco)[-]",00772,,plain,schoolSeat01,Furniture,General
agfDecoschoolSeat01Yellow,"School Seat, Yellow [ddcdfa](Deco)[-]",00773,,plain,schoolSeat01,Furniture,General
agfDecoschoolSeat02Blue,"School Seat, Blue [ddcdfa](Deco)[-]",00774,,plain,schoolSeat02,Furniture,General
agfDecoschoolSeat02Brown,"School Seat, Brown [ddcdfa](Deco)[-]",00775,,plain,schoolSeat02,Furniture,General
agfDecoschoolSeat02Green,"School Seat, Green [ddcdfa](Deco)[-]",00776,,plain,schoolSeat02,Furniture,General
agfDecoschoolSeat02Grey,"School Seat, Grey [ddcdfa](Deco)[-]",00777,,plain,schoolSeat02,Furniture,General
agfDecoschoolSeat02Orange,"School Seat, Orange [ddcdfa](Deco)[-]",00778,,plain,schoolSeat02,Furniture,General
agfDecoschoolSeat02Purple,"School Seat, Purple [ddcdfa](Deco)[-]",00779,,plain,schoolSeat02,Furniture,General
agfDecoschoolSeat02Red,"School Seat, Red [ddcdfa](Deco)[-]",00780,,plain,schoolSeat02,Furniture,General
agfDecoschoolSeat02White,"School Seat, White [ddcdfa](Deco)[-]",00781,,plain,schoolSeat02,Furniture,General
agfDecoschoolSeat02Yellow,"School Seat, Yellow [ddcdfa](Deco)[-]",00782,,plain,schoolSeat02,Furniture,General
agfDecotheaterSeatDownFullArmsUpBlack,"Theater Seat Down Arms Up, Full, Black [ddcdfa](Deco)[-]",00783,,plain,theaterSeatDownFullArmsUp,Furniture,General
agfDecotheaterSeatDownFullArmsUpBlue,"Theater Seat Down Arms Up, Full, Blue [ddcdfa](Deco)[-]",00784,,plain,theaterSeatDownFullArmsUp,Furniture,General
agfDecotheaterSeatDownFullArmsUpRed,"Theater Seat Down Arms Up, Full, Red [ddcdfa](Deco)[-]",00785,,plain,theaterSeatDownFullArmsUp,Furniture,General
agfDecotheaterSeatDownFullArmsUpWhite,"Theater Seat Down Arms Up, Full, White [ddcdfa](Deco)[-]",00786,,plain,theaterSeatDownFullArmsUp,Furniture,General
agfDecotheaterSeatDownFullBlack,"Theater Seat Down, Full, Black [ddcdfa](Deco)[-]",00787,,plain,theaterSeatDownFull,Furniture,General
agfDecotheaterSeatDownFullBlue,"Theater Seat Down, Full, Blue [ddcdfa](Deco)[-]",00788,,plain,theaterSeatDownFull,Furniture,General
agfDecotheaterSeatDownFullRed,"Theater Seat Down, Full, Red [ddcdfa](Deco)[-]",00789,,plain,theaterSeatDownFull,Furniture,General
agfDecotheaterSeatDownFullWhite,"Theater Seat Down, Full, White [ddcdfa](Deco)[-]",00790,,plain,theaterSeatDownFull,Furniture,General
agfDecotheaterSeatDownTileArmUpBlack,"Theater Seat Down Tile Arm Up, Black [ddcdfa](Deco)[-]",00791,,plain,theaterSeatDownTileArmUp,Furniture,General
agfDecotheaterSeatDownTileArmUpBlue,"Theater Seat Down Tile Arm Up, Blue [ddcdfa](Deco)[-]",00792,,plain,theaterSeatDownTileArmUp,Furniture,General
agfDecotheaterSeatDownTileArmUpRed,"Theater Seat Down Tile Arm Up, Red [ddcdfa](Deco)[-]",00793,,plain,theaterSeatDownTileArmUp,Furniture,General
agfDecotheaterSeatDownTileArmUpWhite,"Theater Seat Down Tile Arm Up, White [ddcdfa](Deco)[-]",00794,,plain,theaterSeatDownTileArmUp,Furniture,General
agfDecotheaterSeatDownTileBlack,"Theater Seat Down Tile, Black [ddcdfa](Deco)[-]",00795,,plain,theaterSeatDownTile,Furniture,General
agfDecotheaterSeatDownTileBlue,"Theater Seat Down Tile, Blue [ddcdfa](Deco)[-]",00796,,plain,theaterSeatDownTile,Furniture,General
agfDecotheaterSeatDownTileRed,"Theater Seat Down Tile, Red [ddcdfa](Deco)[-]",00797,,plain,theaterSeatDownTile,Furniture,General
agfDecotheaterSeatDownTileWhite,"Theater Seat Down Tile, White [ddcdfa](Deco)[-]",00798,,plain,theaterSeatDownTile,Furniture,General
agfDecotheaterSeatUpFullArmsUpBlack,"Theater Seat Up Arms Up, Full, Black [ddcdfa](Deco)[-]",00799,,plain,theaterSeatUpFullArmsUp,Furniture,General
agfDecotheaterSeatUpFullArmsUpBlue,"Theater Seat Up Arms Up, Full, Blue [ddcdfa](Deco)[-]",00800,,plain,theaterSeatUpFullArmsUp,Furniture,General
agfDecotheaterSeatUpFullArmsUpRed,"Theater Seat Up Arms Up, Full, Red [ddcdfa](Deco)[-]",00801,,plain,theaterSeatUpFullArmsUp,Furniture,General
agfDecotheaterSeatUpFullArmsUpWhite,"Theater Seat Up Arms Up, Full, White [ddcdfa](Deco)[-]",00802,,plain,theaterSeatUpFullArmsUp,Furniture,General
agfDecotheaterSeatUpTileArmUpBlack,"Theater Seat Up Tile Arm Up, Black [ddcdfa](Deco)[-]",00803,,plain,theaterSeatUpTileArmUp,Furniture,General
agfDecotheaterSeatUpTileArmUpBlue,"Theater Seat Up Tile Arm Up, Blue [ddcdfa](Deco)[-]",00804,,plain,theaterSeatUpTileArmUp,Furniture,General
agfDecotheaterSeatUpTileArmUpRed,"Theater Seat Up Tile Arm Up, Red [ddcdfa](Deco)[-]",00805,,plain,theaterSeatUpTileArmUp,Furniture,General
agfDecotheaterSeatUpTileArmUpWhite,"Theater Seat Up Tile Arm Up, White [ddcdfa](Deco)[-]",00806,,plain,theaterSeatUpTileArmUp,Furniture,General
agfDecobleachersBottomMiddle,Bleachers Bottom Middle [ddcdfa](Deco)[-],00807,,plain,bleachersBottom,Furniture,General
agfDecobleachersBottomSupport,Bleachers Bottom Support [ddcdfa](Deco)[-],00808,,plain,bleachersBottom,Furniture,General
agfDecobleachersSupport,Bleachers Support [ddcdfa](Deco)[-],00809,,plain,bleachers,Furniture,General
agfDecobleachersTopMiddle,Bleachers Top Middle [ddcdfa](Deco)[-],00810,,plain,bleachersTop,Furniture,General
agfDecobleachersTopSupport,Bleachers Top Support [ddcdfa](Deco)[-],00811,,plain,bleachersTop,Furniture,General
agfDecobleachersUnderneathMiddle,Bleachers Underneath Middle [ddcdfa](Deco)[-],00812,,plain,bleachersUnderneath,Furniture,General
agfDecobleachersUnderneathSupport,Bleachers Underneath Support [ddcdfa](Deco)[-],00813,,plain,bleachersUnderneath,Furniture,General
agfDecominiblindTopSheet,Mini Blind Top Sheet [ddcdfa](Deco)[-],00814,,plain,miniblind,Window,Blinds
agfDecominiblindBottomSheet,Mini Blind Bottom Sheet [ddcdfa](Deco)[-],00815,,plain,miniblind,Window,Blinds
agfDecocurtainDrapesRod1m,"Curtain Rod, 1m [ddcdfa](Deco)[-]",00816,,plain,drape,Window,Drapes
agfDecocurtainDrapesFullTopBlack,"Drapes, Top, Full, Black [ddcdfa](Deco)[-]",00817,,plain,drape,Window,Full
agfDecocurtainDrapesFullTopBlue,"Drapes, Top, Full, Blue [ddcdfa](Deco)[-]",00818,,plain,drape,Window,Full
agfDecocurtainDrapesFullTopBrown,"Drapes, Top, Full, Brown [ddcdfa](Deco)[-]",00819,,plain,drape,Window,Full
agfDecocurtainDrapesFullTopGreen,"Drapes, Top, Full, Green [ddcdfa](Deco)[-]",00820,,plain,drape,Window,Full
agfDecocurtainDrapesFullTopGrey,"Drapes, Top, Full, Grey [ddcdfa](Deco)[-]",00821,,plain,drape,Window,Full
agfDecocurtainDrapesFullTopOrange,"Drapes, Top, Full, Orange [ddcdfa](Deco)[-]",00822,,plain,drape,Window,Full
agfDecocurtainDrapesFullTopPink,"Drapes, Top, Full, Pink [ddcdfa](Deco)[-]",00823,,plain,drape,Window,Full
agfDecocurtainDrapesFullTopPurple,"Drapes, Top, Full, Purple [ddcdfa](Deco)[-]",00824,,plain,drape,Window,Full
agfDecocurtainDrapesFullTopRed,"Drapes, Top, Full, Red [ddcdfa](Deco)[-]",00825,,plain,drape,Window,Full
agfDecocurtainDrapesFullTopWhite,"Drapes, Top, Full, White [ddcdfa](Deco)[-]",00826,,plain,drape,Window,Full
agfDecocurtainDrapesFullTopYellow,"Drapes, Top, Full, Yellow [ddcdfa](Deco)[-]",00827,,plain,drape,Window,Full
agfDecocurtainDrapesFullTopDirtyBlack,"Drapes, Top, Dirty, Full, Black [ddcdfa](Deco)[-]",00828,,plain,drape,Window,Full
agfDecocurtainDrapesFullTopDirtyBlue,"Drapes, Top, Dirty, Full, Blue [ddcdfa](Deco)[-]",00829,,plain,drape,Window,Full
agfDecocurtainDrapesFullTopDirtyBrown,"Drapes, Top, Dirty, Full, Brown [ddcdfa](Deco)[-]",00830,,plain,drape,Window,Full
agfDecocurtainDrapesFullTopDirtyGreen,"Drapes, Top, Dirty, Full, Green [ddcdfa](Deco)[-]",00831,,plain,drape,Window,Full
agfDecocurtainDrapesFullTopDirtyGrey,"Drapes, Top, Dirty, Full, Grey [ddcdfa](Deco)[-]",00832,,plain,drape,Window,Full
agfDecocurtainDrapesFullTopDirtyOrange,"Drapes, Top, Dirty, Full, Orange [ddcdfa](Deco)[-]",00833,,plain,drape,Window,Full
agfDecocurtainDrapesFullTopDirtyPink,"Drapes, Top, Dirty, Full, Pink [ddcdfa](Deco)[-]",00834,,plain,drape,Window,Full
agfDecocurtainDrapesFullTopDirtyPurple,"Drapes, Top, Dirty, Full, Purple [ddcdfa](Deco)[-]",00835,,plain,drape,Window,Full
agfDecocurtainDrapesFullTopDirtyRed,"Drapes, Top, Dirty, Full, Red [ddcdfa](Deco)[-]",00836,,plain,drape,Window,Full
agfDecocurtainDrapesFullTopDirtyWhite,"Drapes, Top, Dirty, Full, White [ddcdfa](Deco)[-]",00837,,plain,drape,Window,Full
agfDecocurtainDrapesFullTopDirtyYellow,"Drapes, Top, Dirty, Full, Yellow [ddcdfa](Deco)[-]",00838,,plain,drape,Window,Full
agfDecocurtainDrapesFullTileBlack,"Drapes, Tile, Full, Black [ddcdfa](Deco)[-]",00839,,plain,drape,Window,Full
agfDecocurtainDrapesFullTileBlue,"Drapes, Tile, Full, Blue [ddcdfa](Deco)[-]",00840,,plain,drape,Window,Full
agfDecocurtainDrapesFullTileBrown,"Drapes, Tile, Full, Brown [ddcdfa](Deco)[-]",00841,,plain,drape,Window,Full
agfDecocurtainDrapesFullTileGreen,"Drapes, Tile, Full, Green [ddcdfa](Deco)[-]",00842,,plain,drape,Window,Full
agfDecocurtainDrapesFullTileGrey,"Drapes, Tile, Full, Grey [ddcdfa](Deco)[-]",00843,,plain,drape,Window,Full
agfDecocurtainDrapesFullTileOrange,"Drapes, Tile, Full, Orange [ddcdfa](Deco)[-]",00844,,plain,drape,Window,Full
agfDecocurtainDrapesFullTilePink,"Drapes, Tile, Full, Pink [ddcdfa](Deco)[-]",00845,,plain,drape,Window,Full
agfDecocurtainDrapesFullTilePurple,"Drapes, Tile, Full, Purple [ddcdfa](Deco)[-]",00846,,plain,drape,Window,Full
agfDecocurtainDrapesFullTileRed,"Drapes, Tile, Full, Red [ddcdfa](Deco)[-]",00847,,plain,drape,Window,Full
agfDecocurtainDrapesFullTileWhite,"Drapes, Tile, Full, White [ddcdfa](Deco)[-]",00848,,plain,drape,Window,Full
agfDecocurtainDrapesFullTileYellow,"Drapes, Tile, Full, Yellow [ddcdfa](Deco)[-]",00849,,plain,drape,Window,Full
agfDecocurtainDrapesFullTileDirtyBlack,"Drapes, Tile, Dirty, Full, Black [ddcdfa](Deco)[-]",00850,,plain,drape,Window,Full
agfDecocurtainDrapesFullTileDirtyBlue,"Drapes, Tile, Dirty, Full, Blue [ddcdfa](Deco)[-]",00851,,plain,drape,Window,Full
agfDecocurtainDrapesFullTileDirtyBrown,"Drapes, Tile, Dirty, Full, Brown [ddcdfa](Deco)[-]",00852,,plain,drape,Window,Full
agfDecocurtainDrapesFullTileDirtyGreen,"Drapes, Tile, Dirty, Full, Green [ddcdfa](Deco)[-]",00853,,plain,drape,Window,Full
agfDecocurtainDrapesFullTileDirtyGrey,"Drapes, Tile, Dirty, Full, Grey [ddcdfa](Deco)[-]",00854,,plain,drape,Window,Full
agfDecocurtainDrapesFullTileDirtyOrange,"Drapes, Tile, Dirty, Full, Orange [ddcdfa](Deco)[-]",00855,,plain,drape,Window,Full
agfDecocurtainDrapesFullTileDirtyPink,"Drapes, Tile, Dirty, Full, Pink [ddcdfa](Deco)[-]",00856,,plain,drape,Window,Full
agfDecocurtainDrapesFullTileDirtyPurple,"Drapes, Tile, Dirty, Full, Purple [ddcdfa](Deco)[-]",00857,,plain,drape,Window,Full
agfDecocurtainDrapesFullTileDirtyRed,"Drapes, Tile, Dirty, Full, Red [ddcdfa](Deco)[-]",00858,,plain,drape,Window,Full
agfDecocurtainDrapesFullTileDirtyWhite,"Drapes, Tile, Dirty, Full, White [ddcdfa](Deco)[-]",00859,,plain,drape,Window,Full
agfDecocurtainDrapesFullTileDirtyYellow,"Drapes, Tile, Dirty, Full, Yellow [ddcdfa](Deco)[-]",00860,,plain,drape,Window,Full
agfDecocurtainDrapesFullBottomBlack,"Drapes, Bottom, Full, Black [ddcdfa](Deco)[-]",00861,,plain,drape,Window,Full
agfDecocurtainDrapesFullBottomBlue,"Drapes, Bottom, Full, Blue [ddcdfa](Deco)[-]",00862,,plain,drape,Window,Full
agfDecocurtainDrapesFullBottomBrown,"Drapes, Bottom, Full, Brown [ddcdfa](Deco)[-]",00863,,plain,drape,Window,Full
agfDecocurtainDrapesFullBottomGreen,"Drapes, Bottom, Full, Green [ddcdfa](Deco)[-]",00864,,plain,drape,Window,Full
agfDecocurtainDrapesFullBottomGrey,"Drapes, Bottom, Full, Grey [ddcdfa](Deco)[-]",00865,,plain,drape,Window,Full
agfDecocurtainDrapesFullBottomOrange,"Drapes, Bottom, Full, Orange [ddcdfa](Deco)[-]",00866,,plain,drape,Window,Full
agfDecocurtainDrapesFullBottomPink,"Drapes, Bottom, Full, Pink [ddcdfa](Deco)[-]",00867,,plain,drape,Window,Full
agfDecocurtainDrapesFullBottomPurple,"Drapes, Bottom, Full, Purple [ddcdfa](Deco)[-]",00868,,plain,drape,Window,Full
agfDecocurtainDrapesFullBottomRed,"Drapes, Bottom, Full, Red [ddcdfa](Deco)[-]",00869,,plain,drape,Window,Full
agfDecocurtainDrapesFullBottomWhite,"Drapes, Bottom, Full, White [ddcdfa](Deco)[-]",00870,,plain,drape,Window,Full
agfDecocurtainDrapesFullBottomYellow,"Drapes, Bottom, Full, Yellow [ddcdfa](Deco)[-]",00871,,plain,drape,Window,Full
agfDecocurtainDrapesFullBottomDirtyBlack,"Drapes, Bottom, Dirty, Full, Black [ddcdfa](Deco)[-]",00872,,plain,drape,Window,Full
agfDecocurtainDrapesFullBottomDirtyBlue,"Drapes, Bottom, Dirty, Full, Blue [ddcdfa](Deco)[-]",00873,,plain,drape,Window,Full
agfDecocurtainDrapesFullBottomDirtyBrown,"Drapes, Bottom, Dirty, Full, Brown [ddcdfa](Deco)[-]",00874,,plain,drape,Window,Full
agfDecocurtainDrapesFullBottomDirtyGreen,"Drapes, Bottom, Dirty, Full, Green [ddcdfa](Deco)[-]",00875,,plain,drape,Window,Full
agfDecocurtainDrapesFullBottomDirtyGrey,"Drapes, Bottom, Dirty, Full, Grey [ddcdfa](Deco)[-]",00876,,plain,drape,Window,Full
agfDecocurtainDrapesFullBottomDirtyOrange,"Drapes, Bottom, Dirty, Full, Orange [ddcdfa](Deco)[-]",00877,,plain,drape,Window,Full
agfDecocurtainDrapesFullBottomDirtyPink,"Drapes, Bottom, Dirty, Full, Pink [ddcdfa](Deco)[-]",00878,,plain,drape,Window,Full
agfDecocurtainDrapesFullBottomDirtyPurple,"Drapes, Bottom, Dirty, Full, Purple [ddcdfa](Deco)[-]",00879,,plain,drape,Window,Full
agfDecocurtainDrapesFullBottomDirtyRed,"Drapes, Bottom, Dirty, Full, Red [ddcdfa](Deco)[-]",00880,,plain,drape,Window,Full
agfDecocurtainDrapesFullBottomDirtyWhite,"Drapes, Bottom, Dirty, Full, White [ddcdfa](Deco)[-]",00881,,plain,drape,Window,Full
agfDecocurtainDrapesFullBottomDirtyYellow,"Drapes, Bottom, Dirty, Full, Yellow [ddcdfa](Deco)[-]",00882,,plain,drape,Window,Full
agfDecocurtainDrapesLeftHalfTopBlack,"Drapes, Half Top, Left, Black [ddcdfa](Deco)[-]",00883,,plain,drape,Window,Half
agfDecocurtainDrapesLeftHalfTopBlue,"Drapes, Half Top, Left, Blue [ddcdfa](Deco)[-]",00884,,plain,drape,Window,Half
agfDecocurtainDrapesLeftHalfTopBrown,"Drapes, Half Top, Left, Brown [ddcdfa](Deco)[-]",00885,,plain,drape,Window,Half
agfDecocurtainDrapesLeftHalfTopGreen,"Drapes, Half Top, Left, Green [ddcdfa](Deco)[-]",00886,,plain,drape,Window,Half
agfDecocurtainDrapesLeftHalfTopGrey,"Drapes, Half Top, Left, Grey [ddcdfa](Deco)[-]",00887,,plain,drape,Window,Half
agfDecocurtainDrapesLeftHalfTopOrange,"Drapes, Half Top, Left, Orange [ddcdfa](Deco)[-]",00888,,plain,drape,Window,Half
agfDecocurtainDrapesLeftHalfTopPink,"Drapes, Half Top, Left, Pink [ddcdfa](Deco)[-]",00889,,plain,drape,Window,Half
agfDecocurtainDrapesLeftHalfTopPurple,"Drapes, Half Top, Left, Purple [ddcdfa](Deco)[-]",00890,,plain,drape,Window,Half
agfDecocurtainDrapesLeftHalfTopRed,"Drapes, Half Top, Left, Red [ddcdfa](Deco)[-]",00891,,plain,drape,Window,Half
agfDecocurtainDrapesLeftHalfTopWhite,"Drapes, Half Top, Left, White [ddcdfa](Deco)[-]",00892,,plain,drape,Window,Half
agfDecocurtainDrapesLeftHalfTopYellow,"Drapes, Half Top, Left, Yellow [ddcdfa](Deco)[-]",00893,,plain,drape,Window,Half
agfDecocurtainDrapesLeftHalfTopDirtyBlack,"Drapes, Half Top, Dirty, Left, Black [ddcdfa](Deco)[-]",00894,,plain,drape,Window,Half
agfDecocurtainDrapesLeftHalfTopDirtyBlue,"Drapes, Half Top, Dirty, Left, Blue [ddcdfa](Deco)[-]",00895,,plain,drape,Window,Half
agfDecocurtainDrapesLeftHalfTopDirtyBrown,"Drapes, Half Top, Dirty, Left, Brown [ddcdfa](Deco)[-]",00896,,plain,drape,Window,Half
agfDecocurtainDrapesLeftHalfTopDirtyGreen,"Drapes, Half Top, Dirty, Left, Green [ddcdfa](Deco)[-]",00897,,plain,drape,Window,Half
agfDecocurtainDrapesLeftHalfTopDirtyGrey,"Drapes, Half Top, Dirty, Left, Grey [ddcdfa](Deco)[-]",00898,,plain,drape,Window,Half
agfDecocurtainDrapesLeftHalfTopDirtyOrange,"Drapes, Half Top, Dirty, Left, Orange [ddcdfa](Deco)[-]",00899,,plain,drape,Window,Half
agfDecocurtainDrapesLeftHalfTopDirtyPink,"Drapes, Half Top, Dirty, Left, Pink [ddcdfa](Deco)[-]",00900,,plain,drape,Window,Half
agfDecocurtainDrapesLeftHalfTopDirtyPurple,"Drapes, Half Top, Dirty, Left, Purple [ddcdfa](Deco)[-]",00901,,plain,drape,Window,Half
agfDecocurtainDrapesLeftHalfTopDirtyRed,"Drapes, Half Top, Dirty, Left, Red [ddcdfa](Deco)[-]",00902,,plain,drape,Window,Half
agfDecocurtainDrapesLeftHalfTopDirtyWhite,"Drapes, Half Top, Dirty, Left, White [ddcdfa](Deco)[-]",00903,,plain,drape,Window,Half
agfDecocurtainDrapesLeftHalfTopDirtyYellow,"Drapes, Half Top, Dirty, Left, Yellow [ddcdfa](Deco)[-]",00904,,plain,drape,Window,Half
agfDecocurtainDrapesLeftHalfTileBlack,"Drapes, Half Tile, Left, Black [ddcdfa](Deco)[-]",00905,,plain,drape,Window,Half
agfDecocurtainDrapesLeftHalfTileBlue,"Drapes, Half Tile, Left, Blue [ddcdfa](Deco)[-]",00906,,plain,drape,Window,Half
agfDecocurtainDrapesLeftHalfTileBrown,"Drapes, Half Tile, Left, Brown [ddcdfa](Deco)[-]",00907,,plain,drape,Window,Half
agfDecocurtainDrapesLeftHalfTileGreen,"Drapes, Half Tile, Left, Green [ddcdfa](Deco)[-]",00908,,plain,drape,Window,Half
agfDecocurtainDrapesLeftHalfTileGrey,"Drapes, Half Tile, Left, Grey [ddcdfa](Deco)[-]",00909,,plain,drape,Window,Half
agfDecocurtainDrapesLeftHalfTileOrange,"Drapes, Half Tile, Left, Orange [ddcdfa](Deco)[-]",00910,,plain,drape,Window,Half
agfDecocurtainDrapesLeftHalfTilePink,"Drapes, Half Tile, Left, Pink [ddcdfa](Deco)[-]",00911,,plain,drape,Window,Half
agfDecocurtainDrapesLeftHalfTilePurple,"Drapes, Half Tile, Left, Purple [ddcdfa](Deco)[-]",00912,,plain,drape,Window,Half
agfDecocurtainDrapesLeftHalfTileRed,"Drapes, Half Tile, Left, Red [ddcdfa](Deco)[-]",00913,,plain,drape,Window,Half
agfDecocurtainDrapesLeftHalfTileWhite,"Drapes, Half Tile, Left, White [ddcdfa](Deco)[-]",00914,,plain,drape,Window,Half
agfDecocurtainDrapesLeftHalfTileYellow,"Drapes, Half Tile, Left, Yellow [ddcdfa](Deco)[-]",00915,,plain,drape,Window,Half
agfDecocurtainDrapesLeftHalfTileDirtyBlack,"Drapes, Half Tile, Dirty, Left, Black [ddcdfa](Deco)[-]",00916,,plain,drape,Window,Half
agfDecocurtainDrapesLeftHalfTileDirtyBlue,"Drapes, Half Tile, Dirty, Left, Blue [ddcdfa](Deco)[-]",00917,,plain,drape,Window,Half
agfDecocurtainDrapesLeftHalfTileDirtyBrown,"Drapes, Half Tile, Dirty, Left, Brown [ddcdfa](Deco)[-]",00918,,plain,drape,Window,Half
agfDecocurtainDrapesLeftHalfTileDirtyGreen,"Drapes, Half Tile, Dirty, Left, Green [ddcdfa](Deco)[-]",00919,,plain,drape,Window,Half
agfDecocurtainDrapesLeftHalfTileDirtyGrey,"Drapes, Half Tile, Dirty, Left, Grey [ddcdfa](Deco)[-]",00920,,plain,drape,Window,Half
agfDecocurtainDrapesLeftHalfTileDirtyOrange,"Drapes, Half Tile, Dirty, Left, Orange [ddcdfa](Deco)[-]",00921,,plain,drape,Window,Half
agfDecocurtainDrapesLeftHalfTileDirtyPink,"Drapes, Half Tile, Dirty, Left, Pink [ddcdfa](Deco)[-]",00922,,plain,drape,Window,Half
agfDecocurtainDrapesLeftHalfTileDirtyPurple,"Drapes, Half Tile, Dirty, Left, Purple [ddcdfa](Deco)[-]",00923,,plain,drape,Window,Half
agfDecocurtainDrapesLeftHalfTileDirtyRed,"Drapes, Half Tile, Dirty, Left, Red [ddcdfa](Deco)[-]",00924,,plain,drape,Window,Half
agfDecocurtainDrapesLeftHalfTileDirtyWhite,"Drapes, Half Tile, Dirty, Left, White [ddcdfa](Deco)[-]",00925,,plain,drape,Window,Half
agfDecocurtainDrapesLeftHalfTileDirtyYellow,"Drapes, Half Tile, Dirty, Left, Yellow [ddcdfa](Deco)[-]",00926,,plain,drape,Window,Half
agfDecocurtainDrapesLeftHalfBottomBlack,"Drapes, Half Bottom, Left, Black [ddcdfa](Deco)[-]",00927,,plain,drape,Window,Half
agfDecocurtainDrapesLeftHalfBottomBlue,"Drapes, Half Bottom, Left, Blue [ddcdfa](Deco)[-]",00928,,plain,drape,Window,Half
agfDecocurtainDrapesLeftHalfBottomBrown,"Drapes, Half Bottom, Left, Brown [ddcdfa](Deco)[-]",00929,,plain,drape,Window,Half
agfDecocurtainDrapesLeftHalfBottomGreen,"Drapes, Half Bottom, Left, Green [ddcdfa](Deco)[-]",00930,,plain,drape,Window,Half
agfDecocurtainDrapesLeftHalfBottomGrey,"Drapes, Half Bottom, Left, Grey [ddcdfa](Deco)[-]",00931,,plain,drape,Window,Half
agfDecocurtainDrapesLeftHalfBottomOrange,"Drapes, Half Bottom, Left, Orange [ddcdfa](Deco)[-]",00932,,plain,drape,Window,Half
agfDecocurtainDrapesLeftHalfBottomPink,"Drapes, Half Bottom, Left, Pink [ddcdfa](Deco)[-]",00933,,plain,drape,Window,Half
agfDecocurtainDrapesLeftHalfBottomPurple,"Drapes, Half Bottom, Left, Purple [ddcdfa](Deco)[-]",00934,,plain,drape,Window,Half
agfDecocurtainDrapesLeftHalfBottomRed,"Drapes, Half Bottom, Left, Red [ddcdfa](Deco)[-]",00935,,plain,drape,Window,Half
agfDecocurtainDrapesLeftHalfBottomWhite,"Drapes, Half Bottom, Left, White [ddcdfa](Deco)[-]",00936,,plain,drape,Window,Half
agfDecocurtainDrapesLeftHalfBottomYellow,"Drapes, Half Bottom, Left, Yellow [ddcdfa](Deco)[-]",00937,,plain,drape,Window,Half
agfDecocurtainDrapesLeftHalfBottomDirtyBlack,"Drapes, Half Bottom, Dirty, Left, Black [ddcdfa](Deco)[-]",00938,,plain,drape,Window,Half
agfDecocurtainDrapesLeftHalfBottomDirtyBlue,"Drapes, Half Bottom, Dirty, Left, Blue [ddcdfa](Deco)[-]",00939,,plain,drape,Window,Half
agfDecocurtainDrapesLeftHalfBottomDirtyBrown,"Drapes, Half Bottom, Dirty, Left, Brown [ddcdfa](Deco)[-]",00940,,plain,drape,Window,Half
agfDecocurtainDrapesLeftHalfBottomDirtyGreen,"Drapes, Half Bottom, Dirty, Left, Green [ddcdfa](Deco)[-]",00941,,plain,drape,Window,Half
agfDecocurtainDrapesLeftHalfBottomDirtyGrey,"Drapes, Half Bottom, Dirty, Left, Grey [ddcdfa](Deco)[-]",00942,,plain,drape,Window,Half
agfDecocurtainDrapesLeftHalfBottomDirtyOrange,"Drapes, Half Bottom, Dirty, Left, Orange [ddcdfa](Deco)[-]",00943,,plain,drape,Window,Half
agfDecocurtainDrapesLeftHalfBottomDirtyPink,"Drapes, Half Bottom, Dirty, Left, Pink [ddcdfa](Deco)[-]",00944,,plain,drape,Window,Half
agfDecocurtainDrapesLeftHalfBottomDirtyPurple,"Drapes, Half Bottom, Dirty, Left, Purple [ddcdfa](Deco)[-]",00945,,plain,drape,Window,Half
agfDecocurtainDrapesLeftHalfBottomDirtyRed,"Drapes, Half Bottom, Dirty, Left, Red [ddcdfa](Deco)[-]",00946,,plain,drape,Window,Half
agfDecocurtainDrapesLeftHalfBottomDirtyWhite,"Drapes, Half Bottom, Dirty, Left, White [ddcdfa](Deco)[-]",00947,,plain,drape,Window,Half
agfDecocurtainDrapesLeftHalfBottomDirtyYellow,"Drapes, Half Bottom, Dirty, Left, Yellow [ddcdfa](Deco)[-]",00948,,plain,drape,Window,Half
agfDecocurtainDrapesRightHalfTopBlack,"Drapes, Half Top, Right, Black [ddcdfa](Deco)[-]",00949,,plain,drape,Window,Half
agfDecocurtainDrapesRightHalfTopBlue,"Drapes, Half Top, Right, Blue [ddcdfa](Deco)[-]",00950,,plain,drape,Window,Half
agfDecocurtainDrapesRightHalfTopBrown,"Drapes, Half Top, Right, Brown [ddcdfa](Deco)[-]",00951,,plain,drape,Window,Half
agfDecocurtainDrapesRightHalfTopGreen,"Drapes, Half Top, Right, Green [ddcdfa](Deco)[-]",00952,,plain,drape,Window,Half
agfDecocurtainDrapesRightHalfTopGrey,"Drapes, Half Top, Right, Grey [ddcdfa](Deco)[-]",00953,,plain,drape,Window,Half
agfDecocurtainDrapesRightHalfTopOrange,"Drapes, Half Top, Right, Orange [ddcdfa](Deco)[-]",00954,,plain,drape,Window,Half
agfDecocurtainDrapesRightHalfTopPink,"Drapes, Half Top, Right, Pink [ddcdfa](Deco)[-]",00955,,plain,drape,Window,Half
agfDecocurtainDrapesRightHalfTopPurple,"Drapes, Half Top, Right, Purple [ddcdfa](Deco)[-]",00956,,plain,drape,Window,Half
agfDecocurtainDrapesRightHalfTopRed,"Drapes, Half Top, Right, Red [ddcdfa](Deco)[-]",00957,,plain,drape,Window,Half
agfDecocurtainDrapesRightHalfTopWhite,"Drapes, Half Top, Right, White [ddcdfa](Deco)[-]",00958,,plain,drape,Window,Half
agfDecocurtainDrapesRightHalfTopYellow,"Drapes, Half Top, Right, Yellow [ddcdfa](Deco)[-]",00959,,plain,drape,Window,Half
agfDecocurtainDrapesRightHalfTopDirtyBlack,"Drapes, Half Top, Dirty, Right, Black [ddcdfa](Deco)[-]",00960,,plain,drape,Window,Half
agfDecocurtainDrapesRightHalfTopDirtyBlue,"Drapes, Half Top, Dirty, Right, Blue [ddcdfa](Deco)[-]",00961,,plain,drape,Window,Half
agfDecocurtainDrapesRightHalfTopDirtyBrown,"Drapes, Half Top, Dirty, Right, Brown [ddcdfa](Deco)[-]",00962,,plain,drape,Window,Half
agfDecocurtainDrapesRightHalfTopDirtyGreen,"Drapes, Half Top, Dirty, Right, Green [ddcdfa](Deco)[-]",00963,,plain,drape,Window,Half
agfDecocurtainDrapesRightHalfTopDirtyGrey,"Drapes, Half Top, Dirty, Right, Grey [ddcdfa](Deco)[-]",00964,,plain,drape,Window,Half
agfDecocurtainDrapesRightHalfTopDirtyOrange,"Drapes, Half Top, Dirty, Right, Orange [ddcdfa](Deco)[-]",00965,,plain,drape,Window,Half
agfDecocurtainDrapesRightHalfTopDirtyPink,"Drapes, Half Top, Dirty, Right, Pink [ddcdfa](Deco)[-]",00966,,plain,drape,Window,Half
agfDecocurtainDrapesRightHalfTopDirtyPurple,"Drapes, Half Top, Dirty, Right, Purple [ddcdfa](Deco)[-]",00967,,plain,drape,Window,Half
agfDecocurtainDrapesRightHalfTopDirtyRed,"Drapes, Half Top, Dirty, Right, Red [ddcdfa](Deco)[-]",00968,,plain,drape,Window,Half
agfDecocurtainDrapesRightHalfTopDirtyWhite,"Drapes, Half Top, Dirty, Right, White [ddcdfa](Deco)[-]",00969,,plain,drape,Window,Half
agfDecocurtainDrapesRightHalfTopDirtyYellow,"Drapes, Half Top, Dirty, Right, Yellow [ddcdfa](Deco)[-]",00970,,plain,drape,Window,Half
agfDecocurtainDrapesRightHalfTileBlack,"Drapes, Half Tile, Right, Black [ddcdfa](Deco)[-]",00971,,plain,drape,Window,Half
agfDecocurtainDrapesRightHalfTileBlue,"Drapes, Half Tile, Right, Blue [ddcdfa](Deco)[-]",00972,,plain,drape,Window,Half
agfDecocurtainDrapesRightHalfTileBrown,"Drapes, Half Tile, Right, Brown [ddcdfa](Deco)[-]",00973,,plain,drape,Window,Half
agfDecocurtainDrapesRightHalfTileGreen,"Drapes, Half Tile, Right, Green [ddcdfa](Deco)[-]",00974,,plain,drape,Window,Half
agfDecocurtainDrapesRightHalfTileGrey,"Drapes, Half Tile, Right, Grey [ddcdfa](Deco)[-]",00975,,plain,drape,Window,Half
agfDecocurtainDrapesRightHalfTileOrange,"Drapes, Half Tile, Right, Orange [ddcdfa](Deco)[-]",00976,,plain,drape,Window,Half
agfDecocurtainDrapesRightHalfTilePink,"Drapes, Half Tile, Right, Pink [ddcdfa](Deco)[-]",00977,,plain,drape,Window,Half
agfDecocurtainDrapesRightHalfTilePurple,"Drapes, Half Tile, Right, Purple [ddcdfa](Deco)[-]",00978,,plain,drape,Window,Half
agfDecocurtainDrapesRightHalfTileRed,"Drapes, Half Tile, Right, Red [ddcdfa](Deco)[-]",00979,,plain,drape,Window,Half
agfDecocurtainDrapesRightHalfTileWhite,"Drapes, Half Tile, Right, White [ddcdfa](Deco)[-]",00980,,plain,drape,Window,Half
agfDecocurtainDrapesRightHalfTileYellow,"Drapes, Half Tile, Right, Yellow [ddcdfa](Deco)[-]",00981,,plain,drape,Window,Half
agfDecocurtainDrapesRightHalfTileDirtyBlack,"Drapes, Half Tile, Dirty, Right, Black [ddcdfa](Deco)[-]",00982,,plain,drape,Window,Half
agfDecocurtainDrapesRightHalfTileDirtyBlue,"Drapes, Half Tile, Dirty, Right, Blue [ddcdfa](Deco)[-]",00983,,plain,drape,Window,Half
agfDecocurtainDrapesRightHalfTileDirtyBrown,"Drapes, Half Tile, Dirty, Right, Brown [ddcdfa](Deco)[-]",00984,,plain,drape,Window,Half
agfDecocurtainDrapesRightHalfTileDirtyGreen,"Drapes, Half Tile, Dirty, Right, Green [ddcdfa](Deco)[-]",00985,,plain,drape,Window,Half
agfDecocurtainDrapesRightHalfTileDirtyGrey,"Drapes, Half Tile, Dirty, Right, Grey [ddcdfa](Deco)[-]",00986,,plain,drape,Window,Half
agfDecocurtainDrapesRightHalfTileDirtyOrange,"Drapes, Half Tile, Dirty, Right, Orange [ddcdfa](Deco)[-]",00987,,plain,drape,Window,Half
agfDecocurtainDrapesRightHalfTileDirtyPink,"Drapes, Half Tile, Dirty, Right, Pink [ddcdfa](Deco)[-]",00988,,plain,drape,Window,Half
agfDecocurtainDrapesRightHalfTileDirtyPurple,"Drapes, Half Tile, Dirty, Right, Purple [ddcdfa](Deco)[-]",00989,,plain,drape,Window,Half
agfDecocurtainDrapesRightHalfTileDirtyRed,"Drapes, Half Tile, Dirty, Right, Red [ddcdfa](Deco)[-]",00990,,plain,drape,Window,Half
agfDecocurtainDrapesRightHalfTileDirtyWhite,"Drapes, Half Tile, Dirty, Right, White [ddcdfa](Deco)[-]",00991,,plain,drape,Window,Half
agfDecocurtainDrapesRightHalfTileDirtyYellow,"Drapes, Half Tile, Dirty, Right, Yellow [ddcdfa](Deco)[-]",00992,,plain,drape,Window,Half
agfDecocurtainDrapesRightHalfBottomBlack,"Drapes, Half Bottom, Right, Black [ddcdfa](Deco)[-]",00993,,plain,drape,Window,Half
agfDecocurtainDrapesRightHalfBottomBlue,"Drapes, Half Bottom, Right, Blue [ddcdfa](Deco)[-]",00994,,plain,drape,Window,Half
agfDecocurtainDrapesRightHalfBottomBrown,"Drapes, Half Bottom, Right, Brown [ddcdfa](Deco)[-]",00995,,plain,drape,Window,Half
agfDecocurtainDrapesRightHalfBottomGreen,"Drapes, Half Bottom, Right, Green [ddcdfa](Deco)[-]",00996,,plain,drape,Window,Half
agfDecocurtainDrapesRightHalfBottomGrey,"Drapes, Half Bottom, Right, Grey [ddcdfa](Deco)[-]",00997,,plain,drape,Window,Half
agfDecocurtainDrapesRightHalfBottomOrange,"Drapes, Half Bottom, Right, Orange [ddcdfa](Deco)[-]",00998,,plain,drape,Window,Half
agfDecocurtainDrapesRightHalfBottomPink,"Drapes, Half Bottom, Right, Pink [ddcdfa](Deco)[-]",00999,,plain,drape,Window,Half
agfDecocurtainDrapesRightHalfBottomPurple,"Drapes, Half Bottom, Right, Purple [ddcdfa](Deco)[-]",01000,,plain,drape,Window,Half
agfDecocurtainDrapesRightHalfBottomRed,"Drapes, Half Bottom, Right, Red [ddcdfa](Deco)[-]",01001,,plain,drape,Window,Half
agfDecocurtainDrapesRightHalfBottomWhite,"Drapes, Half Bottom, Right, White [ddcdfa](Deco)[-]",01002,,plain,drape,Window,Half
agfDecocurtainDrapesRightHalfBottomYellow,"Drapes, Half Bottom, Right, Yellow [ddcdfa](Deco)[-]",01003,,plain,drape,Window,Half
agfDecocurtainDrapesRightHalfBottomDirtyBlack,"Drapes, Half Bottom, Dirty, Right, Black [ddcdfa](Deco)[-]",01004,,plain,drape,Window,Half
agfDecocurtainDrapesRightHalfBottomDirtyBlue,"Drapes, Half Bottom, Dirty, Right, Blue [ddcdfa](Deco)[-]",01005,,plain,drape,Window,Half
agfDecocurtainDrapesRightHalfBottomDirtyBrown,"Drapes, Half Bottom, Dirty, Right, Brown [ddcdfa](Deco)[-]",01006,,plain,drape,Window,Half
agfDecocurtainDrapesRightHalfBottomDirtyGreen,"Drapes, Half Bottom, Dirty, Right, Green [ddcdfa](Deco)[-]",01007,,plain,drape,Window,Half
agfDecocurtainDrapesRightHalfBottomDirtyGrey,"Drapes, Half Bottom, Dirty, Right, Grey [ddcdfa](Deco)[-]",01008,,plain,drape,Window,Half
agfDecocurtainDrapesRightHalfBottomDirtyOrange,"Drapes, Half Bottom, Dirty, Right, Orange [ddcdfa](Deco)[-]",01009,,plain,drape,Window,Half
agfDecocurtainDrapesRightHalfBottomDirtyPink,"Drapes, Half Bottom, Dirty, Right, Pink [ddcdfa](Deco)[-]",01010,,plain,drape,Window,Half
agfDecocurtainDrapesRightHalfBottomDirtyPurple,"Drapes, Half Bottom, Dirty, Right, Purple [ddcdfa](Deco)[-]",01011,,plain,drape,Window,Half
agfDecocurtainDrapesRightHalfBottomDirtyRed,"Drapes, Half Bottom, Dirty, Right, Red [ddcdfa](Deco)[-]",01012,,plain,drape,Window,Half
agfDecocurtainDrapesRightHalfBottomDirtyWhite,"Drapes, Half Bottom, Dirty, Right, White [ddcdfa](Deco)[-]",01013,,plain,drape,Window,Half
agfDecocurtainDrapesRightHalfBottomDirtyYellow,"Drapes, Half Bottom, Dirty, Right, Yellow [ddcdfa](Deco)[-]",01014,,plain,drape,Window,Half
agfDecoverticalBlindsTopOpenBlack,"Vertical Blinds Top, Left, Open, Black [ddcdfa](Deco)[-]",01015,,plain,verticalBlindsTopOpen,Window,Top1
agfDecoverticalBlindsTopOpenGrey,"Vertical Blinds Top, Left, Open, Grey [ddcdfa](Deco)[-]",01016,,plain,verticalBlindsTopOpen,Window,Top1
agfDecoverticalBlindsTopOpenWhite,"Vertical Blinds Top, Left, Open, White [ddcdfa](Deco)[-]",01017,,plain,verticalBlindsTopOpen,Window,Top1
agfDecoverticalBlindsTopBlack,"Vertical Blinds Top, Left, Black [ddcdfa](Deco)[-]",01018,,plain,verticalBlindsTop,Window,Top1
agfDecoverticalBlindsTopGrey,"Vertical Blinds Top, Left, Grey [ddcdfa](Deco)[-]",01019,,plain,verticalBlindsTop,Window,Top1
agfDecoverticalBlindsTopWhite,"Vertical Blinds Top, Left, White [ddcdfa](Deco)[-]",01020,,plain,verticalBlindsTop,Window,Top1
agfDecoverticalBlindsTopOpenWoodDarkOak,"Dark Oak Vertical Blinds Top, Left, Open [ddcdfa](Deco)[-]",01021,,plain,verticalBlindsTopOpenWood,Window,Top1
agfDecoverticalBlindsTopWoodDarkOak,"Dark Oak Vertical Blinds Top, Left [ddcdfa](Deco)[-]",01022,,plain,verticalBlindsTopWood,Window,Top1
agfDecoverticalBlindsTopOpenWoodLightOak,"Light Oak Vertical Blinds Top, Left, Open [ddcdfa](Deco)[-]",01023,,plain,verticalBlindsTopOpenWood,Window,Top1
agfDecoverticalBlindsTopWoodLightOak,"Light Oak Vertical Blinds Top, Left [ddcdfa](Deco)[-]",01024,,plain,verticalBlindsTopWood,Window,Top1
agfDecoverticalBlindsTopOpenMetalBlack,"Metal Vertical Blinds Top, Left, Open, Black [ddcdfa](Deco)[-]",01025,,plain,verticalBlindsTopOpenMetal,Window,Top1
agfDecoverticalBlindsTopOpenMetalGrey,"Metal Vertical Blinds Top, Left, Open, Grey [ddcdfa](Deco)[-]",01026,,plain,verticalBlindsTopOpenMetal,Window,Top1
agfDecoverticalBlindsTopOpenMetalWhite,"Metal Vertical Blinds Top, Left, Open, White [ddcdfa](Deco)[-]",01027,,plain,verticalBlindsTopOpenMetal,Window,Top1
agfDecoverticalBlindsTopMetalBlack,"Metal Vertical Blinds Top, Left, Black [ddcdfa](Deco)[-]",01028,,plain,verticalBlindsTopMetal,Window,Top1
agfDecoverticalBlindsTopMetalGrey,"Metal Vertical Blinds Top, Left, Grey [ddcdfa](Deco)[-]",01029,,plain,verticalBlindsTopMetal,Window,Top1
agfDecoverticalBlindsTopMetalWhite,"Metal Vertical Blinds Top, Left, White [ddcdfa](Deco)[-]",01030,,plain,verticalBlindsTopMetal,Window,Top1
agfDecoverticalBlindsTopRailBlack,"Vertical Blinds Top Rail, Black [ddcdfa](Deco)[-]",01031,,plain,verticalBlindsTopRail,Window,Top1
agfDecoverticalBlindsTopRailGrey,"Vertical Blinds Top Rail, Grey [ddcdfa](Deco)[-]",01032,,plain,verticalBlindsTopRail,Window,Top1
agfDecoverticalBlindsTopRailWhite,"Vertical Blinds Top Rail, White [ddcdfa](Deco)[-]",01033,,plain,verticalBlindsTopRail,Window,Top1
agfDecoverticalBlindsTopRailWoodDarkOak,Dark Oak Vertical Blinds Top Rail [ddcdfa](Deco)[-],01034,,plain,verticalBlindsTopRailWood,Window,Top1
agfDecoverticalBlindsTopRailWoodLightOak,Light Oak Vertical Blinds Top Rail [ddcdfa](Deco)[-],01035,,plain,verticalBlindsTopRailWood,Window,Top1
agfDecoverticalBlindsTopRailMetalBlack,"Metal Vertical Blinds Top Rail, Black [ddcdfa](Deco)[-]",01036,,plain,verticalBlindsTopRailMetal,Window,Top1
agfDecoverticalBlindsTopRailMetalGrey,"Metal Vertical Blinds Top Rail, Grey [ddcdfa](Deco)[-]",01037,,plain,verticalBlindsTopRailMetal,Window,Top1
agfDecoverticalBlindsTopRailMetalWhite,"Metal Vertical Blinds Top Rail, White [ddcdfa](Deco)[-]",01038,,plain,verticalBlindsTopRailMetal,Window,Top1
agfDecoverticalBlindsTop2OpenBlack,"Vertical Blinds Top, Right, Open, Black [ddcdfa](Deco)[-]",01039,,plain,verticalBlindsTop2Open,Window,Top2
agfDecoverticalBlindsTop2OpenGrey,"Vertical Blinds Top, Right, Open, Grey [ddcdfa](Deco)[-]",01040,,plain,verticalBlindsTop2Open,Window,Top2
agfDecoverticalBlindsTop2OpenWhite,"Vertical Blinds Top, Right, Open, White [ddcdfa](Deco)[-]",01041,,plain,verticalBlindsTop2Open,Window,Top2
agfDecoverticalBlindsTop2Black,"Vertical Blinds Top, Right, Black [ddcdfa](Deco)[-]",01042,,plain,verticalBlindsTop2,Window,Top2
agfDecoverticalBlindsTop2Grey,"Vertical Blinds Top, Right, Grey [ddcdfa](Deco)[-]",01043,,plain,verticalBlindsTop2,Window,Top2
agfDecoverticalBlindsTop2White,"Vertical Blinds Top, Right, White [ddcdfa](Deco)[-]",01044,,plain,verticalBlindsTop2,Window,Top2
agfDecoverticalBlindsTop2OpenWoodDarkOak,"Dark Oak Vertical Blinds Top, Right, Open [ddcdfa](Deco)[-]",01045,,plain,verticalBlindsTop2OpenWood,Window,Top2
agfDecoverticalBlindsTop2WoodDarkOak,"Dark Oak Vertical Blinds Top, Right [ddcdfa](Deco)[-]",01046,,plain,verticalBlindsTop2Wood,Window,Top2
agfDecoverticalBlindsTop2OpenWoodLightOak,"Light Oak Vertical Blinds Top, Right, Open [ddcdfa](Deco)[-]",01047,,plain,verticalBlindsTop2OpenWood,Window,Top2
agfDecoverticalBlindsTop2WoodLightOak,"Light Oak Vertical Blinds Top, Right [ddcdfa](Deco)[-]",01048,,plain,verticalBlindsTop2Wood,Window,Top2
agfDecoverticalBlindsTop2OpenMetalBlack,"Metal Vertical Blinds Top, Right, Open, Black [ddcdfa](Deco)[-]",01049,,plain,verticalBlindsTop2OpenMetal,Window,Top2
agfDecoverticalBlindsTop2OpenMetalGrey,"Metal Vertical Blinds Top, Right, Open, Grey [ddcdfa](Deco)[-]",01050,,plain,verticalBlindsTop2OpenMetal,Window,Top2
agfDecoverticalBlindsTop2OpenMetalWhite,"Metal Vertical Blinds Top, Right, Open, White [ddcdfa](Deco)[-]",01051,,plain,verticalBlindsTop2OpenMetal,Window,Top2
agfDecoverticalBlindsTop2MetalBlack,"Metal Vertical Blinds Top, Right, Black [ddcdfa](Deco)[-]",01052,,plain,verticalBlindsTop2Metal,Window,Top2
agfDecoverticalBlindsTop2MetalGrey,"Metal Vertical Blinds Top, Right, Grey [ddcdfa](Deco)[-]",01053,,plain,verticalBlindsTop2Metal,Window,Top2
agfDecoverticalBlindsTop2MetalWhite,"Metal Vertical Blinds Top, Right, White [ddcdfa](Deco)[-]",01054,,plain,verticalBlindsTop2Metal,Window,Top2
agfDecoverticalBlindsBottomOpenBlack,"Vertical Blinds Bottom, Left, Open, Black [ddcdfa](Deco)[-]",01055,,plain,verticalBlindsBottomOpen,Window,Bottom1
agfDecoverticalBlindsBottomOpenGrey,"Vertical Blinds Bottom, Left, Open, Grey [ddcdfa](Deco)[-]",01056,,plain,verticalBlindsBottomOpen,Window,Bottom1
agfDecoverticalBlindsBottomOpenWhite,"Vertical Blinds Bottom, Left, Open, White [ddcdfa](Deco)[-]",01057,,plain,verticalBlindsBottomOpen,Window,Bottom1
agfDecoverticalBlindsBottomBlack,"Vertical Blinds Bottom, Left, Black [ddcdfa](Deco)[-]",01058,,plain,verticalBlindsBottom,Window,Bottom1
agfDecoverticalBlindsBottomGrey,"Vertical Blinds Bottom, Left, Grey [ddcdfa](Deco)[-]",01059,,plain,verticalBlindsBottom,Window,Bottom1
agfDecoverticalBlindsBottomWhite,"Vertical Blinds Bottom, Left, White [ddcdfa](Deco)[-]",01060,,plain,verticalBlindsBottom,Window,Bottom1
agfDecoverticalBlindsBottomOpenWoodDarkOak,"Dark Oak Vertical Blinds Bottom, Left, Open [ddcdfa](Deco)[-]",01061,,plain,verticalBlindsBottomOpenWood,Window,Bottom1
agfDecoverticalBlindsBottomWoodDarkOak,"Dark Oak Vertical Blinds Bottom, Left [ddcdfa](Deco)[-]",01062,,plain,verticalBlindsBottomWood,Window,Bottom1
agfDecoverticalBlindsBottomOpenWoodLightOak,"Light Oak Vertical Blinds Bottom, Left, Open [ddcdfa](Deco)[-]",01063,,plain,verticalBlindsBottomOpenWood,Window,Bottom1
agfDecoverticalBlindsBottomWoodLightOak,"Light Oak Vertical Blinds Bottom, Left [ddcdfa](Deco)[-]",01064,,plain,verticalBlindsBottomWood,Window,Bottom1
agfDecoverticalBlindsBottomOpenMetalBlack,"Metal Vertical Blinds Bottom, Left, Open, Black [ddcdfa](Deco)[-]",01065,,plain,verticalBlindsBottomOpenMetal,Window,Bottom1
agfDecoverticalBlindsBottomOpenMetalGrey,"Metal Vertical Blinds Bottom, Left, Open, Grey [ddcdfa](Deco)[-]",01066,,plain,verticalBlindsBottomOpenMetal,Window,Bottom1
agfDecoverticalBlindsBottomOpenMetalWhite,"Metal Vertical Blinds Bottom, Left, Open, White [ddcdfa](Deco)[-]",01067,,plain,verticalBlindsBottomOpenMetal,Window,Bottom1
agfDecoverticalBlindsBottomMetalBlack,"Metal Vertical Blinds Bottom, Left, Black [ddcdfa](Deco)[-]",01068,,plain,verticalBlindsBottomMetal,Window,Bottom1
agfDecoverticalBlindsBottomMetalGrey,"Metal Vertical Blinds Bottom, Left, Grey [ddcdfa](Deco)[-]",01069,,plain,verticalBlindsBottomMetal,Window,Bottom1
agfDecoverticalBlindsBottomMetalWhite,"Metal Vertical Blinds Bottom, Left, White [ddcdfa](Deco)[-]",01070,,plain,verticalBlindsBottomMetal,Window,Bottom1
agfDecoverticalBlindsBottom2OpenBlack,"Vertical Blinds Bottom, Right, Open, Black [ddcdfa](Deco)[-]",01071,,plain,verticalBlindsBottom2Open,Window,Bottom2
agfDecoverticalBlindsBottom2OpenGrey,"Vertical Blinds Bottom, Right, Open, Grey [ddcdfa](Deco)[-]",01072,,plain,verticalBlindsBottom2Open,Window,Bottom2
agfDecoverticalBlindsBottom2OpenWhite,"Vertical Blinds Bottom, Right, Open, White [ddcdfa](Deco)[-]",01073,,plain,verticalBlindsBottom2Open,Window,Bottom2
agfDecoverticalBlindsBottom2Black,"Vertical Blinds Bottom, Right, Black [ddcdfa](Deco)[-]",01074,,plain,verticalBlindsBottom2,Window,Bottom2
agfDecoverticalBlindsBottom2Grey,"Vertical Blinds Bottom, Right, Grey [ddcdfa](Deco)[-]",01075,,plain,verticalBlindsBottom2,Window,Bottom2
agfDecoverticalBlindsBottom2White,"Vertical Blinds Bottom, Right, White [ddcdfa](Deco)[-]",01076,,plain,verticalBlindsBottom2,Window,Bottom2
agfDecoverticalBlindsBottom2OpenWoodDarkOak,"Dark Oak Vertical Blinds Bottom, Right, Open [ddcdfa](Deco)[-]",01077,,plain,verticalBlindsBottom2OpenWood,Window,Bottom2
agfDecoverticalBlindsBottom2WoodDarkOak,"Dark Oak Vertical Blinds Bottom, Right [ddcdfa](Deco)[-]",01078,,plain,verticalBlindsBottom2Wood,Window,Bottom2
agfDecoverticalBlindsBottom2OpenWoodLightOak,"Light Oak Vertical Blinds Bottom, Right, Open [ddcdfa](Deco)[-]",01079,,plain,verticalBlindsBottom2OpenWood,Window,Bottom2
agfDecoverticalBlindsBottom2WoodLightOak,"Light Oak Vertical Blinds Bottom, Right [ddcdfa](Deco)[-]",01080,,plain,verticalBlindsBottom2Wood,Window,Bottom2
agfDecoverticalBlindsBottom2OpenMetalBlack,"Metal Vertical Blinds Bottom, Right, Open, Black [ddcdfa](Deco)[-]",01081,,plain,verticalBlindsBottom2OpenMetal,Window,Bottom2
agfDecoverticalBlindsBottom2OpenMetalGrey,"Metal Vertical Blinds Bottom, Right, Open, Grey [ddcdfa](Deco)[-]",01082,,plain,verticalBlindsBottom2OpenMetal,Window,Bottom2
agfDecoverticalBlindsBottom2OpenMetalWhite,"Metal Vertical Blinds Bottom, Right, Open, White [ddcdfa](Deco)[-]",01083,,plain,verticalBlindsBottom2OpenMetal,Window,Bottom2
agfDecoverticalBlindsBottom2MetalBlack,"Metal Vertical Blinds Bottom, Right, Black [ddcdfa](Deco)[-]",01084,,plain,verticalBlindsBottom2Metal,Window,Bottom2
agfDecoverticalBlindsBottom2MetalGrey,"Metal Vertical Blinds Bottom, Right, Grey [ddcdfa](Deco)[-]",01085,,plain,verticalBlindsBottom2Metal,Window,Bottom2
agfDecoverticalBlindsBottom2MetalWhite,"Metal Vertical Blinds Bottom, Right, White [ddcdfa](Deco)[-]",01086,,plain,verticalBlindsBottom2Metal,Window,Bottom2
agfDecoscreenCurtainDividerBlue,"Screen Curtain Divider, Blue [ddcdfa](Deco)[-]",01087,,plain,screenCurtainDivider,Window,General
agfDecoscreenCurtainDividerGreen,"Screen Curtain Divider, Green [ddcdfa](Deco)[-]",01088,,plain,screenCurtainDivider,Window,General
agfDecoscreenCurtainDividerRed,"Screen Curtain Divider, Red [ddcdfa](Deco)[-]",01089,,plain,screenCurtainDivider,Window,General
agfDecoscreenCurtainDividerWhite,"Screen Curtain Divider, White [ddcdfa](Deco)[-]",01090,,plain,screenCurtainDivider,Window,General
agfDecodecoStudioCamera,Studio Camera [ddcdfa](Deco)[-],01091,,plain,decoStudioCamera,Entertainment,Video
agfDecoprojectorCeiling,Ceiling Mounted Projector [e6dca5](Electric)[-],01092,,plain,projectorCeiling,Entertainment,Video
agfDecoprojectorCeilingTrader,projector Ceiling Trader [e6dca5](Electric)[-],01093,,plain,projectorCeiling,Entertainment,Video
agfDecoprojectorTableTop,Table Top Projector [e6dca5](Electric)[-],01094,,plain,projector,Entertainment,Video
agfDecotvCRT,TV [ddcdfa](Deco)[-],01095,,plain,tvStand,Entertainment,Video
agfDecotvExtraSmallStand1x1,Extra Small TV [ddcdfa](Deco)[-],01096,,plain,tvStand,Entertainment,Video
agfDecotvExtraSmallStand1x1EBS,"Extra Small TV, EBS [ddcdfa](Deco)[-]",01097,,plain,tvStand,Entertainment,Video
agfDecotvExtraSmallStandFallen1x1,Extra Small Fallen TV [ddcdfa](Deco)[-],01098,,plain,tvStand,Entertainment,Video
agfDecotvExtraSmallWall1x1,Extra Small Wall TV [ddcdfa](Deco)[-],01099,,plain,tvMounted,Entertainment,Video
agfDecotvExtraSmallWall1x1EBS,"Extra Small Wall TV, EBS [ddcdfa](Deco)[-]",01100,,plain,tvMounted,Entertainment,Video
agfDecotvLargeStand2x2,"Large TV, 2x2 [ddcdfa](Deco)[-]",01101,,plain,tvStand,Entertainment,Video
agfDecotvLargeStand2x2EBS,"Large TV, 2x2, EBS [ddcdfa](Deco)[-]",01102,,plain,tvStand,Entertainment,Video
agfDecotvLargeStand3x2,"Large TV, 3x2 [ddcdfa](Deco)[-]",01103,,plain,tvStand,Entertainment,Video
agfDecotvLargeStand3x2EBS,"Large TV, 3x2, EBS [ddcdfa](Deco)[-]",01104,,plain,tvStand,Entertainment,Video
agfDecotvLargeWall2x2,"Large Wall TV, 2x2 [ddcdfa](Deco)[-]",01105,,plain,tvMounted,Entertainment,Video
agfDecotvLargeWall2x2EBS,"Large Wall TV, 2x2, EBS [ddcdfa](Deco)[-]",01106,,plain,tvMounted,Entertainment,Video
agfDecotvLargeWall3x2,"Large Wall TV, 3x2 [ddcdfa](Deco)[-]",01107,,plain,tvMounted,Entertainment,Video
agfDecotvLargeWall3x2EBS,"Large Wall TV, 3x2, EBS [ddcdfa](Deco)[-]",01108,,plain,tvMounted,Entertainment,Video
agfDecotvSmallStand1x1,Small TV [ddcdfa](Deco)[-],01109,,plain,tvStand,Entertainment,Video
agfDecotvSmallStand1x1EBS,"Small TV, EBS [ddcdfa](Deco)[-]",01110,,plain,tvStand,Entertainment,Video
agfDecotvSmallStand1x1Fallen,Small Fallen TV [ddcdfa](Deco)[-],01111,,plain,tvStand,Entertainment,Video
agfDecotvSmallStand2x1,"Small TV, 2x1 [ddcdfa](Deco)[-]",01112,,plain,tvStand,Entertainment,Video
agfDecotvSmallStand2x1EBS,"Small TV, 2x1, EBS [ddcdfa](Deco)[-]",01113,,plain,tvStand,Entertainment,Video
agfDecotvSmallWall1x1,Small Wall TV [ddcdfa](Deco)[-],01114,,plain,tvMounted,Entertainment,Video
agfDecotvSmallWall1x1EBS,"Small Wall TV, EBS [ddcdfa](Deco)[-]",01115,,plain,tvMounted,Entertainment,Video
agfDecotvSmallWall2x1,"Small Wall TV, 2x1 [ddcdfa](Deco)[-]",01116,,plain,tvMounted,Entertainment,Video
agfDecotvSmallWall2x1EBS,"Small Wall TV, 2x1, EBS [ddcdfa](Deco)[-]",01117,,plain,tvMounted,Entertainment,Video
agfDecocntStoreElectronicsBookShelfSpeaker,Electronics Store Book Shelf Speaker [c8e6be](Loot)[-],01118,,loot,cntStoreElectronics,Entertainment,Sound
agfDecospeaker,Speaker [ddcdfa](Deco)[-],01119,,plain,electronics,Entertainment,Sound
agfDecoradioHam,Ham Radio [ddcdfa](Deco)[-],01120,,plain,radioHam,Entertainment,Sound
agfDecomicrophoneDesk,Desk Microphone [ddcdfa](Deco)[-],01121,,plain,microphoneDesk,Entertainment,Sound
agfDecomicrophoneDeskCorner,"Desk Microphone, Corner [ddcdfa](Deco)[-]",01122,,plain,microphoneDesk,Entertainment,Sound
agfDecomicrophoneWithStand,Microphone Stand [ddcdfa](Deco)[-],01123,,plain,microphoneWithStand,Entertainment,Sound
agfDecomicrophoneWithStandFallen,"Microphone Stand, Fallen [ddcdfa](Deco)[-]",01124,,plain,microphoneWithStand,Entertainment,Sound
agfDecodecoHeadphonesBroken,"Headphones, Broken [ddcdfa](Deco)[-]",01125,,plain,electronics,Entertainment,Sound
agfDecoloudspeaker,Loudspeaker [ddcdfa](Deco)[-],01126,,plain,loudspeaker,Entertainment,Sound
agfDecodecoComputerDeskTopPC,Desktop PC [ddcdfa](Deco)[-],01127,,plain,decoComputer,Entertainment,Pc
agfDecodecoComputerMonitor,Monitor [e6dca5](Electric)[-],01128,,plain,decoComputerMonitor,Entertainment,Pc
agfDecodecoComputerMonitorScreen2,"Monitor, Screen 2 [e6dca5](Electric)[-]",01129,,plain,decoComputerMonitor,Entertainment,Pc
agfDecodecoComputerMonitorKeyboardMouse,Monitor / Keyboard / Mouse 01 [e6dca5](Electric)[-],01130,,plain,decoComputerMonitorKeyboardMouse,Entertainment,Pc
agfDecodecoComputerMonitorKeyboardMouseScreen2,"Monitor / Keyboard / Mouse 01, Screen 2 [e6dca5](Electric)[-]",01131,,plain,decoComputerMonitorKeyboardMouse,Entertainment,Pc
agfDecodecoComputerMonitorKeyboardMouse2,Monitor / Keyboard / Mouse 02 [e6dca5](Electric)[-],01132,,plain,decoComputerMonitorKeyboardMouse2,Entertainment,Pc
agfDecodecoComputerMonitorKeyboardMouse2Screen2,"Monitor / Keyboard / Mouse 02, Screen 2 [e6dca5](Electric)[-]",01133,,plain,decoComputerMonitorKeyboardMouse2,Entertainment,Pc
agfDecodecoComputerMonitorKeyboardMousePC,Monitor / Keyboard / Mouse / PC [e6dca5](Electric)[-],01134,,plain,decoComputerMonitorKeyboardMousePC,Entertainment,Pc
agfDecodecoComputerMonitorKeyboardMousePCScreen2,"Monitor / Keyboard / Mouse / PC, Screen 2 [e6dca5](Electric)[-]",01135,,plain,decoComputerMonitorKeyboardMousePC,Entertainment,Pc
agfDecodecoLaptopClosed,"Laptop, Closed [ddcdfa](Deco)[-]",01136,,plain,electronics,Entertainment,Pc
agfDecodecoLaptop,"Laptop, Open [e6dca5](Electric)[-]",01137,,plain,electronics,Entertainment,Pc
agfDecodecoLaptopScreen2,"Laptop, Screen 2, Open [e6dca5](Electric)[-]",01138,,plain,electronics,Entertainment,Pc
agfDecopiano,Piano [ddcdfa](Deco)[-],01139,,plain,piano,Entertainment,Recreation
agfDecodecoPoolTable,Pool Table [ddcdfa](Deco)[-],01140,,plain,decoPoolTable,Entertainment,Recreation
agfDecodecoPoolTableBlue,"Pool Table, Blue [ddcdfa](Deco)[-]",01141,,plain,decoPoolTable,Entertainment,Recreation
agfDecodecoBenchPress,Bench Press [ddcdfa](Deco)[-],01142,,plain,decoBenchPress,Entertainment,Recreation
agfDecodecoStationaryBike,Stationary Bike [ddcdfa](Deco)[-],01143,,plain,decoStationaryBike,Entertainment,Recreation
agfDecodecoTreadmill,Treadmill [ddcdfa](Deco)[-],01144,,plain,decoTreadmill,Entertainment,Recreation
agfDecodecoWeightBar,Weight Bar [ddcdfa](Deco)[-],01145,,plain,decoWeightBar,Entertainment,Recreation
agfDecodecoBasketBallHoop,Basketball Hoop [ddcdfa](Deco)[-],01146,,plain,decoBasketBallHoop,Entertainment,Recreation
agfDecoshootingRangeTarget,Shooting Range Target [ddcdfa](Deco)[-],01147,,plain,shootingRangeTarget,Entertainment,Recreation
agfDecotargetPoster1,Target Poster 01 [ddcdfa](Deco)[-],01148,,plain,poster,Entertainment,Recreation
agfDecotargetPoster2,Target Poster 02 [ddcdfa](Deco)[-],01149,,plain,poster,Entertainment,Recreation
agfDecodecoMetalSlide,Metal Slide [ddcdfa](Deco)[-],01150,,plain,decoMetal,Entertainment,Recreation
agfDecodecoSwingSet,Swing Set [ddcdfa](Deco)[-],01151,,plain,decoSwingSet,Entertainment,Recreation
agfDecocntLootCrateShamway,"Cardboard Box, 1 [c8e6be](Loot)[-]",01152,,loot,boxes,Decoration,Loot
agfDecocntCardboardBox,"Cardboard Box, 2 [c8e6be](Loot)[-]",01153,,loot,boxes,Decoration,Loot
agfDecocntGarageStorage,"Cardboard Box, 3 [c8e6be](Loot)[-]",01154,,loot,boxes,Decoration,Loot
agfDecocntShippingCrateBookstore,"Shipping Crate Sealed, Crack-A-Book [c8e6be](Loot)[-]",01155,,loot,boxes,Decoration,Loot
agfDecocntShippingCrateCarParts,"Shipping Crate Sealed, Pass-N-Gas [c8e6be](Loot)[-]",01156,,loot,boxes,Decoration,Loot
agfDecocntShippingCrateHero,"Shipping Crate Sealed, Hero [c8e6be](Loot)[-]",01157,,loot,boxes,Decoration,Loot
agfDecocntShippingCrateLabEquipment,"Shipping Crate Sealed, Pop-N-Pills [c8e6be](Loot)[-]",01158,,loot,boxes,Decoration,Loot
agfDecocntShippingCrateMoPowerElectronics,"Shipping Crate Sealed, Mo Power Electronics [c8e6be](Loot)[-]",01159,,loot,boxes,Decoration,Loot
agfDecocntShippingCrateSavageCountry,"Shipping Crate Sealed, Savage Country [c8e6be](Loot)[-]",01160,,loot,boxes,Decoration,Loot
agfDecocntShippingCrateShamway,"Shipping Crate Sealed, Shamway [c8e6be](Loot)[-]",01161,,loot,boxes,Decoration,Loot
agfDecocntShippingCrateShotgunMessiah,"Shipping Crate Sealed, Shotgun Messiah [c8e6be](Loot)[-]",01162,,loot,boxes,Decoration,Loot
agfDecocntShippingCrateWorkingStiffs,"Shipping Crate Sealed, Working Stiffs [c8e6be](Loot)[-]",01163,,loot,boxes,Decoration,Loot
agfDecocntWoodenChestClosed,"Wooden Chest, Closed [c8e6be](Loot)[-]",01164,,loot,cntWoodenChest,Decoration,Loot
agfDecocntWoodenChestOpen,"Wooden Chest, Open [c8e6be](Loot)[-]",01165,,loot,cntWoodenChest,Decoration,Loot
agfDecocntOldWestChestClosed,"Old West Chest, Closed [c8e6be](Loot)[-]",01166,,loot,cntOldWestChest,Decoration,Loot
agfDecocntOldWestChestOpen,"Old West Chest, Open [c8e6be](Loot)[-]",01167,,loot,cntOldWestChest,Decoration,Loot
agfDecocntWoodenChestMilitaryClosed,"Military Chest, Closed [c8e6be](Loot)[-]",01168,,loot,cntWoodenChestMilitary,Decoration,Loot
agfDecocntWoodenChestMilitaryOpen,"Military Chest, Open [c8e6be](Loot)[-]",01169,,loot,cntWoodenChestMilitary,Decoration,Loot
agfDecocntWoodenChestRottenClosed,"Rotten Chest, Closed [c8e6be](Loot)[-]",01170,,loot,cntWoodenChestRotten,Decoration,Loot
agfDecocntWoodenChestRottenOpen,"Rotten Chest, Open [c8e6be](Loot)[-]",01171,,loot,cntWoodenChestRotten,Decoration,Loot
agfDecocntLootChestHero,Reinforced Chest [c8e6be](Loot)[-],01172,,loot,cntLootChestHero,Decoration,Loot
agfDecocntBuriedFoodStashChest,"Reinforced Chest, Blue [c8e6be](Loot)[-]",01173,,loot,cntBuried,Decoration,Loot
agfDecocntBuriedLootStashChest,"Reinforced Chest, Green [c8e6be](Loot)[-]",01174,,loot,cntBuried,Decoration,Loot
agfDecocntBuriedWeaponChest,"Reinforced Chest, Red [c8e6be](Loot)[-]",01175,,loot,cntBuried,Decoration,Loot
agfDecocntIntroBuriedFoodChest,"Reinforced Chest, Brown [c8e6be](Loot)[-]",01176,,loot,cntIntroBuriedFoodChest,Decoration,Loot
agfDecocntMunitionsBoxArmy,"Munitions Box, Army Green [c8e6be](Loot)[-]",01177,,loot,cntMunitionsBox,Decoration,Loot
agfDecocntMunitionsBoxBlue,"Munitions Box, Blue [c8e6be](Loot)[-]",01178,,loot,cntMunitionsBox,Decoration,Loot
agfDecocntMunitionsBoxGreen,"Munitions Box, Green [c8e6be](Loot)[-]",01179,,loot,cntMunitionsBox,Decoration,Loot
agfDecocntMunitionsBoxOrange,"Munitions Box, Orange [c8e6be](Loot)[-]",01180,,loot,cntMunitionsBox,Decoration,Loot
agfDecocntMunitionsBoxRed,"Munitions Box, Red [c8e6be](Loot)[-]",01181,,loot,cntMunitionsBox,Decoration,Loot
agfDecocntHardenedChestSecure,Hardened Chest [c8e6be](Loot)[-],01182,,loot,cntHardenedChestSecure,Decoration,Loot
agfDecocntHardenedChestSecureT5,Hardened Chest [c8e6be](Loot)[-],01183,,loot,cntHardenedChestSecure,Decoration,Loot
agfDecocntPurse01,Purse [c8e6be](Loot)[-],01184,,loot,cntPurse01,Decoration,Bag
agfDecocntBackpack01,Weathered Backpack [c8e6be](Loot)[-],01185,,loot,cntBackpack0,Decoration,Bag
agfDecocntBackpack03,Moldy Backpack [c8e6be](Loot)[-],01186,,loot,cntBackpack0,Decoration,Bag
agfDecocntDuffle01,Duffle Bag [c8e6be](Loot)[-],01187,,loot,cntDuffle01,Decoration,Bag
agfDecocntSportsBag01Blue,"Rotting Sports Bag, Blue [c8e6be](Loot)[-]",01188,,loot,cntSportsBag01,Decoration,bagSports
agfDecocntSportsBag01Green,"Rotting Sports Bag, Green [c8e6be](Loot)[-]",01189,,loot,cntSportsBag01,Decoration,bagSports
agfDecocntSportsBag01Orange,"Rotting Sports Bag, Orange [c8e6be](Loot)[-]",01190,,loot,cntSportsBag01,Decoration,bagSports
agfDecocntSportsBag01Pink,"Rotting Sports Bag, Pink [c8e6be](Loot)[-]",01191,,loot,cntSportsBag01,Decoration,bagSports
agfDecocntSportsBag01Purple,"Rotting Sports Bag, Purple [c8e6be](Loot)[-]",01192,,loot,cntSportsBag01,Decoration,bagSports
agfDecocntSportsBag01Red,"Rotting Sports Bag, Red [c8e6be](Loot)[-]",01193,,loot,cntSportsBag01,Decoration,bagSports
agfDecocntSportsBag01,"Rotting Sports Bag, White [c8e6be](Loot)[-]",01194,,loot,cntSportsBag01,Decoration,bagSports
agfDecocntSportsBag01Yellow,"Rotting Sports Bag, Yellow [c8e6be](Loot)[-]",01195,,loot,cntSportsBag01,Decoration,bagSports
agfDecocntSportsBag02Blue,"Weathered Sports Bag, Blue [c8e6be](Loot)[-]",01196,,loot,cntSportsBag02,Decoration,bagSports
agfDecocntSportsBag02Brown,"Weathered Sports Bag, Brown [c8e6be](Loot)[-]",01197,,loot,cntSportsBag02,Decoration,bagSports
agfDecocntSportsBag02Green,"Weathered Sports Bag, Green [c8e6be](Loot)[-]",01198,,loot,cntSportsBag02,Decoration,bagSports
agfDecocntSportsBag02,"Weathered Sports Bag, Grey [c8e6be](Loot)[-]",01199,,loot,cntSportsBag02,Decoration,bagSports
agfDecocntSportsBag02Orange,"Weathered Sports Bag, Orange [c8e6be](Loot)[-]",01200,,loot,cntSportsBag02,Decoration,bagSports
agfDecocntSportsBag02Pink,"Weathered Sports Bag, Pink [c8e6be](Loot)[-]",01201,,loot,cntSportsBag02,Decoration,bagSports
agfDecocntSportsBag02Purple,"Weathered Sports Bag, Purple [c8e6be](Loot)[-]",01202,,loot,cntSportsBag02,Decoration,bagSports
agfDecocntSportsBag02Red,"Weathered Sports Bag, Red [c8e6be](Loot)[-]",01203,,loot,cntSportsBag02,Decoration,bagSports
agfDecocntSportsBag02Yellow,"Weathered Sports Bag, Yellow [c8e6be](Loot)[-]",01204,,loot,cntSportsBag02,Decoration,bagSports
agfDecocntBookPile01,Book Pile 01 [c8e6be](Loot)[-],01205,,loot,cntBookPile0,Decoration,Books
agfDecocntBookPile02,Book Pile 02 [c8e6be](Loot)[-],01206,,loot,cntBookPile0,Decoration,Books
agfDecocntBookPile03,Book Pile 03 [c8e6be](Loot)[-],01207,,loot,cntBookPile0,Decoration,Books
agfDecocntBookPile04,Book Pile 04 [c8e6be](Loot)[-],01208,,loot,cntBookPile0,Decoration,Books
agfDecocntBookPile05,Book Pile 05 [c8e6be](Loot)[-],01209,,loot,cntBookPile0,Decoration,Books
agfDecocntBookPile06,Book Pile 06 [c8e6be](Loot)[-],01210,,loot,cntBookPile0,Decoration,Books
agfDecocntBookPile07,Book Pile 07 [c8e6be](Loot)[-],01211,,loot,cntBookPile0,Decoration,Books
agfDecocntBookPile08,Book Pile 08 [c8e6be](Loot)[-],01212,,loot,cntBookPile0,Decoration,Books
agfDecocntBookPile09,Book Pile 09 [c8e6be](Loot)[-],01213,,loot,cntBookPile0,Decoration,Books
agfDecocntBookPile10,Book Pile 10 [c8e6be](Loot)[-],01214,,loot,cntBookPile1,Decoration,Books
agfDecocntBookPile11,Book Pile 11 [c8e6be](Loot)[-],01215,,loot,cntBookPile1,Decoration,Books
agfDecocntBookPile12,Book Pile 12 [c8e6be](Loot)[-],01216,,loot,cntBookPile1,Decoration,Books
agfDecocntBookPile13,Book Pile 13 [c8e6be](Loot)[-],01217,,loot,cntBookPile1,Decoration,Books
agfDecocntBookPile14,Book Pile 14 [c8e6be](Loot)[-],01218,,loot,cntBookPile1,Decoration,Books
agfDecocntBookPile15,Book Pile 15 [c8e6be](Loot)[-],01219,,loot,cntBookPile1,Decoration,Books
agfDecocntBookShelfSingleBottomEmpty,"Book Shelf Single Bottom, Empty [c8e6be](Loot)[-]",01220,,loot,cntBookShelfSingleBottom,Decoration,Bookshelves
agfDecocntBookShelfSingleBottomFull01,"Book Shelf Single Bottom, Full 01 [c8e6be](Loot)[-]",01221,,loot,cntBookShelfSingleBottomFull0,Decoration,Bookshelves
agfDecocntBookShelfSingleBottomFull02,"Book Shelf Single Bottom, Full 02 [c8e6be](Loot)[-]",01222,,loot,cntBookShelfSingleBottomFull0,Decoration,Bookshelves
agfDecocntBookShelfSingleTopEmpty,"Book Shelf Single Top, Empty [c8e6be](Loot)[-]",01223,,loot,cntBookShelfSingleTop,Decoration,Bookshelves
agfDecocntBookShelfSingleTopFull01,"Book Shelf Single Top, Full 01 [c8e6be](Loot)[-]",01224,,loot,cntBookShelfSingleTopFull0,Decoration,Bookshelves
agfDecocntBookShelfSingleTopFull02,"Book Shelf Single Top, Full 02 [c8e6be](Loot)[-]",01225,,loot,cntBookShelfSingleTopFull0,Decoration,Bookshelves
agfDecocntBookShelfDoubleBottomEmpty,"Book Shelf Double Bottom, Empty [c8e6be](Loot)[-]",01226,,loot,cntBookShelfDoubleBottom,Decoration,Bookshelves
agfDecocntBookShelfDoubleBottomFull01,"Book Shelf Double Bottom, Full 01 [c8e6be](Loot)[-]",01227,,loot,cntBookShelfDoubleBottomFull0,Decoration,Bookshelves
agfDecocntBookShelfDoubleBottomFull02,"Book Shelf Double Bottom, Full 02 [c8e6be](Loot)[-]",01228,,loot,cntBookShelfDoubleBottomFull0,Decoration,Bookshelves
agfDecocntBookShelfDoubleTopEmpty,"Book Shelf Double Top, Empty [c8e6be](Loot)[-]",01229,,loot,cntBookShelfDoubleTop,Decoration,Bookshelves
agfDecocntBookShelfDoubleTopFull01,"Book Shelf Double Top, Full 01 [c8e6be](Loot)[-]",01230,,loot,cntBookShelfDoubleTopFull0,Decoration,Bookshelves
agfDecocntBookShelfDoubleTopFull02,"Book Shelf Double Top, Full 02 [c8e6be](Loot)[-]",01231,,loot,cntBookShelfDoubleTopFull0,Decoration,Bookshelves
agfDecocntBookShelfSingleCapBottomEmpty,"Book Shelf Single Cap Bottom, Empty [c8e6be](Loot)[-]",01232,,loot,cntBookShelfSingleCapBottom,Decoration,Bookshelves
agfDecocntBookShelfSingleCapBottomFull01,"Book Shelf Single Cap Bottom, Full 01 [c8e6be](Loot)[-]",01233,,loot,cntBookShelfSingleCapBottomFull0,Decoration,Bookshelves
agfDecocntBookShelfSingleCapBottomFull02,"Book Shelf Single Cap Bottom, Full 02 [c8e6be](Loot)[-]",01234,,loot,cntBookShelfSingleCapBottomFull0,Decoration,Bookshelves
agfDecocntBookShelfSingleCapTopEmpty,"Book Shelf Single Cap Top, Empty [c8e6be](Loot)[-]",01235,,loot,cntBookShelfSingleCapTop,Decoration,Bookshelves
agfDecocntBookShelfSingleCapTopFull01,"Book Shelf Single Cap Top, Full 01 [c8e6be](Loot)[-]",01236,,loot,cntBookShelfSingleCapTopFull0,Decoration,Bookshelves
agfDecocntBookShelfSingleCapTopFull02,"Book Shelf Single Cap Top, Full 02 [c8e6be](Loot)[-]",01237,,loot,cntBookShelfSingleCapTopFull0,Decoration,Bookshelves
agfDecocntshelfSupplyOfficeEmptyBlue,"Office Shelf, Empty, Blue [c8e6be](Loot)[-]",01238,,loot,cntshelfSupplyOfficeEmpty,Decoration,Bookshelves
agfDecocntshelfSupplyOfficeEmptyBrown,"Office Shelf, Empty, Brown [c8e6be](Loot)[-]",01239,,loot,cntshelfSupplyOfficeEmpty,Decoration,Bookshelves
agfDecocntshelfSupplyOfficeEmptyGreen,"Office Shelf, Empty, Green [c8e6be](Loot)[-]",01240,,loot,cntshelfSupplyOfficeEmpty,Decoration,Bookshelves
agfDecocntshelfSupplyOfficeEmptyGrey,"Office Shelf, Empty, Grey [c8e6be](Loot)[-]",01241,,loot,cntshelfSupplyOfficeEmpty,Decoration,Bookshelves
agfDecocntshelfSupplyOfficeEmptyOrange,"Office Shelf, Empty, Orange [c8e6be](Loot)[-]",01242,,loot,cntshelfSupplyOfficeEmpty,Decoration,Bookshelves
agfDecocntshelfSupplyOfficeEmptyPink,"Office Shelf, Empty, Pink [c8e6be](Loot)[-]",01243,,loot,cntshelfSupplyOfficeEmpty,Decoration,Bookshelves
agfDecocntshelfSupplyOfficeEmptyPurple,"Office Shelf, Empty, Purple [c8e6be](Loot)[-]",01244,,loot,cntshelfSupplyOfficeEmpty,Decoration,Bookshelves
agfDecocntshelfSupplyOfficeEmptyRed,"Office Shelf, Empty, Red [c8e6be](Loot)[-]",01245,,loot,cntshelfSupplyOfficeEmpty,Decoration,Bookshelves
agfDecocntshelfSupplyOfficeEmptyWhite,"Office Shelf, Empty, White [c8e6be](Loot)[-]",01246,,loot,cntshelfSupplyOfficeEmpty,Decoration,Bookshelves
agfDecocntshelfSupplyOfficeEmptyYellow,"Office Shelf, Empty, Yellow [c8e6be](Loot)[-]",01247,,loot,cntshelfSupplyOfficeEmpty,Decoration,Bookshelves
agfDecocntshelfSupplyOfficeFullBlue,"Office Shelf, Full, Blue [c8e6be](Loot)[-]",01248,,loot,cntshelfSupplyOfficeFull,Decoration,Bookshelves
agfDecocntshelfSupplyOfficeFullBrown,"Office Shelf, Full, Brown [c8e6be](Loot)[-]",01249,,loot,cntshelfSupplyOfficeFull,Decoration,Bookshelves
agfDecocntshelfSupplyOfficeFullGreen,"Office Shelf, Full, Green [c8e6be](Loot)[-]",01250,,loot,cntshelfSupplyOfficeFull,Decoration,Bookshelves
agfDecocntshelfSupplyOfficeFullGrey,"Office Shelf, Full, Grey [c8e6be](Loot)[-]",01251,,loot,cntshelfSupplyOfficeFull,Decoration,Bookshelves
agfDecocntshelfSupplyOfficeFullOrange,"Office Shelf, Full, Orange [c8e6be](Loot)[-]",01252,,loot,cntshelfSupplyOfficeFull,Decoration,Bookshelves
agfDecocntshelfSupplyOfficeFullPink,"Office Shelf, Full, Pink [c8e6be](Loot)[-]",01253,,loot,cntshelfSupplyOfficeFull,Decoration,Bookshelves
agfDecocntshelfSupplyOfficeFullPurple,"Office Shelf, Full, Purple [c8e6be](Loot)[-]",01254,,loot,cntshelfSupplyOfficeFull,Decoration,Bookshelves
agfDecocntshelfSupplyOfficeFullRed,"Office Shelf, Full, Red [c8e6be](Loot)[-]",01255,,loot,cntshelfSupplyOfficeFull,Decoration,Bookshelves
agfDecocntshelfSupplyOfficeFullWhite,"Office Shelf, Full, White [c8e6be](Loot)[-]",01256,,loot,cntshelfSupplyOfficeFull,Decoration,Bookshelves
agfDecocntshelfSupplyOfficeFullYellow,"Office Shelf, Full, Yellow [c8e6be](Loot)[-]",01257,,loot,cntshelfSupplyOfficeFull,Decoration,Bookshelves
agfDecocntSuitcase,"Suitcase, Closed [c8e6be](Loot)[-]",01258,,loot,cntSuitcase,Decoration,Luggage
agfDecocntLuggageMediumOpen,"Suitcase, Open [c8e6be](Loot)[-]",01259,,loot,cntLuggage,Decoration,Luggage
agfDecocntLuggageBigClosed,"Luggage, Closed [c8e6be](Loot)[-]",01260,,loot,cntLuggageBig,Decoration,Luggage
agfDecocntLuggageBigOpen,"Luggage, Open [c8e6be](Loot)[-]",01261,,loot,cntLuggageBig,Decoration,Luggage
agfDecocntLuggagePileAClosed,Luggage [c8e6be](Loot)[-],01262,,loot,cntLuggagePileA,Decoration,Luggage
agfDecocntLuggagePileAOpen,"Luggage, Open [c8e6be](Loot)[-]",01263,,loot,cntLuggagePileA,Decoration,Luggage
agfDecocntLuggagePileBClosed,Luggage [c8e6be](Loot)[-],01264,,loot,cntLuggagePileB,Decoration,Luggage
agfDecocntLuggagePileBOpen,"Luggage, Open [c8e6be](Loot)[-]",01265,,loot,cntLuggagePileB,Decoration,Luggage
agfDecocntAmmoPileSmall,"Ammo Pile, Small [c8e6be](Loot)[-]",01266,,loot,cntAmmoPile,Decoration,Pile-Ammo
agfDecocntAmmoPileMedium,"Ammo Pile, Medium [c8e6be](Loot)[-]",01267,,loot,cntAmmoPile,Decoration,Pile-Ammo
agfDecocntAmmoPileLarge,"Ammo Pile, Large [c8e6be](Loot)[-]",01268,,loot,cntAmmoPile,Decoration,Pile-Ammo
agfDecocntChemPileSmall,"Chem Pile, Small [c8e6be](Loot)[-]",01269,,loot,cntChemPile,Decoration,Pile-Chem
agfDecocntChemPileMedium,"Chem Pile, Medium [c8e6be](Loot)[-]",01270,,loot,cntChemPile,Decoration,Pile-Chem
agfDecocntChemPileLarge,"Chem Pile, Large [c8e6be](Loot)[-]",01271,,loot,cntChemPile,Decoration,Pile-Chem
agfDecocntFoodPileSmall,"Food Pile, Small [c8e6be](Loot)[-]",01272,,loot,cntFoodPileSmall,Decoration,Pile-Food
agfDecocntFoodPileSmallCorner,"Food Pile, Small, Corner [c8e6be](Loot)[-]",01273,,loot,cntFoodPileSmall,Decoration,Pile-Food
agfDecocntFoodPileMedium,"Food Pile, Medium [c8e6be](Loot)[-]",01274,,loot,cntFoodPile,Decoration,Pile-Food
agfDecocntFoodPileLarge,"Food Pile, Large [c8e6be](Loot)[-]",01275,,loot,cntFoodPile,Decoration,Pile-Food
agfDecocntLiquorPileSmall,"Liquor Pile, Small [c8e6be](Loot)[-]",01276,,loot,cntLiquorPile,Decoration,Pile-Liqour
agfDecocntLiquorPileMedium,"Liquor Pile, Medium [c8e6be](Loot)[-]",01277,,loot,cntLiquorPile,Decoration,Pile-Liqour
agfDecocntLiquorPileLarge,"Liquor Pile, Large [c8e6be](Loot)[-]",01278,,loot,cntLiquorPile,Decoration,Pile-Liqour
agfDecocntMedicLootPileA,Medic Pile A [c8e6be](Loot)[-],01279,,loot,cntMedicLootPileA,Decoration,Pile-Medicine
agfDecocntMedicLootPileACorner,"Medic Pile A, Corner [c8e6be](Loot)[-]",01280,,loot,cntMedicLootPileA,Decoration,Pile-Medicine
agfDecocntMedicLootPileB,Medic Pile B [c8e6be](Loot)[-],01281,,loot,cntMedicLootPile,Decoration,Pile-Medicine
agfDecocntPillCaseClosed,"Medical Cabinet, Closed [c8e6be](Loot)[-]",01282,,loot,cntPillCase,Decoration,Pile-Medicine
agfDecocntPillCaseEmpty,"Medical Cabinet, Empty [c8e6be](Loot)[-]",01283,,loot,cntPillCase,Decoration,Pile-Medicine
agfDecocntWeaponsBagSmall,Weapons Bag [c8e6be](Loot)[-],01284,,loot,cntWeaponsBag,Decoration,Pile-weapon
agfDecocntWeaponsBagLarge,Weapons Bag [c8e6be](Loot)[-],01285,,loot,cntWeaponsBag,Decoration,Pile-weapon
agfDecocntDeskSafeOpen,"Desk Safe, Open [c8e6be](Loot)[-]",01286,,loot,cntDeskSafe,Decoration,Safe
agfDecocntDeskSafe,Desk Safe [c8e6be](Loot)[-],01287,,loot,cntDeskSafe,Decoration,Safe
agfDecocntWallSafeOpen,"Wall Safe, Open [c8e6be](Loot)[-]",01288,,loot,cntWallSafe,Decoration,Safe
agfDecocntWallSafe,Wall Safe [c8e6be](Loot)[-],01289,,loot,cntWallSafe,Decoration,Safe
agfDecocntGunSafe,"Gun Safe, Closed, Black [c8e6be](Loot)[-]",01290,,loot,cntGunSafe,Decoration,Safe
agfDecocntGunSafeArmyGreen,"Gun Safe, Closed, Army Green [c8e6be](Loot)[-]",01291,,loot,cntGunSafe,Decoration,Safe
agfDecocntGunSafeBlue,"Gun Safe, Closed, Blue [c8e6be](Loot)[-]",01292,,loot,cntGunSafe,Decoration,Safe
agfDecocntGunSafeBrown,"Gun Safe, Closed, Brown [c8e6be](Loot)[-]",01293,,loot,cntGunSafe,Decoration,Safe
agfDecocntGunSafeGreen,"Gun Safe, Closed, Green [c8e6be](Loot)[-]",01294,,loot,cntGunSafe,Decoration,Safe
agfDecocntGunSafeGrey,"Gun Safe, Closed, Grey [c8e6be](Loot)[-]",01295,,loot,cntGunSafe,Decoration,Safe
agfDecocntGunSafeOrange,"Gun Safe, Closed, Orange [c8e6be](Loot)[-]",01296,,loot,cntGunSafe,Decoration,Safe
agfDecocntGunSafePink,"Gun Safe, Closed, Pink [c8e6be](Loot)[-]",01297,,loot,cntGunSafe,Decoration,Safe
agfDecocntGunSafePurple,"Gun Safe, Closed, Purple [c8e6be](Loot)[-]",01298,,loot,cntGunSafe,Decoration,Safe
agfDecocntGunSafeRed,"Gun Safe, Closed, Red [c8e6be](Loot)[-]",01299,,loot,cntGunSafe,Decoration,Safe
agfDecocntGunSafeWhite,"Gun Safe, Closed, White [c8e6be](Loot)[-]",01300,,loot,cntGunSafe,Decoration,Safe
agfDecocntGunSafeYellow,"Gun Safe, Closed, Yellow [c8e6be](Loot)[-]",01301,,loot,cntGunSafe,Decoration,Safe
agfDecocntGunSafeOpen,"Gun Safe, Open, Black [c8e6be](Loot)[-]",01302,,loot,cntGunSafeOpen,Decoration,Safe
agfDecocntGunSafeOpenArmyGreen,"Gun Safe, Open, Army Green [c8e6be](Loot)[-]",01303,,loot,cntGunSafeOpen,Decoration,Safe
agfDecocntGunSafeOpenBlue,"Gun Safe, Open, Blue [c8e6be](Loot)[-]",01304,,loot,cntGunSafeOpen,Decoration,Safe
agfDecocntGunSafeOpenBrown,"Gun Safe, Open, Brown [c8e6be](Loot)[-]",01305,,loot,cntGunSafeOpen,Decoration,Safe
agfDecocntGunSafeOpenGreen,"Gun Safe, Open, Green [c8e6be](Loot)[-]",01306,,loot,cntGunSafeOpen,Decoration,Safe
agfDecocntGunSafeOpenGrey,"Gun Safe, Open, Grey [c8e6be](Loot)[-]",01307,,loot,cntGunSafeOpen,Decoration,Safe
agfDecocntGunSafeOpenOrange,"Gun Safe, Open, Orange [c8e6be](Loot)[-]",01308,,loot,cntGunSafeOpen,Decoration,Safe
agfDecocntGunSafeOpenPink,"Gun Safe, Open, Pink [c8e6be](Loot)[-]",01309,,loot,cntGunSafeOpen,Decoration,Safe
agfDecocntGunSafeOpenPurple,"Gun Safe, Open, Purple [c8e6be](Loot)[-]",01310,,loot,cntGunSafeOpen,Decoration,Safe
agfDecocntGunSafeOpenRed,"Gun Safe, Open, Red [c8e6be](Loot)[-]",01311,,loot,cntGunSafeOpen,Decoration,Safe
agfDecocntGunSafeOpenWhite,"Gun Safe, Open, White [c8e6be](Loot)[-]",01312,,loot,cntGunSafeOpen,Decoration,Safe
agfDecocntGunSafeOpenYellow,"Gun Safe, Open, Yellow [c8e6be](Loot)[-]",01313,,loot,cntGunSafeOpen,Decoration,Safe
agfDecocntLockersShortClosed,"Lockers, Short, Closed, Green [c8e6be](Loot)[-]",01314,,loot,locker,Decoration,Zlockers
agfDecocntLockersShortClosedBlue,"Lockers, Short, Closed, Blue [c8e6be](Loot)[-]",01315,,loot,locker,Decoration,Zlockers
agfDecocntLockersShortClosedGrey,"Lockers, Short, Closed, Grey [c8e6be](Loot)[-]",01316,,loot,locker,Decoration,Zlockers
agfDecocntLockersShortClosedRed,"Lockers, Short, Closed, Red [c8e6be](Loot)[-]",01317,,loot,locker,Decoration,Zlockers
agfDecocntLockersShortClosedWhite,"Lockers, Short, Closed, White [c8e6be](Loot)[-]",01318,,loot,locker,Decoration,Zlockers
agfDecocntLockersShortClosedYellow,"Lockers, Short, Closed, Yellow [c8e6be](Loot)[-]",01319,,loot,locker,Decoration,Zlockers
agfDecocntLockersShortOpen,"Lockers, Short, Open, Green [c8e6be](Loot)[-]",01320,,loot,locker,Decoration,Zlockers
agfDecocntLockersShortOpenBlue,"Lockers, Short, Open, Blue [c8e6be](Loot)[-]",01321,,loot,locker,Decoration,Zlockers
agfDecocntLockersShortOpenGrey,"Lockers, Short, Open, Grey [c8e6be](Loot)[-]",01322,,loot,locker,Decoration,Zlockers
agfDecocntLockersShortOpenRed,"Lockers, Short, Open, Red [c8e6be](Loot)[-]",01323,,loot,locker,Decoration,Zlockers
agfDecocntLockersShortOpenWhite,"Lockers, Short, Open, White [c8e6be](Loot)[-]",01324,,loot,locker,Decoration,Zlockers
agfDecocntLockersShortOpenYellow,"Lockers, Short, Open, Yellow [c8e6be](Loot)[-]",01325,,loot,locker,Decoration,Zlockers
agfDecocntLockersTallClosed,"Lockers, Tall, Closed, Green [c8e6be](Loot)[-]",01326,,loot,locker,Decoration,Zlockers
agfDecocntLockersTallClosedBlue,"Lockers, Tall, Closed, Blue [c8e6be](Loot)[-]",01327,,loot,locker,Decoration,Zlockers
agfDecocntLockersTallClosedGrey,"Lockers, Tall, Closed, Grey [c8e6be](Loot)[-]",01328,,loot,locker,Decoration,Zlockers
agfDecocntLockersTallClosedRed,"Lockers, Tall, Closed, Red [c8e6be](Loot)[-]",01329,,loot,locker,Decoration,Zlockers
agfDecocntLockersTallClosedWhite,"Lockers, Tall, Closed, White [c8e6be](Loot)[-]",01330,,loot,locker,Decoration,Zlockers
agfDecocntLockersTallClosedYellow,"Lockers, Tall, Closed, Yellow [c8e6be](Loot)[-]",01331,,loot,locker,Decoration,Zlockers
agfDecocntLockersTallOpen,"Lockers, Tall, Open, Green [c8e6be](Loot)[-]",01332,,loot,locker,Decoration,Zlockers
agfDecocntLockersTallOpenBlue,"Lockers, Tall, Open, Blue [c8e6be](Loot)[-]",01333,,loot,locker,Decoration,Zlockers
agfDecocntLockersTallOpenGrey,"Lockers, Tall, Open, Grey [c8e6be](Loot)[-]",01334,,loot,locker,Decoration,Zlockers
agfDecocntLockersTallOpenRed,"Lockers, Tall, Open, Red [c8e6be](Loot)[-]",01335,,loot,locker,Decoration,Zlockers
agfDecocntLockersTallOpenWhite,"Lockers, Tall, Open, White [c8e6be](Loot)[-]",01336,,loot,locker,Decoration,Zlockers
agfDecocntLockersTallOpenYellow,"Lockers, Tall, Open, Yellow [c8e6be](Loot)[-]",01337,,loot,locker,Decoration,Zlockers
agfDecocntLockersTallDoubleClosed,"Lockers, Tall, 6 Small, Closed, Green [c8e6be](Loot)[-]",01338,,loot,locker,Decoration,Zlockers
agfDecocntLockersTallDoubleClosedBlue,"Lockers, Tall, 6 Small, Closed, Blue [c8e6be](Loot)[-]",01339,,loot,locker,Decoration,Zlockers
agfDecocntLockersTallDoubleClosedGrey,"Lockers, Tall, 6 Small, Closed, Grey [c8e6be](Loot)[-]",01340,,loot,locker,Decoration,Zlockers
agfDecocntLockersTallDoubleClosedRed,"Lockers, Tall, 6 Small, Closed, Red [c8e6be](Loot)[-]",01341,,loot,locker,Decoration,Zlockers
agfDecocntLockersTallDoubleClosedWhite,"Lockers, Tall, 6 Small, Closed, White [c8e6be](Loot)[-]",01342,,loot,locker,Decoration,Zlockers
agfDecocntLockersTallDoubleClosedYellow,"Lockers, Tall, 6 Small, Closed, Yellow [c8e6be](Loot)[-]",01343,,loot,locker,Decoration,Zlockers
agfDecocntLockersTallDoubleOpen,"Lockers, Tall, 6 Small, Open, Green [c8e6be](Loot)[-]",01344,,loot,locker,Decoration,Zlockers
agfDecocntLockersTallDoubleOpenBlue,"Lockers, Tall, 6 Small, Open, Blue [c8e6be](Loot)[-]",01345,,loot,locker,Decoration,Zlockers
agfDecocntLockersTallDoubleOpenGrey,"Lockers, Tall, 6 Small, Open, Grey [c8e6be](Loot)[-]",01346,,loot,locker,Decoration,Zlockers
agfDecocntLockersTallDoubleOpenRed,"Lockers, Tall, 6 Small, Open, Red [c8e6be](Loot)[-]",01347,,loot,locker,Decoration,Zlockers
agfDecocntLockersTallDoubleOpenWhite,"Lockers, Tall, 6 Small, Open, White [c8e6be](Loot)[-]",01348,,loot,locker,Decoration,Zlockers
agfDecocntLockersTallDoubleOpenYellow,"Lockers, Tall, 6 Small, Open, Yellow [c8e6be](Loot)[-]",01349,,loot,locker,Decoration,Zlockers
agfDecocntLockersTallMixClosed,"Lockers, Tall, Mixed 1, Closed, Green [c8e6be](Loot)[-]",01350,,loot,locker,Decoration,Zlockers
agfDecocntLockersTallMixClosedBlue,"Lockers, Tall, Mixed 1, Closed, Blue [c8e6be](Loot)[-]",01351,,loot,locker,Decoration,Zlockers
agfDecocntLockersTallMixClosedGrey,"Lockers, Tall, Mixed 1, Closed, Grey [c8e6be](Loot)[-]",01352,,loot,locker,Decoration,Zlockers
agfDecocntLockersTallMixClosedRed,"Lockers, Tall, Mixed 1, Closed, Red [c8e6be](Loot)[-]",01353,,loot,locker,Decoration,Zlockers
agfDecocntLockersTallMixClosedWhite,"Lockers, Tall, Mixed 1, Closed, White [c8e6be](Loot)[-]",01354,,loot,locker,Decoration,Zlockers
agfDecocntLockersTallMixClosedYellow,"Lockers, Tall, Mixed 1, Closed, Yellow [c8e6be](Loot)[-]",01355,,loot,locker,Decoration,Zlockers
agfDecocntLockersTallMixOpen,"Lockers, Tall, Mixed 1, Open, Green [c8e6be](Loot)[-]",01356,,loot,locker,Decoration,Zlockers
agfDecocntLockersTallMixOpenBlue,"Lockers, Tall, Mixed 1, Open, Blue [c8e6be](Loot)[-]",01357,,loot,locker,Decoration,Zlockers
agfDecocntLockersTallMixOpenGrey,"Lockers, Tall, Mixed 1, Open, Grey [c8e6be](Loot)[-]",01358,,loot,locker,Decoration,Zlockers
agfDecocntLockersTallMixOpenRed,"Lockers, Tall, Mixed 1, Open, Red [c8e6be](Loot)[-]",01359,,loot,locker,Decoration,Zlockers
agfDecocntLockersTallMixOpenWhite,"Lockers, Tall, Mixed 1, Open, White [c8e6be](Loot)[-]",01360,,loot,locker,Decoration,Zlockers
agfDecocntLockersTallMixOpenYellow,"Lockers, Tall, Mixed 1, Open, Yellow [c8e6be](Loot)[-]",01361,,loot,locker,Decoration,Zlockers
agfDecocntLockersTallMixLinkClosed,"Lockers, Tall, Mixed 2, Closed, Green [c8e6be](Loot)[-]",01362,,loot,locker,Decoration,Zlockers
agfDecocntLockersTallMixLinkClosedBlue,"Lockers, Tall, Mixed 2, Closed, Blue [c8e6be](Loot)[-]",01363,,loot,locker,Decoration,Zlockers
agfDecocntLockersTallMixLinkClosedGrey,"Lockers, Tall, Mixed 2, Closed, Grey [c8e6be](Loot)[-]",01364,,loot,locker,Decoration,Zlockers
agfDecocntLockersTallMixLinkClosedRed,"Lockers, Tall, Mixed 2, Closed, Red [c8e6be](Loot)[-]",01365,,loot,locker,Decoration,Zlockers
agfDecocntLockersTallMixLinkClosedWhite,"Lockers, Tall, Mixed 2, Closed, White [c8e6be](Loot)[-]",01366,,loot,locker,Decoration,Zlockers
agfDecocntLockersTallMixLinkClosedYellow,"Lockers, Tall, Mixed 2, Closed, Yellow [c8e6be](Loot)[-]",01367,,loot,locker,Decoration,Zlockers
agfDecocntLockersTallMixLinkOpen,"Lockers, Tall, Mixed 2, Open, Green [c8e6be](Loot)[-]",01368,,loot,locker,Decoration,Zlockers
agfDecocntLockersTallMixLinkOpenBlue,"Lockers, Tall, Mixed 2, Open, Blue [c8e6be](Loot)[-]",01369,,loot,locker,Decoration,Zlockers
agfDecocntLockersTallMixLinkOpenGrey,"Lockers, Tall, Mixed 2, Open, Grey [c8e6be](Loot)[-]",01370,,loot,locker,Decoration,Zlockers
agfDecocntLockersTallMixLinkOpenRed,"Lockers, Tall, Mixed 2, Open, Red [c8e6be](Loot)[-]",01371,,loot,locker,Decoration,Zlockers
agfDecocntLockersTallMixLinkOpenWhite,"Lockers, Tall, Mixed 2, Open, White [c8e6be](Loot)[-]",01372,,loot,locker,Decoration,Zlockers
agfDecocntLockersTallMixLinkOpenYellow,"Lockers, Tall, Mixed 2, Open, Yellow [c8e6be](Loot)[-]",01373,,loot,locker,Decoration,Zlockers
agfDecocntMorticianDrawerFull,"Mortician's Drawer, Closed [c8e6be](Loot)[-]",01374,,loot,cntMorticianDrawer,Decoration,General
agfDecocntMorticianDrawerEmpty,"Mortician's Drawer, Open [c8e6be](Loot)[-]",01375,,loot,cntMorticianDrawer,Decoration,General
agfDecobloodDecor01,Blood Decor01 [ddcdfa](Deco)[-],01376,,plain,bloodDecor0,Decoration,Death0
agfDecobloodDecor02,Blood Decor02 [ddcdfa](Deco)[-],01377,,plain,bloodDecor0,Decoration,Death0
agfDecobloodDecor05,Blood Decor05 [ddcdfa](Deco)[-],01378,,plain,bloodDecor0,Decoration,Death0
agfDecobloodDecor06,Blood Decor06 [ddcdfa](Deco)[-],01379,,plain,bloodDecor0,Decoration,Death0
agfDecodecoCowSkull,Cow Skull [ddcdfa](Deco)[-],01380,,plain,decoCowSkull,Decoration,Death0
agfDecobodyBagBlack,"Body Bag, Black [ddcdfa](Deco)[-]",01381,,plain,bodyBag,Decoration,Death
agfDecobodyBagYellow,"Body Bag, Yellow [ddcdfa](Deco)[-]",01382,,plain,bodyBag,Decoration,Death
agfDecobodyBagBlackFlies,"Body Bag Black, Flies, Black [ddcdfa](Deco)[-]",01383,,plain,bodyBagFlies,Decoration,Death
agfDecobodyBagYellowFlies,"Body Bag Yellow, Flies, Yellow [ddcdfa](Deco)[-]",01384,,plain,bodyBagFlies,Decoration,Death
agfDecobodyBagPair,Body Bag Pair [ddcdfa](Deco)[-],01385,,plain,bodyBagPair,Decoration,Death
agfDecobodyBagPairYellow,"Body Bag Pair, Yellow [ddcdfa](Deco)[-]",01386,,plain,bodyBagPair,Decoration,Death
agfDecobodyBagPairMixed,Body Bag Mixed [ddcdfa](Deco)[-],01387,,plain,bodyBagPair,Decoration,Death
agfDecobodyBagPile,Body Bag Pile [ddcdfa](Deco)[-],01388,,plain,bodyBagPile,Decoration,Death
agfDecobodyBagPileMix,Body Bag Pile Mix [ddcdfa](Deco)[-],01389,,plain,bodyBagPile,Decoration,Death
agfDecocntCasketModernClosedAqua,"Casket, Closed, Aqua [c8e6be](Loot)[-]",01390,,loot,cntCasketModernClosed,Decoration,Death
agfDecocntCasketModernClosedBlue,"Casket, Closed, Blue [c8e6be](Loot)[-]",01391,,loot,cntCasketModernClosed,Decoration,Death
agfDecocntCasketModernClosedBrown,"Casket, Closed, Brown [c8e6be](Loot)[-]",01392,,loot,cntCasketModernClosed,Decoration,Death
agfDecocntCasketModernClosedGreen,"Casket, Closed, Green [c8e6be](Loot)[-]",01393,,loot,cntCasketModernClosed,Decoration,Death
agfDecocntCasketModernClosedGrey,"Casket, Closed, Grey [c8e6be](Loot)[-]",01394,,loot,cntCasketModernClosed,Decoration,Death
agfDecocntCasketModernClosedPurple,"Casket, Closed, Purple [c8e6be](Loot)[-]",01395,,loot,cntCasketModernClosed,Decoration,Death
agfDecocntCasketModernClosedRed,"Casket, Closed, Red [c8e6be](Loot)[-]",01396,,loot,cntCasketModernClosed,Decoration,Death
agfDecocntCasketModernClosedTan,"Casket, Closed, Tan [c8e6be](Loot)[-]",01397,,loot,cntCasketModernClosed,Decoration,Death
agfDecocntCasketModernClosedWhite,"Casket, Closed, White [c8e6be](Loot)[-]",01398,,loot,cntCasketModernClosed,Decoration,Death
agfDecocntCasketModernClosedYellow,"Casket, Closed, Yellow [c8e6be](Loot)[-]",01399,,loot,cntCasketModernClosed,Decoration,Death
agfDecocntCasketModernOpenAqua,"Casket, Open, Aqua [c8e6be](Loot)[-]",01400,,loot,cntCasketModernOpen,Decoration,Death
agfDecocntCasketModernOpenBlue,"Casket, Open, Blue [c8e6be](Loot)[-]",01401,,loot,cntCasketModernOpen,Decoration,Death
agfDecocntCasketModernOpenBrown,"Casket, Open, Brown [c8e6be](Loot)[-]",01402,,loot,cntCasketModernOpen,Decoration,Death
agfDecocntCasketModernOpenGreen,"Casket, Open, Green [c8e6be](Loot)[-]",01403,,loot,cntCasketModernOpen,Decoration,Death
agfDecocntCasketModernOpenGrey,"Casket, Open, Grey [c8e6be](Loot)[-]",01404,,loot,cntCasketModernOpen,Decoration,Death
agfDecocntCasketModernOpenPurple,"Casket, Open, Purple [c8e6be](Loot)[-]",01405,,loot,cntCasketModernOpen,Decoration,Death
agfDecocntCasketModernOpenRed,"Casket, Open, Red [c8e6be](Loot)[-]",01406,,loot,cntCasketModernOpen,Decoration,Death
agfDecocntCasketModernOpenTan,"Casket, Open, Tan [c8e6be](Loot)[-]",01407,,loot,cntCasketModernOpen,Decoration,Death
agfDecocntCasketModernOpenWhite,"Casket, Open, White [c8e6be](Loot)[-]",01408,,loot,cntCasketModernOpen,Decoration,Death
agfDecocntCasketModernOpenYellow,"Casket, Open, Yellow [c8e6be](Loot)[-]",01409,,loot,cntCasketModernOpen,Decoration,Death
agfDecocntCoffinWildWestClosed,"Wild West Coffin, Closed [c8e6be](Loot)[-]",01410,,loot,cntCoffinWildWest,Decoration,Death
agfDecocntCoffinWildWestOpen,"Wild West Coffin, Open [c8e6be](Loot)[-]",01411,,loot,cntCoffinWildWest,Decoration,Death
agfDecocntCoffinWildWestCracked,Wild West Coffin Cracked [c8e6be](Loot)[-],01412,,loot,cntCoffinWildWest,Decoration,Death
agfDecocntCoffinWildWestLeaning,Wild West Coffin Leaning [c8e6be](Loot)[-],01413,,loot,cntCoffinWildWest,Decoration,Death
agfDecocntCoffinWildWestLidLeaning,Wild West Coffin Lid Leaning [c8e6be](Loot)[-],01414,,loot,cntCoffinWildWest,Decoration,Death
agfDecocntCoffinWildWestStack,Wild West Coffin Stack [c8e6be](Loot)[-],01415,,loot,cntCoffinWildWest,Decoration,Death
agfDeconoCorpseHangingLog1,Hanging Log 1 [ddcdfa](Deco)[-],01416,,plain,hanginglog,Death,Hanging
agfDeconoCorpseHangingLog2,Hanging Log 2 [ddcdfa](Deco)[-],01417,,plain,hanginglog,Death,Hanging
agfDecocorpseHangingRope1Blue,"Hanging Corpse Rope 1, Blue [c8e6be](Loot)[-]",01418,,loot,hanginglog,Death,Hanging
agfDecocorpseHangingRope1Brown,"Hanging Corpse Rope 1, Brown [c8e6be](Loot)[-]",01419,,loot,hanginglog,Death,Hanging
agfDecocorpseHangingRope1Green,"Hanging Corpse Rope 1, Green [c8e6be](Loot)[-]",01420,,loot,hanginglog,Death,Hanging
agfDecocorpseHangingRope1Grey,"Hanging Corpse Rope 1, Grey [c8e6be](Loot)[-]",01421,,loot,hanginglog,Death,Hanging
agfDecocorpseHangingRope1Red,"Hanging Corpse Rope 1, Red [c8e6be](Loot)[-]",01422,,loot,hanginglog,Death,Hanging
agfDecocorpseHangingRope1White,"Hanging Corpse Rope 1, White [c8e6be](Loot)[-]",01423,,loot,hanginglog,Death,Hanging
agfDecocorpseHangingLog1Blue,"Hanging Corpse Log 1, Blue [c8e6be](Loot)[-]",01424,,loot,hanginglog,Death,Hanging
agfDecocorpseHangingLog1Brown,"Hanging Corpse Log 1, Brown [c8e6be](Loot)[-]",01425,,loot,hanginglog,Death,Hanging
agfDecocorpseHangingLog1Green,"Hanging Corpse Log 1, Green [c8e6be](Loot)[-]",01426,,loot,hanginglog,Death,Hanging
agfDecocorpseHangingLog1Grey,"Hanging Corpse Log 1, Grey [c8e6be](Loot)[-]",01427,,loot,hanginglog,Death,Hanging
agfDecocorpseHangingLog1Red,"Hanging Corpse Log 1, Red [c8e6be](Loot)[-]",01428,,loot,hanginglog,Death,Hanging
agfDecocorpseHangingLog1White,"Hanging Corpse Log 1, White [c8e6be](Loot)[-]",01429,,loot,hanginglog,Death,Hanging
agfDecocorpseHangingLog2Blue,"Hanging Corpse Log 2, Blue [c8e6be](Loot)[-]",01430,,loot,hanginglog,Death,Hanging
agfDecocorpseHangingLog2Brown,"Hanging Corpse Log 2, Brown [c8e6be](Loot)[-]",01431,,loot,hanginglog,Death,Hanging
agfDecocorpseHangingLog2Green,"Hanging Corpse Log 2, Green [c8e6be](Loot)[-]",01432,,loot,hanginglog,Death,Hanging
agfDecocorpseHangingLog2Grey,"Hanging Corpse Log 2, Grey [c8e6be](Loot)[-]",01433,,loot,hanginglog,Death,Hanging
agfDecocorpseHangingLog2Red,"Hanging Corpse Log 2, Red [c8e6be](Loot)[-]",01434,,loot,hanginglog,Death,Hanging
agfDecocorpseHangingLog2White,"Hanging Corpse Log 2, White [c8e6be](Loot)[-]",01435,,loot,hanginglog,Death,Hanging
agfDecocorpseHangingLog3Blue,"Hanging Corpse Log 3, Blue [c8e6be](Loot)[-]",01436,,loot,hanginglog,Death,Hanging
agfDecocorpseHangingLog3Brown,"Hanging Corpse Log 3, Brown [c8e6be](Loot)[-]",01437,,loot,hanginglog,Death,Hanging
agfDecocorpseHangingLog3Green,"Hanging Corpse Log 3, Green [c8e6be](Loot)[-]",01438,,loot,hanginglog,Death,Hanging
agfDecocorpseHangingLog3Grey,"Hanging Corpse Log 3, Grey [c8e6be](Loot)[-]",01439,,loot,hanginglog,Death,Hanging
agfDecocorpseHangingLog3Red,"Hanging Corpse Log 3, Red [c8e6be](Loot)[-]",01440,,loot,hanginglog,Death,Hanging
agfDecocorpseHangingLog3White,"Hanging Corpse Log 3, White [c8e6be](Loot)[-]",01441,,loot,hanginglog,Death,Hanging
agfDecograveStone01,Grave Stone 01 [ddcdfa](Deco)[-],01442,,plain,graveStone0,Decoration,Death
agfDecograveStone02,Grave Stone 02 [ddcdfa](Deco)[-],01443,,plain,graveStone0,Decoration,Death
agfDecograveStone03,Grave Stone 03 [ddcdfa](Deco)[-],01444,,plain,graveStone0,Decoration,Death
agfDecograveStone04,Grave Stone 04 [ddcdfa](Deco)[-],01445,,plain,graveStone0,Decoration,Death
agfDecograveStone05,Grave Stone 05 [ddcdfa](Deco)[-],01446,,plain,graveStone0,Decoration,Death
agfDecograveStone06,Grave Stone 06 [ddcdfa](Deco)[-],01447,,plain,graveStone0,Decoration,Death
agfDecograveStone07,Grave Stone 07 [ddcdfa](Deco)[-],01448,,plain,graveStone0,Decoration,Death
agfDecograveStone08,Grave Stone 08 [ddcdfa](Deco)[-],01449,,plain,graveStone0,Decoration,Death
agfDecodecoWildWestWagon,Wild West Wagon [ddcdfa](Deco)[-],01450,,plain,decoWildWestWagon,Decoration,Death2
agfDecodecoWildWestWagonWheelBack,Wild West Wagon Wheel Back [ddcdfa](Deco)[-],01451,,plain,decoWildWestWagonWheel,Decoration,Death2
agfDecodecoWildWestWagonWheelFront,Wild West Wagon Wheel Front [ddcdfa](Deco)[-],01452,,plain,decoWildWestWagonWheel,Decoration,Death2
agfDecoflagPoleAmerican,American Flagpole [ddcdfa](Deco)[-],01453,,plain,flagPole,Decoration,Pole
agfDecoflagPoleTrader,Trader Flagpole [ddcdfa](Deco)[-],01454,,plain,flagPole,Decoration,Pole
agfDecoflagPoleWhiteRiver,"River Flagpole, White [ddcdfa](Deco)[-]",01455,,plain,flagPole,Decoration,Pole
agfDecoflagPoleSign,flag Pole Sign [ddcdfa](Deco)[-],01456,,plain,flagPole,Decoration,Pole
agfDecoflagWallHungDuke,"Flag, Wall Hung, Duke [ddcdfa](Deco)[-]",01457,,plain,flagWallHung,Decoration,Wall
agfDecoflagWallHungHonorDuty,"Flag, Wall Hung, Honor Duty [ddcdfa](Deco)[-]",01458,,plain,flagWallHung,Decoration,Wall
agfDecoflagWallHungTFP,"Flag, Wall Hung, TFP [ddcdfa](Deco)[-]",01459,,plain,flagWallHung,Decoration,Wall
agfDecoflagWallHungThick44Black,"Thick44 Flag, Wall Hung, Black [ddcdfa](Deco)[-]",01460,,plain,flagWallHungThick44,Decoration,Wall
agfDecoflagWallHungThick44Purple,"Thick44 Flag, Wall Hung, Purple [ddcdfa](Deco)[-]",01461,,plain,flagWallHungThick44,Decoration,Wall
agfDecoflagWallHungUSA,"Flag, Wall Hung, USA [ddcdfa](Deco)[-]",01462,,plain,flagWallHung,Decoration,Wall
agfDecoflagWallHungValiant,"Flag, Wall Hung, Valiant [ddcdfa](Deco)[-]",01463,,plain,flagWallHung,Decoration,Wall
agfDecoflagWallHungGadsdenArmyGreen,"Gadsden Flag, Wall Hung, Army Green [ddcdfa](Deco)[-]",01464,,plain,flagWallHungGadsden,Decoration,Wall
agfDecoflagWallHungGadsdenBlue,"Gadsden Flag, Wall Hung, Blue [ddcdfa](Deco)[-]",01465,,plain,flagWallHungGadsden,Decoration,Wall
agfDecoflagWallHungGadsdenBrown,"Gadsden Flag, Wall Hung, Brown [ddcdfa](Deco)[-]",01466,,plain,flagWallHungGadsden,Decoration,Wall
agfDecoflagWallHungGadsdenGreen,"Gadsden Flag, Wall Hung, Green [ddcdfa](Deco)[-]",01467,,plain,flagWallHungGadsden,Decoration,Wall
agfDecoflagWallHungGadsdenGrey,"Gadsden Flag, Wall Hung, Grey [ddcdfa](Deco)[-]",01468,,plain,flagWallHungGadsden,Decoration,Wall
agfDecoflagWallHungGadsdenOrange,"Gadsden Flag, Wall Hung, Orange [ddcdfa](Deco)[-]",01469,,plain,flagWallHungGadsden,Decoration,Wall
agfDecoflagWallHungGadsdenPink,"Gadsden Flag, Wall Hung, Pink [ddcdfa](Deco)[-]",01470,,plain,flagWallHungGadsden,Decoration,Wall
agfDecoflagWallHungGadsdenPurple,"Gadsden Flag, Wall Hung, Purple [ddcdfa](Deco)[-]",01471,,plain,flagWallHungGadsden,Decoration,Wall
agfDecoflagWallHungGadsdenRed,"Gadsden Flag, Wall Hung, Red [ddcdfa](Deco)[-]",01472,,plain,flagWallHungGadsden,Decoration,Wall
agfDecoflagWallHungGadsdenWhite,"Gadsden Flag, Wall Hung, White [ddcdfa](Deco)[-]",01473,,plain,flagWallHungGadsden,Decoration,Wall
agfDecoflagWallHungGadsdenYellow,"Gadsden Flag, Wall Hung, Yellow [ddcdfa](Deco)[-]",01474,,plain,flagWallHungGadsden,Decoration,Wall
agfDecocntBirdnest,Bird Nest [c8e6be](Loot)[-],01475,,loot,cntBirdnest,Decoration,Terrain
agfDecocobweb,Cobweb [ddcdfa](Deco)[-],01476,,plain,cobweb,Decoration,Terrain
agfDecodriftwood,Driftwood 01 [ddcdfa](Deco)[-],01477,,plain,driftwood,Decoration,Terrain
agfDecodriftwood2,Driftwood 02 [ddcdfa](Deco)[-],01478,,plain,driftwood,Decoration,Terrain
agfDecodriftwood3,Driftwood 03 [ddcdfa](Deco)[-],01479,,plain,driftwood,Decoration,Terrain
agfDecoemberPileDeco1,Ember Pile 1 Deco [ddcdfa](Deco)[-],01480,,plain,emberPileDeco,Decoration,Terrain
agfDecoemberPileDeco2,Ember Pile 2 Deco [ddcdfa](Deco)[-],01481,,plain,emberPileDeco,Decoration,Terrain
agfDecoemberPileDeco3,Ember Pile 3 Deco [ddcdfa](Deco)[-],01482,,plain,emberPileDeco,Decoration,Terrain
agfDecoemberPileDeco4,Ember Pile 4 Deco [ddcdfa](Deco)[-],01483,,plain,emberPileDeco,Decoration,Terrain
agfDecoemberPileDeco5,Ember Pile 5 Deco [ddcdfa](Deco)[-],01484,,plain,emberPileDeco,Decoration,Terrain
agfDecoemberPileDeco6,Ember Pile 6 Deco [ddcdfa](Deco)[-],01485,,plain,emberPileDeco,Decoration,Terrain
agfDecoemberPileDeco7,Ember Pile 7 Deco [ddcdfa](Deco)[-],01486,,plain,emberPileDeco,Decoration,Terrain
agfDecoemberPileDeco8,Ember Pile 8 Deco [ddcdfa](Deco)[-],01487,,plain,emberPileDeco,Decoration,Terrain
agfDecohangingMoss,Hanging Moss [ddcdfa](Deco)[-],01488,,plain,hangingMoss,Decoration,Terrain
agfDecooreCoalBoulder,Coal Ore Boulder [ddcdfa](Deco)[-],01489,,plain,oreCoalBoulder,Decoration,Terrain
agfDecooreIronBoulder,Iron Ore Boulder [ddcdfa](Deco)[-],01490,,plain,oreIronBoulder,Decoration,Terrain
agfDecooreLeadBoulder,Lead Ore Boulder [ddcdfa](Deco)[-],01491,,plain,oreLeadBoulder,Decoration,Terrain
agfDecoorePotassiumNitrateBoulder,Potassium Nitrate Ore Boulder [ddcdfa](Deco)[-],01492,,plain,orePotassiumNitrateBoulder,Decoration,Terrain
agfDecooreShaleBoulder,Oil Shale Ore Boulder [ddcdfa](Deco)[-],01493,,plain,oreShaleBoulder,Decoration,Terrain
agfDecoresourceRock01,Resource Rock 01 [ddcdfa](Deco)[-],01494,,plain,resourceRock0,Decoration,Terrain
agfDecoresourceRock02,Resource Rock 02 [ddcdfa](Deco)[-],01495,,plain,resourceRock0,Decoration,Terrain
agfDecoresourceRock03,Resource Rock 03 [ddcdfa](Deco)[-],01496,,plain,resourceRock0,Decoration,Terrain
agfDecorock01,Small Rock 01 [ddcdfa](Deco)[-],01497,,plain,rock01,Decoration,Terrain
agfDecorock02,Small Rock 02 [ddcdfa](Deco)[-],01498,,plain,rock02,Decoration,Terrain
agfDecorock04,Small Rock 04 [ddcdfa](Deco)[-],01499,,plain,rock04,Decoration,Terrain
agfDecorock05,Small Rock 05 [ddcdfa](Deco)[-],01500,,plain,rock05,Decoration,Terrain
agfDecorock07,Small Rock 07 [ddcdfa](Deco)[-],01501,,plain,rock07,Decoration,Terrain
agfDecocntTrashPile01,Trash Pile [c8e6be](Loot)[-],01502,,loot,cntTrashPile0,Decoration,Trash
agfDecocntTrashPile02,Pile of Garbage [c8e6be](Loot)[-],01503,,loot,cntTrashPile0,Decoration,Trash
agfDecocntTrashPile03,Mound of Garbage [c8e6be](Loot)[-],01504,,loot,cntTrashPile0,Decoration,Trash
agfDecocntTrashPile04,Abandoned Rubbish [c8e6be](Loot)[-],01505,,loot,cntTrashPile0,Decoration,Trash
agfDecocntTrashPile05,Rotting Trash [c8e6be](Loot)[-],01506,,loot,cntTrashPile0,Decoration,Trash
agfDecocntTrashPile06,Spoiled Trash [c8e6be](Loot)[-],01507,,loot,cntTrashPile0,Decoration,Trash
agfDecocntTrashPile07,Garbage Pile [c8e6be](Loot)[-],01508,,loot,cntTrashPile0,Decoration,Trash
agfDecocntTrashPile08,Foul Trash [c8e6be](Loot)[-],01509,,loot,cntTrashPile0,Decoration,Trash
agfDecocntTrashPile09,Old Trash [c8e6be](Loot)[-],01510,,loot,cntTrashPile0,Decoration,Trash
agfDecocntTrashPile10,Trash Bag [c8e6be](Loot)[-],01511,,loot,cntTrashPile1,Decoration,Trash
agfDecocntTrashPile11,Trash Pile [c8e6be](Loot)[-],01512,,loot,cntTrashPile1,Decoration,Trash
agfDecogarbage_decor1,Garbage Decor 01 [ddcdfa](Deco)[-],01513,,plain,garbage_decor,Decoration,Trash
agfDecogarbage_decor2,Garbage Decor 02 [ddcdfa](Deco)[-],01514,,plain,garbage_decor,Decoration,Trash
agfDecogarbage_decor3,Garbage Decor 03 [ddcdfa](Deco)[-],01515,,plain,garbage_decor,Decoration,Trash
agfDecoglassBroken_01,Broken Glass 01 [ddcdfa](Deco)[-],01516,,plain,glass,Decoration,Trash
agfDecoglassBroken_02,Broken Glass 02 [ddcdfa](Deco)[-],01517,,plain,glass,Decoration,Trash
agfDecoglassBroken_03,Broken Glass 03 [ddcdfa](Deco)[-],01518,,plain,glass,Decoration,Trash
agfDecoglassBrokenCapLeft,Broken Glass Cap Left [ddcdfa](Deco)[-],01519,,plain,glass,Decoration,Trash
agfDecoglassBrokenCapRight,Broken Glass Cap Right [ddcdfa](Deco)[-],01520,,plain,glass,Decoration,Trash
agfDecoglassDebris01,Glass Debris 01 [ddcdfa](Deco)[-],01521,,plain,glass,Decoration,Trash
agfDecocinderBlocks01,Cinder Blocks 1 [ddcdfa](Deco)[-],01522,,plain,cinderBlocks0,Decoration,Trash
agfDecocinderBlocks02,Cinder Blocks 2 [ddcdfa](Deco)[-],01523,,plain,cinderBlocks0,Decoration,Trash
agfDecocinderBlocks03,Cinder Blocks 3 [ddcdfa](Deco)[-],01524,,plain,cinderBlocks0,Decoration,Trash
agfDeconewspaperDecor01,Newspaper Decor 01 [ddcdfa](Deco)[-],01525,,plain,newspaperDecor0,Decoration,Trash
agfDeconewspaperDecor02,Newspaper Decor 02 [ddcdfa](Deco)[-],01526,,plain,newspaperDecor0,Decoration,Trash
agfDeconewspaperDecor03,Newspaper Decor 03 [ddcdfa](Deco)[-],01527,,plain,newspaperDecor0,Decoration,Trash
agfDeconewspaperDecor04,Newspaper Decor 04 [ddcdfa](Deco)[-],01528,,plain,newspaperDecor0,Decoration,Trash
agfDecorubbishDecor01,Rubbish Decor 01 [ddcdfa](Deco)[-],01529,,plain,rubbishDecor0,Decoration,Trash
agfDecorubbishDecor02,Rubbish Decor 02 [ddcdfa](Deco)[-],01530,,plain,rubbishDecor0,Decoration,Trash
agfDecorubbishDecor03,Rubbish Decor 03 [ddcdfa](Deco)[-],01531,,plain,rubbishDecor0,Decoration,Trash
agfDecorubbishDecor04,Rubbish Decor 04 [ddcdfa](Deco)[-],01532,,plain,rubbishDecor0,Decoration,Trash
agfDecorubbishDecor05,Rubbish Decor 05 [ddcdfa](Deco)[-],01533,,plain,rubbishDecor0,Decoration,Trash
agfDecorubbishDecor06,Rubbish Decor 06 [ddcdfa](Deco)[-],01534,,plain,rubbishDecor0,Decoration,Trash
agfDecorubbishDecor08,Rubbish Decor 08 [ddcdfa](Deco)[-],01535,,plain,rubbishDecor0,Decoration,Trash
agfDecorubbishDecor09,Rubbish Decor 09 [ddcdfa](Deco)[-],01536,,plain,rubbishDecor0,Decoration,Trash
agfDecorubbishDecor10,Rubbish Decor 10 [ddcdfa](Deco)[-],01537,,plain,rubbishDecor1,Decoration,Trash
agfDecorubbishDecor11,Rubbish Decor 11 [ddcdfa](Deco)[-],01538,,plain,rubbishDecor1,Decoration,Trash
agfDecorubbishDecor12,Rubbish Decor 12 [ddcdfa](Deco)[-],01539,,plain,rubbishDecor1,Decoration,Trash
agfDecorubbishDecor13,Rubbish Decor 13 [ddcdfa](Deco)[-],01540,,plain,rubbishDecor1,Decoration,Trash
agfDecomodularRopeTiled,Rope [ddcdfa](Deco)[-],01541,,plain,modularRopeTiled,Death,Rope
agfDecomodularRopeTopTied,"Rope, Top Tied [ddcdfa](Deco)[-]",01542,,plain,modularRopeTopTied,Death,Rope
agfDecomodularRopeTiledSideCentered,"Rope, Side, Climbable [ddcdfa](Deco)[-]",01543,,plain,modularRopeTiled,Death,Climbable
agfDecomodularRopeTopTiedSideCentered,"Rope, Side, Top Tied, Climbable [ddcdfa](Deco)[-]",01544,,plain,modularRopeTopTied,Death,Climbable
agfDecomushroomRadiated02,Radiated Mushrooms 02 [ddcdfa](Deco)[-],01545,,plain,mushroom,Flora,Mushroom
agfDecomushroomRadiated04,Radiated Mushrooms 04 [ddcdfa](Deco)[-],01546,,plain,mushroom,Flora,Mushroom
agfDecomushroom01,Mushrooms 01 [ddcdfa](Deco)[-],01547,,plain,mushroom,Flora,Mushroom
agfDecomushroom02,Mushrooms 02 [ddcdfa](Deco)[-],01548,,plain,mushroom,Flora,Mushroom
agfDecoplantedMushroom1,Mushroom Spores (Seed) [ddcdfa](Deco)[-],01549,,plain,crop,Flora,Mushroom
agfDecoplantedMushroom2,Mushrooms (Growing) [ddcdfa](Deco)[-],01550,,plain,crop,Flora,Mushroom
agfDecoplantedMushroom3Harvest,Mushrooms 3 [ddcdfa](Deco)[-],01551,,plain,crop,Flora,Mushroom
agfDecotreeCactus01,Cactus 01 [ddcdfa](Deco)[-],01552,,plain,tree,Flora,Cactus
agfDecotreeCactus02,Cactus 02 [ddcdfa](Deco)[-],01553,,plain,tree,Flora,Cactus
agfDecotreeCactus03,Cactus 03 [ddcdfa](Deco)[-],01554,,plain,tree,Flora,Cactus
agfDecotreeCactus04,Cactus 04 [ddcdfa](Deco)[-],01555,,plain,tree,Flora,Cactus
agfDecotreeCactus05,Cactus 05 [ddcdfa](Deco)[-],01556,,plain,tree,Flora,Cactus
agfDecotreeCactus06,Cactus 06 [ddcdfa](Deco)[-],01557,,plain,tree,Flora,Cactus
agfDecoplantedAloe1,Aloe Vera (Seed) [ddcdfa](Deco)[-],01558,,plain,crop,Flora,Crop
agfDecoplantedAloe2,Aloe Vera (Growing) [ddcdfa](Deco)[-],01559,,plain,crop,Flora,Crop
agfDecoplantedAloe3Harvest,Aloe Vera Plant 3 [ddcdfa](Deco)[-],01560,,plain,crop,Flora,Crop
agfDecoplantedAloeDead,Dead Aloe Plant [ddcdfa](Deco)[-],01561,,plain,crop,Flora,Crop
agfDecoplantedBlueberry1,Blueberry (Seed) [ddcdfa](Deco)[-],01562,,plain,crop,Flora,Crop
agfDecoplantedBlueberry2,Blueberry (Growing) [ddcdfa](Deco)[-],01563,,plain,crop,Flora,Crop
agfDecoplantedBlueberry3Harvest,Blueberry Plant 3 [ddcdfa](Deco)[-],01564,,plain,crop,Flora,Crop
agfDecoplantedBlueberryDead,Dead Blueberry Plant [ddcdfa](Deco)[-],01565,,plain,crop,Flora,Crop
agfDecoplantedChrysanthemum1,Chrysanthemum (Seed) [ddcdfa](Deco)[-],01566,,plain,crop,Flora,Crop
agfDecoplantedChrysanthemum2,Chrysanthemum (Growing) [ddcdfa](Deco)[-],01567,,plain,crop,Flora,Crop
agfDecoplantedChrysanthemum3Harvest,Chrysanthemum 3 [ddcdfa](Deco)[-],01568,,plain,crop,Flora,Crop
agfDecoplantedCoffee1,Coffee (Seed) [ddcdfa](Deco)[-],01569,,plain,crop,Flora,Crop
agfDecoplantedCoffee2,Coffee (Growing) [ddcdfa](Deco)[-],01570,,plain,crop,Flora,Crop
agfDecoplantedCoffee3Harvest,Coffee Plant 3 [ddcdfa](Deco)[-],01571,,plain,crop,Flora,Crop
agfDecoplantedCoffeeDead,Dead Coffee Plant [ddcdfa](Deco)[-],01572,,plain,crop,Flora,Crop
agfDecoplantedCorn1,Corn (Seed) [ddcdfa](Deco)[-],01573,,plain,crop,Flora,Crop
agfDecoplantedCorn2,Corn (Growing) [ddcdfa](Deco)[-],01574,,plain,crop,Flora,Crop
agfDecoplantedCorn3Harvest,Corn Plant 3 [ddcdfa](Deco)[-],01575,,plain,crop,Flora,Crop
agfDecoplantedCornDead,Dead Corn Large [ddcdfa](Deco)[-],01576,,plain,crop,Flora,Crop
agfDecoplantedCornDeadMedium,Dead Corn Medium [ddcdfa](Deco)[-],01577,,plain,crop,Flora,Crop
agfDecoplantedCornDeadSmall,Dead Corn Small [ddcdfa](Deco)[-],01578,,plain,crop,Flora,Crop
agfDecoplantedCotton1,Cotton (Seed) [ddcdfa](Deco)[-],01579,,plain,crop,Flora,Crop
agfDecoplantedCotton2,Cotton (Growing) [ddcdfa](Deco)[-],01580,,plain,crop,Flora,Crop
agfDecoplantedCotton3Harvest,Cotton 3 [ddcdfa](Deco)[-],01581,,plain,crop,Flora,Crop
agfDecoplantedCottonDead,Dead Cotton Plant [ddcdfa](Deco)[-],01582,,plain,crop,Flora,Crop
agfDecoplantedGoldenrod1,Goldenrod (Seed) [ddcdfa](Deco)[-],01583,,plain,crop,Flora,Crop
agfDecoplantedGoldenrod2,Goldenrod (Growing) [ddcdfa](Deco)[-],01584,,plain,crop,Flora,Crop
agfDecoplantedGoldenrod3Harvest,Goldenrod Flower 3 [ddcdfa](Deco)[-],01585,,plain,crop,Flora,Crop
agfDecoplantedGraceCorn1,Super Corn (Seed) [ddcdfa](Deco)[-],01586,,plain,crop,Flora,Crop
agfDecoplantedGraceCorn2,Super Corn (Growing) [ddcdfa](Deco)[-],01587,,plain,crop,Flora,Crop
agfDecoplantedGraceCorn3Harvest,Super Corn 3 [ddcdfa](Deco)[-],01588,,plain,crop,Flora,Crop
agfDecoplantedHop1,Hop (Seed) [ddcdfa](Deco)[-],01589,,plain,crop,Flora,Crop
agfDecoplantedHop2,Hop (Growing) [ddcdfa](Deco)[-],01590,,plain,crop,Flora,Crop
agfDecoplantedHop3Harvest,Hop Plant 3 [ddcdfa](Deco)[-],01591,,plain,crop,Flora,Crop
agfDecoplantedHopDead,Dead Hop Plant [ddcdfa](Deco)[-],01592,,plain,crop,Flora,Crop
agfDecoplantedPotato1,Potato (Seed) [ddcdfa](Deco)[-],01593,,plain,crop,Flora,Crop
agfDecoplantedPotato2,Potato (Growing) [ddcdfa](Deco)[-],01594,,plain,crop,Flora,Crop
agfDecoplantedPotato3Harvest,Potato Plant 3 [ddcdfa](Deco)[-],01595,,plain,crop,Flora,Crop
agfDecoplantedPotatoDead,Dead Potato Plant [ddcdfa](Deco)[-],01596,,plain,crop,Flora,Crop
agfDecoplantedPumpkin1,Pumpkin (Seed) [ddcdfa](Deco)[-],01597,,plain,crop,Flora,Crop
agfDecoplantedPumpkin2,Pumpkin (Growing) [ddcdfa](Deco)[-],01598,,plain,crop,Flora,Crop
agfDecoplantedPumpkin3Harvest,Pumpkin Plant 3 [ddcdfa](Deco)[-],01599,,plain,crop,Flora,Crop
agfDecoplantedSnowberry1,Snowberry (Seed) [ddcdfa](Deco)[-],01600,,plain,crop,Flora,Crop
agfDecoplantedSnowberry2,Snowberry (Growing) [ddcdfa](Deco)[-],01601,,plain,crop,Flora,Crop
agfDecoplantedYucca1,Yucca (Seed) [ddcdfa](Deco)[-],01602,,plain,crop,Flora,Crop
agfDecoplantedYucca2,Yucca (Growing) [ddcdfa](Deco)[-],01603,,plain,crop,Flora,Crop
agfDecoplantedYucca3Harvest,Yucca Plant 3 [ddcdfa](Deco)[-],01604,,plain,crop,Flora,Crop
agfDecoplantedYuccaDead,Dead Yucca [ddcdfa](Deco)[-],01605,,plain,crop,Flora,Crop
agfDecoplantedSnowberry3Harvest,Snowberry Plant 3 [ddcdfa](Deco)[-],01606,,plain,crop,Flora,Crop
agfDecoforestFlower,Forest Flower [ddcdfa](Deco)[-],01607,,plain,forestFlower,Flora,Flower
agfDecotreeBrownGrassDiagonal,"Tree Brown Grass Diagonal, Brown [ddcdfa](Deco)[-]",01608,,plain,tree,Flora,Grass
agfDecotreeGreenBrownGrassDiagonal,"Tree Green Brown Grass Diagonal, Brown [ddcdfa](Deco)[-]",01609,,plain,tree,Flora,Grass
agfDecotreeForestGrassDiagonal,Forest Grass Diagonal [ddcdfa](Deco)[-],01610,,plain,tree,Flora,Grass
agfDecotreeShortGrass,Tree Grass [ddcdfa](Deco)[-],01611,,plain,tree,Flora,Grass
agfDecotreeTallGrassDiagonal,Tree Grass Diagonal [ddcdfa](Deco)[-],01612,,plain,tree,Flora,Grass
agfDecoplantAloePottedCornerBlue,"Potted Plant 01, Corner, Blue [ddcdfa](Deco)[-]",01613,,plain,plantAloePottedCorner,Flora,Corner
agfDecoplantAloePottedCornerBrown,"Potted Plant 01, Corner, Brown [ddcdfa](Deco)[-]",01614,,plain,plantAloePottedCorner,Flora,Corner
agfDecoplantAloePottedCornerGreen,"Potted Plant 01, Corner, Green [ddcdfa](Deco)[-]",01615,,plain,plantAloePottedCorner,Flora,Corner
agfDecoplantAloePottedCornerGrey,"Potted Plant 01, Corner, Grey [ddcdfa](Deco)[-]",01616,,plain,plantAloePottedCorner,Flora,Corner
agfDecoplantAloePottedCornerOrange,"Potted Plant 01, Corner, Orange [ddcdfa](Deco)[-]",01617,,plain,plantAloePottedCorner,Flora,Corner
agfDecoplantAloePottedCornerPink,"Potted Plant 01, Corner, Pink [ddcdfa](Deco)[-]",01618,,plain,plantAloePottedCorner,Flora,Corner
agfDecoplantAloePottedCornerPurple,"Potted Plant 01, Corner, Purple [ddcdfa](Deco)[-]",01619,,plain,plantAloePottedCorner,Flora,Corner
agfDecoplantAloePottedCornerRed,"Potted Plant 01, Corner, Red [ddcdfa](Deco)[-]",01620,,plain,plantAloePottedCorner,Flora,Corner
agfDecoplantAloePottedCornerWhite,"Potted Plant 01, Corner, White [ddcdfa](Deco)[-]",01621,,plain,plantAloePottedCorner,Flora,Corner
agfDecoplantAloePottedCornerYellow,"Potted Plant 01, Corner, Yellow [ddcdfa](Deco)[-]",01622,,plain,plantAloePottedCorner,Flora,Corner
agfDecoplantFernHangingBlack,"Hanging Fern, Black [ddcdfa](Deco)[-]",01623,,plain,fern,Flora,Hanging
agfDecoplantFernHangingBlue,"Hanging Fern, Blue [ddcdfa](Deco)[-]",01624,,plain,fern,Flora,Hanging
agfDecoplantFernHangingBrown,"Hanging Fern, Brown [ddcdfa](Deco)[-]",01625,,plain,fern,Flora,Hanging
agfDecoplantFernHangingGreen,"Hanging Fern, Green [ddcdfa](Deco)[-]",01626,,plain,fern,Flora,Hanging
agfDecoplantFernHangingGrey,"Hanging Fern, Grey [ddcdfa](Deco)[-]",01627,,plain,fern,Flora,Hanging
agfDecoplantFernHangingOrange,"Hanging Fern, Orange [ddcdfa](Deco)[-]",01628,,plain,fern,Flora,Hanging
agfDecoplantFernHangingPink,"Hanging Fern, Pink [ddcdfa](Deco)[-]",01629,,plain,fern,Flora,Hanging
agfDecoplantFernHangingPurple,"Hanging Fern, Purple [ddcdfa](Deco)[-]",01630,,plain,fern,Flora,Hanging
agfDecoplantFernHangingRed,"Hanging Fern, Red [ddcdfa](Deco)[-]",01631,,plain,fern,Flora,Hanging
agfDecoplantFernHangingWhite,"Hanging Fern, White [ddcdfa](Deco)[-]",01632,,plain,fern,Flora,Hanging
agfDecoplantFernHangingYellow,"Hanging Fern, Yellow [ddcdfa](Deco)[-]",01633,,plain,fern,Flora,Hanging
agfDecoplantHangingIvy01,Hanging Ivy 01 [ddcdfa](Deco)[-],01634,,plain,plantHangingIvy0,Flora,Hanging
agfDecoplantHangingIvy02,Hanging Ivy 02 [ddcdfa](Deco)[-],01635,,plain,plantHangingIvy0,Flora,Hanging
agfDecoplantHousePottedCornerBlack,"Potted Plant 02, Corner, Black [ddcdfa](Deco)[-]",01636,,plain,plantHousePottedCorner,Flora,House
agfDecoplantHousePottedCornerBlue,"Potted Plant 02, Corner, Blue [ddcdfa](Deco)[-]",01637,,plain,plantHousePottedCorner,Flora,House
agfDecoplantHousePottedCornerBrown,"Potted Plant 02, Corner, Brown [ddcdfa](Deco)[-]",01638,,plain,plantHousePottedCorner,Flora,House
agfDecoplantHousePottedCornerGreen,"Potted Plant 02, Corner, Green [ddcdfa](Deco)[-]",01639,,plain,plantHousePottedCorner,Flora,House
agfDecoplantHousePottedCornerGrey,"Potted Plant 02, Corner, Grey [ddcdfa](Deco)[-]",01640,,plain,plantHousePottedCorner,Flora,House
agfDecoplantHousePottedCornerOrange,"Potted Plant 02, Corner, Orange [ddcdfa](Deco)[-]",01641,,plain,plantHousePottedCorner,Flora,House
agfDecoplantHousePottedCornerPink,"Potted Plant 02, Corner, Pink [ddcdfa](Deco)[-]",01642,,plain,plantHousePottedCorner,Flora,House
agfDecoplantHousePottedCornerPurple,"Potted Plant 02, Corner, Purple [ddcdfa](Deco)[-]",01643,,plain,plantHousePottedCorner,Flora,House
agfDecoplantHousePottedCornerRed,"Potted Plant 02, Corner, Red [ddcdfa](Deco)[-]",01644,,plain,plantHousePottedCorner,Flora,House
agfDecoplantHousePottedCornerWhite,"Potted Plant 02, Corner, White [ddcdfa](Deco)[-]",01645,,plain,plantHousePottedCorner,Flora,House
agfDecoplantHousePottedCornerYellow,"Potted Plant 02, Corner, Yellow [ddcdfa](Deco)[-]",01646,,plain,plantHousePottedCorner,Flora,House
agfDecoplantHouseTallPottedBlack,"Potted Plant 01, Black [ddcdfa](Deco)[-]",01647,,plain,plantHouseTallPotted,Flora,House
agfDecoplantHouseTallPottedBlue,"Potted Plant 01, Blue [ddcdfa](Deco)[-]",01648,,plain,plantHouseTallPotted,Flora,House
agfDecoplantHouseTallPottedBrown,"Potted Plant 01, Brown [ddcdfa](Deco)[-]",01649,,plain,plantHouseTallPotted,Flora,House
agfDecoplantHouseTallPottedGreen,"Potted Plant 01, Green [ddcdfa](Deco)[-]",01650,,plain,plantHouseTallPotted,Flora,House
agfDecoplantHouseTallPottedGrey,"Potted Plant 01, Grey [ddcdfa](Deco)[-]",01651,,plain,plantHouseTallPotted,Flora,House
agfDecoplantHouseTallPottedOrange,"Potted Plant 01, Orange [ddcdfa](Deco)[-]",01652,,plain,plantHouseTallPotted,Flora,House
agfDecoplantHouseTallPottedPink,"Potted Plant 01, Pink [ddcdfa](Deco)[-]",01653,,plain,plantHouseTallPotted,Flora,House
agfDecoplantHouseTallPottedPurple,"Potted Plant 01, Purple [ddcdfa](Deco)[-]",01654,,plain,plantHouseTallPotted,Flora,House
agfDecoplantHouseTallPottedRed,"Potted Plant 01, Red [ddcdfa](Deco)[-]",01655,,plain,plantHouseTallPotted,Flora,House
agfDecoplantHouseTallPottedWhite,"Potted Plant 01, White [ddcdfa](Deco)[-]",01656,,plain,plantHouseTallPotted,Flora,House
agfDecoplantHouseTallPottedYellow,"Potted Plant 01, Yellow [ddcdfa](Deco)[-]",01657,,plain,plantHouseTallPotted,Flora,House
agfDecoplantHousePottedBlack,"Potted Plant 02, Black [ddcdfa](Deco)[-]",01658,,plain,plantHousePotted,Flora,House
agfDecoplantHousePottedBlue,"Potted Plant 02, Blue [ddcdfa](Deco)[-]",01659,,plain,plantHousePotted,Flora,House
agfDecoplantHousePottedBrown,"Potted Plant 02, Brown [ddcdfa](Deco)[-]",01660,,plain,plantHousePotted,Flora,House
agfDecoplantHousePottedGreen,"Potted Plant 02, Green [ddcdfa](Deco)[-]",01661,,plain,plantHousePotted,Flora,House
agfDecoplantHousePottedGrey,"Potted Plant 02, Grey [ddcdfa](Deco)[-]",01662,,plain,plantHousePotted,Flora,House
agfDecoplantHousePottedOrange,"Potted Plant 02, Orange [ddcdfa](Deco)[-]",01663,,plain,plantHousePotted,Flora,House
agfDecoplantHousePottedPink,"Potted Plant 02, Pink [ddcdfa](Deco)[-]",01664,,plain,plantHousePotted,Flora,House
agfDecoplantHousePottedPurple,"Potted Plant 02, Purple [ddcdfa](Deco)[-]",01665,,plain,plantHousePotted,Flora,House
agfDecoplantHousePottedRed,"Potted Plant 02, Red [ddcdfa](Deco)[-]",01666,,plain,plantHousePotted,Flora,House
agfDecoplantHousePottedWhite,"Potted Plant 02, White [ddcdfa](Deco)[-]",01667,,plain,plantHousePotted,Flora,House
agfDecoplantHousePottedYellow,"Potted Plant 02, Yellow [ddcdfa](Deco)[-]",01668,,plain,plantHousePotted,Flora,House
agfDecoplantAloePottedBlue,"Potted Plant 01, Blue [ddcdfa](Deco)[-]",01669,,plain,plantAloePotted,Flora,Potted
agfDecoplantAloePottedBrown,"Potted Plant 01, Brown [ddcdfa](Deco)[-]",01670,,plain,plantAloePotted,Flora,Potted
agfDecoplantAloePottedGreen,"Potted Plant 01, Green [ddcdfa](Deco)[-]",01671,,plain,plantAloePotted,Flora,Potted
agfDecoplantAloePottedGrey,"Potted Plant 01, Grey [ddcdfa](Deco)[-]",01672,,plain,plantAloePotted,Flora,Potted
agfDecoplantAloePottedOrange,"Potted Plant 01, Orange [ddcdfa](Deco)[-]",01673,,plain,plantAloePotted,Flora,Potted
agfDecoplantAloePottedPink,"Potted Plant 01, Pink [ddcdfa](Deco)[-]",01674,,plain,plantAloePotted,Flora,Potted
agfDecoplantAloePottedPurple,"Potted Plant 01, Purple [ddcdfa](Deco)[-]",01675,,plain,plantAloePotted,Flora,Potted
agfDecoplantAloePottedRed,"Potted Plant 01, Red [ddcdfa](Deco)[-]",01676,,plain,plantAloePotted,Flora,Potted
agfDecoplantAloePottedWhite,"Potted Plant 01, White [ddcdfa](Deco)[-]",01677,,plain,plantAloePotted,Flora,Potted
agfDecoplantAloePottedYellow,"Potted Plant 01, Yellow [ddcdfa](Deco)[-]",01678,,plain,plantAloePotted,Flora,Potted
agfDecoplantCherryBlossomBlack,"Cherry Blossom, Black [ddcdfa](Deco)[-]",01679,,plain,plantCherryBlossom,Flora,Potted
agfDecoplantCherryBlossomBlue,"Cherry Blossom, Blue [ddcdfa](Deco)[-]",01680,,plain,plantCherryBlossom,Flora,Potted
agfDecoplantCherryBlossomBrown,"Cherry Blossom, Brown [ddcdfa](Deco)[-]",01681,,plain,plantCherryBlossom,Flora,Potted
agfDecoplantCherryBlossomGreen,"Cherry Blossom, Green [ddcdfa](Deco)[-]",01682,,plain,plantCherryBlossom,Flora,Potted
agfDecoplantCherryBlossomGrey,"Cherry Blossom, Grey [ddcdfa](Deco)[-]",01683,,plain,plantCherryBlossom,Flora,Potted
agfDecoplantCherryBlossomOrange,"Cherry Blossom, Orange [ddcdfa](Deco)[-]",01684,,plain,plantCherryBlossom,Flora,Potted
agfDecoplantCherryBlossomPink,"Cherry Blossom, Pink [ddcdfa](Deco)[-]",01685,,plain,plantCherryBlossom,Flora,Potted
agfDecoplantCherryBlossomPurple,"Cherry Blossom, Purple [ddcdfa](Deco)[-]",01686,,plain,plantCherryBlossom,Flora,Potted
agfDecoplantCherryBlossomRed,"Cherry Blossom, Red [ddcdfa](Deco)[-]",01687,,plain,plantCherryBlossom,Flora,Potted
agfDecoplantCherryBlossomWhite,"Cherry Blossom, White [ddcdfa](Deco)[-]",01688,,plain,plantCherryBlossom,Flora,Potted
agfDecoplantCherryBlossomYellow,"Cherry Blossom, Yellow [ddcdfa](Deco)[-]",01689,,plain,plantCherryBlossom,Flora,Potted
agfDecotreePineBurntFullMed,Tree Burnt Pine 03 [ddcdfa](Deco)[-],01690,,plain,tree,Flora,Pineburnt
agfDecotreePineBurntMed,Tree Burnt Pine 02 [ddcdfa](Deco)[-],01691,,plain,tree,Flora,Pineburnt
agfDecotreePineBurntLrg,Tree Burnt Pine 01 [ddcdfa](Deco)[-],01692,,plain,tree,Flora,Pineburnt
agfDecotreeBurntMaple01,Tree Burnt Maple 01 [ddcdfa](Deco)[-],01693,,plain,tree,Flora,Tree
agfDecotreeBurntMaple02,Tree Burnt Maple 02 [ddcdfa](Deco)[-],01694,,plain,tree,Flora,Tree
agfDecotreeBurntMaple03,Tree Burnt Maple 03 [ddcdfa](Deco)[-],01695,,plain,tree,Flora,Tree
agfDecotreeDeadPineLeaf,Tree Dead Pine Leaf [ddcdfa](Deco)[-],01696,,plain,tree,Flora,Tree
agfDecotreeDeadTree01,Tree Dead Tree 01 [ddcdfa](Deco)[-],01697,,plain,tree,Flora,Tree
agfDecotreeDeadTree02,Tree Dead Tree 02 [ddcdfa](Deco)[-],01698,,plain,tree,Flora,Tree
agfDecotreeDesertShrub,Tree Desert Shrub [ddcdfa](Deco)[-],01699,,plain,tree,Flora,Tree
agfDecotreeFirLrg01,Tree Fir Large 01 [ddcdfa](Deco)[-],01700,,plain,tree,Flora,Tree
agfDecotreeJuniper4m,"Tree Juniper, 4m [ddcdfa](Deco)[-]",01701,,plain,tree,Flora,Tree
agfDecotreeMountainPine12m,"Tree Mountain Pine, 12m [ddcdfa](Deco)[-]",01702,,plain,tree,Flora,Tree
agfDecotreeMountainPine19m,"Tree Mountain Pine, 19m [ddcdfa](Deco)[-]",01703,,plain,tree,Flora,Tree
agfDecotreeMountainPine27m,"Tree Mountain Pine, 27m [ddcdfa](Deco)[-]",01704,,plain,tree,Flora,Tree
agfDecotreeMountainPine31m,"Tree Mountain Pine, 31m [ddcdfa](Deco)[-]",01705,,plain,tree,Flora,Tree
agfDecotreeMountainPine41m,"Tree Mountain Pine, 41m [ddcdfa](Deco)[-]",01706,,plain,tree,Flora,Tree
agfDecotreeMountainPine48m,"Tree Mountain Pine, 48m [ddcdfa](Deco)[-]",01707,,plain,tree,Flora,Tree
agfDecotreeMountainPineDry21m,"Tree Mountain Pine Dry, 21m [ddcdfa](Deco)[-]",01708,,plain,tree,Flora,Tree
agfDecotreeOakLrg01,Tree Oak Large 01 [ddcdfa](Deco)[-],01709,,plain,tree,Flora,Tree
agfDecotreeOakMed01,Tree Oak Medium 01 [ddcdfa](Deco)[-],01710,,plain,tree,Flora,Tree
agfDecotreeOakMed02,Tree Oak Medium 02 [ddcdfa](Deco)[-],01711,,plain,tree,Flora,Tree
agfDecotreeOakSml01,Tree Oak Small 01 [ddcdfa](Deco)[-],01712,,plain,tree,Flora,Tree
agfDecotreePlainsTree,Tree Plains Tree [ddcdfa](Deco)[-],01713,,plain,tree,Flora,Tree
agfDecotreePlainsTree2,Tree Plains Tree 2 [ddcdfa](Deco)[-],01714,,plain,tree,Flora,Tree
agfDecotreeStump,Tree Stump [ddcdfa](Deco)[-],01715,,plain,tree,Flora,Tree
agfDecotreeWinterEverGreen,"Tree Winter Evergreen, Green [ddcdfa](Deco)[-]",01716,,plain,tree,Flora,Tree
agfDecotreeWinterPine13m,"Tree Winter Pine, 13m [ddcdfa](Deco)[-]",01717,,plain,tree,Flora,Tree
agfDecotreeWinterPine19m,"Tree Winter Pine, 19m [ddcdfa](Deco)[-]",01718,,plain,tree,Flora,Tree
agfDecotreeWinterPine28m,"Tree Winter Pine, 28m [ddcdfa](Deco)[-]",01719,,plain,tree,Flora,Tree
agfDecotreePlantedOak27m,"Tree Planted Oak, 27m [ddcdfa](Deco)[-]",01720,,plain,tree,Flora,Tree
agfDecotreePlantedOak41m,"Tree Planted Oak, 41m [ddcdfa](Deco)[-]",01721,,plain,tree,Flora,Tree
agfDecoplantHedge,Hedge [ddcdfa](Deco)[-],01722,,plain,plantHedge,Flora,General
agfDecoplantHedgeDead,Hedge Dead [ddcdfa](Deco)[-],01723,,plain,plantHedge,Flora,General
agfDecoplantHedgeSnow,Hedge Snow Covered [ddcdfa](Deco)[-],01724,,plain,plantHedge,Flora,General
agfDecoplantShrub,Shrub [ddcdfa](Deco)[-],01725,,plain,plantShrub,Flora,General
agfDecoplantShrubDead,Shrub Dead [ddcdfa](Deco)[-],01726,,plain,plantShrub,Flora,General
agfDecoplantShrubSnow,Shrub Snow Covered [ddcdfa](Deco)[-],01727,,plain,plantShrub,Flora,General
agfDecotreeAzalea,Azalea [ddcdfa](Deco)[-],01728,,plain,tree,Flora,General
agfDecotreePlant02,Potted Plant [ddcdfa](Deco)[-],01729,,plain,tree,Flora,General
agfDecotreeSnowyDeadBush,Tree Snowy Dead Bush [ddcdfa](Deco)[-],01730,,plain,tree,Flora,General
agfDecotreeSnowyGrassDiagonal,Tree Snowy Grass Diagonal [ddcdfa](Deco)[-],01731,,plain,tree,Flora,General
agfDecoplantFernBlack,"Fern, Black [ddcdfa](Deco)[-]",01732,,plain,fern,Potted,General
agfDecoplantFernBlue,"Fern, Blue [ddcdfa](Deco)[-]",01733,,plain,fern,Potted,General
agfDecoplantFernBrown,"Fern, Brown [ddcdfa](Deco)[-]",01734,,plain,fern,Potted,General
agfDecoplantFernGreen,"Fern, Green [ddcdfa](Deco)[-]",01735,,plain,fern,Potted,General
agfDecoplantFernGrey,"Fern, Grey [ddcdfa](Deco)[-]",01736,,plain,fern,Potted,General
agfDecoplantFernOrange,"Fern, Orange [ddcdfa](Deco)[-]",01737,,plain,fern,Potted,General
agfDecoplantFernPink,"Fern, Pink [ddcdfa](Deco)[-]",01738,,plain,fern,Potted,General
agfDecoplantFernPurple,"Fern, Purple [ddcdfa](Deco)[-]",01739,,plain,fern,Potted,General
agfDecoplantFernRed,"Fern, Red [ddcdfa](Deco)[-]",01740,,plain,fern,Potted,General
agfDecoplantFernWhite,"Fern, White [ddcdfa](Deco)[-]",01741,,plain,fern,Potted,General
agfDecoplantFernYellow,"Fern, Yellow [ddcdfa](Deco)[-]",01742,,plain,fern,Potted,General
agfDecotreeBurntMaple04,Tree Burnt Maple 04 [ddcdfa](Deco)[-],01743,,plain,tree,Tree,General
agfDecotreeWinterEverGreenLarge,"Tree Winter Evergreen Large, Green [ddcdfa](Deco)[-]",01744,,plain,tree,Tree,General
agfDecoplanter,Planter [ddcdfa](Deco)[-],01745,,plain,planter,Flora,General
agfDecoplantHydroponicAloe,Hydroponic Horizontal [e6dca5](Electric)[-],01746,,plain,plantHydroponic,Flora,Potted
agfDecoplantHydroponicVertical,Hydroponic Vertical [e6dca5](Electric)[-],01747,,plain,plantHydroponic,Flora,Potted
agfDecosignMisc4Lease,Sign: For Lease [ddcdfa](Deco)[-],01748,,plain,sign,Sign,Title
agfDecosignMisc4Sale,Sign: For Sale [ddcdfa](Deco)[-],01749,,plain,sign,Sign,Title
agfDecosignMisc4SaleSold,Sign: For Sale: SOLD [ddcdfa](Deco)[-],01750,,plain,sign,Sign,Title
agfDecosignMiscAdministration,Sign: Administration [ddcdfa](Deco)[-],01751,,plain,sign,Sign,Title
agfDecosignMiscBewareOfDog,Sign: Beware of Dog [ddcdfa](Deco)[-],01752,,plain,sign,Sign,Title
agfDecosignMiscDangerHazard,Sign: Danger Hazard [ddcdfa](Deco)[-],01753,,plain,sign,Sign,Title
agfDecosignMiscDoNotEnter,Sign: Do Not Enter [ddcdfa](Deco)[-],01754,,plain,sign,Sign,Title
agfDecosignMiscPrivate,Sign: Private [ddcdfa](Deco)[-],01755,,plain,sign,Sign,Title
agfDecosignMiscQuarantineArea,Sign: Quarantine Area [ddcdfa](Deco)[-],01756,,plain,sign,Sign,Title
agfDecosignMiscQuarantineTape,Sign: Quarantine Tape [ddcdfa](Deco)[-],01757,,plain,sign,Sign,Title
agfDecosignMiscRestrictedArea,Sign: Restricted Area [ddcdfa](Deco)[-],01758,,plain,sign,Sign,Title
agfDecosignMiscSmile,Sign: Smile [ddcdfa](Deco)[-],01759,,plain,sign,Sign,Title
agfDecosignMiscSurveilledArea,Sign: Surveilled Area [ddcdfa](Deco)[-],01760,,plain,sign,Sign,Title
agfDecosignMiscWarningQuarantine,Sign: Warning Quarantine [ddcdfa](Deco)[-],01761,,plain,sign,Sign,Title
agfDecosignPassNGasHanging,"Pass-n-Gas Sign, Wall 01 [ddcdfa](Deco)[-]",01762,,plain,sign,Sign,Title
agfDecosignPassNGasHanging2,"Pass-n-Gas Sign, Wall 02 [ddcdfa](Deco)[-]",01763,,plain,sign,Sign,Title
agfDecosignShopGas,Sign Shop Gas [ddcdfa](Deco)[-],01764,,plain,sign,Sign,Title
agfDecosignShopGasLarge,Sign Shop Gas Large [ddcdfa](Deco)[-],01765,,plain,sign,Sign,Title
agfDecosignShopGasLargeLit,Sign Shop Gas Large Lit [ddcdfa](Deco)[-],01766,,plain,sign,Sign,Title
agfDecosignShopGasLargeWall,Sign Shop Gas Large Wall [ddcdfa](Deco)[-],01767,,plain,sign,Sign,Title
agfDecosignShopGasLargeWallLit,Sign Shop Gas Large Wall Lit [ddcdfa](Deco)[-],01768,,plain,sign,Sign,Title
agfDecosignShopGasLit,Sign Shop Gas Lit [ddcdfa](Deco)[-],01769,,plain,sign,Sign,Title
agfDecosignShopGasWall,Sign Shop Gas Wall [ddcdfa](Deco)[-],01770,,plain,sign,Sign,Title
agfDecosignShopGasWallLit,Sign Shop Gas Wall Lit [ddcdfa](Deco)[-],01771,,plain,sign,Sign,Title
agfDecosignShopBookStore,Sign Shop Bookstore [ddcdfa](Deco)[-],01772,,plain,sign,Sign,Title
agfDecosignShopBookStoreLarge,Sign Shop Bookstore Large [ddcdfa](Deco)[-],01773,,plain,sign,Sign,Title
agfDecosignShopBookStoreLargeLit,Sign Shop Bookstore Large Lit [ddcdfa](Deco)[-],01774,,plain,sign,Sign,Title
agfDecosignShopBookStoreLargeWall,Sign Shop Bookstore Large Wall [ddcdfa](Deco)[-],01775,,plain,sign,Sign,Title
agfDecosignShopBookStoreLargeWallLit,Sign Shop Bookstore Large Wall Lit [ddcdfa](Deco)[-],01776,,plain,sign,Sign,Title
agfDecosignShopBookStoreLit,Sign Shop Bookstore Lit [ddcdfa](Deco)[-],01777,,plain,sign,Sign,Title
agfDecosignShopBookStoreWall,Sign Shop Bookstore Wall [ddcdfa](Deco)[-],01778,,plain,sign,Sign,Title
agfDecosignShopBookStoreWallLit,Sign Shop Bookstore Wall Lit [ddcdfa](Deco)[-],01779,,plain,sign,Sign,Title
agfDecosignShopGrocery,Sign Shop Grocery [ddcdfa](Deco)[-],01780,,plain,sign,Sign,Title
agfDecosignShopGroceryLarge,Sign Shop Grocery Large [ddcdfa](Deco)[-],01781,,plain,sign,Sign,Title
agfDecosignShopGroceryLargeLit,Sign Shop Grocery Large Lit [ddcdfa](Deco)[-],01782,,plain,sign,Sign,Title
agfDecosignShopGroceryLargeWall,Sign Shop Grocery Large Wall [ddcdfa](Deco)[-],01783,,plain,sign,Sign,Title
agfDecosignShopGroceryLargeWallLit,Sign Shop Grocery Large Wall Lit [ddcdfa](Deco)[-],01784,,plain,sign,Sign,Title
agfDecosignShopGroceryLit,Sign Shop Grocery Lit [ddcdfa](Deco)[-],01785,,plain,sign,Sign,Title
agfDecosignShopGroceryWall,Sign Shop Grocery Wall [ddcdfa](Deco)[-],01786,,plain,sign,Sign,Title
agfDecosignShopGroceryWallLit,Sign Shop Grocery Wall Lit [ddcdfa](Deco)[-],01787,,plain,sign,Sign,Title
agfDecosignShopGunStore,Sign Shop Gun Store [ddcdfa](Deco)[-],01788,,plain,sign,Sign,Title
agfDecosignShopGunStoreLarge,Sign Shop Gun Store Large [ddcdfa](Deco)[-],01789,,plain,sign,Sign,Title
agfDecosignShopGunStoreLargeLit,Sign Shop Gun Store Large Lit [ddcdfa](Deco)[-],01790,,plain,sign,Sign,Title
agfDecosignShopGunStoreLargeWall,Sign Shop Gun Store Large Wall [ddcdfa](Deco)[-],01791,,plain,sign,Sign,Title
agfDecosignShopGunStoreLargeWallLit,Sign Shop Gun Store Large Wall Lit [ddcdfa](Deco)[-],01792,,plain,sign,Sign,Title
agfDecosignShopGunStoreLit,Sign Shop Gun Store Lit [ddcdfa](Deco)[-],01793,,plain,sign,Sign,Title
agfDecosignShopGunStoreWall,Sign Shop Gun Store Wall [ddcdfa](Deco)[-],01794,,plain,sign,Sign,Title
agfDecosignShopGunStoreWallLit,Sign Shop Gun Store Wall Lit [ddcdfa](Deco)[-],01795,,plain,sign,Sign,Title
agfDecosignShopMoPowerElectronics,Sign Shop Mo Power Electronics [ddcdfa](Deco)[-],01796,,plain,sign,Sign,Title
agfDecosignShopMoPowerElectronicsLarge,Sign Shop Mo Power Electronics Large [ddcdfa](Deco)[-],01797,,plain,sign,Sign,Title
agfDecosignShopMoPowerElectronicsLargeLit,Sign Shop Mo Power Electronics Large Lit [ddcdfa](Deco)[-],01798,,plain,sign,Sign,Title
agfDecosignShopMoPowerElectronicsLargeWall,Sign Shop Mo Power Electronics Large Wall [ddcdfa](Deco)[-],01799,,plain,sign,Sign,Title
agfDecosignShopMoPowerElectronicsLargeWallLit,Sign Shop Mo Power Electronics Large Wall Lit [ddcdfa](Deco)[-],01800,,plain,sign,Sign,Title
agfDecosignShopMoPowerElectronicsLit,Sign Shop Mo Power Electronics Lit [ddcdfa](Deco)[-],01801,,plain,sign,Sign,Title
agfDecosignShopMoPowerElectronicsWall,Sign Shop Mo Power Electronics Wall [ddcdfa](Deco)[-],01802,,plain,sign,Sign,Title
agfDecosignShopMoPowerElectronicsWallLit,Sign Shop Mo Power Electronics Wall Lit [ddcdfa](Deco)[-],01803,,plain,sign,Sign,Title
agfDecosignShopPharmacy,Sign Shop Pharmacy [ddcdfa](Deco)[-],01804,,plain,sign,Sign,Title
agfDecosignShopPharmacyLarge,Sign Shop Pharmacy Large [ddcdfa](Deco)[-],01805,,plain,sign,Sign,Title
agfDecosignShopPharmacyLargeLit,Sign Shop Pharmacy Large Lit [ddcdfa](Deco)[-],01806,,plain,sign,Sign,Title
agfDecosignShopPharmacyLargeWall,Sign Shop Pharmacy Large Wall [ddcdfa](Deco)[-],01807,,plain,sign,Sign,Title
agfDecosignShopPharmacyLargeWallLit,Sign Shop Pharmacy Large Wall Lit [ddcdfa](Deco)[-],01808,,plain,sign,Sign,Title
agfDecosignShopPharmacyLit,Sign Shop Pharmacy Lit [ddcdfa](Deco)[-],01809,,plain,sign,Sign,Title
agfDecosignShopPharmacyWall,Sign Shop Pharmacy Wall [ddcdfa](Deco)[-],01810,,plain,sign,Sign,Title
agfDecosignShopPharmacyWallLit,Sign Shop Pharmacy Wall Lit [ddcdfa](Deco)[-],01811,,plain,sign,Sign,Title
agfDecosignShopPostOfficeSign,Sign Shop Post Office Sign [ddcdfa](Deco)[-],01812,,plain,sign,Sign,Title
agfDecosignShopPostOfficeSignLarge,Sign Shop Post Office Sign Large [ddcdfa](Deco)[-],01813,,plain,sign,Sign,Title
agfDecosignShopPostOfficeSignLargeLit,Sign Shop Post Office Sign Large Lit [ddcdfa](Deco)[-],01814,,plain,sign,Sign,Title
agfDecosignShopPostOfficeSignLargeWall,Sign Shop Post Office Sign Large Wall [ddcdfa](Deco)[-],01815,,plain,sign,Sign,Title
agfDecosignShopPostOfficeSignLargeWallLit,Sign Shop Post Office Sign Large Wall Lit [ddcdfa](Deco)[-],01816,,plain,sign,Sign,Title
agfDecosignShopPostOfficeSignLit,Sign Shop Post Office Sign Lit [ddcdfa](Deco)[-],01817,,plain,sign,Sign,Title
agfDecosignShopPostOfficeSignWall,Sign Shop Post Office Sign Wall [ddcdfa](Deco)[-],01818,,plain,sign,Sign,Title
agfDecosignShopPostOfficeSignWallLit,Sign Shop Post Office Wall Lit [ddcdfa](Deco)[-],01819,,plain,sign,Sign,Title
agfDecosignShopSavageCountry,Sign Shop Savage Country [ddcdfa](Deco)[-],01820,,plain,sign,Sign,Title
agfDecosignShopSavageCountryLarge,Sign Shop Savage Country Large [ddcdfa](Deco)[-],01821,,plain,sign,Sign,Title
agfDecosignShopSavageCountryLargeLit,Sign Shop Savage Country Large Lit [ddcdfa](Deco)[-],01822,,plain,sign,Sign,Title
agfDecosignShopSavageCountryLargeWall,Sign Shop Savage Country Large Wall [ddcdfa](Deco)[-],01823,,plain,sign,Sign,Title
agfDecosignShopSavageCountryLargeWallLit,Sign Shop Savage Country Large Wall Lit [ddcdfa](Deco)[-],01824,,plain,sign,Sign,Title
agfDecosignShopSavageCountryLit,Sign Shop Savage Country Lit [ddcdfa](Deco)[-],01825,,plain,sign,Sign,Title
agfDecosignShopSavageCountryWall,Sign Shop Savage Country Wall [ddcdfa](Deco)[-],01826,,plain,sign,Sign,Title
agfDecosignShopSavageCountryWallLit,Sign Shop Savage Country Wall Lit [ddcdfa](Deco)[-],01827,,plain,sign,Sign,Title
agfDecosignShopToolStore,Sign Shop Tool Store [ddcdfa](Deco)[-],01828,,plain,sign,Sign,Title
agfDecosignShopToolStoreLarge,Sign Shop Tool Store Large [ddcdfa](Deco)[-],01829,,plain,sign,Sign,Title
agfDecosignShopToolStoreLargeLit,Sign Shop Tool Store Large Lit [ddcdfa](Deco)[-],01830,,plain,sign,Sign,Title
agfDecosignShopToolStoreLargeWall,Sign Shop Tool Store Large Wall [ddcdfa](Deco)[-],01831,,plain,sign,Sign,Title
agfDecosignShopToolStoreLargeWallLit,Sign Shop Tool Store Large Wall Lit [ddcdfa](Deco)[-],01832,,plain,sign,Sign,Title
agfDecosignShopToolStoreLit,Sign Shop Tool Store Lit [ddcdfa](Deco)[-],01833,,plain,sign,Sign,Title
agfDecosignShopToolStoreWall,Sign Shop Tool Store Wall [ddcdfa](Deco)[-],01834,,plain,sign,Sign,Title
agfDecosignShopToolStoreWallLit,Sign Shop Tool Store Wall Lit [ddcdfa](Deco)[-],01835,,plain,sign,Sign,Title
agfDecoposterCat,Cat Poster 01 [ddcdfa](Deco)[-],01836,,plain,poster,Painting,General
agfDecoposterCats,Cat Poster 02 [ddcdfa](Deco)[-],01837,,plain,poster,Painting,General
agfDecoposterSparky,Dog Poster 01 [ddcdfa](Deco)[-],01838,,plain,poster,Painting,General
agfDecopaintingAbstract01_2x2,"Abstract Painting 01, 2x2 [ddcdfa](Deco)[-]",01839,,plain,painting,Painting,General
agfDecopaintingAbstract02_2x2,"Abstract Painting 02, 2x2 [ddcdfa](Deco)[-]",01840,,plain,painting,Painting,General
agfDecopaintingAbstract03_2x2,"Abstract Painting 03, 2x2 [ddcdfa](Deco)[-]",01841,,plain,painting,Painting,General
agfDecopaintingAbstract04_2x2,"Abstract Painting 04, 2x2 [ddcdfa](Deco)[-]",01842,,plain,painting,Painting,General
agfDecopaintingBen,Painting: Ben [ddcdfa](Deco)[-],01843,,plain,painting,Painting,Person
agfDecopaintingDerek,Painting: Derek [ddcdfa](Deco)[-],01844,,plain,painting,Painting,Person
agfDecopaintingDuke,Painting: Duke [ddcdfa](Deco)[-],01845,,plain,painting,Painting,Person
agfDecopaintingKen,Painting: Ken [ddcdfa](Deco)[-],01846,,plain,painting,Painting,Person
agfDecopaintingLorien,Painting: Lorien [ddcdfa](Deco)[-],01847,,plain,painting,Painting,Person
agfDecopaintingNoah,Painting: Noah [ddcdfa](Deco)[-],01848,,plain,painting,Painting,Person
agfDecopictureCanvas_01a,Canvas A [ddcdfa](Deco)[-],01849,,plain,painting,Sign,Painting
agfDecopictureCanvas_01b,Canvas B [ddcdfa](Deco)[-],01850,,plain,painting,Sign,Painting
agfDecopictureCanvas_01c,Canvas C [ddcdfa](Deco)[-],01851,,plain,painting,Sign,Painting
agfDecopictureCanvas_01d,Canvas D [ddcdfa](Deco)[-],01852,,plain,painting,Sign,Painting
agfDecopictureCanvas_01e,Canvas E [ddcdfa](Deco)[-],01853,,plain,painting,Sign,Painting
agfDecopictureCanvas_01f,Canvas F [ddcdfa](Deco)[-],01854,,plain,painting,Sign,Painting
agfDecopictureCanvas_01g,Canvas G [ddcdfa](Deco)[-],01855,,plain,painting,Sign,Painting
agfDecopictureCanvas_01h,Canvas H [ddcdfa](Deco)[-],01856,,plain,painting,Sign,Painting
agfDecopictureCanvas_01i,Canvas I [ddcdfa](Deco)[-],01857,,plain,painting,Sign,Painting
agfDecopictureCanvas_01j,Canvas J [ddcdfa](Deco)[-],01858,,plain,painting,Sign,Painting
agfDecopictureFrame_01a,Picture A [ddcdfa](Deco)[-],01859,,plain,painting,Sign,Painting
agfDecopictureFrame_01b,Picture B [ddcdfa](Deco)[-],01860,,plain,painting,Sign,Painting
agfDecopictureFrame_01c,Picture C [ddcdfa](Deco)[-],01861,,plain,painting,Sign,Painting
agfDecopictureFrame_01d,Picture D [ddcdfa](Deco)[-],01862,,plain,painting,Sign,Painting
agfDecopictureFrame_01e,Picture E [ddcdfa](Deco)[-],01863,,plain,painting,Sign,Painting
agfDecopictureFrame_01f,Picture F [ddcdfa](Deco)[-],01864,,plain,painting,Sign,Painting
agfDecopictureFrame_01g,Picture G [ddcdfa](Deco)[-],01865,,plain,painting,Sign,Painting
agfDecopictureFrame_01h,Picture H [ddcdfa](Deco)[-],01866,,plain,painting,Sign,Painting
agfDecopictureFrame_01i,Picture I [ddcdfa](Deco)[-],01867,,plain,painting,Sign,Painting
agfDecopictureFrame_01j,Picture J [ddcdfa](Deco)[-],01868,,plain,painting,Sign,Painting
agfDecopictureFrame_01k,Picture K [ddcdfa](Deco)[-],01869,,plain,painting,Sign,Painting
agfDecopictureFrame_01l,Picture L [ddcdfa](Deco)[-],01870,,plain,painting,Sign,Painting
agfDecopictureFrame_01m,"Picture M, 01m [ddcdfa](Deco)[-]",01871,,plain,painting,Sign,Painting
agfDecopictureFrame_01n,Picture N [ddcdfa](Deco)[-],01872,,plain,painting,Sign,Painting
agfDecopictureFrame_01o,Picture O [ddcdfa](Deco)[-],01873,,plain,painting,Sign,Painting
agfDecopictureFrame_01p,Picture P [ddcdfa](Deco)[-],01874,,plain,painting,Sign,Painting
agfDecopictureFrame_01q,Picture Q [ddcdfa](Deco)[-],01875,,plain,painting,Sign,Painting
agfDecopictureFrame_01r,Picture R [ddcdfa](Deco)[-],01876,,plain,painting,Sign,Painting
agfDecopictureFrame_01s,Picture S [ddcdfa](Deco)[-],01877,,plain,painting,Sign,Painting
agfDecopictureFrame_01t,Picture T [ddcdfa](Deco)[-],01878,,plain,painting,Sign,Painting
agfDecopictureFrame_01u,Picture U [ddcdfa](Deco)[-],01879,,plain,painting,Sign,Painting
agfDecopictureFrame_01v,Picture V [ddcdfa](Deco)[-],01880,,plain,painting,Sign,Painting
agfDecopictureFrame_01w,Picture W [ddcdfa](Deco)[-],01881,,plain,painting,Sign,Painting
agfDecocalendar2034,2034 Calendar [ddcdfa](Deco)[-],01882,,plain,calendar2034,Sign,Misc
agfDecopictureDeskFrameBigFam,"Desk Frame, Big Family [ddcdfa](Deco)[-]",01883,,plain,painting,Sign,Misc
agfDecopictureDeskFrameModFam,"Desk Frame, Modern Family [ddcdfa](Deco)[-]",01884,,plain,painting,Sign,Misc
agfDecopictureDeskFrameRetroFam,"Desk Frame, Retro Family [ddcdfa](Deco)[-]",01885,,plain,painting,Sign,Misc
agfDecopictureFrameCarrier,Framed Carrier Photo [ddcdfa](Deco)[-],01886,,plain,painting,Sign,Misc
agfDecopictureFrameGunSchematic,Framed Gun Schematic [ddcdfa](Deco)[-],01887,,plain,painting,Sign,Misc
agfDecopictureFrameJetGirls,Framed Jet Photo [ddcdfa](Deco)[-],01888,,plain,painting,Sign,Misc
agfDecopictureFrameTank,Framed Tank Photo [ddcdfa](Deco)[-],01889,,plain,painting,Sign,Misc
agfDecoposterBlueprintPistol,Pistol Blueprint [ddcdfa](Deco)[-],01890,,plain,poster,Sign,Misc
agfDecoposterBlueprintRifle,Rifle Blueprint [ddcdfa](Deco)[-],01891,,plain,poster,Sign,Misc
agfDecoposterCalendarWorkingStiff,"Stiff Calendar, Working [ddcdfa](Deco)[-]",01892,,plain,poster,Sign,Misc
agfDecosignPosterMovie2159,Sign: Movie Poster 2159 [ddcdfa](Deco)[-],01893,,plain,poster,Sign,Misc
agfDecosignPosterMovieLoneWolf,Sign: Movie Poster Lone Wolf [ddcdfa](Deco)[-],01894,,plain,poster,Sign,Misc
agfDecosignPosterMovieMammasJustice,Sign: Movie Poster Mama's Justice [ddcdfa](Deco)[-],01895,,plain,poster,Sign,Misc
agfDecosignPosterMovieSexualTension,Sign: Movie Poster Sexual Tension [ddcdfa](Deco)[-],01896,,plain,poster,Sign,Misc
agfDecosignPosterMovieTheater2159,Sign: Theater Poster 2159 [ddcdfa](Deco)[-],01897,,plain,poster,Sign,Misc
agfDecosignPosterMovieTheaterLoneWolf,Sign: Theater Poster Lone Wolf [ddcdfa](Deco)[-],01898,,plain,poster,Sign,Misc
agfDecosignPosterMovieTheaterMammasJustice,Sign: Theater Poster Mama's Justice [ddcdfa](Deco)[-],01899,,plain,poster,Sign,Misc
agfDecosignPosterMovieTheaterSexualTension,Sign: Theater Poster Sexual Tension [ddcdfa](Deco)[-],01900,,plain,poster,Sign,Misc
agfDecopictureFramedMedalsSml,Framed Medals Small [ddcdfa](Deco)[-],01901,,plain,painting,Sign,Misc2
agfDecopictureFramedMedalsMed,Framed Medals Medium [ddcdfa](Deco)[-],01902,,plain,painting,Sign,Misc2
agfDecopictureFramedMedalsLrg,Framed Medals Large [ddcdfa](Deco)[-],01903,,plain,painting,Sign,Misc2
agfDecopictureRobertDishongPlaque,Robert Dishong Memorial [ddcdfa](Deco)[-],01904,,plain,painting,Sign,Misc2
agfDecosignBulletinBoard01,Bulletin Board 01 [ddcdfa](Deco)[-],01905,,plain,sign,Sign,Misc2
agfDecosignBulletinBoard02,Bulletin Board 02 [ddcdfa](Deco)[-],01906,,plain,sign,Sign,Misc2
agfDecosignPosterWantedMissing01,Poster Wanted Missing 01 [ddcdfa](Deco)[-],01907,,plain,poster,Sign,Misc2
agfDecosignPosterWantedMissing02,Poster Wanted Missing 02 [ddcdfa](Deco)[-],01908,,plain,poster,Sign,Misc2
agfDecosignPosterWantedMissing03,Poster Wanted Missing 03 [ddcdfa](Deco)[-],01909,,plain,poster,Sign,Misc2
agfDecosignBookSaleAd,Sign: Book Sale Ad [ddcdfa](Deco)[-],01910,,plain,sign,Sign,Book
agfDecosignGas01,Sign: Dell's Motor Oil Round [ddcdfa](Deco)[-],01911,,plain,sign,Sign,Gas
agfDecosignGas02,Sign: Dell's Motor Oil [ddcdfa](Deco)[-],01912,,plain,sign,Sign,Gas
agfDecosignGas03,Sign: Fat Cat Gas 01 [ddcdfa](Deco)[-],01913,,plain,sign,Sign,Gas
agfDecosignGas04,Sign: Aeon Amp 01 [ddcdfa](Deco)[-],01914,,plain,sign,Sign,Gas
agfDecosignGas05,"Sign: Wayneright Tires, Red [ddcdfa](Deco)[-]",01915,,plain,sign,Sign,Gas
agfDecosignGas06,"Sign: Wayneright Tires, Yellow [ddcdfa](Deco)[-]",01916,,plain,sign,Sign,Gas
agfDecosignGas07,Sign: Kirosaki Electric Motor Vehicles 01 [ddcdfa](Deco)[-],01917,,plain,sign,Sign,Gas
agfDecosignGas08,Sign: Pass-N-Gas Small [ddcdfa](Deco)[-],01918,,plain,sign,Sign,Gas
agfDecosignGas09,Sign: Starwind Charging Station [ddcdfa](Deco)[-],01919,,plain,sign,Sign,Gas
agfDecosignGas10,Sign: Hawking Electric Vehicles 01 [ddcdfa](Deco)[-],01920,,plain,sign,Sign,Gas
agfDecosignGas11,Sign: Kirosaki Electric Motor Vehicles 02 [ddcdfa](Deco)[-],01921,,plain,sign,Sign,Gas
agfDecosignGas12,Sign: Leyline Electric [ddcdfa](Deco)[-],01922,,plain,sign,Sign,Gas
agfDecosignGas13,Sign: Hawking Electric Vehicles 02 [ddcdfa](Deco)[-],01923,,plain,sign,Sign,Gas
agfDecosignGas14,Sign: Montoya Motor Vehicles 01 [ddcdfa](Deco)[-],01924,,plain,sign,Sign,Gas
agfDecosignGas15,Sign: Montoya Motor Vehicles 02 [ddcdfa](Deco)[-],01925,,plain,sign,Sign,Gas
agfDecosignGas16,Sign: Fat Cat Gas 02 [ddcdfa](Deco)[-],01926,,plain,sign,Sign,Gas
agfDecosignGas17,Sign: Aeon Amp 02 [ddcdfa](Deco)[-],01927,,plain,sign,Sign,Gas
agfDecosignGas18,Sign: Starwind Charging Station Round [ddcdfa](Deco)[-],01928,,plain,sign,Sign,Gas
agfDecosignGas19,Sign: Leyline Electric Large [ddcdfa](Deco)[-],01929,,plain,sign,Sign,Gas
agfDecosignGas20,Sign: Pass-N-Gas Large [ddcdfa](Deco)[-],01930,,plain,sign,Sign,Gas
agfDecosignGas21,Sign: No Smoking [ddcdfa](Deco)[-],01931,,plain,sign,Sign,Gas
agfDecosignLaborDaySaleAd,Sign: Labor Day Sale Ad [ddcdfa](Deco)[-],01932,,plain,sign,Sign,General
agfDecosignMegaCrushAd,Sign: Mega Crush Ad [ddcdfa](Deco)[-],01933,,plain,sign,Sign,General
agfDecosignSale01,Sign: Sale 01 [ddcdfa](Deco)[-],01934,,plain,sign,Sign,General
agfDecosignSale02,Sign: Sale 02 [ddcdfa](Deco)[-],01935,,plain,sign,Sign,General
agfDecosignBread01,Sign: Bread 01 [ddcdfa](Deco)[-],01936,,plain,sign,Sign,Grocery
agfDecosignBread02,Sign: Bread 02 [ddcdfa](Deco)[-],01937,,plain,sign,Sign,Grocery
agfDecosignCigaretteAd,Sign: Cigarette Ad [ddcdfa](Deco)[-],01938,,plain,sign,Sign,Grocery
agfDecosignDinersMenu,Sign: Diners Menu [ddcdfa](Deco)[-],01939,,plain,sign,Sign,Grocery
agfDecosignDinersMenu2m,"Diner Menu Board, 2m [ddcdfa](Deco)[-]",01940,,plain,sign,Sign,Grocery
agfDecosignNeonColdBeer,Cold Beer Neon Sign [e6dca5](Electric)[-],01941,,plain,sign,Sign,Grocery
agfDecosignShamwaySale,Sign: Shamway Sale [ddcdfa](Deco)[-],01942,,plain,sign,Sign,Grocery
agfDecosignSnackPosterAtom,Sign: Atom Junkies Poster [ddcdfa](Deco)[-],01943,,plain,poster,Sign,Grocery
agfDecosignSnackPosterBretzels,Sign: Bretzels Poster [ddcdfa](Deco)[-],01944,,plain,poster,Sign,Grocery
agfDecosignSnackPosterEyeCandy,Sign: Eye Candy Poster [ddcdfa](Deco)[-],01945,,plain,poster,Sign,Grocery
agfDecosignSnackPosterFortBites,Sign: Fort Bites Poster [ddcdfa](Deco)[-],01946,,plain,poster,Sign,Grocery
agfDecosignSnackPosterGoblinO,Sign: Goblin O's Poster [ddcdfa](Deco)[-],01947,,plain,poster,Sign,Grocery
agfDecosignSnackPosterHackers,Sign: Hackers Poster [ddcdfa](Deco)[-],01948,,plain,poster,Sign,Grocery
agfDecosignSnackPosterHealth,Sign: Health Bar Poster [ddcdfa](Deco)[-],01949,,plain,poster,Sign,Grocery
agfDecosignSnackPosterJailBreakers,Sign: Jail Breakers Poster [ddcdfa](Deco)[-],01950,,plain,poster,Sign,Grocery
agfDecosignSnackPosterJerky,Sign: Thick Nick's Jerky Poster [ddcdfa](Deco)[-],01951,,plain,poster,Sign,Grocery
agfDecosignSnackPosterNachos,Sign: Nachios Cheese Poster [ddcdfa](Deco)[-],01952,,plain,poster,Sign,Grocery
agfDecosignSnackPosterNachosRanch,Sign: Nachios Ranch Poster [ddcdfa](Deco)[-],01953,,plain,poster,Sign,Grocery
agfDecosignSnackPosterNerd,Sign: Nerd Tats Poster [ddcdfa](Deco)[-],01954,,plain,poster,Sign,Grocery
agfDecosignSnackPosterOops,Sign: Oops BBQ Poster [ddcdfa](Deco)[-],01955,,plain,poster,Sign,Grocery
agfDecosignSnackPosterOopsClassic,Sign: Oops Classic Poster [ddcdfa](Deco)[-],01956,,plain,poster,Sign,Grocery
agfDecosignSnackPosterPrime,Sign: Prime Bars Poster [ddcdfa](Deco)[-],01957,,plain,poster,Sign,Grocery
agfDecosignSnackPosterSkullCrusher,Sign: Skull Crushers Poster [ddcdfa](Deco)[-],01958,,plain,poster,Sign,Grocery
agfDecosignSnackPosterRamen,Sign: Ramen Poster [ddcdfa](Deco)[-],01959,,plain,poster,Sign,Grocery
agfDecosignGunsThinAttention,Gun Attention Sign [ddcdfa](Deco)[-],01960,,plain,sign,Sign,Guns
agfDecosignGunsThinNo,No Loitering Sign [ddcdfa](Deco)[-],01961,,plain,sign,Sign,Guns
agfDecosignGunsThinPermitted,Guns Permitted Sign [ddcdfa](Deco)[-],01962,,plain,sign,Sign,Guns
agfDecosignGunsThinPrivate,No Trespassing [ddcdfa](Deco)[-],01963,,plain,sign,Sign,Guns
agfDecosignGunsThinReturn,Return Policy Sign [ddcdfa](Deco)[-],01964,,plain,sign,Sign,Guns
agfDecosignGunsThinSafety,Gun Safety Sign 01 [ddcdfa](Deco)[-],01965,,plain,sign,Sign,Guns
agfDecosignGunsThinSafety2,Gun Safety Sign 02 [ddcdfa](Deco)[-],01966,,plain,sign,Sign,Guns
agfDecosignGunsThinSmile,24 Hour Surveillance Sign [ddcdfa](Deco)[-],01967,,plain,sign,Sign,Guns
agfDecosignGunsThinSmoke,No Smoking Sign [ddcdfa](Deco)[-],01968,,plain,sign,Sign,Guns
agfDecosignGunsWideWarning,Gun Warning Sign 01 [ddcdfa](Deco)[-],01969,,plain,sign,Sign,Guns
agfDecosignGunsWideWarning2,Gun Warning Sign 02 [ddcdfa](Deco)[-],01970,,plain,sign,Sign,Guns
agfDecosignPillsLogo,Pop-N-Pills Logo Sign [e6dca5](Electric)[-],01971,,plain,sign,Sign,Pharmacy
agfDecosignPillsLogoSmall,Pop-N-Pills Logo Sign Small [e6dca5](Electric)[-],01972,,plain,sign,Sign,Pharmacy
agfDecosignBathroomSignMenCeilingMount,Bathroom Sign Men Ceiling [ddcdfa](Deco)[-],01973,,plain,sign,Sign,Bathroom
agfDecosignBathroomSignMenWallMount,Bathroom Sign Men Wall [ddcdfa](Deco)[-],01974,,plain,sign,Sign,Bathroom
agfDecosignBathroomSignUnisexCeilingMount,Bathroom Sign Unisex Ceiling [ddcdfa](Deco)[-],01975,,plain,sign,Sign,Bathroom
agfDecosignBathroomSignUnisexWallMount,Bathroom Sign Unisex Wall [ddcdfa](Deco)[-],01976,,plain,sign,Sign,Bathroom
agfDecosignBathroomSignWomenCeilingMount,Bathroom Sign Women Ceiling [ddcdfa](Deco)[-],01977,,plain,sign,Sign,Bathroom
agfDecosignBathroomSignWomenWallMount,Bathroom Sign Women Wall [ddcdfa](Deco)[-],01978,,plain,sign,Sign,Bathroom
agfDecosignDoNotEnter,Sign Do Not Enter [ddcdfa](Deco)[-],01979,,plain,sign,Sign,Instructions
agfDecosignDoNotEnterHanging,"Do Not Enter Sign, Wall [ddcdfa](Deco)[-]",01980,,plain,sign,Sign,Instructions
agfDecosignExitFrameMount,Exit Sign Frame Mount [e6dca5](Electric)[-],01981,,plain,sign,Sign,Instructions
agfDecosignExitFrameMountHigh,Exit Sign Frame Mount High [e6dca5](Electric)[-],01982,,plain,sign,Sign,Instructions
agfDecosignExitLight,Exit Sign Ceiling Mount Centered [e6dca5](Electric)[-],01983,,plain,sign,Sign,Instructions
agfDecosignExitLightOffset,"Exit Sign Ceiling Mount, Offset [e6dca5](Electric)[-]",01984,,plain,sign,Sign,Instructions
agfDecosignExitWallMount,Exit Sign Wall Mount [e6dca5](Electric)[-],01985,,plain,sign,Sign,Instructions
agfDecosignExitWallMountHigh,Exit Sign Wall Mount High [e6dca5](Electric)[-],01986,,plain,sign,Sign,Instructions
agfDecosignOpenCeilingMount,"Sign:, Ceiling Mount, Open [e6dca5](Electric)[-]",01987,,plain,sign,Sign,Instructions
agfDecosignOpenSideMount,"Sign:, Side Mount, Open [e6dca5](Electric)[-]",01988,,plain,sign,Sign,Instructions
agfDecosignOpenWallMountChain,"Sign:, Wall Mount Chain, Open [e6dca5](Electric)[-]",01989,,plain,sign,Sign,Instructions
agfDecosignOpenWallMountFrame,"Sign:, Wall Mount Frame, Open [e6dca5](Electric)[-]",01990,,plain,sign,Sign,Instructions
agfDecosignShopOpen,"Shop Sign:, Open [e6dca5](Electric)[-]",01991,,plain,sign,Sign,Instructions
agfDecosignStaffOnly,Sign: Staff Only [ddcdfa](Deco)[-],01992,,plain,sign,Sign,Instructions
agfDecosignAuthorizedPersonnel,Sign: Authorized Personnel [ddcdfa](Deco)[-],01993,,plain,sign,Sign,Commercial
agfDecosignCaution,Sign: Caution [ddcdfa](Deco)[-],01994,,plain,sign,Sign,Commercial
agfDecosignHardHat,Sign: Hard Hat [ddcdfa](Deco)[-],01995,,plain,sign,Sign,Commercial
agfDecosignNoHazardousWaste,No Hazardous Waste [ddcdfa](Deco)[-],01996,,plain,sign,Sign,Commercial
agfDecosignNotice,"Notice Sign, Wall [ddcdfa](Deco)[-]",01997,,plain,sign,Sign,Commercial
agfDecosignNotice01,Sign: Notice 01 [ddcdfa](Deco)[-],01998,,plain,sign,Sign,Commercial
agfDecosignNotice02,Sign: Notice 02 [ddcdfa](Deco)[-],01999,,plain,sign,Sign,Commercial
agfDecosignNotice03,Sign: Notice 03 [ddcdfa](Deco)[-],02000,,plain,sign,Sign,Commercial
agfDecosignNotice04,Sign: Notice 04 [ddcdfa](Deco)[-],02001,,plain,sign,Sign,Commercial
agfDecosignSafetyWorkProtection,Sign: Safety Work Protection [ddcdfa](Deco)[-],02002,,plain,sign,Sign,Commercial
agfDecosignYardSign01,Yard Sign: Condemned [ddcdfa](Deco)[-],02003,,plain,sign,Sign,Commercial
agfDecosignTraderBobExterior,Trader Bob Exterior Sign [e6dca5](Electric)[-],02004,,plain,sign,Sign,Trader
agfDecosignTraderBobExteriorBig,Trader Bob Exterior Big Sign [ddcdfa](Deco)[-],02005,,plain,sign,Sign,Trader
agfDecosignTraderBobExteriorLarge,Trader Bob Exterior Sign Large [e6dca5](Electric)[-],02006,,plain,sign,Sign,Trader
agfDecosignTraderBobInterior,Trader Bob Interior Sign [ddcdfa](Deco)[-],02007,,plain,sign,Sign,Trader
agfDecosignTraderBobInteriorNoLights,"Trader Bob Interior Sign, No Lights [ddcdfa](Deco)[-]",02008,,plain,sign,Sign,Trader
agfDecosignTraderHughExterior,Trader Hugh Exterior Sign [ddcdfa](Deco)[-],02009,,plain,sign,Sign,Trader
agfDecosignTraderHughInterior,Trader Hugh Interior Sign [ddcdfa](Deco)[-],02010,,plain,sign,Sign,Trader
agfDecosignTraderJenExterior,Trader Jen Exterior Sign [e6dca5](Electric)[-],02011,,plain,sign,Sign,Trader
agfDecosignTraderJenInterior,Trader Jen Interior Sign [e6dca5](Electric)[-],02012,,plain,sign,Sign,Trader
agfDecosignTraderJoelExteriorLarge,Trader Joel Exterior Sign Large [e6dca5](Electric)[-],02013,,plain,sign,Sign,Trader
agfDecosignTraderJoelExteriorSmall,Trader Joel Exterior Sign Small [e6dca5](Electric)[-],02014,,plain,sign,Sign,Trader
agfDecosignTraderRektExteriorLarge,Trader Rekt Exterior Sign Large [ddcdfa](Deco)[-],02015,,plain,sign,Sign,Trader
agfDecosignTraderRektExteriorSmall,Trader Rekt Exterior Sign Small [ddcdfa](Deco)[-],02016,,plain,sign,Sign,Trader
agfDecosignCrosswalk,Crosswalk [e6dca5](Electric)[-],02017,,plain,sign,Sign,Traffic
agfDecosignCrossWalkYellow,"Sign Cross Walk, Yellow [ddcdfa](Deco)[-]",02018,,plain,sign,Sign,Traffic
agfDecosignCrossWalkYellowHanging,"Cross Walk Sign, Wall, Yellow [ddcdfa](Deco)[-]",02019,,plain,sign,Sign,Traffic
agfDecosignHandicapParking,Sign Handicap Parking [ddcdfa](Deco)[-],02020,,plain,sign,Sign,Traffic
agfDecosignNeighborhoodWatch,"Neighborhood Watch Sign, Wall [ddcdfa](Deco)[-]",02021,,plain,sign,Sign,Traffic
agfDecosignNoParking,Sign No Parking [ddcdfa](Deco)[-],02022,,plain,sign,Sign,Traffic
agfDecosignNoParkingHanging,"No Parking Sign, Wall [ddcdfa](Deco)[-]",02023,,plain,sign,Sign,Traffic
agfDecosignPrivateProperty,"Private Property Sign, Wall [ddcdfa](Deco)[-]",02024,,plain,sign,Sign,Traffic
agfDecosignRoadAZ260eastSpeed65,Sign Road AZ 260 east Speed 65 [ddcdfa](Deco)[-],02025,,plain,sign,Sign,Traffic
agfDecosignRoadAZ260westSpeed65,Sign Road AZ 260 west Speed 65 [ddcdfa](Deco)[-],02026,,plain,sign,Sign,Traffic
agfDecosignRoadAZ73northSpeed65,Sign Road AZ 73 north Speed 65 [ddcdfa](Deco)[-],02027,,plain,sign,Sign,Traffic
agfDecosignRoadAZ73southSpeed65,Sign Road AZ 73 south Speed 65 [ddcdfa](Deco)[-],02028,,plain,sign,Sign,Traffic
agfDecosignRoadRoughSurface,Sign Road Rough Surface [ddcdfa](Deco)[-],02029,,plain,sign,Sign,Traffic
agfDecosignRoadSlow,Sign Road Slow [ddcdfa](Deco)[-],02030,,plain,sign,Sign,Traffic
agfDecosignRoadSpeed25,Sign Road Speed 25 [ddcdfa](Deco)[-],02031,,plain,sign,Sign,Traffic
agfDecosignRoadSpeed25noTrucks,"Sign Road Speed 25, no Trucks [ddcdfa](Deco)[-]",02032,,plain,sign,Sign,Traffic
agfDecosignRoadSpeed35,Sign Road Speed 35 [ddcdfa](Deco)[-],02033,,plain,sign,Sign,Traffic
agfDecosignRoadSpeed45,Sign Road Speed 45 [ddcdfa](Deco)[-],02034,,plain,sign,Sign,Traffic
agfDecosignRoadSpeed55,Sign Road Speed 55 [ddcdfa](Deco)[-],02035,,plain,sign,Sign,Traffic
agfDecosignRoadSpeed65,Sign Road Speed 65 [ddcdfa](Deco)[-],02036,,plain,sign,Sign,Traffic
agfDecosignRoadStop,Sign Road Stop [ddcdfa](Deco)[-],02037,,plain,sign,Sign,Traffic
agfDecosignRoadStop4way,Sign Road Stop 4-Way [ddcdfa](Deco)[-],02038,,plain,sign,Sign,Traffic
agfDecosignRoadWork,Road Work Ahead [ddcdfa](Deco)[-],02039,,plain,sign,Sign,Traffic
agfDecosignSchoolZone,School Zone [ddcdfa](Deco)[-],02040,,plain,sign,Sign,Traffic
agfDecosignSlowHanging,"Slow Sign, Wall [ddcdfa](Deco)[-]",02041,,plain,sign,Sign,Traffic
agfDecosignTowAway,Sign No Parking Tow [ddcdfa](Deco)[-],02042,,plain,sign,Sign,Traffic
agfDecosignAnselAdamsRiver,Sign Ansel Adams River [ddcdfa](Deco)[-],02043,,plain,sign,Sign,Navezgane
agfDecosignCampFish,Camping & Fishing [ddcdfa](Deco)[-],02044,,plain,sign,Sign,Navezgane
agfDecosignCamping,Camping [ddcdfa](Deco)[-],02045,,plain,sign,Sign,Navezgane
agfDecosignInfoCenter,Information Center [ddcdfa](Deco)[-],02046,,plain,sign,Sign,Navezgane
agfDecosignNationalPark,Navezgane National Park [ddcdfa](Deco)[-],02047,,plain,sign,Sign,Navezgane
agfDecosignRoadApacheAZ260,Sign Road Apache AZ 260 [ddcdfa](Deco)[-],02048,,plain,sign,Sign,Navezgane
agfDecosignRoadArrowheadApache,Sign Road Arrowhead Apache [ddcdfa](Deco)[-],02049,,plain,sign,Sign,Navezgane
agfDecosignRoadAZ260west,Sign Road AZ 260 west [ddcdfa](Deco)[-],02050,,plain,sign,Sign,Navezgane
agfDecosignRoadAZ73north,Sign Road AZ 73 north [ddcdfa](Deco)[-],02051,,plain,sign,Sign,Navezgane
agfDecosignRoadAZ73south,Sign Road AZ 73 south [ddcdfa](Deco)[-],02052,,plain,sign,Sign,Navezgane
agfDecosignRoadBellLake,Sign Road Bell Lake [ddcdfa](Deco)[-],02053,,plain,sign,Sign,Navezgane
agfDecosignRoadCoronado,Sign Road Coronado [ddcdfa](Deco)[-],02054,,plain,sign,Sign,Navezgane
agfDecosignRoadCoronadoCourtland,Sign Road Coronado Courtland [ddcdfa](Deco)[-],02055,,plain,sign,Sign,Navezgane
agfDecosignRoadCourtlandApache,Sign Road Courtland Apache [ddcdfa](Deco)[-],02056,,plain,sign,Sign,Navezgane
agfDecosignRoadCourtlandAZ260Left,"Sign Road Courtland AZ 260, Left [ddcdfa](Deco)[-]",02057,,plain,sign,Sign,Navezgane
agfDecosignRoadCourtlandBell,Sign Road Courtland Bell [ddcdfa](Deco)[-],02058,,plain,sign,Sign,Navezgane
agfDecosignRoadCourtlandHuenink,Sign Road Courtland Huenink [ddcdfa](Deco)[-],02059,,plain,sign,Sign,Navezgane
agfDecosignRoadCourtlandMaple,Sign Road Courtland Maple [ddcdfa](Deco)[-],02060,,plain,sign,Sign,Navezgane
agfDecosignRoadCourtlandTran,Sign Road Courtland Tran [ddcdfa](Deco)[-],02061,,plain,sign,Sign,Navezgane
agfDecosignRoadDavis,Sign Road Davis [ddcdfa](Deco)[-],02062,,plain,sign,Sign,Navezgane
agfDecosignRoadDestinationsEast,Sign Road Destinations East [ddcdfa](Deco)[-],02063,,plain,sign,Sign,Navezgane
agfDecosignRoadDestinationsWest,Sign Road Destinations West [ddcdfa](Deco)[-],02064,,plain,sign,Sign,Navezgane
agfDecosignRoadEssig,Sign Road Essig [ddcdfa](Deco)[-],02065,,plain,sign,Sign,Navezgane
agfDecosignRoadLangTran,Sign Road Lang Tran [ddcdfa](Deco)[-],02066,,plain,sign,Sign,Navezgane
agfDecosignRoadMaple,Sign Road Maple [ddcdfa](Deco)[-],02067,,plain,sign,Sign,Navezgane
agfDecosignRoadPrivate,Sign Road Private [ddcdfa](Deco)[-],02068,,plain,sign,Sign,Navezgane
agfDecosignRoadTran,Sign Road Tran [ddcdfa](Deco)[-],02069,,plain,sign,Sign,Navezgane
agfDecosignSpillwayLake,Sign Spillway Lake [ddcdfa](Deco)[-],02070,,plain,sign,Sign,Navezgane
agfDecoconcretePlateRound13mCenter01,"Concrete Plate Round Center 01, 13m [f0cdaa](Structure)[-]",02071,,structure,structure,Building,Sidewalk
agfDecoconcretePlateRound13mCenter02,"Concrete Plate Round Center 02, 13m [f0cdaa](Structure)[-]",02072,,structure,structure,Building,Sidewalk
agfDecoconcretePlateRound13mLeft01,"Concrete Plate Round 01, Left, 13m [f0cdaa](Structure)[-]",02073,,structure,structure,Building,Sidewalk
agfDecoconcretePlateRound13mLeft02,"Concrete Plate Round 02, Left, 13m [f0cdaa](Structure)[-]",02074,,structure,structure,Building,Sidewalk
agfDecoconcretePlateRound13mLeft03,"Concrete Plate Round 03, Left, 13m [f0cdaa](Structure)[-]",02075,,structure,structure,Building,Sidewalk
agfDecoconcretePlateRound13mLeft04,"Concrete Plate Round 04, Left, 13m [f0cdaa](Structure)[-]",02076,,structure,structure,Building,Sidewalk
agfDecoconcretePlateRound13mLeft05,"Concrete Plate Round 05, Left, 13m [f0cdaa](Structure)[-]",02077,,structure,structure,Building,Sidewalk
agfDecoconcretePlateRound13mLeft06,"Concrete Plate Round 06, Left, 13m [f0cdaa](Structure)[-]",02078,,structure,structure,Building,Sidewalk
agfDecoconcretePlateRound13mLeft07,"Concrete Plate Round 07, Left, 13m [f0cdaa](Structure)[-]",02079,,structure,structure,Building,Sidewalk
agfDecoconcretePlateRound13mLeft08,"Concrete Plate Round 08, Left, 13m [f0cdaa](Structure)[-]",02080,,structure,structure,Building,Sidewalk
agfDecoconcretePlateRound13mLeft09,"Concrete Plate Round 09, Left, 13m [f0cdaa](Structure)[-]",02081,,structure,structure,Building,Sidewalk
agfDecoconcretePlateRound13mLeft10,"Concrete Plate Round 10, Left, 13m [f0cdaa](Structure)[-]",02082,,structure,structure,Building,Sidewalk
agfDecoconcretePlateRound13mLeft11,"Concrete Plate Round 11, Left, 13m [f0cdaa](Structure)[-]",02083,,structure,structure,Building,Sidewalk
agfDecoconcretePlateRound13mLeft12,"Concrete Plate Round 12, Left, 13m [f0cdaa](Structure)[-]",02084,,structure,structure,Building,Sidewalk
agfDecoconcretePlateRound13mLeft13,"Concrete Plate Round 13, Left, 13m [f0cdaa](Structure)[-]",02085,,structure,structure,Building,Sidewalk
agfDecoconcretePlateRound13mLeft14,"Concrete Plate Round 14, Left, 13m [f0cdaa](Structure)[-]",02086,,structure,structure,Building,Sidewalk
agfDecoconcretePlateRound13mLeft15,"Concrete Plate Round 15, Left, 13m [f0cdaa](Structure)[-]",02087,,structure,structure,Building,Sidewalk
agfDecoconcretePlateRound13mLeft16,"Concrete Plate Round 16, Left, 13m [f0cdaa](Structure)[-]",02088,,structure,structure,Building,Sidewalk
agfDecoconcretePlateRound13mLeft17,"Concrete Plate Round 17, Left, 13m [f0cdaa](Structure)[-]",02089,,structure,structure,Building,Sidewalk
agfDecoconcretePlateRound13mLeft18,"Concrete Plate Round 18, Left, 13m [f0cdaa](Structure)[-]",02090,,structure,structure,Building,Sidewalk
agfDecoconcretePlateRound13mLeft19,"Concrete Plate Round 19, Left, 13m [f0cdaa](Structure)[-]",02091,,structure,structure,Building,Sidewalk
agfDecoconcretePlateRound13mLeft20,"Concrete Plate Round 20, Left, 13m [f0cdaa](Structure)[-]",02092,,structure,structure,Building,Sidewalk
agfDecoconcretePlateRound13mLeft21,"Concrete Plate Round 21, Left, 13m [f0cdaa](Structure)[-]",02093,,structure,structure,Building,Sidewalk
agfDecoconcretePlateRound13mRight01,"Concrete Plate Round 01, Right, 13m [f0cdaa](Structure)[-]",02094,,structure,structure,Building,Sidewalk
agfDecoconcretePlateRound13mRight02,"Concrete Plate Round 02, Right, 13m [f0cdaa](Structure)[-]",02095,,structure,structure,Building,Sidewalk
agfDecoconcretePlateRound13mRight03,"Concrete Plate Round 03, Right, 13m [f0cdaa](Structure)[-]",02096,,structure,structure,Building,Sidewalk
agfDecoconcretePlateRound13mRight04,"Concrete Plate Round 04, Right, 13m [f0cdaa](Structure)[-]",02097,,structure,structure,Building,Sidewalk
agfDecoconcretePlateRound13mRight05,"Concrete Plate Round 05, Right, 13m [f0cdaa](Structure)[-]",02098,,structure,structure,Building,Sidewalk
agfDecoconcretePlateRound13mRight06,"Concrete Plate Round 06, Right, 13m [f0cdaa](Structure)[-]",02099,,structure,structure,Building,Sidewalk
agfDecoconcretePlateRound13mRight07,"Concrete Plate Round 07, Right, 13m [f0cdaa](Structure)[-]",02100,,structure,structure,Building,Sidewalk
agfDecoconcretePlateRound13mRight08,"Concrete Plate Round 08, Right, 13m [f0cdaa](Structure)[-]",02101,,structure,structure,Building,Sidewalk
agfDecoconcretePlateRound13mRight09,"Concrete Plate Round 09, Right, 13m [f0cdaa](Structure)[-]",02102,,structure,structure,Building,Sidewalk
agfDecoconcretePlateRound13mRight10,"Concrete Plate Round 10, Right, 13m [f0cdaa](Structure)[-]",02103,,structure,structure,Building,Sidewalk
agfDecoconcretePlateRound13mRight11,"Concrete Plate Round 11, Right, 13m [f0cdaa](Structure)[-]",02104,,structure,structure,Building,Sidewalk
agfDecoconcretePlateRound13mRight12,"Concrete Plate Round 12, Right, 13m [f0cdaa](Structure)[-]",02105,,structure,structure,Building,Sidewalk
agfDecoconcretePlateRound13mRight13,"Concrete Plate Round 13, Right, 13m [f0cdaa](Structure)[-]",02106,,structure,structure,Building,Sidewalk
agfDecoconcretePlateRound13mRight14,"Concrete Plate Round 14, Right, 13m [f0cdaa](Structure)[-]",02107,,structure,structure,Building,Sidewalk
agfDecoconcretePlateRound13mRight15,"Concrete Plate Round 15, Right, 13m [f0cdaa](Structure)[-]",02108,,structure,structure,Building,Sidewalk
agfDecoconcretePlateRound13mRight16,"Concrete Plate Round 16, Right, 13m [f0cdaa](Structure)[-]",02109,,structure,structure,Building,Sidewalk
agfDecoconcretePlateRound13mRight17,"Concrete Plate Round 17, Right, 13m [f0cdaa](Structure)[-]",02110,,structure,structure,Building,Sidewalk
agfDecoconcretePlateRound13mRight18,"Concrete Plate Round 18, Right, 13m [f0cdaa](Structure)[-]",02111,,structure,structure,Building,Sidewalk
agfDecoconcretePlateRound13mRight19,"Concrete Plate Round 19, Right, 13m [f0cdaa](Structure)[-]",02112,,structure,structure,Building,Sidewalk
agfDecoconcretePlateRound13mRight20,"Concrete Plate Round 20, Right, 13m [f0cdaa](Structure)[-]",02113,,structure,structure,Building,Sidewalk
agfDecoconcretePlateRound13mRight21,"Concrete Plate Round 21, Right, 13m [f0cdaa](Structure)[-]",02114,,structure,structure,Building,Sidewalk
agfDecoductCornerDown,"Duct Down, Corner [ddcdfa](Deco)[-]",02115,,plain,ductCorner,Building,Duct
agfDecoductCornerSideCentered,"Duct, Side [ddcdfa](Deco)[-]",02116,,plain,ductCorner,Building,Duct
agfDecoductCornerUp,"Duct Up, Corner [ddcdfa](Deco)[-]",02117,,plain,ductCorner,Building,Duct
agfDecoductStraightCentered,Duct Straight [ddcdfa](Deco)[-],02118,,plain,ductStraight,Building,Duct
agfDecoductStraightSideCentered,"Duct Straight, Side [ddcdfa](Deco)[-]",02119,,plain,ductStraight,Building,Duct
agfDecoescalatorBottom,Escalator Bottom [ddcdfa](Deco)[-],02120,,plain,escalator,Building,Elevator
agfDecoescalatorFiller,Escalator Filler [ddcdfa](Deco)[-],02121,,plain,escalator,Building,Elevator
agfDecoescalatorMiddle,Escalator Middle [ddcdfa](Deco)[-],02122,,plain,escalator,Building,Elevator
agfDecoescalatorPreTop,Escalator Pre-Top [ddcdfa](Deco)[-],02123,,plain,escalator,Building,Elevator
agfDecoescalatorTop,Escalator Top [ddcdfa](Deco)[-],02124,,plain,escalator,Building,Elevator
agfDecoelevatorInsidePanel,Elevator Inside Button Panel [ddcdfa](Deco)[-],02125,,plain,elevator,Building,Elevator
agfDecoelevatorOutsideButtonPanel,Elevator Outside Button Panel [ddcdfa](Deco)[-],02126,,plain,elevator,Building,Elevator
agfDecoelevatorOutsideFloorPanel,Elevator Outside Floor Panel [ddcdfa](Deco)[-],02127,,plain,elevator,Building,Elevator
agfDecoawningFullBlack,"Awning, Full, Black [ddcdfa](Deco)[-]",02128,,plain,awningFull,Building,Awning
agfDecoawningFullBlue,"Awning, Full, Blue [ddcdfa](Deco)[-]",02129,,plain,awningFull,Building,Awning
agfDecoawningFullBrown,"Awning, Full, Brown [ddcdfa](Deco)[-]",02130,,plain,awningFull,Building,Awning
agfDecoawningFullGreen,"Awning, Full, Green [ddcdfa](Deco)[-]",02131,,plain,awningFull,Building,Awning
agfDecoawningFullGrey,"Awning, Full, Grey [ddcdfa](Deco)[-]",02132,,plain,awningFull,Building,Awning
agfDecoawningFullOrange,"Awning, Full, Orange [ddcdfa](Deco)[-]",02133,,plain,awningFull,Building,Awning
agfDecoawningFullPink,"Awning, Full, Pink [ddcdfa](Deco)[-]",02134,,plain,awningFull,Building,Awning
agfDecoawningFullPurple,"Awning, Full, Purple [ddcdfa](Deco)[-]",02135,,plain,awningFull,Building,Awning
agfDecoawningFullRed,"Awning, Full, Red [ddcdfa](Deco)[-]",02136,,plain,awningFull,Building,Awning
agfDecoawningFullWhite,"Awning, Full, White [ddcdfa](Deco)[-]",02137,,plain,awningFull,Building,Awning
agfDecoawningFullYellow,"Awning, Full, Yellow [ddcdfa](Deco)[-]",02138,,plain,awningFull,Building,Awning
agfDecoawningCornerLeftBlack,"Awning, Left, Black [ddcdfa](Deco)[-]",02139,,plain,awningCornerLeft,Building,Awning
agfDecoawningCornerLeftBlue,"Awning, Left, Blue [ddcdfa](Deco)[-]",02140,,plain,awningCornerLeft,Building,Awning
agfDecoawningCornerLeftBrown,"Awning, Left, Brown [ddcdfa](Deco)[-]",02141,,plain,awningCornerLeft,Building,Awning
agfDecoawningCornerLeftGreen,"Awning, Left, Green [ddcdfa](Deco)[-]",02142,,plain,awningCornerLeft,Building,Awning
agfDecoawningCornerLeftGrey,"Awning, Left, Grey [ddcdfa](Deco)[-]",02143,,plain,awningCornerLeft,Building,Awning
agfDecoawningCornerLeftOrange,"Awning, Left, Orange [ddcdfa](Deco)[-]",02144,,plain,awningCornerLeft,Building,Awning
agfDecoawningCornerLeftPink,"Awning, Left, Pink [ddcdfa](Deco)[-]",02145,,plain,awningCornerLeft,Building,Awning
agfDecoawningCornerLeftPurple,"Awning, Left, Purple [ddcdfa](Deco)[-]",02146,,plain,awningCornerLeft,Building,Awning
agfDecoawningCornerLeftRed,"Awning, Left, Red [ddcdfa](Deco)[-]",02147,,plain,awningCornerLeft,Building,Awning
agfDecoawningCornerLeftWhite,"Awning, Left, White [ddcdfa](Deco)[-]",02148,,plain,awningCornerLeft,Building,Awning
agfDecoawningCornerLeftYellow,"Awning, Left, Yellow [ddcdfa](Deco)[-]",02149,,plain,awningCornerLeft,Building,Awning
agfDecoawningStraightBlack,"Awning Straight, Black [ddcdfa](Deco)[-]",02150,,plain,awningStraight,Building,Awning
agfDecoawningStraightBlue,"Awning Straight, Blue [ddcdfa](Deco)[-]",02151,,plain,awningStraight,Building,Awning
agfDecoawningStraightBrown,"Awning Straight, Brown [ddcdfa](Deco)[-]",02152,,plain,awningStraight,Building,Awning
agfDecoawningStraightGreen,"Awning Straight, Green [ddcdfa](Deco)[-]",02153,,plain,awningStraight,Building,Awning
agfDecoawningStraightGrey,"Awning Straight, Grey [ddcdfa](Deco)[-]",02154,,plain,awningStraight,Building,Awning
agfDecoawningStraightOrange,"Awning Straight, Orange [ddcdfa](Deco)[-]",02155,,plain,awningStraight,Building,Awning
agfDecoawningStraightPink,"Awning Straight, Pink [ddcdfa](Deco)[-]",02156,,plain,awningStraight,Building,Awning
agfDecoawningStraightPurple,"Awning Straight, Purple [ddcdfa](Deco)[-]",02157,,plain,awningStraight,Building,Awning
agfDecoawningStraightRed,"Awning Straight, Red [ddcdfa](Deco)[-]",02158,,plain,awningStraight,Building,Awning
agfDecoawningStraightWhite,"Awning Straight, White [ddcdfa](Deco)[-]",02159,,plain,awningStraight,Building,Awning
agfDecoawningStraightYellow,"Awning Straight, Yellow [ddcdfa](Deco)[-]",02160,,plain,awningStraight,Building,Awning
agfDecoawningCornerRightBlack,"Awning, Right, Black [ddcdfa](Deco)[-]",02161,,plain,awningCornerRight,Building,Awning
agfDecoawningCornerRightBlue,"Awning, Right, Blue [ddcdfa](Deco)[-]",02162,,plain,awningCornerRight,Building,Awning
agfDecoawningCornerRightBrown,"Awning, Right, Brown [ddcdfa](Deco)[-]",02163,,plain,awningCornerRight,Building,Awning
agfDecoawningCornerRightGreen,"Awning, Right, Green [ddcdfa](Deco)[-]",02164,,plain,awningCornerRight,Building,Awning
agfDecoawningCornerRightGrey,"Awning, Right, Grey [ddcdfa](Deco)[-]",02165,,plain,awningCornerRight,Building,Awning
agfDecoawningCornerRightOrange,"Awning, Right, Orange [ddcdfa](Deco)[-]",02166,,plain,awningCornerRight,Building,Awning
agfDecoawningCornerRightPink,"Awning, Right, Pink [ddcdfa](Deco)[-]",02167,,plain,awningCornerRight,Building,Awning
agfDecoawningCornerRightPurple,"Awning, Right, Purple [ddcdfa](Deco)[-]",02168,,plain,awningCornerRight,Building,Awning
agfDecoawningCornerRightRed,"Awning, Right, Red [ddcdfa](Deco)[-]",02169,,plain,awningCornerRight,Building,Awning
agfDecoawningCornerRightWhite,"Awning, Right, White [ddcdfa](Deco)[-]",02170,,plain,awningCornerRight,Building,Awning
agfDecoawningCornerRightYellow,"Awning, Right, Yellow [ddcdfa](Deco)[-]",02171,,plain,awningCornerRight,Building,Awning
agfDecobanditPlatform2x2A,"Bandit Platform, 2x2, A [f0cdaa](Structure)[-]",02172,,structure,structure,Building,Bandit
agfDecobanditPlatform3x2A,"Bandit Platform, 3x2, A [f0cdaa](Structure)[-]",02173,,structure,structure,Building,Bandit
agfDecobanditPlatform3x3A,"Bandit Platform, 3x3, A [f0cdaa](Structure)[-]",02174,,structure,structure,Building,Bandit
agfDecobanditPlatform3x3BrokenA,"Bandit Platform, Broken, 3x3, A [f0cdaa](Structure)[-]",02175,,structure,structure,Building,Bandit
agfDecobanditPlatform3x3B,"Bandit Platform, 3x3, B [f0cdaa](Structure)[-]",02176,,structure,structure,Building,Bandit
agfDecobanditPlatform3x3BrokenB,"Bandit Platform, Broken, 3x3, B [f0cdaa](Structure)[-]",02177,,structure,structure,Building,Bandit
agfDecobanditPlatform3x3BrokenC,"Bandit Platform, Broken, 3x3, C [f0cdaa](Structure)[-]",02178,,structure,structure,Building,Bandit
agfDecobanditPlatformSheet3x2A,"Bandit Platform Sheet, 3x2, A [f0cdaa](Structure)[-]",02179,,structure,structure,Building,Bandit
agfDecobanditPlatformSheet3x3A,"Bandit Platform Sheet, 3x3, A [f0cdaa](Structure)[-]",02180,,structure,structure,Building,Bandit
agfDecobanditPlatformSheet3x3B,"Bandit Platform Sheet, 3x3, B [f0cdaa](Structure)[-]",02181,,structure,structure,Building,Bandit
agfDecobanditRamp2x2A,"Bandit Ramp, 2x2, A [f0cdaa](Structure)[-]",02182,,structure,structure,Building,Bandit
agfDecobanditRamp3x2A,"Bandit Ramp, 3x2, A [f0cdaa](Structure)[-]",02183,,structure,structure,Building,Bandit
agfDecobanditRamp3x3A,"Bandit Ramp, 3x3, A [f0cdaa](Structure)[-]",02184,,structure,structure,Building,Bandit
agfDecobanditRampSheet2x2A,"Bandit Ramp Sheet, 2x2, A [f0cdaa](Structure)[-]",02185,,structure,structure,Building,Bandit
agfDecobanditRampSheet3x2A,"Bandit Ramp Sheet, 3x2, A [f0cdaa](Structure)[-]",02186,,structure,structure,Building,Bandit
agfDecobanditRampSheet3x3A,"Bandit Ramp Sheet, 3x3, A [f0cdaa](Structure)[-]",02187,,structure,structure,Building,Bandit
agfDecobanditSupport1m,"Bandit Support, 1m [f0cdaa](Structure)[-]",02188,,structure,structure,Building,Bandit
agfDecobanditSupportBroken1m,"Bandit Support, Broken, 1m [f0cdaa](Structure)[-]",02189,,structure,structure,Building,Bandit
agfDecobanditSupport2m,"Bandit Support, 2m [f0cdaa](Structure)[-]",02190,,structure,structure,Building,Bandit
agfDecobanditSupportBroken2m,"Bandit Support, Broken, 2m [f0cdaa](Structure)[-]",02191,,structure,structure,Building,Bandit
agfDecobanditSupport2x2A,"Bandit Support, 2x2, A [f0cdaa](Structure)[-]",02192,,structure,structure,Building,Bandit
agfDecobanditSupport3m,"Bandit Support, 3m [f0cdaa](Structure)[-]",02193,,structure,structure,Building,Bandit
agfDecobanditSupportBroken3m,"Bandit Support, Broken, 3m [f0cdaa](Structure)[-]",02194,,structure,structure,Building,Bandit
agfDecobanditSupport3x1A,"Bandit Support, 3x1, A [f0cdaa](Structure)[-]",02195,,structure,structure,Building,Bandit
agfDecobanditSupport3x1B,"Bandit Support, 3x1, B [f0cdaa](Structure)[-]",02196,,structure,structure,Building,Bandit
agfDecobanditSupport3x2A,"Bandit Support, 3x2, A [f0cdaa](Structure)[-]",02197,,structure,structure,Building,Bandit
agfDecobanditSupport3x3A,"Bandit Support, 3x3, A [f0cdaa](Structure)[-]",02198,,structure,structure,Building,Bandit
agfDecobanditWallCorrugated1x2.5,"Bandit Wall, Corrugated, 1x2.5 [f0cdaa](Structure)[-]",02199,,structure,structure,Building,Bandit
agfDecobanditWallCorrugated1x3,"Bandit Wall, Corrugated, 1x3 [f0cdaa](Structure)[-]",02200,,structure,structure,Building,Bandit
agfDecobanditWallCorrugated1x4,"Bandit Wall, Corrugated, 1x4 [f0cdaa](Structure)[-]",02201,,structure,structure,Building,Bandit
agfDecobanditWallCorrugated2x3,"Bandit Wall, Corrugated, 2x3 [f0cdaa](Structure)[-]",02202,,structure,structure,Building,Bandit
agfDecobanditWallCorrugatedDiagonal1x1,"Bandit Wall, Corrugated, Diagonal, 1x1 [f0cdaa](Structure)[-]",02203,,structure,structure,Building,Bandit
agfDecobanditWallCorrugatedDiagonal1x2,"Bandit Wall, Corrugated, Diagonal, 1x2 [f0cdaa](Structure)[-]",02204,,structure,structure,Building,Bandit
agfDecobanditWallCorrugatedDiagonal1x3,"Bandit Wall, Corrugated, Diagonal, 1x3 [f0cdaa](Structure)[-]",02205,,structure,structure,Building,Bandit
agfDecobanditWallCorrugatedDiagonal2x3,"Bandit Wall, Corrugated, Diagonal, 2x3 [f0cdaa](Structure)[-]",02206,,structure,structure,Building,Bandit
agfDecobanditWallCorrugatedDiagonal3x1,"Bandit Wall, Corrugated, Diagonal, 3x1 [f0cdaa](Structure)[-]",02207,,structure,structure,Building,Bandit
agfDecobanditWallRibbed2x1Blue,"Bandit Wall, Ribbed, Blue, 2x1 [f0cdaa](Structure)[-]",02208,,structure,structure,Building,Bandit
agfDecobanditWallRibbed2x1Brown,"Bandit Wall, Ribbed, Brown, 2x1 [f0cdaa](Structure)[-]",02209,,structure,structure,Building,Bandit
agfDecobanditWallRibbed2x1Green,"Bandit Wall, Ribbed, Green, 2x1 [f0cdaa](Structure)[-]",02210,,structure,structure,Building,Bandit
agfDecobanditWallRibbed2x1Grey,"Bandit Wall, Ribbed, Grey, 2x1 [f0cdaa](Structure)[-]",02211,,structure,structure,Building,Bandit
agfDecobanditWallRibbed2x1Orange,"Bandit Wall, Ribbed, Orange, 2x1 [f0cdaa](Structure)[-]",02212,,structure,structure,Building,Bandit
agfDecobanditWallRibbed2x1Red,"Bandit Wall, Ribbed, Red, 2x1 [f0cdaa](Structure)[-]",02213,,structure,structure,Building,Bandit
agfDecobanditWallRibbed2x1White,"Bandit Wall, Ribbed, White, 2x1 [f0cdaa](Structure)[-]",02214,,structure,structure,Building,Bandit
agfDecobanditWallRibbed2x1Yellow,"Bandit Wall, Ribbed, Yellow, 2x1 [f0cdaa](Structure)[-]",02215,,structure,structure,Building,Bandit
agfDecobanditWallRibbed3x2Blue,"Bandit Wall, Ribbed, Blue, 3x2 [f0cdaa](Structure)[-]",02216,,structure,structure,Building,Bandit
agfDecobanditWallRibbed3x2Brown,"Bandit Wall, Ribbed, Brown, 3x2 [f0cdaa](Structure)[-]",02217,,structure,structure,Building,Bandit
agfDecobanditWallRibbed3x2Green,"Bandit Wall, Ribbed, Green, 3x2 [f0cdaa](Structure)[-]",02218,,structure,structure,Building,Bandit
agfDecobanditWallRibbed3x2Grey,"Bandit Wall, Ribbed, Grey, 3x2 [f0cdaa](Structure)[-]",02219,,structure,structure,Building,Bandit
agfDecobanditWallRibbed3x2Orange,"Bandit Wall, Ribbed, Orange, 3x2 [f0cdaa](Structure)[-]",02220,,structure,structure,Building,Bandit
agfDecobanditWallRibbed3x2Red,"Bandit Wall, Ribbed, Red, 3x2 [f0cdaa](Structure)[-]",02221,,structure,structure,Building,Bandit
agfDecobanditWallRibbed3x2White,"Bandit Wall, Ribbed, White, 3x2 [f0cdaa](Structure)[-]",02222,,structure,structure,Building,Bandit
agfDecobanditWallRibbed3x2Yellow,"Bandit Wall, Ribbed, Yellow, 3x2 [f0cdaa](Structure)[-]",02223,,structure,structure,Building,Bandit
agfDecobanditWallRibbedDiagonal2x1Blue,"Bandit Wall, Ribbed, Diagonal, Blue, 2x1 [f0cdaa](Structure)[-]",02224,,structure,structure,Building,Bandit
agfDecobanditWallRibbedDiagonal2x1Brown,"Bandit Wall, Ribbed, Diagonal, Brown, 2x1 [f0cdaa](Structure)[-]",02225,,structure,structure,Building,Bandit
agfDecobanditWallRibbedDiagonal2x1Green,"Bandit Wall, Ribbed, Diagonal, Green, 2x1 [f0cdaa](Structure)[-]",02226,,structure,structure,Building,Bandit
agfDecobanditWallRibbedDiagonal2x1Grey,"Bandit Wall, Ribbed, Diagonal, Grey, 2x1 [f0cdaa](Structure)[-]",02227,,structure,structure,Building,Bandit
agfDecobanditWallRibbedDiagonal2x1Orange,"Bandit Wall, Ribbed, Diagonal, Orange, 2x1 [f0cdaa](Structure)[-]",02228,,structure,structure,Building,Bandit
agfDecobanditWallRibbedDiagonal2x1Red,"Bandit Wall, Ribbed, Diagonal, Red, 2x1 [f0cdaa](Structure)[-]",02229,,structure,structure,Building,Bandit
agfDecobanditWallRibbedDiagonal2x1White,"Bandit Wall, Ribbed, Diagonal, White, 2x1 [f0cdaa](Structure)[-]",02230,,structure,structure,Building,Bandit
agfDecobanditWallRibbedDiagonal2x1Yellow,"Bandit Wall, Ribbed, Diagonal, Yellow, 2x1 [f0cdaa](Structure)[-]",02231,,structure,structure,Building,Bandit
agfDecobanditWallSiding1x4Blue,"Bandit Wall, Siding, Blue, 1x4 [f0cdaa](Structure)[-]",02232,,structure,structure,Building,Bandit
agfDecobanditWallSiding1x4Brown,"Bandit Wall, Siding, Brown, 1x4 [f0cdaa](Structure)[-]",02233,,structure,structure,Building,Bandit
agfDecobanditWallSiding1x4Green,"Bandit Wall, Siding, Green, 1x4 [f0cdaa](Structure)[-]",02234,,structure,structure,Building,Bandit
agfDecobanditWallSiding1x4Grey,"Bandit Wall, Siding, Grey, 1x4 [f0cdaa](Structure)[-]",02235,,structure,structure,Building,Bandit
agfDecobanditWallSiding1x4Orange,"Bandit Wall, Siding, Orange, 1x4 [f0cdaa](Structure)[-]",02236,,structure,structure,Building,Bandit
agfDecobanditWallSiding1x4Red,"Bandit Wall, Siding, Red, 1x4 [f0cdaa](Structure)[-]",02237,,structure,structure,Building,Bandit
agfDecobanditWallSiding1x4White,"Bandit Wall, Siding, White, 1x4 [f0cdaa](Structure)[-]",02238,,structure,structure,Building,Bandit
agfDecobanditWallSiding1x4Yellow,"Bandit Wall, Siding, Yellow, 1x4 [f0cdaa](Structure)[-]",02239,,structure,structure,Building,Bandit
agfDecobanditWallSiding2x2Blue,"Bandit Wall, Siding, Blue, 2x2 [f0cdaa](Structure)[-]",02240,,structure,structure,Building,Bandit
agfDecobanditWallSiding2x2Brown,"Bandit Wall, Siding, Brown, 2x2 [f0cdaa](Structure)[-]",02241,,structure,structure,Building,Bandit
agfDecobanditWallSiding2x2Green,"Bandit Wall, Siding, Green, 2x2 [f0cdaa](Structure)[-]",02242,,structure,structure,Building,Bandit
agfDecobanditWallSiding2x2Grey,"Bandit Wall, Siding, Grey, 2x2 [f0cdaa](Structure)[-]",02243,,structure,structure,Building,Bandit
agfDecobanditWallSiding2x2Orange,"Bandit Wall, Siding, Orange, 2x2 [f0cdaa](Structure)[-]",02244,,structure,structure,Building,Bandit
agfDecobanditWallSiding2x2Red,"Bandit Wall, Siding, Red, 2x2 [f0cdaa](Structure)[-]",02245,,structure,structure,Building,Bandit
agfDecobanditWallSiding2x2White,"Bandit Wall, Siding, White, 2x2 [f0cdaa](Structure)[-]",02246,,structure,structure,Building,Bandit
agfDecobanditWallSiding2x2Yellow,"Bandit Wall, Siding, Yellow, 2x2 [f0cdaa](Structure)[-]",02247,,structure,structure,Building,Bandit
agfDecobanditWallSiding3x3Blue,"Bandit Wall, Siding, Blue, 3x3 [f0cdaa](Structure)[-]",02248,,structure,structure,Building,Bandit
agfDecobanditWallSiding3x3Brown,"Bandit Wall, Siding, Brown, 3x3 [f0cdaa](Structure)[-]",02249,,structure,structure,Building,Bandit
agfDecobanditWallSiding3x3Green,"Bandit Wall, Siding, Green, 3x3 [f0cdaa](Structure)[-]",02250,,structure,structure,Building,Bandit
agfDecobanditWallSiding3x3Grey,"Bandit Wall, Siding, Grey, 3x3 [f0cdaa](Structure)[-]",02251,,structure,structure,Building,Bandit
agfDecobanditWallSiding3x3Orange,"Bandit Wall, Siding, Orange, 3x3 [f0cdaa](Structure)[-]",02252,,structure,structure,Building,Bandit
agfDecobanditWallSiding3x3Red,"Bandit Wall, Siding, Red, 3x3 [f0cdaa](Structure)[-]",02253,,structure,structure,Building,Bandit
agfDecobanditWallSiding3x3White,"Bandit Wall, Siding, White, 3x3 [f0cdaa](Structure)[-]",02254,,structure,structure,Building,Bandit
agfDecobanditWallSiding3x3Yellow,"Bandit Wall, Siding, Yellow, 3x3 [f0cdaa](Structure)[-]",02255,,structure,structure,Building,Bandit
agfDecobanditWallSidingDiagonal2x2Blue,"Bandit Wall, Siding, Diagonal, Blue, 2x2 [f0cdaa](Structure)[-]",02256,,structure,structure,Building,Bandit
agfDecobanditWallSidingDiagonal2x2Brown,"Bandit Wall, Siding, Diagonal, Brown, 2x2 [f0cdaa](Structure)[-]",02257,,structure,structure,Building,Bandit
agfDecobanditWallSidingDiagonal2x2Green,"Bandit Wall, Siding, Diagonal, Green, 2x2 [f0cdaa](Structure)[-]",02258,,structure,structure,Building,Bandit
agfDecobanditWallSidingDiagonal2x2Grey,"Bandit Wall, Siding, Diagonal, Grey, 2x2 [f0cdaa](Structure)[-]",02259,,structure,structure,Building,Bandit
agfDecobanditWallSidingDiagonal2x2Orange,"Bandit Wall, Siding, Diagonal, Orange, 2x2 [f0cdaa](Structure)[-]",02260,,structure,structure,Building,Bandit
agfDecobanditWallSidingDiagonal2x2Red,"Bandit Wall, Siding, Diagonal, Red, 2x2 [f0cdaa](Structure)[-]",02261,,structure,structure,Building,Bandit
agfDecobanditWallSidingDiagonal2x2White,"Bandit Wall, Siding, Diagonal, White, 2x2 [f0cdaa](Structure)[-]",02262,,structure,structure,Building,Bandit
agfDecobanditWallSidingDiagonal2x2Yellow,"Bandit Wall, Siding, Diagonal, Yellow, 2x2 [f0cdaa](Structure)[-]",02263,,structure,structure,Building,Bandit
agfDecobanditWallStreetsign3x2,"Bandit Wall, Street Sign, 3x2 [f0cdaa](Structure)[-]",02264,,structure,structure,Building,Bandit
agfDecoiBeamCorner,"I-Beam, Corner [f0cdaa](Structure)[-]",02265,,structure,structure,Building,Bandit
agfDecoiBeamCornerCentered,"I-Beam Centered, Corner [f0cdaa](Structure)[-]",02266,,structure,structure,Building,Bandit
agfDecoiBeamSmall,I-Beam Small [f0cdaa](Structure)[-],02267,,structure,structure,Building,Bandit
agfDecoiBeam,I-Beam [f0cdaa](Structure)[-],02268,,structure,structure,Building,Bandit
agfDecoiBeam5wayCentered,I-Beam Centered 5-way [f0cdaa](Structure)[-],02269,,structure,structure,Building,Bandit
agfDecoiBeam6wayCentered,I-Beam Centered 6-way [f0cdaa](Structure)[-],02270,,structure,structure,Building,Bandit
agfDecoiBeamBent,I-Beam Bent [f0cdaa](Structure)[-],02271,,structure,structure,Building,Bandit
agfDecoiBeamCentered,I-Beam Centered [f0cdaa](Structure)[-],02272,,structure,structure,Building,Bandit
agfDecoiBeamCenteredFoundation,I-Beam Centered Foundation [f0cdaa](Structure)[-],02273,,structure,structure,Building,Bandit
agfDecoiBeamFoundation,I-Beam Foundation [f0cdaa](Structure)[-],02274,,structure,structure,Building,Bandit
agfDecoiBeamSupport,I-Beam Support [f0cdaa](Structure)[-],02275,,structure,structure,Building,Bandit
agfDecoiBeamTCentered,I-Beam Centered T [f0cdaa](Structure)[-],02276,,structure,structure,Building,Bandit
agfDecosandbagCorner01Short,"Sandbags, Short, Corner [f0cdaa](Structure)[-]",02277,,structure,structure,Building,Sandbags
agfDecosandbagCorner02Long,"Sandbags Long, Corner [f0cdaa](Structure)[-]",02278,,structure,structure,Building,Sandbags
agfDecosandbagEnd00,Sandbags End 1 [f0cdaa](Structure)[-],02279,,structure,structure,Building,Sandbags
agfDecosandbagEnd01,Sandbags End 2 [f0cdaa](Structure)[-],02280,,structure,structure,Building,Sandbags
agfDecosandbagEnd02,Sandbags End 3 [f0cdaa](Structure)[-],02281,,structure,structure,Building,Sandbags
agfDecosandbagPile01,Sandbags Pile 1 [f0cdaa](Structure)[-],02282,,structure,structure,Building,Sandbags
agfDecosandbagPile02,Sandbags Pile 2 [f0cdaa](Structure)[-],02283,,structure,structure,Building,Sandbags
agfDecosandbagSingle01,Sandbags Single 1 [f0cdaa](Structure)[-],02284,,structure,structure,Building,Sandbags
agfDecosandbagSingle02,Sandbags Single 2 [f0cdaa](Structure)[-],02285,,structure,structure,Building,Sandbags
agfDecosandbagSingle03,Sandbags Single 3 [f0cdaa](Structure)[-],02286,,structure,structure,Building,Sandbags
agfDecosandbagSingle04,Sandbags Single 4 [f0cdaa](Structure)[-],02287,,structure,structure,Building,Sandbags
agfDecosandbagSingle05,Sandbags Single 5 [f0cdaa](Structure)[-],02288,,structure,structure,Building,Sandbags
agfDecosandbagStraight01,Sandbags Straight [f0cdaa](Structure)[-],02289,,structure,structure,Building,Sandbags
agfDecobarrierConcrete,Concrete Barrier [f0cdaa](Structure)[-],02290,,structure,barrierConcrete,Building,Barrier
agfDecobarrierMilitary,Military Barrier [f0cdaa](Structure)[-],02291,,structure,barrierMilitary,Building,Barrier
agfDecobarrierPlasticBlue,"Plastic Barrier, Blue [f0cdaa](Structure)[-]",02292,,structure,barrierPlastic,Building,Barrier
agfDecobarrierPlasticOrange,"Plastic Barrier, Orange [f0cdaa](Structure)[-]",02293,,structure,barrierPlastic,Building,Barrier
agfDecobarrierPlasticRed,"Plastic Barrier, Red [f0cdaa](Structure)[-]",02294,,structure,barrierPlastic,Building,Barrier
agfDecobarrierPlasticWhite,"Plastic Barrier, White [f0cdaa](Structure)[-]",02295,,structure,barrierPlastic,Building,Barrier
agfDecobarrierPlasticYellow,"Plastic Barrier, Yellow [f0cdaa](Structure)[-]",02296,,structure,barrierPlastic,Building,Barrier
agfDecoguardRailBarrier,"Guardrail End, Right [f0cdaa](Structure)[-]",02297,,structure,structure,Building,Barrier
agfDecoguardRailBarrierTall,"Guardrail End, Tall, Right [f0cdaa](Structure)[-]",02298,,structure,structure,Building,Barrier
agfDecoguardRailBarrierFlipped,"Guardrail End, Left [f0cdaa](Structure)[-]",02299,,structure,structure,Building,Barrier
agfDecoguardRailBarrierFlippedTall,"Guardrail End, Tall, Left [f0cdaa](Structure)[-]",02300,,structure,structure,Building,Barrier
agfDecoguardRailBend,Guardrail Curved End [f0cdaa](Structure)[-],02301,,structure,structure,Building,Barrier
agfDecoguardRailBend8mIncline,"Guardrail Bend Incline 01, Left, 8m [f0cdaa](Structure)[-]",02302,,structure,structure,Building,Barrier
agfDecoguardRailBend8mIncline2,"Guardrail Bend Incline 02, Right, 8m [f0cdaa](Structure)[-]",02303,,structure,structure,Building,Barrier
agfDecoguardRailBend8mInclineFlipped,"Guardrail Bend Incline 01, Right, 8m [f0cdaa](Structure)[-]",02304,,structure,structure,Building,Barrier
agfDecoguardRailBend8mInclineFlipped2,"Guardrail Bend Incline 02, Left, 8m [f0cdaa](Structure)[-]",02305,,structure,structure,Building,Barrier
agfDecoguardRailPole,Guardrail Straight Pole [f0cdaa](Structure)[-],02306,,structure,structure,Building,Barrier
agfDecoguardRailPoleTall,"Guardrail Straight Pole, Tall [f0cdaa](Structure)[-]",02307,,structure,structure,Building,Barrier
agfDecoguardRailPole8mIncline,"Guardrail Pole Incline, Left, 8m [f0cdaa](Structure)[-]",02308,,structure,structure,Building,Barrier
agfDecoguardRailPole8mInclineFlipped,"Guardrail Pole Incline, Right, 8m [f0cdaa](Structure)[-]",02309,,structure,structure,Building,Barrier
agfDecoguardRailStraight,Guardrail Straight [f0cdaa](Structure)[-],02310,,structure,structure,Building,Barrier
agfDecoguardRailStraight8mIncline,"Guardrail Straight Incline, Left, 8m [f0cdaa](Structure)[-]",02311,,structure,structure,Building,Barrier
agfDecoguardRailStraight8mInclineFlipped,"Guardrail Straight Incline, Right, 8m [f0cdaa](Structure)[-]",02312,,structure,structure,Building,Barrier
agfDecoguardRailStraightLong,Guardrail Straight Long [f0cdaa](Structure)[-],02313,,structure,structure,Building,Barrier
agfDecodecoConcreteBollard,Concrete Bollard [f0cdaa](Structure)[-],02314,,structure,decoConcreteBollard,Building,Bollard
agfDecodecoConcreteBollardDestroyed01,Concrete Bollard Destroyed 01 [f0cdaa](Structure)[-],02315,,structure,decoConcreteBollardDestroyed0,Building,Bollard
agfDecodecoConcreteBollardDestroyed02,Concrete Bollard Destroyed 02 [f0cdaa](Structure)[-],02316,,structure,decoConcreteBollardDestroyed0,Building,Bollard
agfDecodecoConcreteBollardDestroyed03,Concrete Bollard Destroyed 03 [f0cdaa](Structure)[-],02317,,structure,decoConcreteBollardDestroyed0,Building,Bollard
agfDecodecoMetalBollard,Metal Bollard [f0cdaa](Structure)[-],02318,,structure,decoMetalBollard,Building,Bollard
agfDecodecoMetalBollardDestroyed01,Metal Bollard Destroyed 01 [f0cdaa](Structure)[-],02319,,structure,decoMetalBollard,Building,Bollard
agfDecoparkingBlock,"Parking Block, Grey [f0cdaa](Structure)[-]",02320,,structure,structure,Building,City
agfDecoparkingBlockBroken,"Parking Block, Broken, Grey [f0cdaa](Structure)[-]",02321,,structure,structure,Building,City
agfDecoparkingBlockBlue,"Parking Block, Blue [f0cdaa](Structure)[-]",02322,,structure,structure,Building,City
agfDecoparkingBlockBrokenBlue,"Parking Block, Broken, Blue [f0cdaa](Structure)[-]",02323,,structure,structure,Building,City
agfDecoparkingBlockWhite,"Parking Block, White [f0cdaa](Structure)[-]",02324,,structure,structure,Building,City
agfDecoparkingBlockBrokenWhite,"Parking Block, Broken, White [f0cdaa](Structure)[-]",02325,,structure,structure,Building,City
agfDecoparkingBlockYellow,"Parking Block, Yellow [f0cdaa](Structure)[-]",02326,,structure,structure,Building,City
agfDecoparkingBlockBrokenYellow,"Parking Block, Broken, Yellow [f0cdaa](Structure)[-]",02327,,structure,structure,Building,City
agfDecoparkingBlockCrooked1,"Parking Block, Crooked 1, Grey [f0cdaa](Structure)[-]",02328,,structure,structure,Building,City
agfDecoparkingBlockCrooked1Blue,"Parking Block, Crooked 1, Blue [f0cdaa](Structure)[-]",02329,,structure,structure,Building,City
agfDecoparkingBlockCrooked1White,"Parking Block, Crooked 1, White [f0cdaa](Structure)[-]",02330,,structure,structure,Building,City
agfDecoparkingBlockCrooked1Yellow,"Parking Block, Crooked 1, Yellow [f0cdaa](Structure)[-]",02331,,structure,structure,Building,City
agfDecoparkingBlockCrooked2,"Parking Block, Crooked 2, Grey [f0cdaa](Structure)[-]",02332,,structure,structure,Building,City
agfDecoparkingBlockCrooked2Blue,"Parking Block, Crooked 2, Blue [f0cdaa](Structure)[-]",02333,,structure,structure,Building,City
agfDecoparkingBlockCrooked2White,"Parking Block, Crooked 2, White [f0cdaa](Structure)[-]",02334,,structure,structure,Building,City
agfDecoparkingBlockCrooked2Yellow,"Parking Block, Crooked 2, Yellow [f0cdaa](Structure)[-]",02335,,structure,structure,Building,City
agfDecochainlinkFenceBottomPlain,Chain Link Bottom Plain [f0cdaa](Structure)[-],02336,,structure,structure,Building,Chainlink
agfDecochainlinkFenceBottomPlainCorner,"Chain Link Bottom Plain, Corner [f0cdaa](Structure)[-]",02337,,structure,structure,Building,Chainlink
agfDecochainlinkFenceBottomPlainPoleLeft,"Chain Link Bottom Plain Pole, Left [f0cdaa](Structure)[-]",02338,,structure,structure,Building,Chainlink
agfDecochainlinkFenceBottomPlainPoleRight,"Chain Link Bottom Plain Pole, Right [f0cdaa](Structure)[-]",02339,,structure,structure,Building,Chainlink
agfDecochainlinkFenceBottomRail,Chain Link Bottom Rail [f0cdaa](Structure)[-],02340,,structure,structure,Building,Chainlink
agfDecochainlinkFenceBottomRailPoleCorner,"Chain Link Bottom Rail Pole, Corner [f0cdaa](Structure)[-]",02341,,structure,structure,Building,Chainlink
agfDecochainlinkFenceBottomRailPoleLeft,"Chain Link Bottom Rail Pole, Left [f0cdaa](Structure)[-]",02342,,structure,structure,Building,Chainlink
agfDecochainlinkFenceBottomRailPoleRight,"Chain Link Bottom Rail Pole, Right [f0cdaa](Structure)[-]",02343,,structure,structure,Building,Chainlink
agfDecochainlinkFenceMiddleRail,Chain Link Middle Rail [f0cdaa](Structure)[-],02344,,structure,structure,Building,Chainlink
agfDecochainlinkFenceMiddleRailPoleCorner,"Chain Link Middle Rail Pole, Corner [f0cdaa](Structure)[-]",02345,,structure,structure,Building,Chainlink
agfDecochainlinkFenceMiddleRailPoleLeft,"Chain Link Middle Rail Pole, Left [f0cdaa](Structure)[-]",02346,,structure,structure,Building,Chainlink
agfDecochainlinkFenceMiddleRailPoleRight,"Chain Link Middle Rail Pole, Right [f0cdaa](Structure)[-]",02347,,structure,structure,Building,Chainlink
agfDecochainlinkFencePole,"Chain Link Pole, Right [f0cdaa](Structure)[-]",02348,,structure,structure,Building,Chainlink
agfDecochainlinkFencePole02,"Chain Link Pole, Left [f0cdaa](Structure)[-]",02349,,structure,structure,Building,Chainlink
agfDecochainlinkFencePole03,"Chain Link Pole, Corner [f0cdaa](Structure)[-]",02350,,structure,structure,Building,Chainlink
agfDecochainlinkFenceTopPlainCorner,"Chain Link Top Plain, Corner [f0cdaa](Structure)[-]",02351,,structure,structure,Building,Chainlink
agfDecochainlinkFenceTopPlainPoleLeft,"Chain Link Top Plain Pole, Left [f0cdaa](Structure)[-]",02352,,structure,structure,Building,Chainlink
agfDecochainlinkFenceTopPlainPoleRight,"Chain Link Top Plain Pole, Right [f0cdaa](Structure)[-]",02353,,structure,structure,Building,Chainlink
agfDecochainlinkFenceTopPlainRail,Chain Link Top Plain Rail [f0cdaa](Structure)[-],02354,,structure,structure,Building,Chainlink
agfDecochainlinkFenceTopRail,Chain Link Top Rail [f0cdaa](Structure)[-],02355,,structure,structure,Building,Chainlink
agfDecochainlinkFenceTopRailBridge,Chain Link Top Rail Bridge [f0cdaa](Structure)[-],02356,,structure,structure,Building,Chainlink
agfDecochainlinkFenceTopRailCorner,"Chain Link Top Rail, Corner [f0cdaa](Structure)[-]",02357,,structure,structure,Building,Chainlink
agfDecochainlinkFenceTopRailPoleLeft,"Chain Link Top Rail Pole, Left [f0cdaa](Structure)[-]",02358,,structure,structure,Building,Chainlink
agfDecochainlinkFenceTopRailPoleRight,"Chain Link Top Rail Pole, Right [f0cdaa](Structure)[-]",02359,,structure,structure,Building,Chainlink
agfDecotarpFenceBlue,"Tarp Fence, Blue [f0cdaa](Structure)[-]",02360,,structure,structure,Building,ChainlinkTarp
agfDecotarpFenceGreen,"Tarp Fence, Green [f0cdaa](Structure)[-]",02361,,structure,structure,Building,ChainlinkTarp
agfDecotarpFenceRed,"Tarp Fence, Red [f0cdaa](Structure)[-]",02362,,structure,structure,Building,ChainlinkTarp
agfDecotarpFenceWhite,"Tarp Fence, White [f0cdaa](Structure)[-]",02363,,structure,structure,Building,ChainlinkTarp
agfDecotarpFenceSagingBlue,"Tarp Fence Sagging, Blue [f0cdaa](Structure)[-]",02364,,structure,structure,Building,ChainlinkTarp
agfDecotarpFenceSagingGreen,"Tarp Fence Sagging, Green [f0cdaa](Structure)[-]",02365,,structure,structure,Building,ChainlinkTarp
agfDecotarpFenceSagingRed,"Tarp Fence Sagging, Red [f0cdaa](Structure)[-]",02366,,structure,structure,Building,ChainlinkTarp
agfDecotarpFenceSagingWhite,"Tarp Fence Sagging, White [f0cdaa](Structure)[-]",02367,,structure,structure,Building,ChainlinkTarp
agfDecotarpFenceCornerBlue,"Tarp Fence, Corner, Blue [f0cdaa](Structure)[-]",02368,,structure,structure,Building,ChainlinkTarp
agfDecotarpFenceCornerGreen,"Tarp Fence, Corner, Green [f0cdaa](Structure)[-]",02369,,structure,structure,Building,ChainlinkTarp
agfDecotarpFenceCornerRed,"Tarp Fence, Corner, Red [f0cdaa](Structure)[-]",02370,,structure,structure,Building,ChainlinkTarp
agfDecotarpFenceCornerWhite,"Tarp Fence, Corner, White [f0cdaa](Structure)[-]",02371,,structure,structure,Building,ChainlinkTarp
agfDecotarpFenceFallingRightBlue,"Tarp Fence Falling, Right, Blue [f0cdaa](Structure)[-]",02372,,structure,structure,Building,ChainlinkTarp
agfDecotarpFenceFallingRightGreen,"Tarp Fence Falling, Right, Green [f0cdaa](Structure)[-]",02373,,structure,structure,Building,ChainlinkTarp
agfDecotarpFenceFallingRightRed,"Tarp Fence Falling, Right, Red [f0cdaa](Structure)[-]",02374,,structure,structure,Building,ChainlinkTarp
agfDecotarpFenceFallingRightWhite,"Tarp Fence Falling, Right, White [f0cdaa](Structure)[-]",02375,,structure,structure,Building,ChainlinkTarp
agfDecotarpFenceFallingLeftBlue,"Tarp Fence Falling, Left, Blue [f0cdaa](Structure)[-]",02376,,structure,structure,Building,ChainlinkTarp
agfDecotarpFenceFallingLeftGreen,"Tarp Fence Falling, Left, Green [f0cdaa](Structure)[-]",02377,,structure,structure,Building,ChainlinkTarp
agfDecotarpFenceFallingLeftRed,"Tarp Fence Falling, Left, Red [f0cdaa](Structure)[-]",02378,,structure,structure,Building,ChainlinkTarp
agfDecotarpFenceFallingLeftWhite,"Tarp Fence Falling, Left, White [f0cdaa](Structure)[-]",02379,,structure,structure,Building,ChainlinkTarp
agfDecotarpHangingBlue,"Hanging Tarp, Blue [ddcdfa](Deco)[-]",02380,,plain,tarpHanging,Building,ChainlinkTarp
agfDecotarpHangingGreen,"Hanging Tarp, Green [ddcdfa](Deco)[-]",02381,,plain,tarpHanging,Building,ChainlinkTarp
agfDecotarpHangingRed,"Hanging Tarp, Red [ddcdfa](Deco)[-]",02382,,plain,tarpHanging,Building,ChainlinkTarp
agfDecotarpHangingWhite,"Hanging Tarp, White [ddcdfa](Deco)[-]",02383,,plain,tarpHanging,Building,ChainlinkTarp
agfDecoironWroughtFence_01,Wrought Iron Fence Top Centered [f0cdaa](Structure)[-],02384,,structure,ironWroughtFence_0,Building,Iron
agfDecoironWroughtFence_02,Wrought Iron Fence Bottom Centered [f0cdaa](Structure)[-],02385,,structure,ironWroughtFence_0,Building,Iron
agfDecoironWroughtFenceSpike_01,Wrought Iron Fence Spike Top Centered [f0cdaa](Structure)[-],02386,,structure,ironWroughtFence,Building,Iron
agfDecoironWroughtFenceWall_01,Wrought Iron Fence Top [f0cdaa](Structure)[-],02387,,structure,ironWroughtFenceWall_0,Building,Iron
agfDecoironWroughtFenceWall_02,Wrought Iron Fence Bottom [f0cdaa](Structure)[-],02388,,structure,ironWroughtFenceWall_0,Building,Iron
agfDecoironWroughtFenceWallSpike_01,Wrought Iron Fence Spike Top [f0cdaa](Structure)[-],02389,,structure,ironWroughtFenceWall,Building,Iron
agfDecoironWroughtFenceWallTopVent_03,Wrought Iron Fence Bent Top [f0cdaa](Structure)[-],02390,,structure,ironWroughtFenceWall,Building,Iron
agfDecoironWroughtFenceWallCorner_01,"Wrought Iron Fence Top, Corner [f0cdaa](Structure)[-]",02391,,structure,ironWroughtFenceWallCorner_0,Building,Iron
agfDecoironWroughtFenceWallCorner_02,"Wrought Iron Fence Bottom, Corner [f0cdaa](Structure)[-]",02392,,structure,ironWroughtFenceWallCorner_0,Building,Iron
agfDecoironWroughtFenceWallCornerSpike_01,"Wrought Iron Fence Spike Top, Corner [f0cdaa](Structure)[-]",02393,,structure,ironWroughtFenceWall,Building,Iron
agfDecoironWroughtFenceWallBrokenLeft_01,"Wrought Iron Fence Top, Left, Broken [f0cdaa](Structure)[-]",02394,,structure,ironWroughtFenceWallBrokenLeft_0,Building,Iron
agfDecoironWroughtFenceWallBrokenLeft_02,"Wrought Iron Fence Middle, Left, Broken [f0cdaa](Structure)[-]",02395,,structure,ironWroughtFenceWallBrokenLeft_0,Building,Iron
agfDecoironWroughtFenceWallBrokenLeft_03,"Wrought Iron Fence Bottom, Left, Broken [f0cdaa](Structure)[-]",02396,,structure,ironWroughtFenceWallBrokenLeft_0,Building,Iron
agfDecoironWroughtFenceWallBrokenLeftSpike_01,"Wrought Iron Fence Spike Top, Left, Broken [f0cdaa](Structure)[-]",02397,,structure,ironWroughtFenceWallBroken,Building,Iron
agfDecoironWroughtFenceWallBrokenRight_01,"Wrought Iron Fence Top, Right, Broken [f0cdaa](Structure)[-]",02398,,structure,ironWroughtFenceWallBrokenRight_0,Building,Iron
agfDecoironWroughtFenceWallBrokenRight_02,"Wrought Iron Fence Middle, Right, Broken [f0cdaa](Structure)[-]",02399,,structure,ironWroughtFenceWallBrokenRight_0,Building,Iron
agfDecoironWroughtFenceWallBrokenRight_03,"Wrought Iron Fence Bottom, Right, Broken [f0cdaa](Structure)[-]",02400,,structure,ironWroughtFenceWallBrokenRight_0,Building,Iron
agfDecoironWroughtFenceWallBrokenRightSpike_01,"Wrought Iron Fence Spike Top, Right, Broken [f0cdaa](Structure)[-]",02401,,structure,ironWroughtFenceWallBroken,Building,Iron
agfDecoironWroughtFenceWallDamageFallen_01,Wrought Iron Fence Top Fallen [f0cdaa](Structure)[-],02402,,structure,ironWroughtFenceWallDamageFallen_0,Building,Iron
agfDecoironWroughtFenceWallDamageFallen_02,Wrought Iron Fence Top Fallen [f0cdaa](Structure)[-],02403,,structure,ironWroughtFenceWallDamageFallen_0,Building,Iron
agfDecoironWroughtFenceWallDamageFallen_03,Wrought Iron Fence Bottom Fallen [f0cdaa](Structure)[-],02404,,structure,ironWroughtFenceWallDamageFallen_0,Building,Iron
agfDecoironWroughtFenceWallDamageFallenSpike_01,Wrought Iron Fence Spike Top Fallen [f0cdaa](Structure)[-],02405,,structure,ironWroughtFenceWallDamageFallenSpike_0,Building,Iron
agfDecoironWroughtFenceWallDamageFallenSpike_02,Wrought Iron Fence Spike Top Fallen [f0cdaa](Structure)[-],02406,,structure,ironWroughtFenceWallDamageFallenSpike_0,Building,Iron
agfDecologWallLeft,"Log Wall 01, Left [ddcdfa](Deco)[-]",02407,,plain,logWallLeft,Building,Log
agfDecologWallLeftSpikes,"Log Wall Spikes 01, Left [ddcdfa](Deco)[-]",02408,,plain,logWallLeftSpikes,Building,Log
agfDecologWallLeft2,"Log Wall 02, Left [ddcdfa](Deco)[-]",02409,,plain,logWallLeft,Building,Log
agfDecologWallLeftSpikes2,"Log Wall Spikes 02, Left [ddcdfa](Deco)[-]",02410,,plain,logWallLeftSpikes,Building,Log
agfDecologWallRight,"Log Wall 01, Right [ddcdfa](Deco)[-]",02411,,plain,logWallRight,Building,Log
agfDecologWallRightSpikes,"Log Wall Spikes 01, Right [ddcdfa](Deco)[-]",02412,,plain,logWallRightSpikes,Building,Log
agfDecologWallRight2,"Log Wall 02, Right [ddcdfa](Deco)[-]",02413,,plain,logWallRight,Building,Log
agfDecologWallRightSpikes2,"Log Wall Spikes 02, Right [ddcdfa](Deco)[-]",02414,,plain,logWallRightSpikes,Building,Log
agfDecologWallPillar,Log Wall Pillar [ddcdfa](Deco)[-],02415,,plain,logWallPillar,Building,Log
agfDecologWallPillarCap,Log Wall Pillar Cap 01 [ddcdfa](Deco)[-],02416,,plain,logWallPillarCap,Building,Log
agfDecologWallPillarCap2,Log Wall Pillar Cap 02 [ddcdfa](Deco)[-],02417,,plain,logWallPillarCap,Building,Log
agfDecojailBarsBlue,"Jail Bars, Blue [f0cdaa](Structure)[-]",02418,,structure,structure,Building,Jail
agfDecojailBarsBrown,"Jail Bars, Brown [f0cdaa](Structure)[-]",02419,,structure,structure,Building,Jail
agfDecojailBarsGreen,"Jail Bars, Green [f0cdaa](Structure)[-]",02420,,structure,structure,Building,Jail
agfDecojailBarsGrey,"Jail Bars, Grey [f0cdaa](Structure)[-]",02421,,structure,structure,Building,Jail
agfDecojailBarsWhite,"Jail Bars, White [f0cdaa](Structure)[-]",02422,,structure,structure,Building,Jail
agfDecojailBarsYellow,"Jail Bars, Yellow [f0cdaa](Structure)[-]",02423,,structure,structure,Building,Jail
agfDecoshippingContainerCapBlue,"Shipping Container Cap, Blue [f0cdaa](Structure)[-]",02424,,structure,structure,Building,Cap
agfDecoshippingContainerCapGreen,"Shipping Container Cap, Green [f0cdaa](Structure)[-]",02425,,structure,structure,Building,Cap
agfDecoshippingContainerCapOrange,"Shipping Container Cap, Orange [f0cdaa](Structure)[-]",02426,,structure,structure,Building,Cap
agfDecoshippingContainerCapWhite,"Shipping Container Cap, White [f0cdaa](Structure)[-]",02427,,structure,structure,Building,Cap
agfDecoshippingContainerDoorsClosedBlue,"Shipping Container Doors, Closed, Blue [f0cdaa](Structure)[-]",02428,,structure,structure,Building,Closed
agfDecoshippingContainerDoorsClosedGreen,"Shipping Container Doors, Closed, Green [f0cdaa](Structure)[-]",02429,,structure,structure,Building,Closed
agfDecoshippingContainerDoorsClosedOrange,"Shipping Container Doors, Closed, Orange [f0cdaa](Structure)[-]",02430,,structure,structure,Building,Closed
agfDecoshippingContainerDoorsClosedWhite,"Shipping Container Doors, Closed, White [f0cdaa](Structure)[-]",02431,,structure,structure,Building,Closed
agfDecoshippingContainerDoorCrackedOpenBlue,"Shipping Container Door Cracked, Open, Blue [f0cdaa](Structure)[-]",02432,,structure,structure,Building,Crackedopen
agfDecoshippingContainerDoorCrackedOpenGreen,"Shipping Container Door Cracked, Open, Green [f0cdaa](Structure)[-]",02433,,structure,structure,Building,Crackedopen
agfDecoshippingContainerDoorCrackedOpenOrange,"Shipping Container Door Cracked, Open, Orange [f0cdaa](Structure)[-]",02434,,structure,structure,Building,Crackedopen
agfDecoshippingContainerDoorCrackedOpenWhite,"Shipping Container Door Cracked, Open, White [f0cdaa](Structure)[-]",02435,,structure,structure,Building,Crackedopen
agfDecoshippingContainerDoorFrameBlue,"Shipping Container Door Frame, Blue [f0cdaa](Structure)[-]",02436,,structure,structure,Building,Frame
agfDecoshippingContainerDoorFrameGreen,"Shipping Container Door Frame, Green [f0cdaa](Structure)[-]",02437,,structure,structure,Building,Frame
agfDecoshippingContainerDoorFrameOrange,"Shipping Container Door Frame, Orange [f0cdaa](Structure)[-]",02438,,structure,structure,Building,Frame
agfDecoshippingContainerDoorFrameWhite,"Shipping Container Door Frame, White [f0cdaa](Structure)[-]",02439,,structure,structure,Building,Frame
agfDecoshippingContainerDoorLeftOpenBlue,"Shipping Container Door, Left, Open, Blue [f0cdaa](Structure)[-]",02440,,structure,structure,Building,Leftopen
agfDecoshippingContainerDoorLeftOpenGreen,"Shipping Container Door, Left, Open, Green [f0cdaa](Structure)[-]",02441,,structure,structure,Building,Leftopen
agfDecoshippingContainerDoorLeftOpenOrange,"Shipping Container Door, Left, Open, Orange [f0cdaa](Structure)[-]",02442,,structure,structure,Building,Leftopen
agfDecoshippingContainerDoorLeftOpenWhite,"Shipping Container Door, Left, Open, White [f0cdaa](Structure)[-]",02443,,structure,structure,Building,Leftopen
agfDecoshippingContainerDoorLeftRotatedBlue,"Shipping Container Door Rotated, Left, Blue [f0cdaa](Structure)[-]",02444,,structure,structure,Building,Leftrotated
agfDecoshippingContainerDoorLeftRotatedGreen,"Shipping Container Door Rotated, Left, Green [f0cdaa](Structure)[-]",02445,,structure,structure,Building,Leftrotated
agfDecoshippingContainerDoorLeftRotatedOrange,"Shipping Container Door Rotated, Left, Orange [f0cdaa](Structure)[-]",02446,,structure,structure,Building,Leftrotated
agfDecoshippingContainerDoorLeftRotatedWhite,"Shipping Container Door Rotated, Left, White [f0cdaa](Structure)[-]",02447,,structure,structure,Building,Leftrotated
agfDecoshippingContainerDoorRightOpenBlue,"Shipping Container Door, Right, Open, Blue [f0cdaa](Structure)[-]",02448,,structure,structure,Building,Rightopen
agfDecoshippingContainerDoorRightOpenGreen,"Shipping Container Door, Right, Open, Green [f0cdaa](Structure)[-]",02449,,structure,structure,Building,Rightopen
agfDecoshippingContainerDoorRightOpenOrange,"Shipping Container Door, Right, Open, Orange [f0cdaa](Structure)[-]",02450,,structure,structure,Building,Rightopen
agfDecoshippingContainerDoorRightOpenWhite,"Shipping Container Door, Right, Open, White [f0cdaa](Structure)[-]",02451,,structure,structure,Building,Rightopen
agfDecoshippingContainerDoorRightRotatedBlue,"Shipping Container Door Rotated, Right, Blue [f0cdaa](Structure)[-]",02452,,structure,structure,Building,Rightrotated
agfDecoshippingContainerDoorRightRotatedGreen,"Shipping Container Door Rotated, Right, Green [f0cdaa](Structure)[-]",02453,,structure,structure,Building,Rightrotated
agfDecoshippingContainerDoorRightRotatedOrange,"Shipping Container Door Rotated, Right, Orange [f0cdaa](Structure)[-]",02454,,structure,structure,Building,Rightrotated
agfDecoshippingContainerDoorRightRotatedWhite,"Shipping Container Door Rotated, Right, White [f0cdaa](Structure)[-]",02455,,structure,structure,Building,Rightrotated
agfDecoshippingContainerSideBlue,"Shipping Container Side, Blue [f0cdaa](Structure)[-]",02456,,structure,structure,Building,Side
agfDecoshippingContainerSideGreen,"Shipping Container Side, Green [f0cdaa](Structure)[-]",02457,,structure,structure,Building,Side
agfDecoshippingContainerSideOrange,"Shipping Container Side, Orange [f0cdaa](Structure)[-]",02458,,structure,structure,Building,Side
agfDecoshippingContainerSideWhite,"Shipping Container Side, White [f0cdaa](Structure)[-]",02459,,structure,structure,Building,Side
agfDecoshippingContainerSide2mBlue,"Shipping Container Side, Blue, 2m [f0cdaa](Structure)[-]",02460,,structure,structure,Building,Side2M
agfDecoshippingContainerSide2mGreen,"Shipping Container Side, Green, 2m [f0cdaa](Structure)[-]",02461,,structure,structure,Building,Side2M
agfDecoshippingContainerSide2mOrange,"Shipping Container Side, Orange, 2m [f0cdaa](Structure)[-]",02462,,structure,structure,Building,Side2M
agfDecoshippingContainerSide2mWhite,"Shipping Container Side, White, 2m [f0cdaa](Structure)[-]",02463,,structure,structure,Building,Side2M
agfDecoshippingContainerSideHoleBlue,"Shipping Container Side Hole, Blue [f0cdaa](Structure)[-]",02464,,structure,structure,Building,Sidehole
agfDecoshippingContainerSideHoleGreen,"Shipping Container Side Hole, Green [f0cdaa](Structure)[-]",02465,,structure,structure,Building,Sidehole
agfDecoshippingContainerSideHoleOrange,"Shipping Container Side Hole, Orange [f0cdaa](Structure)[-]",02466,,structure,structure,Building,Sidehole
agfDecoshippingContainerSideHoleWhite,"Shipping Container Side Hole, White [f0cdaa](Structure)[-]",02467,,structure,structure,Building,Sidehole
agfDecoshippingContainerSideTextBlue,"Shipping Container Side Text, Blue [f0cdaa](Structure)[-]",02468,,structure,structure,Building,Sidetext
agfDecoshippingContainerSideTextGreen,"Shipping Container Side Text, Green [f0cdaa](Structure)[-]",02469,,structure,structure,Building,Sidetext
agfDecoshippingContainerSideTextOrange,"Shipping Container Side Text, Orange [f0cdaa](Structure)[-]",02470,,structure,structure,Building,Sidetext
agfDecoshippingContainerSideTextWhite,"Shipping Container Side Text, White [f0cdaa](Structure)[-]",02471,,structure,structure,Building,Sidetext
agfDecotentBiohazardCapCenterArmyGreen,"Biohazard Tent Cap Center, Army Green [ddcdfa](Deco)[-]",02472,,plain,tentBiohazardCapCenter,Building,CapCenter
agfDecotentBiohazardCapCenterBlue,"Biohazard Tent Cap Center, Blue [ddcdfa](Deco)[-]",02473,,plain,tentBiohazardCapCenter,Building,CapCenter
agfDecotentBiohazardCapCenterBrown,"Biohazard Tent Cap Center, Brown [ddcdfa](Deco)[-]",02474,,plain,tentBiohazardCapCenter,Building,CapCenter
agfDecotentBiohazardCapCenterGreen,"Biohazard Tent Cap Center, Green [ddcdfa](Deco)[-]",02475,,plain,tentBiohazardCapCenter,Building,CapCenter
agfDecotentBiohazardCapCenterGrey,"Biohazard Tent Cap Center, Grey [ddcdfa](Deco)[-]",02476,,plain,tentBiohazardCapCenter,Building,CapCenter
agfDecotentBiohazardCapCenterOrange,"Biohazard Tent Cap Center, Orange [ddcdfa](Deco)[-]",02477,,plain,tentBiohazardCapCenter,Building,CapCenter
agfDecotentBiohazardCapCenterRed,"Biohazard Tent Cap Center, Red [ddcdfa](Deco)[-]",02478,,plain,tentBiohazardCapCenter,Building,CapCenter
agfDecotentBiohazardCapCenterWhite,"Biohazard Tent Cap Center, White [ddcdfa](Deco)[-]",02479,,plain,tentBiohazardCapCenter,Building,CapCenter
agfDecotentBiohazardCapCenterYellow,"Biohazard Tent Cap Center, Yellow [ddcdfa](Deco)[-]",02480,,plain,tentBiohazardCapCenter,Building,CapCenter
agfDecotentBiohazardCapCenterCamo,Camo Tent Cap Center [ddcdfa](Deco)[-],02481,,plain,tentBiohazardCapCenter,Building,CapCenter
agfDecotentBiohazardCapLeftArmyGreen,"Biohazard Tent Cap, Left, Army Green [ddcdfa](Deco)[-]",02482,,plain,tentBiohazardCapLeft,Building,CapLeft
agfDecotentBiohazardCapLeftBlue,"Biohazard Tent Cap, Left, Blue [ddcdfa](Deco)[-]",02483,,plain,tentBiohazardCapLeft,Building,CapLeft
agfDecotentBiohazardCapLeftBrown,"Biohazard Tent Cap, Left, Brown [ddcdfa](Deco)[-]",02484,,plain,tentBiohazardCapLeft,Building,CapLeft
agfDecotentBiohazardCapLeftGreen,"Biohazard Tent Cap, Left, Green [ddcdfa](Deco)[-]",02485,,plain,tentBiohazardCapLeft,Building,CapLeft
agfDecotentBiohazardCapLeftGrey,"Biohazard Tent Cap, Left, Grey [ddcdfa](Deco)[-]",02486,,plain,tentBiohazardCapLeft,Building,CapLeft
agfDecotentBiohazardCapLeftOrange,"Biohazard Tent Cap, Left, Orange [ddcdfa](Deco)[-]",02487,,plain,tentBiohazardCapLeft,Building,CapLeft
agfDecotentBiohazardCapLeftRed,"Biohazard Tent Cap, Left, Red [ddcdfa](Deco)[-]",02488,,plain,tentBiohazardCapLeft,Building,CapLeft
agfDecotentBiohazardCapLeftWhite,"Biohazard Tent Cap, Left, White [ddcdfa](Deco)[-]",02489,,plain,tentBiohazardCapLeft,Building,CapLeft
agfDecotentBiohazardCapLeftYellow,"Biohazard Tent Cap, Left, Yellow [ddcdfa](Deco)[-]",02490,,plain,tentBiohazardCapLeft,Building,CapLeft
agfDecotentBiohazardCapLeftCamo,"Camo Tent Cap, Left [ddcdfa](Deco)[-]",02491,,plain,tentBiohazardCapLeft,Building,CapLeft
agfDecotentBiohazardCapRightArmyGreen,"Biohazard Tent Cap, Right, Army Green [ddcdfa](Deco)[-]",02492,,plain,tentBiohazardCapRight,Building,CapRight
agfDecotentBiohazardCapRightBlue,"Biohazard Tent Cap, Right, Blue [ddcdfa](Deco)[-]",02493,,plain,tentBiohazardCapRight,Building,CapRight
agfDecotentBiohazardCapRightBrown,"Biohazard Tent Cap, Right, Brown [ddcdfa](Deco)[-]",02494,,plain,tentBiohazardCapRight,Building,CapRight
agfDecotentBiohazardCapRightGreen,"Biohazard Tent Cap, Right, Green [ddcdfa](Deco)[-]",02495,,plain,tentBiohazardCapRight,Building,CapRight
agfDecotentBiohazardCapRightGrey,"Biohazard Tent Cap, Right, Grey [ddcdfa](Deco)[-]",02496,,plain,tentBiohazardCapRight,Building,CapRight
agfDecotentBiohazardCapRightOrange,"Biohazard Tent Cap, Right, Orange [ddcdfa](Deco)[-]",02497,,plain,tentBiohazardCapRight,Building,CapRight
agfDecotentBiohazardCapRightRed,"Biohazard Tent Cap, Right, Red [ddcdfa](Deco)[-]",02498,,plain,tentBiohazardCapRight,Building,CapRight
agfDecotentBiohazardCapRightWhite,"Biohazard Tent Cap, Right, White [ddcdfa](Deco)[-]",02499,,plain,tentBiohazardCapRight,Building,CapRight
agfDecotentBiohazardCapRightYellow,"Biohazard Tent Cap, Right, Yellow [ddcdfa](Deco)[-]",02500,,plain,tentBiohazardCapRight,Building,CapRight
agfDecotentBiohazardCapRightCamo,"Camo Tent Cap, Right [ddcdfa](Deco)[-]",02501,,plain,tentBiohazardCapRight,Building,CapRight
agfDecotentBiohazardRoofArmyGreen,"Biohazard Tent Roof, Army Green [ddcdfa](Deco)[-]",02502,,plain,tentBiohazardRoof,Building,Roof
agfDecotentBiohazardRoofBlue,"Biohazard Tent Roof, Blue [ddcdfa](Deco)[-]",02503,,plain,tentBiohazardRoof,Building,Roof
agfDecotentBiohazardRoofBrown,"Biohazard Tent Roof, Brown [ddcdfa](Deco)[-]",02504,,plain,tentBiohazardRoof,Building,Roof
agfDecotentBiohazardRoofGreen,"Biohazard Tent Roof, Green [ddcdfa](Deco)[-]",02505,,plain,tentBiohazardRoof,Building,Roof
agfDecotentBiohazardRoofGrey,"Biohazard Tent Roof, Grey [ddcdfa](Deco)[-]",02506,,plain,tentBiohazardRoof,Building,Roof
agfDecotentBiohazardRoofOrange,"Biohazard Tent Roof, Orange [ddcdfa](Deco)[-]",02507,,plain,tentBiohazardRoof,Building,Roof
agfDecotentBiohazardRoofRed,"Biohazard Tent Roof, Red [ddcdfa](Deco)[-]",02508,,plain,tentBiohazardRoof,Building,Roof
agfDecotentBiohazardRoofWhite,"Biohazard Tent Roof, White [ddcdfa](Deco)[-]",02509,,plain,tentBiohazardRoof,Building,Roof
agfDecotentBiohazardRoofYellow,"Biohazard Tent Roof, Yellow [ddcdfa](Deco)[-]",02510,,plain,tentBiohazardRoof,Building,Roof
agfDecotentBiohazardRoofCamo,Camo Tent Roof [ddcdfa](Deco)[-],02511,,plain,tentBiohazardRoof,Building,Roof
agfDecotentBiohazardRoofCenterArmyGreen,"Biohazard Tent Roof Center, Army Green [ddcdfa](Deco)[-]",02512,,plain,tentBiohazardRoofCenter,Building,RoofCenter
agfDecotentBiohazardRoofCenterBlue,"Biohazard Tent Roof Center, Blue [ddcdfa](Deco)[-]",02513,,plain,tentBiohazardRoofCenter,Building,RoofCenter
agfDecotentBiohazardRoofCenterBrown,"Biohazard Tent Roof Center, Brown [ddcdfa](Deco)[-]",02514,,plain,tentBiohazardRoofCenter,Building,RoofCenter
agfDecotentBiohazardRoofCenterGreen,"Biohazard Tent Roof Center, Green [ddcdfa](Deco)[-]",02515,,plain,tentBiohazardRoofCenter,Building,RoofCenter
agfDecotentBiohazardRoofCenterGrey,"Biohazard Tent Roof Center, Grey [ddcdfa](Deco)[-]",02516,,plain,tentBiohazardRoofCenter,Building,RoofCenter
agfDecotentBiohazardRoofCenterOrange,"Biohazard Tent Roof Center, Orange [ddcdfa](Deco)[-]",02517,,plain,tentBiohazardRoofCenter,Building,RoofCenter
agfDecotentBiohazardRoofCenterRed,"Biohazard Tent Roof Center, Red [ddcdfa](Deco)[-]",02518,,plain,tentBiohazardRoofCenter,Building,RoofCenter
agfDecotentBiohazardRoofCenterWhite,"Biohazard Tent Roof Center, White [ddcdfa](Deco)[-]",02519,,plain,tentBiohazardRoofCenter,Building,RoofCenter
agfDecotentBiohazardRoofCenterYellow,"Biohazard Tent Roof Center, Yellow [ddcdfa](Deco)[-]",02520,,plain,tentBiohazardRoofCenter,Building,RoofCenter
agfDecotentBiohazardRoofCenterCamo,Camo Tent Roof Center [ddcdfa](Deco)[-],02521,,plain,tentBiohazardRoofCenter,Building,RoofCenter
agfDecotentBiohazardRoofCenterSupportArmyGreen,"Biohazard Tent Roof Center Support, Army Green [ddcdfa](Deco)[-]",02522,,plain,tentBiohazardRoofCenterSupport,Building,RoofCenterSupport
agfDecotentBiohazardRoofCenterSupportBlue,"Biohazard Tent Roof Center Support, Blue [ddcdfa](Deco)[-]",02523,,plain,tentBiohazardRoofCenterSupport,Building,RoofCenterSupport
agfDecotentBiohazardRoofCenterSupportBrown,"Biohazard Tent Roof Center Support, Brown [ddcdfa](Deco)[-]",02524,,plain,tentBiohazardRoofCenterSupport,Building,RoofCenterSupport
agfDecotentBiohazardRoofCenterSupportGreen,"Biohazard Tent Roof Center Support, Green [ddcdfa](Deco)[-]",02525,,plain,tentBiohazardRoofCenterSupport,Building,RoofCenterSupport
agfDecotentBiohazardRoofCenterSupportGrey,"Biohazard Tent Roof Center Support, Grey [ddcdfa](Deco)[-]",02526,,plain,tentBiohazardRoofCenterSupport,Building,RoofCenterSupport
agfDecotentBiohazardRoofCenterSupportOrange,"Biohazard Tent Roof Center Support, Orange [ddcdfa](Deco)[-]",02527,,plain,tentBiohazardRoofCenterSupport,Building,RoofCenterSupport
agfDecotentBiohazardRoofCenterSupportRed,"Biohazard Tent Roof Center Support, Red [ddcdfa](Deco)[-]",02528,,plain,tentBiohazardRoofCenterSupport,Building,RoofCenterSupport
agfDecotentBiohazardRoofCenterSupportWhite,"Biohazard Tent Roof Center Support, White [ddcdfa](Deco)[-]",02529,,plain,tentBiohazardRoofCenterSupport,Building,RoofCenterSupport
agfDecotentBiohazardRoofCenterSupportYellow,"Biohazard Tent Roof Center Support, Yellow [ddcdfa](Deco)[-]",02530,,plain,tentBiohazardRoofCenterSupport,Building,RoofCenterSupport
agfDecotentBiohazardRoofCenterSupportCamo,Camo Tent Roof Center Support [ddcdfa](Deco)[-],02531,,plain,tentBiohazardRoofCenterSupport,Building,RoofCenterSupport
agfDecotentBiohazardRoofCenterThinArmyGreen,"Biohazard Tent Roof Center Thin, Army Green [ddcdfa](Deco)[-]",02532,,plain,tentBiohazardRoofCenterThin,Building,RoofCenterThing
agfDecotentBiohazardRoofCenterThinBlue,"Biohazard Tent Roof Center Thin, Blue [ddcdfa](Deco)[-]",02533,,plain,tentBiohazardRoofCenterThin,Building,RoofCenterThing
agfDecotentBiohazardRoofCenterThinBrown,"Biohazard Tent Roof Center Thin, Brown [ddcdfa](Deco)[-]",02534,,plain,tentBiohazardRoofCenterThin,Building,RoofCenterThing
agfDecotentBiohazardRoofCenterThinGreen,"Biohazard Tent Roof Center Thin, Green [ddcdfa](Deco)[-]",02535,,plain,tentBiohazardRoofCenterThin,Building,RoofCenterThing
agfDecotentBiohazardRoofCenterThinGrey,"Biohazard Tent Roof Center Thin, Grey [ddcdfa](Deco)[-]",02536,,plain,tentBiohazardRoofCenterThin,Building,RoofCenterThing
agfDecotentBiohazardRoofCenterThinOrange,"Biohazard Tent Roof Center Thin, Orange [ddcdfa](Deco)[-]",02537,,plain,tentBiohazardRoofCenterThin,Building,RoofCenterThing
agfDecotentBiohazardRoofCenterThinRed,"Biohazard Tent Roof Center Thin, Red [ddcdfa](Deco)[-]",02538,,plain,tentBiohazardRoofCenterThin,Building,RoofCenterThing
agfDecotentBiohazardRoofCenterThinWhite,"Biohazard Tent Roof Center Thin, White [ddcdfa](Deco)[-]",02539,,plain,tentBiohazardRoofCenterThin,Building,RoofCenterThing
agfDecotentBiohazardRoofCenterThinYellow,"Biohazard Tent Roof Center Thin, Yellow [ddcdfa](Deco)[-]",02540,,plain,tentBiohazardRoofCenterThin,Building,RoofCenterThing
agfDecotentBiohazardRoofCenterThinCamo,Camo Tent Roof Center Thin [ddcdfa](Deco)[-],02541,,plain,tentBiohazardRoofCenterThin,Building,RoofCenterThing
agfDecotentBiohazardRoofCenterThreewayArmyGreen,"Biohazard Tent Roof Center 3-Way, Army Green [ddcdfa](Deco)[-]",02542,,plain,tentBiohazardRoofCenterThreeway,Building,RoofCenterThreeway
agfDecotentBiohazardRoofCenterThreewayBlue,"Biohazard Tent Roof Center 3-Way, Blue [ddcdfa](Deco)[-]",02543,,plain,tentBiohazardRoofCenterThreeway,Building,RoofCenterThreeway
agfDecotentBiohazardRoofCenterThreewayBrown,"Biohazard Tent Roof Center 3-Way, Brown [ddcdfa](Deco)[-]",02544,,plain,tentBiohazardRoofCenterThreeway,Building,RoofCenterThreeway
agfDecotentBiohazardRoofCenterThreewayGreen,"Biohazard Tent Roof Center 3-Way, Green [ddcdfa](Deco)[-]",02545,,plain,tentBiohazardRoofCenterThreeway,Building,RoofCenterThreeway
agfDecotentBiohazardRoofCenterThreewayGrey,"Biohazard Tent Roof Center 3-Way, Grey [ddcdfa](Deco)[-]",02546,,plain,tentBiohazardRoofCenterThreeway,Building,RoofCenterThreeway
agfDecotentBiohazardRoofCenterThreewayOrange,"Biohazard Tent Roof Center 3-Way, Orange [ddcdfa](Deco)[-]",02547,,plain,tentBiohazardRoofCenterThreeway,Building,RoofCenterThreeway
agfDecotentBiohazardRoofCenterThreewayRed,"Biohazard Tent Roof Center 3-Way, Red [ddcdfa](Deco)[-]",02548,,plain,tentBiohazardRoofCenterThreeway,Building,RoofCenterThreeway
agfDecotentBiohazardRoofCenterThreewayWhite,"Biohazard Tent Roof Center 3-Way, White [ddcdfa](Deco)[-]",02549,,plain,tentBiohazardRoofCenterThreeway,Building,RoofCenterThreeway
agfDecotentBiohazardRoofCenterThreewayYellow,"Biohazard Tent Roof Center 3-Way, Yellow [ddcdfa](Deco)[-]",02550,,plain,tentBiohazardRoofCenterThreeway,Building,RoofCenterThreeway
agfDecotentBiohazardRoofCenterThreewayCamo,Camo Tent Roof Center 3-Way [ddcdfa](Deco)[-],02551,,plain,tentBiohazardRoofCenterThreeway,Building,RoofCenterThreeway
agfDecotentBiohazardRoofCornerInsideArmyGreen,"Biohazard Tent Roof Inside, Corner, Army Green [ddcdfa](Deco)[-]",02552,,plain,tentBiohazardRoofCornerInside,Building,RoofCornerInside
agfDecotentBiohazardRoofCornerInsideBlue,"Biohazard Tent Roof Inside, Corner, Blue [ddcdfa](Deco)[-]",02553,,plain,tentBiohazardRoofCornerInside,Building,RoofCornerInside
agfDecotentBiohazardRoofCornerInsideBrown,"Biohazard Tent Roof Inside, Corner, Brown [ddcdfa](Deco)[-]",02554,,plain,tentBiohazardRoofCornerInside,Building,RoofCornerInside
agfDecotentBiohazardRoofCornerInsideGreen,"Biohazard Tent Roof Inside, Corner, Green [ddcdfa](Deco)[-]",02555,,plain,tentBiohazardRoofCornerInside,Building,RoofCornerInside
agfDecotentBiohazardRoofCornerInsideGrey,"Biohazard Tent Roof Inside, Corner, Grey [ddcdfa](Deco)[-]",02556,,plain,tentBiohazardRoofCornerInside,Building,RoofCornerInside
agfDecotentBiohazardRoofCornerInsideOrange,"Biohazard Tent Roof Inside, Corner, Orange [ddcdfa](Deco)[-]",02557,,plain,tentBiohazardRoofCornerInside,Building,RoofCornerInside
agfDecotentBiohazardRoofCornerInsideRed,"Biohazard Tent Roof Inside, Corner, Red [ddcdfa](Deco)[-]",02558,,plain,tentBiohazardRoofCornerInside,Building,RoofCornerInside
agfDecotentBiohazardRoofCornerInsideWhite,"Biohazard Tent Roof Inside, Corner, White [ddcdfa](Deco)[-]",02559,,plain,tentBiohazardRoofCornerInside,Building,RoofCornerInside
agfDecotentBiohazardRoofCornerInsideYellow,"Biohazard Tent Roof Inside, Corner, Yellow [ddcdfa](Deco)[-]",02560,,plain,tentBiohazardRoofCornerInside,Building,RoofCornerInside
agfDecotentBiohazardRoofCornerInsideCamo,"Camo Tent Roof Inside, Corner [ddcdfa](Deco)[-]",02561,,plain,tentBiohazardRoofCornerInside,Building,RoofCornerInside
agfDecotentBiohazardRoofCornerOutsideArmyGreen,"Biohazard Tent Roof Outside, Corner, Army Green [ddcdfa](Deco)[-]",02562,,plain,tentBiohazardRoofCornerOutside,Building,RoofCornerOutside
agfDecotentBiohazardRoofCornerOutsideBlue,"Biohazard Tent Roof Outside, Corner, Blue [ddcdfa](Deco)[-]",02563,,plain,tentBiohazardRoofCornerOutside,Building,RoofCornerOutside
agfDecotentBiohazardRoofCornerOutsideBrown,"Biohazard Tent Roof Outside, Corner, Brown [ddcdfa](Deco)[-]",02564,,plain,tentBiohazardRoofCornerOutside,Building,RoofCornerOutside
agfDecotentBiohazardRoofCornerOutsideGreen,"Biohazard Tent Roof Outside, Corner, Green [ddcdfa](Deco)[-]",02565,,plain,tentBiohazardRoofCornerOutside,Building,RoofCornerOutside
agfDecotentBiohazardRoofCornerOutsideGrey,"Biohazard Tent Roof Outside, Corner, Grey [ddcdfa](Deco)[-]",02566,,plain,tentBiohazardRoofCornerOutside,Building,RoofCornerOutside
agfDecotentBiohazardRoofCornerOutsideOrange,"Biohazard Tent Roof Outside, Corner, Orange [ddcdfa](Deco)[-]",02567,,plain,tentBiohazardRoofCornerOutside,Building,RoofCornerOutside
agfDecotentBiohazardRoofCornerOutsideRed,"Biohazard Tent Roof Outside, Corner, Red [ddcdfa](Deco)[-]",02568,,plain,tentBiohazardRoofCornerOutside,Building,RoofCornerOutside
agfDecotentBiohazardRoofCornerOutsideWhite,"Biohazard Tent Roof Outside, Corner, White [ddcdfa](Deco)[-]",02569,,plain,tentBiohazardRoofCornerOutside,Building,RoofCornerOutside
agfDecotentBiohazardRoofCornerOutsideYellow,"Biohazard Tent Roof Outside, Corner, Yellow [ddcdfa](Deco)[-]",02570,,plain,tentBiohazardRoofCornerOutside,Building,RoofCornerOutside
agfDecotentBiohazardRoofCornerOutsideCamo,"Camo Tent Roof Outside, Corner [ddcdfa](Deco)[-]",02571,,plain,tentBiohazardRoofCornerOutside,Building,RoofCornerOutside
agfDecotentBiohazardRoofThinArmyGreen,"Biohazard Tent Roof Thin, Army Green [ddcdfa](Deco)[-]",02572,,plain,tentBiohazardRoofThin,Building,RoofThin
agfDecotentBiohazardRoofThinBlue,"Biohazard Tent Roof Thin, Blue [ddcdfa](Deco)[-]",02573,,plain,tentBiohazardRoofThin,Building,RoofThin
agfDecotentBiohazardRoofThinBrown,"Biohazard Tent Roof Thin, Brown [ddcdfa](Deco)[-]",02574,,plain,tentBiohazardRoofThin,Building,RoofThin
agfDecotentBiohazardRoofThinGreen,"Biohazard Tent Roof Thin, Green [ddcdfa](Deco)[-]",02575,,plain,tentBiohazardRoofThin,Building,RoofThin
agfDecotentBiohazardRoofThinGrey,"Biohazard Tent Roof Thin, Grey [ddcdfa](Deco)[-]",02576,,plain,tentBiohazardRoofThin,Building,RoofThin
agfDecotentBiohazardRoofThinOrange,"Biohazard Tent Roof Thin, Orange [ddcdfa](Deco)[-]",02577,,plain,tentBiohazardRoofThin,Building,RoofThin
agfDecotentBiohazardRoofThinRed,"Biohazard Tent Roof Thin, Red [ddcdfa](Deco)[-]",02578,,plain,tentBiohazardRoofThin,Building,RoofThin
agfDecotentBiohazardRoofThinWhite,"Biohazard Tent Roof Thin, White [ddcdfa](Deco)[-]",02579,,plain,tentBiohazardRoofThin,Building,RoofThin
agfDecotentBiohazardRoofThinYellow,"Biohazard Tent Roof Thin, Yellow [ddcdfa](Deco)[-]",02580,,plain,tentBiohazardRoofThin,Building,RoofThin
agfDecotentBiohazardRoofThinCamo,Camo Tent Roof Thin [ddcdfa](Deco)[-],02581,,plain,tentBiohazardRoofThin,Building,RoofThin
agfDecotentBiohazardWallArmyGreen,"Biohazard Tent Wall, Army Green [ddcdfa](Deco)[-]",02582,,plain,tentBiohazardWall,Building,Wall
agfDecotentBiohazardWallBlue,"Biohazard Tent Wall, Blue [ddcdfa](Deco)[-]",02583,,plain,tentBiohazardWall,Building,Wall
agfDecotentBiohazardWallBrown,"Biohazard Tent Wall, Brown [ddcdfa](Deco)[-]",02584,,plain,tentBiohazardWall,Building,Wall
agfDecotentBiohazardWallGreen,"Biohazard Tent Wall, Green [ddcdfa](Deco)[-]",02585,,plain,tentBiohazardWall,Building,Wall
agfDecotentBiohazardWallGrey,"Biohazard Tent Wall, Grey [ddcdfa](Deco)[-]",02586,,plain,tentBiohazardWall,Building,Wall
agfDecotentBiohazardWallOrange,"Biohazard Tent Wall, Orange [ddcdfa](Deco)[-]",02587,,plain,tentBiohazardWall,Building,Wall
agfDecotentBiohazardWallRed,"Biohazard Tent Wall, Red [ddcdfa](Deco)[-]",02588,,plain,tentBiohazardWall,Building,Wall
agfDecotentBiohazardWallWhite,"Biohazard Tent Wall, White [ddcdfa](Deco)[-]",02589,,plain,tentBiohazardWall,Building,Wall
agfDecotentBiohazardWallYellow,"Biohazard Tent Wall, Yellow [ddcdfa](Deco)[-]",02590,,plain,tentBiohazardWall,Building,Wall
agfDecotentBiohazardWallCamo,Camo Tent Wall [ddcdfa](Deco)[-],02591,,plain,tentBiohazardWall,Building,Wall
agfDecotentBiohazardWallCornerInsideArmyGreen,"Biohazard Tent Wall Inside, Corner, Army Green [ddcdfa](Deco)[-]",02592,,plain,tentBiohazardWallCornerInside,Building,WallCornerInside
agfDecotentBiohazardWallCornerInsideBlue,"Biohazard Tent Wall Inside, Corner, Blue [ddcdfa](Deco)[-]",02593,,plain,tentBiohazardWallCornerInside,Building,WallCornerInside
agfDecotentBiohazardWallCornerInsideBrown,"Biohazard Tent Wall Inside, Corner, Brown [ddcdfa](Deco)[-]",02594,,plain,tentBiohazardWallCornerInside,Building,WallCornerInside
agfDecotentBiohazardWallCornerInsideGreen,"Biohazard Tent Wall Inside, Corner, Green [ddcdfa](Deco)[-]",02595,,plain,tentBiohazardWallCornerInside,Building,WallCornerInside
agfDecotentBiohazardWallCornerInsideGrey,"Biohazard Tent Wall Inside, Corner, Grey [ddcdfa](Deco)[-]",02596,,plain,tentBiohazardWallCornerInside,Building,WallCornerInside
agfDecotentBiohazardWallCornerInsideOrange,"Biohazard Tent Wall Inside, Corner, Orange [ddcdfa](Deco)[-]",02597,,plain,tentBiohazardWallCornerInside,Building,WallCornerInside
agfDecotentBiohazardWallCornerInsideRed,"Biohazard Tent Wall Inside, Corner, Red [ddcdfa](Deco)[-]",02598,,plain,tentBiohazardWallCornerInside,Building,WallCornerInside
agfDecotentBiohazardWallCornerInsideWhite,"Biohazard Tent Wall Inside, Corner, White [ddcdfa](Deco)[-]",02599,,plain,tentBiohazardWallCornerInside,Building,WallCornerInside
agfDecotentBiohazardWallCornerInsideYellow,"Biohazard Tent Wall Inside, Corner, Yellow [ddcdfa](Deco)[-]",02600,,plain,tentBiohazardWallCornerInside,Building,WallCornerInside
agfDecotentBiohazardWallCornerInsideCamo,"Camo Tent Wall Inside, Corner [ddcdfa](Deco)[-]",02601,,plain,tentBiohazardWallCornerInside,Building,WallCornerInside
agfDecotentBiohazardWallCornerOutsideArmyGreen,"Biohazard Tent Wall Outside, Corner, Army Green [ddcdfa](Deco)[-]",02602,,plain,tentBiohazardWallCornerOutside,Building,WallCornerOutside
agfDecotentBiohazardWallCornerOutsideBlue,"Biohazard Tent Wall Outside, Corner, Blue [ddcdfa](Deco)[-]",02603,,plain,tentBiohazardWallCornerOutside,Building,WallCornerOutside
agfDecotentBiohazardWallCornerOutsideBrown,"Biohazard Tent Wall Outside, Corner, Brown [ddcdfa](Deco)[-]",02604,,plain,tentBiohazardWallCornerOutside,Building,WallCornerOutside
agfDecotentBiohazardWallCornerOutsideGreen,"Biohazard Tent Wall Outside, Corner, Green [ddcdfa](Deco)[-]",02605,,plain,tentBiohazardWallCornerOutside,Building,WallCornerOutside
agfDecotentBiohazardWallCornerOutsideGrey,"Biohazard Tent Wall Outside, Corner, Grey [ddcdfa](Deco)[-]",02606,,plain,tentBiohazardWallCornerOutside,Building,WallCornerOutside
agfDecotentBiohazardWallCornerOutsideOrange,"Biohazard Tent Wall Outside, Corner, Orange [ddcdfa](Deco)[-]",02607,,plain,tentBiohazardWallCornerOutside,Building,WallCornerOutside
agfDecotentBiohazardWallCornerOutsideRed,"Biohazard Tent Wall Outside, Corner, Red [ddcdfa](Deco)[-]",02608,,plain,tentBiohazardWallCornerOutside,Building,WallCornerOutside
agfDecotentBiohazardWallCornerOutsideWhite,"Biohazard Tent Wall Outside, Corner, White [ddcdfa](Deco)[-]",02609,,plain,tentBiohazardWallCornerOutside,Building,WallCornerOutside
agfDecotentBiohazardWallCornerOutsideYellow,"Biohazard Tent Wall Outside, Corner, Yellow [ddcdfa](Deco)[-]",02610,,plain,tentBiohazardWallCornerOutside,Building,WallCornerOutside
agfDecotentBiohazardWallCornerOutsideCamo,"Camo Tent Wall Outside, Corner [ddcdfa](Deco)[-]",02611,,plain,tentBiohazardWallCornerOutside,Building,WallCornerOutside
agfDecotentBiohazardWallLogoArmyGreen,"Biohazard Tent Wall Logo, Army Green [ddcdfa](Deco)[-]",02612,,plain,tentBiohazardWallLogo,Building,WallLogo
agfDecotentBiohazardWallLogoBlue,"Biohazard Tent Wall Logo, Blue [ddcdfa](Deco)[-]",02613,,plain,tentBiohazardWallLogo,Building,WallLogo
agfDecotentBiohazardWallLogoBrown,"Biohazard Tent Wall Logo, Brown [ddcdfa](Deco)[-]",02614,,plain,tentBiohazardWallLogo,Building,WallLogo
agfDecotentBiohazardWallLogoGreen,"Biohazard Tent Wall Logo, Green [ddcdfa](Deco)[-]",02615,,plain,tentBiohazardWallLogo,Building,WallLogo
agfDecotentBiohazardWallLogoGrey,"Biohazard Tent Wall Logo, Grey [ddcdfa](Deco)[-]",02616,,plain,tentBiohazardWallLogo,Building,WallLogo
agfDecotentBiohazardWallLogoOrange,"Biohazard Tent Wall Logo, Orange [ddcdfa](Deco)[-]",02617,,plain,tentBiohazardWallLogo,Building,WallLogo
agfDecotentBiohazardWallLogoWhite,"Biohazard Tent Wall Logo, White [ddcdfa](Deco)[-]",02618,,plain,tentBiohazardWallLogo,Building,WallLogo
agfDecotentBiohazardWallLogoYellow,"Biohazard Tent Wall Logo, Yellow [ddcdfa](Deco)[-]",02619,,plain,tentBiohazardWallLogo,Building,WallLogo
agfDecotentBiohazardWallLogoCamo,Camo Tent Wall Logo [ddcdfa](Deco)[-],02620,,plain,tentBiohazardWallLogo,Building,WallLogo
agfDecotentBiohazardWallMedicLogoArmyGreen,"Biohazard Wall Medic Logo, Army Green [ddcdfa](Deco)[-]",02621,,plain,tentBiohazardWallMedicLogo,Building,WallMedicLogo
agfDecotentBiohazardWallMedicLogoBlue,"Biohazard Wall Medic Logo, Blue [ddcdfa](Deco)[-]",02622,,plain,tentBiohazardWallMedicLogo,Building,WallMedicLogo
agfDecotentBiohazardWallMedicLogoBrown,"Biohazard Wall Medic Logo, Brown [ddcdfa](Deco)[-]",02623,,plain,tentBiohazardWallMedicLogo,Building,WallMedicLogo
agfDecotentBiohazardWallMedicLogoGreen,"Biohazard Wall Medic Logo, Green [ddcdfa](Deco)[-]",02624,,plain,tentBiohazardWallMedicLogo,Building,WallMedicLogo
agfDecotentBiohazardWallMedicLogoGrey,"Biohazard Wall Medic Logo, Grey [ddcdfa](Deco)[-]",02625,,plain,tentBiohazardWallMedicLogo,Building,WallMedicLogo
agfDecotentBiohazardWallMedicLogoOrange,"Biohazard Wall Medic Logo, Orange [ddcdfa](Deco)[-]",02626,,plain,tentBiohazardWallMedicLogo,Building,WallMedicLogo
agfDecotentBiohazardWallMedicLogoWhite,"Biohazard Wall Medic Logo, White [ddcdfa](Deco)[-]",02627,,plain,tentBiohazardWallMedicLogo,Building,WallMedicLogo
agfDecotentBiohazardWallMedicLogoYellow,"Biohazard Wall Medic Logo, Yellow [ddcdfa](Deco)[-]",02628,,plain,tentBiohazardWallMedicLogo,Building,WallMedicLogo
agfDecotentBiohazardWallMedicLogoCamo,Camo Tent Wall Medic Logo [ddcdfa](Deco)[-],02629,,plain,tentBiohazardWallMedicLogo,Building,WallMedicLogo
agfDecotentBiohazardWallRollupArmyGreen,"Biohazard Tent Wall Rollup, Army Green [ddcdfa](Deco)[-]",02630,,plain,tentBiohazardWallRollup,Building,WallRollup
agfDecotentBiohazardWallRollupBlue,"Biohazard Tent Wall Rollup, Blue [ddcdfa](Deco)[-]",02631,,plain,tentBiohazardWallRollup,Building,WallRollup
agfDecotentBiohazardWallRollupBrown,"Biohazard Tent Wall Rollup, Brown [ddcdfa](Deco)[-]",02632,,plain,tentBiohazardWallRollup,Building,WallRollup
agfDecotentBiohazardWallRollupGreen,"Biohazard Tent Wall Rollup, Green [ddcdfa](Deco)[-]",02633,,plain,tentBiohazardWallRollup,Building,WallRollup
agfDecotentBiohazardWallRollupGrey,"Biohazard Tent Wall Rollup, Grey [ddcdfa](Deco)[-]",02634,,plain,tentBiohazardWallRollup,Building,WallRollup
agfDecotentBiohazardWallRollupOrange,"Biohazard Tent Wall Rollup, Orange [ddcdfa](Deco)[-]",02635,,plain,tentBiohazardWallRollup,Building,WallRollup
agfDecotentBiohazardWallRollupRed,"Biohazard Tent Wall Rollup, Red [ddcdfa](Deco)[-]",02636,,plain,tentBiohazardWallRollup,Building,WallRollup
agfDecotentBiohazardWallRollupWhite,"Biohazard Tent Wall Rollup, White [ddcdfa](Deco)[-]",02637,,plain,tentBiohazardWallRollup,Building,WallRollup
agfDecotentBiohazardWallRollupYellow,"Biohazard Tent Wall Rollup, Yellow [ddcdfa](Deco)[-]",02638,,plain,tentBiohazardWallRollup,Building,WallRollup
agfDecotentBiohazardWallRollupCamo,Camo Tent Wall Rollup [ddcdfa](Deco)[-],02639,,plain,tentBiohazardWallRollup,Building,WallRollup
agfDecotentBiohazardWallThinArmyGreen,"Biohazard Tent Wall Thin, Army Green [ddcdfa](Deco)[-]",02640,,plain,tentBiohazardWallThin,Building,WallThin
agfDecotentBiohazardWallThinBlue,"Biohazard Tent Wall Thin, Blue [ddcdfa](Deco)[-]",02641,,plain,tentBiohazardWallThin,Building,WallThin
agfDecotentBiohazardWallThinBrown,"Biohazard Tent Wall Thin, Brown [ddcdfa](Deco)[-]",02642,,plain,tentBiohazardWallThin,Building,WallThin
agfDecotentBiohazardWallThinGreen,"Biohazard Tent Wall Thin, Green [ddcdfa](Deco)[-]",02643,,plain,tentBiohazardWallThin,Building,WallThin
agfDecotentBiohazardWallThinGrey,"Biohazard Tent Wall Thin, Grey [ddcdfa](Deco)[-]",02644,,plain,tentBiohazardWallThin,Building,WallThin
agfDecotentBiohazardWallThinOrange,"Biohazard Tent Wall Thin, Orange [ddcdfa](Deco)[-]",02645,,plain,tentBiohazardWallThin,Building,WallThin
agfDecotentBiohazardWallThinRed,"Biohazard Tent Wall Thin, Red [ddcdfa](Deco)[-]",02646,,plain,tentBiohazardWallThin,Building,WallThin
agfDecotentBiohazardWallThinWhite,"Biohazard Tent Wall Thin, White [ddcdfa](Deco)[-]",02647,,plain,tentBiohazardWallThin,Building,WallThin
agfDecotentBiohazardWallThinYellow,"Biohazard Tent Wall Thin, Yellow [ddcdfa](Deco)[-]",02648,,plain,tentBiohazardWallThin,Building,WallThin
agfDecotentBiohazardWallThinCamo,Camo Tent Wall Thin [ddcdfa](Deco)[-],02649,,plain,tentBiohazardWallThin,Building,WallThin
agfDecotentBiohazardWallTubeArmyGreen,"Biohazard Tent Wall Tube, Army Green [ddcdfa](Deco)[-]",02650,,plain,tentBiohazardWallTube,Building,WallTube
agfDecotentBiohazardWallTubeBlue,"Biohazard Tent Wall Tube, Blue [ddcdfa](Deco)[-]",02651,,plain,tentBiohazardWallTube,Building,WallTube
agfDecotentBiohazardWallTubeBrown,"Biohazard Tent Wall Tube, Brown [ddcdfa](Deco)[-]",02652,,plain,tentBiohazardWallTube,Building,WallTube
agfDecotentBiohazardWallTubeGreen,"Biohazard Tent Wall Tube, Green [ddcdfa](Deco)[-]",02653,,plain,tentBiohazardWallTube,Building,WallTube
agfDecotentBiohazardWallTubeGrey,"Biohazard Tent Wall Tube, Grey [ddcdfa](Deco)[-]",02654,,plain,tentBiohazardWallTube,Building,WallTube
agfDecotentBiohazardWallTubeOrange,"Biohazard Tent Wall Tube, Orange [ddcdfa](Deco)[-]",02655,,plain,tentBiohazardWallTube,Building,WallTube
agfDecotentBiohazardWallTubeRed,"Biohazard Tent Wall Tube, Red [ddcdfa](Deco)[-]",02656,,plain,tentBiohazardWallTube,Building,WallTube
agfDecotentBiohazardWallTubeWhite,"Biohazard Tent Wall Tube, White [ddcdfa](Deco)[-]",02657,,plain,tentBiohazardWallTube,Building,WallTube
agfDecotentBiohazardWallTubeYellow,"Biohazard Tent Wall Tube, Yellow [ddcdfa](Deco)[-]",02658,,plain,tentBiohazardWallTube,Building,WallTube
agfDecotentBiohazardWallTubeCamo,Camo Tent Wall Tube [ddcdfa](Deco)[-],02659,,plain,tentBiohazardWallTube,Building,WallTube
agfDecotentBiohazardWallWindowArmyGreen,"Biohazard Tent Wall Window, Army Green [ddcdfa](Deco)[-]",02660,,plain,tentBiohazardWallWindow,Building,WallWindow
agfDecotentBiohazardWallWindowBlue,"Biohazard Tent Wall Window, Blue [ddcdfa](Deco)[-]",02661,,plain,tentBiohazardWallWindow,Building,WallWindow
agfDecotentBiohazardWallWindowBrown,"Biohazard Tent Wall Window, Brown [ddcdfa](Deco)[-]",02662,,plain,tentBiohazardWallWindow,Building,WallWindow
agfDecotentBiohazardWallWindowGreen,"Biohazard Tent Wall Window, Green [ddcdfa](Deco)[-]",02663,,plain,tentBiohazardWallWindow,Building,WallWindow
agfDecotentBiohazardWallWindowGrey,"Biohazard Tent Wall Window, Grey [ddcdfa](Deco)[-]",02664,,plain,tentBiohazardWallWindow,Building,WallWindow
agfDecotentBiohazardWallWindowOrange,"Biohazard Tent Wall Window, Orange [ddcdfa](Deco)[-]",02665,,plain,tentBiohazardWallWindow,Building,WallWindow
agfDecotentBiohazardWallWindowRed,"Biohazard Tent Wall Window, Red [ddcdfa](Deco)[-]",02666,,plain,tentBiohazardWallWindow,Building,WallWindow
agfDecotentBiohazardWallWindowWhite,"Biohazard Tent Wall Window, White [ddcdfa](Deco)[-]",02667,,plain,tentBiohazardWallWindow,Building,WallWindow
agfDecotentBiohazardWallWindowYellow,"Biohazard Tent Wall Window, Yellow [ddcdfa](Deco)[-]",02668,,plain,tentBiohazardWallWindow,Building,WallWindow
agfDecotentBiohazardWallWindowCamo,Camo Tent Wall Window [ddcdfa](Deco)[-],02669,,plain,tentBiohazardWallWindow,Building,WallWindow
agfDecotentBiohazardWire01,Biohazard Tent Wire [ddcdfa](Deco)[-],02670,,plain,tentBiohazard,Building,Wire
agfDecohelipad,Helipad [f0cdaa](Structure)[-],02671,,structure,structure,Building,General
agfDecotableCommunion,Communion Table [ddcdfa](Deco)[-],02672,,plain,tableCommunion,Church,General
agfDecochurchBell,Church Bell 2x2x2 [ddcdfa](Deco)[-],02673,,plain,churchBell,Church,Bell
agfDecochurchBellHanging,Church Bell Hanging 2x2x2 [ddcdfa](Deco)[-],02674,,plain,churchBell,Church,Bell
agfDecochurchPewLeftBlue,"Church Pew, Left, Blue [ddcdfa](Deco)[-]",02675,,plain,churchPewLeft,Church,Left
agfDecochurchPewLeftBrown,"Church Pew, Left, Brown [ddcdfa](Deco)[-]",02676,,plain,churchPewLeft,Church,Left
agfDecochurchPewLeftGreen,"Church Pew, Left, Green [ddcdfa](Deco)[-]",02677,,plain,churchPewLeft,Church,Left
agfDecochurchPewLeftGrey,"Church Pew, Left, Grey [ddcdfa](Deco)[-]",02678,,plain,churchPewLeft,Church,Left
agfDecochurchPewLeftOrange,"Church Pew, Left, Orange [ddcdfa](Deco)[-]",02679,,plain,churchPewLeft,Church,Left
agfDecochurchPewLeftPurple,"Church Pew, Left, Purple [ddcdfa](Deco)[-]",02680,,plain,churchPewLeft,Church,Left
agfDecochurchPewLeftRed,"Church Pew, Left, Red [ddcdfa](Deco)[-]",02681,,plain,churchPewLeft,Church,Left
agfDecochurchPewLeftWhite,"Church Pew, Left, White [ddcdfa](Deco)[-]",02682,,plain,churchPewLeft,Church,Left
agfDecochurchPewLeftYellow,"Church Pew, Left, Yellow [ddcdfa](Deco)[-]",02683,,plain,churchPewLeft,Church,Left
agfDecochurchPewCenterBlue,"Church Pew Center, Blue [ddcdfa](Deco)[-]",02684,,plain,churchPewCenter,Church,Center
agfDecochurchPewCenterBrown,"Church Pew Center, Brown [ddcdfa](Deco)[-]",02685,,plain,churchPewCenter,Church,Center
agfDecochurchPewCenterGreen,"Church Pew Center, Green [ddcdfa](Deco)[-]",02686,,plain,churchPewCenter,Church,Center
agfDecochurchPewCenterGrey,"Church Pew Center, Grey [ddcdfa](Deco)[-]",02687,,plain,churchPewCenter,Church,Center
agfDecochurchPewCenterOrange,"Church Pew Center, Orange [ddcdfa](Deco)[-]",02688,,plain,churchPewCenter,Church,Center
agfDecochurchPewCenterPurple,"Church Pew Center, Purple [ddcdfa](Deco)[-]",02689,,plain,churchPewCenter,Church,Center
agfDecochurchPewCenterRed,"Church Pew Center, Red [ddcdfa](Deco)[-]",02690,,plain,churchPewCenter,Church,Center
agfDecochurchPewCenterWhite,"Church Pew Center, White [ddcdfa](Deco)[-]",02691,,plain,churchPewCenter,Church,Center
agfDecochurchPewCenterYellow,"Church Pew Center, Yellow [ddcdfa](Deco)[-]",02692,,plain,churchPewCenter,Church,Center
agfDecochurchPewRightBlue,"Church Pew, Right, Blue [ddcdfa](Deco)[-]",02693,,plain,churchPewRight,Church,Right
agfDecochurchPewRightBrown,"Church Pew, Right, Brown [ddcdfa](Deco)[-]",02694,,plain,churchPewRight,Church,Right
agfDecochurchPewRightGreen,"Church Pew, Right, Green [ddcdfa](Deco)[-]",02695,,plain,churchPewRight,Church,Right
agfDecochurchPewRightGrey,"Church Pew, Right, Grey [ddcdfa](Deco)[-]",02696,,plain,churchPewRight,Church,Right
agfDecochurchPewRightOrange,"Church Pew, Right, Orange [ddcdfa](Deco)[-]",02697,,plain,churchPewRight,Church,Right
agfDecochurchPewRightPurple,"Church Pew, Right, Purple [ddcdfa](Deco)[-]",02698,,plain,churchPewRight,Church,Right
agfDecochurchPewRightRed,"Church Pew, Right, Red [ddcdfa](Deco)[-]",02699,,plain,churchPewRight,Church,Right
agfDecochurchPewRightWhite,"Church Pew, Right, White [ddcdfa](Deco)[-]",02700,,plain,churchPewRight,Church,Right
agfDecochurchPewRightYellow,"Church Pew, Right, Yellow [ddcdfa](Deco)[-]",02701,,plain,churchPewRight,Church,Right
agfDecochurchPewPile,Church Pew Pile [ddcdfa](Deco)[-],02702,,plain,churchPew,Church,Pile
agfDecocntBarrelGasOld,Rusty Barrel [c8e6be](Loot)[-],02703,,loot,cntBarrelGas,Construction,Barrel
agfDecocntBarrelAcidQuadA,Rusty Barrel [c8e6be](Loot)[-],02704,,loot,cntBarrelAcidQuad,Construction,Barrel
agfDecocntBarrelAcidQuadB,Rusty Barrel [c8e6be](Loot)[-],02705,,loot,cntBarrelAcidQuad,Construction,Barrel
agfDecocntBarrelAcidSingle00,Rusty Barrel [c8e6be](Loot)[-],02706,,loot,cntBarrelAcidSingle,Construction,Barrel
agfDecocntBarrelAcidSingle45,Rusty Barrel [c8e6be](Loot)[-],02707,,loot,cntBarrelAcidSingle,Construction,Barrel
agfDecocntBarrelGasQuadA,Rusty Barrel [c8e6be](Loot)[-],02708,,loot,cntBarrelGasQuad,Construction,Barrel
agfDecocntBarrelGasQuadB,Rusty Barrel [c8e6be](Loot)[-],02709,,loot,cntBarrelGasQuad,Construction,Barrel
agfDecocntBarrelGasSingle00,Rusty Barrel [c8e6be](Loot)[-],02710,,loot,cntBarrelGasSingle,Construction,Barrel
agfDecocntBarrelGasSingle45,Rusty Barrel [c8e6be](Loot)[-],02711,,loot,cntBarrelGasSingle,Construction,Barrel
agfDecocntBarrelGenericQuadA,Rusty Barrel [c8e6be](Loot)[-],02712,,loot,cntBarrelGenericQuad,Construction,Barrel
agfDecocntBarrelGenericQuadB,Rusty Barrel [c8e6be](Loot)[-],02713,,loot,cntBarrelGenericQuad,Construction,Barrel
agfDecocntBarrelGenericSingle00,Rusty Barrel [c8e6be](Loot)[-],02714,,loot,cntBarrelGenericSingle,Construction,Barrel
agfDecocntBarrelGenericSingle45,Rusty Barrel [c8e6be](Loot)[-],02715,,loot,cntBarrelGenericSingle,Construction,Barrel
agfDecocntBarrelOilQuadA,Rusty Barrel [c8e6be](Loot)[-],02716,,loot,cntBarrelOilQuad,Construction,Barrel
agfDecocntBarrelOilQuadB,Rusty Barrel [c8e6be](Loot)[-],02717,,loot,cntBarrelOilQuad,Construction,Barrel
agfDecocntBarrelOilSingle00,Rusty Barrel [c8e6be](Loot)[-],02718,,loot,cntBarrelOilSingle,Construction,Barrel
agfDecocntBarrelOilSingle45,Rusty Barrel [c8e6be](Loot)[-],02719,,loot,cntBarrelOilSingle,Construction,Barrel
agfDecocntBarrelPlasticQuadA,Water Barrel [c8e6be](Loot)[-],02720,,loot,cntBarrelPlasticQuad,Construction,Barrel
agfDecocntBarrelPlasticQuadB,Water Barrel [c8e6be](Loot)[-],02721,,loot,cntBarrelPlasticQuad,Construction,Barrel
agfDecocntBarrelPlasticSingle00,Water Barrel [c8e6be](Loot)[-],02722,,loot,cntBarrelPlasticSingle,Construction,Barrel
agfDecocntBarrelPlasticSingle45,Water Barrel [c8e6be](Loot)[-],02723,,loot,cntBarrelPlasticSingle,Construction,Barrel
agfDecocntBarrelRadiatedQuadA,Rusty Barrel [c8e6be](Loot)[-],02724,,loot,cntBarrelRadiatedQuad,Construction,Barrel
agfDecocntBarrelRadiatedQuadB,Rusty Barrel [c8e6be](Loot)[-],02725,,loot,cntBarrelRadiatedQuad,Construction,Barrel
agfDecocntBarrelRadiatedSingle00,Rusty Barrel [c8e6be](Loot)[-],02726,,loot,cntBarrelRadiatedSingle,Construction,Barrel
agfDecocntBarrelRadiatedSingle45,Rusty Barrel [c8e6be](Loot)[-],02727,,loot,cntBarrelRadiatedSingle,Construction,Barrel
agfDecocntBarrelWhiteQuadA,"Rusty Barrel, White [c8e6be](Loot)[-]",02728,,loot,cntBarrelQuad,Construction,Barrel
agfDecocntBarrelWhiteQuadB,"Rusty Barrel, White [c8e6be](Loot)[-]",02729,,loot,cntBarrelQuad,Construction,Barrel
agfDecocntBarrelWhiteSingle00,"Rusty Barrel, White [c8e6be](Loot)[-]",02730,,loot,cntBarrelSingle,Construction,Barrel
agfDecocntBarrelWhiteSingle45,"Rusty Barrel, White [c8e6be](Loot)[-]",02731,,loot,cntBarrelSingle,Construction,Barrel
agfDecodecoHoistChain,Hoist Chain [ddcdfa](Deco)[-],02732,,plain,decoHoistChain,Construction,Machine
agfDecodecoHoistChainSingleCenter,"Hoist Chain, Single Centered [ddcdfa](Deco)[-]",02733,,plain,decoHoistChainSingle,Construction,Machine
agfDecodecoHoistChainSingleCorner,"Hoist Chain, Single, Corner [ddcdfa](Deco)[-]",02734,,plain,decoHoistChainSingle,Construction,Machine
agfDecodecoHoistHook,Hoist Hook [ddcdfa](Deco)[-],02735,,plain,decoHoist,Construction,Machine
agfDecodecoHoistMagnet,Hoist Magnet [ddcdfa](Deco)[-],02736,,plain,decoHoist,Construction,Machine
agfDecodecoHoistSpreader,Hoist Spreader [ddcdfa](Deco)[-],02737,,plain,decoHoist,Construction,Machine
agfDecodecoHoistTopMount,Hoist Top Mount [ddcdfa](Deco)[-],02738,,plain,decoHoist,Construction,Machine
agfDecoliftHydraulicBlue,"Hydraulic Lift, Blue [ddcdfa](Deco)[-]",02739,,plain,liftHydraulic,Construction,Machine
agfDecoliftHydraulicGreen,"Hydraulic Lift, Green [ddcdfa](Deco)[-]",02740,,plain,liftHydraulic,Construction,Machine
agfDecoliftHydraulicGrey,"Hydraulic Lift, Grey [ddcdfa](Deco)[-]",02741,,plain,liftHydraulic,Construction,Machine
agfDecoliftHydraulicOrange,"Hydraulic Lift, Orange [ddcdfa](Deco)[-]",02742,,plain,liftHydraulic,Construction,Machine
agfDecoliftHydraulicRed,"Hydraulic Lift, Red [ddcdfa](Deco)[-]",02743,,plain,liftHydraulic,Construction,Machine
agfDecoliftHydraulicWhite,"Hydraulic Lift, White [ddcdfa](Deco)[-]",02744,,plain,liftHydraulic,Construction,Machine
agfDecoliftHydraulicYellow,"Hydraulic Lift, Yellow [ddcdfa](Deco)[-]",02745,,plain,liftHydraulic,Construction,Machine
agfDecoconeConstruction,Construction Cone [ddcdfa](Deco)[-],02746,,plain,coneConstruction,Construction,Misc
agfDecopipeSmall1x1,"Pipe Small, Black, 1x1 [ddcdfa](Deco)[-]",02747,,plain,pipe,Construction,X1
agfDecopipeSmall1x1Blue,"Pipe Small, Blue, 1x1 [ddcdfa](Deco)[-]",02748,,plain,pipe,Construction,X1
agfDecopipeSmall1x1Green,"Pipe Small, Green, 1x1 [ddcdfa](Deco)[-]",02749,,plain,pipe,Construction,X1
agfDecopipeSmall1x1Grey,"Pipe Small, Grey, 1x1 [ddcdfa](Deco)[-]",02750,,plain,pipe,Construction,X1
agfDecopipeSmall1x1Red,"Pipe Small, Red, 1x1 [ddcdfa](Deco)[-]",02751,,plain,pipe,Construction,X1
agfDecopipeSmall1x1Yellow,"Pipe Small, Yellow, 1x1 [ddcdfa](Deco)[-]",02752,,plain,pipe,Construction,X1
agfDecopipeSmall1x3,"Pipe Small, Black, 1x3 [ddcdfa](Deco)[-]",02753,,plain,pipe,Construction,X3
agfDecopipeSmall1x3Blue,"Pipe Small, Blue, 1x3 [ddcdfa](Deco)[-]",02754,,plain,pipe,Construction,X3
agfDecopipeSmall1x3Green,"Pipe Small, Green, 1x3 [ddcdfa](Deco)[-]",02755,,plain,pipe,Construction,X3
agfDecopipeSmall1x3Grey,"Pipe Small, Grey, 1x3 [ddcdfa](Deco)[-]",02756,,plain,pipe,Construction,X3
agfDecopipeSmall1x3Red,"Pipe Small, Red, 1x3 [ddcdfa](Deco)[-]",02757,,plain,pipe,Construction,X3
agfDecopipeSmall1x3Yellow,"Pipe Small, Yellow, 1x3 [ddcdfa](Deco)[-]",02758,,plain,pipe,Construction,X3
agfDecopipeSmallBroke,"Pipe Small Broke, Black [ddcdfa](Deco)[-]",02759,,plain,pipe,Construction,Broke
agfDecopipeSmallBrokeBlue,"Pipe Small Broke, Blue [ddcdfa](Deco)[-]",02760,,plain,pipe,Construction,Broke
agfDecopipeSmallBrokeGreen,"Pipe Small Broke, Green [ddcdfa](Deco)[-]",02761,,plain,pipe,Construction,Broke
agfDecopipeSmallBrokeGrey,"Pipe Small Broke, Grey [ddcdfa](Deco)[-]",02762,,plain,pipe,Construction,Broke
agfDecopipeSmallBrokeRed,"Pipe Small Broke, Red [ddcdfa](Deco)[-]",02763,,plain,pipe,Construction,Broke
agfDecopipeSmallBrokeYellow,"Pipe Small Broke, Yellow [ddcdfa](Deco)[-]",02764,,plain,pipe,Construction,Broke
agfDecopipeSmallCap,"Pipe Small Cap, Black [ddcdfa](Deco)[-]",02765,,plain,pipe,Construction,Cap
agfDecopipeSmallCapBlue,"Pipe Small Cap, Blue [ddcdfa](Deco)[-]",02766,,plain,pipe,Construction,Cap
agfDecopipeSmallCapGreen,"Pipe Small Cap, Green [ddcdfa](Deco)[-]",02767,,plain,pipe,Construction,Cap
agfDecopipeSmallCapGrey,"Pipe Small Cap, Grey [ddcdfa](Deco)[-]",02768,,plain,pipe,Construction,Cap
agfDecopipeSmallCapRed,"Pipe Small Cap, Red [ddcdfa](Deco)[-]",02769,,plain,pipe,Construction,Cap
agfDecopipeSmallCapYellow,"Pipe Small Cap, Yellow [ddcdfa](Deco)[-]",02770,,plain,pipe,Construction,Cap
agfDecopipeSmallCorner,"Pipe Small, Corner, Black [ddcdfa](Deco)[-]",02771,,plain,pipe,Construction,Corner
agfDecopipeSmallCornerBlue,"Pipe Small, Corner, Blue [ddcdfa](Deco)[-]",02772,,plain,pipe,Construction,Corner
agfDecopipeSmallCornerGreen,"Pipe Small, Corner, Green [ddcdfa](Deco)[-]",02773,,plain,pipe,Construction,Corner
agfDecopipeSmallCornerGrey,"Pipe Small, Corner, Grey [ddcdfa](Deco)[-]",02774,,plain,pipe,Construction,Corner
agfDecopipeSmallCornerRed,"Pipe Small, Corner, Red [ddcdfa](Deco)[-]",02775,,plain,pipe,Construction,Corner
agfDecopipeSmallCornerYellow,"Pipe Small, Corner, Yellow [ddcdfa](Deco)[-]",02776,,plain,pipe,Construction,Corner
agfDecopipeSmallJoint,"Pipe Small Joint, Black [ddcdfa](Deco)[-]",02777,,plain,pipe,Construction,Joint
agfDecopipeSmallJointBlue,"Pipe Small Joint, Blue [ddcdfa](Deco)[-]",02778,,plain,pipe,Construction,Joint
agfDecopipeSmallJointGreen,"Pipe Small Joint, Green [ddcdfa](Deco)[-]",02779,,plain,pipe,Construction,Joint
agfDecopipeSmallJointGrey,"Pipe Small Joint, Grey [ddcdfa](Deco)[-]",02780,,plain,pipe,Construction,Joint
agfDecopipeSmallJointRed,"Pipe Small Joint, Red [ddcdfa](Deco)[-]",02781,,plain,pipe,Construction,Joint
agfDecopipeSmallJointYellow,"Pipe Small Joint, Yellow [ddcdfa](Deco)[-]",02782,,plain,pipe,Construction,Joint
agfDecopipeSmallValve,"Pipe Small Valve, Black [ddcdfa](Deco)[-]",02783,,plain,pipe,Construction,Valve01
agfDecopipeSmallValveBlue,"Pipe Small Valve, Blue [ddcdfa](Deco)[-]",02784,,plain,pipe,Construction,Valve01
agfDecopipeSmallValveGreen,"Pipe Small Valve, Green [ddcdfa](Deco)[-]",02785,,plain,pipe,Construction,Valve01
agfDecopipeSmallValveGrey,"Pipe Small Valve, Grey [ddcdfa](Deco)[-]",02786,,plain,pipe,Construction,Valve01
agfDecopipeSmallValveRed,"Pipe Small Valve, Red [ddcdfa](Deco)[-]",02787,,plain,pipe,Construction,Valve01
agfDecopipeSmallValveYellow,"Pipe Small Valve, Yellow [ddcdfa](Deco)[-]",02788,,plain,pipe,Construction,Valve01
agfDecopipeSmallValveSwitch,"Valve, Black [ddcdfa](Deco)[-]",02789,,plain,pipe,Construction,Valve01Switch
agfDecopipeSmallValveSwitchBlue,"Valve, Blue [ddcdfa](Deco)[-]",02790,,plain,pipe,Construction,Valve01Switch
agfDecopipeSmallValveSwitchGreen,"Valve, Green [ddcdfa](Deco)[-]",02791,,plain,pipe,Construction,Valve01Switch
agfDecopipeSmallValveSwitchGrey,"Valve, Grey [ddcdfa](Deco)[-]",02792,,plain,pipe,Construction,Valve01Switch
agfDecopipeSmallValveSwitchRed,"Valve, Red [ddcdfa](Deco)[-]",02793,,plain,pipe,Construction,Valve01Switch
agfDecopipeSmallValveSwitchYellow,"Valve, Yellow [ddcdfa](Deco)[-]",02794,,plain,pipe,Construction,Valve01Switch
agfDecopipeSmallValve02,"Pipe Small Valve 02, Black [ddcdfa](Deco)[-]",02795,,plain,pipe,Construction,Valve02
agfDecopipeSmallValve02Blue,"Pipe Small Valve 02, Blue [ddcdfa](Deco)[-]",02796,,plain,pipe,Construction,Valve02
agfDecopipeSmallValve02Green,"Pipe Small Valve 02, Green [ddcdfa](Deco)[-]",02797,,plain,pipe,Construction,Valve02
agfDecopipeSmallValve02Grey,"Pipe Small Valve 02, Grey [ddcdfa](Deco)[-]",02798,,plain,pipe,Construction,Valve02
agfDecopipeSmallValve02Red,"Pipe Small Valve 02, Red [ddcdfa](Deco)[-]",02799,,plain,pipe,Construction,Valve02
agfDecopipeSmallValve02Yellow,"Pipe Small Valve 02, Yellow [ddcdfa](Deco)[-]",02800,,plain,pipe,Construction,Valve02
agfDecopipeSmallValve02Switch,"Valve, Black [ddcdfa](Deco)[-]",02801,,plain,pipe,Construction,Valve02Switch
agfDecopipeSmallValve02SwitchBlue,"Valve, Blue [ddcdfa](Deco)[-]",02802,,plain,pipe,Construction,Valve02Switch
agfDecopipeSmallValve02SwitchGreen,"Valve, Green [ddcdfa](Deco)[-]",02803,,plain,pipe,Construction,Valve02Switch
agfDecopipeSmallValve02SwitchGrey,"Valve, Grey [ddcdfa](Deco)[-]",02804,,plain,pipe,Construction,Valve02Switch
agfDecopipeSmallValve02SwitchRed,"Valve, Red [ddcdfa](Deco)[-]",02805,,plain,pipe,Construction,Valve02Switch
agfDecopipeSmallValve02SwitchYellow,"Valve, Yellow [ddcdfa](Deco)[-]",02806,,plain,pipe,Construction,Valve02Switch
agfDecopipeSmallWall1x1,"Pipe Small Wall, Black, 1x1 [ddcdfa](Deco)[-]",02807,,plain,pipe,Construction,Wall1x1
agfDecopipeSmallWall1x1Blue,"Pipe Small Wall, Blue, 1x1 [ddcdfa](Deco)[-]",02808,,plain,pipe,Construction,Wall1x1
agfDecopipeSmallWall1x1Green,"Pipe Small Wall, Green, 1x1 [ddcdfa](Deco)[-]",02809,,plain,pipe,Construction,Wall1x1
agfDecopipeSmallWall1x1Grey,"Pipe Small Wall, Grey, 1x1 [ddcdfa](Deco)[-]",02810,,plain,pipe,Construction,Wall1x1
agfDecopipeSmallWall1x1Red,"Pipe Small Wall, Red, 1x1 [ddcdfa](Deco)[-]",02811,,plain,pipe,Construction,Wall1x1
agfDecopipeSmallWall1x1Yellow,"Pipe Small Wall, Yellow, 1x1 [ddcdfa](Deco)[-]",02812,,plain,pipe,Construction,Wall1x1
agfDecopipeSmallWall1x3,"Pipe Small Wall, Black, 1x3 [ddcdfa](Deco)[-]",02813,,plain,pipe,Construction,Wall1x3
agfDecopipeSmallWall1x3Blue,"Pipe Small Wall, Blue, 1x3 [ddcdfa](Deco)[-]",02814,,plain,pipe,Construction,Wall1x3
agfDecopipeSmallWall1x3Green,"Pipe Small Wall, Green, 1x3 [ddcdfa](Deco)[-]",02815,,plain,pipe,Construction,Wall1x3
agfDecopipeSmallWall1x3Grey,"Pipe Small Wall, Grey, 1x3 [ddcdfa](Deco)[-]",02816,,plain,pipe,Construction,Wall1x3
agfDecopipeSmallWall1x3Red,"Pipe Small Wall, Red, 1x3 [ddcdfa](Deco)[-]",02817,,plain,pipe,Construction,Wall1x3
agfDecopipeSmallWall1x3Yellow,"Pipe Small Wall, Yellow, 1x3 [ddcdfa](Deco)[-]",02818,,plain,pipe,Construction,Wall1x3
agfDecopipeSmallWallBroke,"Pipe Small Wall Broke, Black [ddcdfa](Deco)[-]",02819,,plain,pipe,Construction,WallBroke
agfDecopipeSmallWallBrokeBlue,"Pipe Small Wall Broke, Blue [ddcdfa](Deco)[-]",02820,,plain,pipe,Construction,WallBroke
agfDecopipeSmallWallBrokeGreen,"Pipe Small Wall Broke, Green [ddcdfa](Deco)[-]",02821,,plain,pipe,Construction,WallBroke
agfDecopipeSmallWallBrokeGrey,"Pipe Small Wall Broke, Grey [ddcdfa](Deco)[-]",02822,,plain,pipe,Construction,WallBroke
agfDecopipeSmallWallBrokeRed,"Pipe Small Wall Broke, Red [ddcdfa](Deco)[-]",02823,,plain,pipe,Construction,WallBroke
agfDecopipeSmallWallBrokeYellow,"Pipe Small Wall Broke, Yellow [ddcdfa](Deco)[-]",02824,,plain,pipe,Construction,WallBroke
agfDecopipeSmallWallCap,"Pipe Small Wall Cap, Black [ddcdfa](Deco)[-]",02825,,plain,pipe,Construction,WallCap
agfDecopipeSmallWallCapBlue,"Pipe Small Wall Cap, Blue [ddcdfa](Deco)[-]",02826,,plain,pipe,Construction,WallCap
agfDecopipeSmallWallCapGreen,"Pipe Small Wall Cap, Green [ddcdfa](Deco)[-]",02827,,plain,pipe,Construction,WallCap
agfDecopipeSmallWallCapGrey,"Pipe Small Wall Cap, Grey [ddcdfa](Deco)[-]",02828,,plain,pipe,Construction,WallCap
agfDecopipeSmallWallCapRed,"Pipe Small Wall Cap, Red [ddcdfa](Deco)[-]",02829,,plain,pipe,Construction,WallCap
agfDecopipeSmallWallCapYellow,"Pipe Small Wall Cap, Yellow [ddcdfa](Deco)[-]",02830,,plain,pipe,Construction,WallCap
agfDecopipeSmallWallCenterBridge,"Pipe Small Wall Center Bridge, Black [ddcdfa](Deco)[-]",02831,,plain,pipe,Construction,WallCenterBridge
agfDecopipeSmallWallCenterBridgeBlue,"Pipe Small Wall Center Bridge, Blue [ddcdfa](Deco)[-]",02832,,plain,pipe,Construction,WallCenterBridge
agfDecopipeSmallWallCenterBridgeGreen,"Pipe Small Wall Center Bridge, Green [ddcdfa](Deco)[-]",02833,,plain,pipe,Construction,WallCenterBridge
agfDecopipeSmallWallCenterBridgeGrey,"Pipe Small Wall Center Bridge, Grey [ddcdfa](Deco)[-]",02834,,plain,pipe,Construction,WallCenterBridge
agfDecopipeSmallWallCenterBridgeRed,"Pipe Small Wall Center Bridge, Red [ddcdfa](Deco)[-]",02835,,plain,pipe,Construction,WallCenterBridge
agfDecopipeSmallWallCenterBridgeYellow,"Pipe Small Wall Center Bridge, Yellow [ddcdfa](Deco)[-]",02836,,plain,pipe,Construction,WallCenterBridge
agfDecopipeSmallWallCorner,"Pipe Small Wall, Corner, Black [ddcdfa](Deco)[-]",02837,,plain,pipe,Construction,WallCorner
agfDecopipeSmallWallCornerBlue,"Pipe Small Wall, Corner, Blue [ddcdfa](Deco)[-]",02838,,plain,pipe,Construction,WallCorner
agfDecopipeSmallWallCornerGreen,"Pipe Small Wall, Corner, Green [ddcdfa](Deco)[-]",02839,,plain,pipe,Construction,WallCorner
agfDecopipeSmallWallCornerGrey,"Pipe Small Wall, Corner, Grey [ddcdfa](Deco)[-]",02840,,plain,pipe,Construction,WallCorner
agfDecopipeSmallWallCornerRed,"Pipe Small Wall, Corner, Red [ddcdfa](Deco)[-]",02841,,plain,pipe,Construction,WallCorner
agfDecopipeSmallWallCornerYellow,"Pipe Small Wall, Corner, Yellow [ddcdfa](Deco)[-]",02842,,plain,pipe,Construction,WallCorner
agfDecopipeSmallWallInsideCorner,"Pipe Small Wall Inside, Corner, Black [ddcdfa](Deco)[-]",02843,,plain,pipe,Construction,WallCornerInside
agfDecopipeSmallWallInsideCornerBlue,"Pipe Small Wall Inside, Corner, Blue [ddcdfa](Deco)[-]",02844,,plain,pipe,Construction,WallCornerInside
agfDecopipeSmallWallInsideCornerGreen,"Pipe Small Wall Inside, Corner, Green [ddcdfa](Deco)[-]",02845,,plain,pipe,Construction,WallCornerInside
agfDecopipeSmallWallInsideCornerGrey,"Pipe Small Wall Inside, Corner, Grey [ddcdfa](Deco)[-]",02846,,plain,pipe,Construction,WallCornerInside
agfDecopipeSmallWallInsideCornerRed,"Pipe Small Wall Inside, Corner, Red [ddcdfa](Deco)[-]",02847,,plain,pipe,Construction,WallCornerInside
agfDecopipeSmallWallInsideCornerYellow,"Pipe Small Wall Inside, Corner, Yellow [ddcdfa](Deco)[-]",02848,,plain,pipe,Construction,WallCornerInside
agfDecopipeSmallWallOutsideCorner,"Pipe Small Wall Outside, Corner, Black [ddcdfa](Deco)[-]",02849,,plain,pipe,Construction,WallCornerOutside
agfDecopipeSmallWallOutsideCornerBlue,"Pipe Small Wall Outside, Corner, Blue [ddcdfa](Deco)[-]",02850,,plain,pipe,Construction,WallCornerOutside
agfDecopipeSmallWallOutsideCornerGreen,"Pipe Small Wall Outside, Corner, Green [ddcdfa](Deco)[-]",02851,,plain,pipe,Construction,WallCornerOutside
agfDecopipeSmallWallOutsideCornerGrey,"Pipe Small Wall Outside, Corner, Grey [ddcdfa](Deco)[-]",02852,,plain,pipe,Construction,WallCornerOutside
agfDecopipeSmallWallOutsideCornerRed,"Pipe Small Wall Outside, Corner, Red [ddcdfa](Deco)[-]",02853,,plain,pipe,Construction,WallCornerOutside
agfDecopipeSmallWallOutsideCornerYellow,"Pipe Small Wall Outside, Corner, Yellow [ddcdfa](Deco)[-]",02854,,plain,pipe,Construction,WallCornerOutside
agfDecopipeSmallWallJoint,"Pipe Small Wall Joint, Black [ddcdfa](Deco)[-]",02855,,plain,pipe,Construction,WallJoint
agfDecopipeSmallWallJointBlue,"Pipe Small Wall Joint, Blue [ddcdfa](Deco)[-]",02856,,plain,pipe,Construction,WallJoint
agfDecopipeSmallWallJointGreen,"Pipe Small Wall Joint, Green [ddcdfa](Deco)[-]",02857,,plain,pipe,Construction,WallJoint
agfDecopipeSmallWallJointGrey,"Pipe Small Wall Joint, Grey [ddcdfa](Deco)[-]",02858,,plain,pipe,Construction,WallJoint
agfDecopipeSmallWallJointRed,"Pipe Small Wall Joint, Red [ddcdfa](Deco)[-]",02859,,plain,pipe,Construction,WallJoint
agfDecopipeSmallWallJointYellow,"Pipe Small Wall Joint, Yellow [ddcdfa](Deco)[-]",02860,,plain,pipe,Construction,WallJoint
agfDecopipeSmallWallValve,"Pipe Small Wall Valve, Black [ddcdfa](Deco)[-]",02861,,plain,pipe,Construction,WallValve01
agfDecopipeSmallWallValveBlue,"Pipe Small Wall Valve, Blue [ddcdfa](Deco)[-]",02862,,plain,pipe,Construction,WallValve01
agfDecopipeSmallWallValveGreen,"Pipe Small Wall Valve, Green [ddcdfa](Deco)[-]",02863,,plain,pipe,Construction,WallValve01
agfDecopipeSmallWallValveGrey,"Pipe Small Wall Valve, Grey [ddcdfa](Deco)[-]",02864,,plain,pipe,Construction,WallValve01
agfDecopipeSmallWallValveRed,"Pipe Small Wall Valve, Red [ddcdfa](Deco)[-]",02865,,plain,pipe,Construction,WallValve01
agfDecopipeSmallWallValveYellow,"Pipe Small Wall Valve, Yellow [ddcdfa](Deco)[-]",02866,,plain,pipe,Construction,WallValve01
agfDecopipeSmallWallValveSwitch,"Wall Valve, Black [ddcdfa](Deco)[-]",02867,,plain,pipe,Construction,WallValve01Switch
agfDecopipeSmallWallValveSwitchBlue,"Wall Valve, Blue [ddcdfa](Deco)[-]",02868,,plain,pipe,Construction,WallValve01Switch
agfDecopipeSmallWallValveSwitchGreen,"Wall Valve, Green [ddcdfa](Deco)[-]",02869,,plain,pipe,Construction,WallValve01Switch
agfDecopipeSmallWallValveSwitchGrey,"Wall Valve, Grey [ddcdfa](Deco)[-]",02870,,plain,pipe,Construction,WallValve01Switch
agfDecopipeSmallWallValveSwitchRed,"Wall Valve, Red [ddcdfa](Deco)[-]",02871,,plain,pipe,Construction,WallValve01Switch
agfDecopipeSmallWallValveSwitchYellow,"Wall Valve, Yellow [ddcdfa](Deco)[-]",02872,,plain,pipe,Construction,WallValve01Switch
agfDecopipeSmallWallValve02,"Pipe Small Wall Valve 02, Black [ddcdfa](Deco)[-]",02873,,plain,pipe,Construction,WallValve02
agfDecopipeSmallWallValve02Blue,"Pipe Small Wall Valve 02, Blue [ddcdfa](Deco)[-]",02874,,plain,pipe,Construction,WallValve02
agfDecopipeSmallWallValve02Green,"Pipe Small Wall Valve 02, Green [ddcdfa](Deco)[-]",02875,,plain,pipe,Construction,WallValve02
agfDecopipeSmallWallValve02Grey,"Pipe Small Wall Valve 02, Grey [ddcdfa](Deco)[-]",02876,,plain,pipe,Construction,WallValve02
agfDecopipeSmallWallValve02Red,"Pipe Small Wall Valve 02, Red [ddcdfa](Deco)[-]",02877,,plain,pipe,Construction,WallValve02
agfDecopipeSmallWallValve02Yellow,"Pipe Small Wall Valve 02, Yellow [ddcdfa](Deco)[-]",02878,,plain,pipe,Construction,WallValve02
agfDecopipeSmallWallValve02Switch,"Wall Valve, Black [ddcdfa](Deco)[-]",02879,,plain,pipe,Construction,WallValve02Switch
agfDecopipeSmallWallValve02SwitchBlue,"Wall Valve, Blue [ddcdfa](Deco)[-]",02880,,plain,pipe,Construction,WallValve02Switch
agfDecopipeSmallWallValve02SwitchGreen,"Wall Valve, Green [ddcdfa](Deco)[-]",02881,,plain,pipe,Construction,WallValve02Switch
agfDecopipeSmallWallValve02SwitchGrey,"Wall Valve, Grey [ddcdfa](Deco)[-]",02882,,plain,pipe,Construction,WallValve02Switch
agfDecopipeSmallWallValve02SwitchRed,"Wall Valve, Red [ddcdfa](Deco)[-]",02883,,plain,pipe,Construction,WallValve02Switch
agfDecopipeSmallWallValve02SwitchYellow,"Wall Valve, Yellow [ddcdfa](Deco)[-]",02884,,plain,pipe,Construction,WallValve02Switch
agfDecometalPipeValve,Metal Pipe Valve [ddcdfa](Deco)[-],02885,,plain,pipe,Construction,Pipe
agfDecopalletBagBlankBaseFullArmyGreen,"Bulk Goods Base, Full, Army Green [ddcdfa](Deco)[-]",02886,,plain,palletBagBlankBaseFull,Construction,Pallet
agfDecopalletBagBlankBaseFullBlack,"Bulk Goods Base, Full, Black [ddcdfa](Deco)[-]",02887,,plain,palletBagBlankBaseFull,Construction,Pallet
agfDecopalletBagBlankBaseFullBlue,"Bulk Goods Base, Full, Blue [ddcdfa](Deco)[-]",02888,,plain,palletBagBlankBaseFull,Construction,Pallet
agfDecopalletBagBlankBaseFullBrown,"Bulk Goods Base, Full, Brown [ddcdfa](Deco)[-]",02889,,plain,palletBagBlankBaseFull,Construction,Pallet
agfDecopalletBagBlankBaseFullGreen,"Bulk Goods Base, Full, Green [ddcdfa](Deco)[-]",02890,,plain,palletBagBlankBaseFull,Construction,Pallet
agfDecopalletBagBlankBaseFullGrey,"Bulk Goods Base, Full, Grey [ddcdfa](Deco)[-]",02891,,plain,palletBagBlankBaseFull,Construction,Pallet
agfDecopalletBagBlankBaseFullOrange,"Bulk Goods Base, Full, Orange [ddcdfa](Deco)[-]",02892,,plain,palletBagBlankBaseFull,Construction,Pallet
agfDecopalletBagBlankBaseFullPink,"Bulk Goods Base, Full, Pink [ddcdfa](Deco)[-]",02893,,plain,palletBagBlankBaseFull,Construction,Pallet
agfDecopalletBagBlankBaseFullPurple,"Bulk Goods Base, Full, Purple [ddcdfa](Deco)[-]",02894,,plain,palletBagBlankBaseFull,Construction,Pallet
agfDecopalletBagBlankBaseFullRed,"Bulk Goods Base, Full, Red [ddcdfa](Deco)[-]",02895,,plain,palletBagBlankBaseFull,Construction,Pallet
agfDecopalletBagBlankBaseFullWhite,"Bulk Goods Base, Full, White [ddcdfa](Deco)[-]",02896,,plain,palletBagBlankBaseFull,Construction,Pallet
agfDecopalletBagBlankBaseFullYellow,"Bulk Goods Base, Full, Yellow [ddcdfa](Deco)[-]",02897,,plain,palletBagBlankBaseFull,Construction,Pallet
agfDecopalletBagBlankBaseMedArmyGreen,"Bulk Goods Base Med, Army Green [ddcdfa](Deco)[-]",02898,,plain,palletBagBlankBaseMed,Construction,Pallet
agfDecopalletBagBlankBaseMedBlack,"Bulk Goods Base Med, Black [ddcdfa](Deco)[-]",02899,,plain,palletBagBlankBaseMed,Construction,Pallet
agfDecopalletBagBlankBaseMedBlue,"Bulk Goods Base Med, Blue [ddcdfa](Deco)[-]",02900,,plain,palletBagBlankBaseMed,Construction,Pallet
agfDecopalletBagBlankBaseMedBrown,"Bulk Goods Base Med, Brown [ddcdfa](Deco)[-]",02901,,plain,palletBagBlankBaseMed,Construction,Pallet
agfDecopalletBagBlankBaseMedGreen,"Bulk Goods Base Med, Green [ddcdfa](Deco)[-]",02902,,plain,palletBagBlankBaseMed,Construction,Pallet
agfDecopalletBagBlankBaseMedGrey,"Bulk Goods Base Med, Grey [ddcdfa](Deco)[-]",02903,,plain,palletBagBlankBaseMed,Construction,Pallet
agfDecopalletBagBlankBaseMedOrange,"Bulk Goods Base Med, Orange [ddcdfa](Deco)[-]",02904,,plain,palletBagBlankBaseMed,Construction,Pallet
agfDecopalletBagBlankBaseMedPink,"Bulk Goods Base Med, Pink [ddcdfa](Deco)[-]",02905,,plain,palletBagBlankBaseMed,Construction,Pallet
agfDecopalletBagBlankBaseMedPurple,"Bulk Goods Base Med, Purple [ddcdfa](Deco)[-]",02906,,plain,palletBagBlankBaseMed,Construction,Pallet
agfDecopalletBagBlankBaseMedRed,"Bulk Goods Base Med, Red [ddcdfa](Deco)[-]",02907,,plain,palletBagBlankBaseMed,Construction,Pallet
agfDecopalletBagBlankBaseMedWhite,"Bulk Goods Base Med, White [ddcdfa](Deco)[-]",02908,,plain,palletBagBlankBaseMed,Construction,Pallet
agfDecopalletBagBlankBaseMedYellow,"Bulk Goods Base Med, Yellow [ddcdfa](Deco)[-]",02909,,plain,palletBagBlankBaseMed,Construction,Pallet
agfDecopalletBagBlankCapMedArmyGreen,"Bulk Goods Cap Med, Army Green [ddcdfa](Deco)[-]",02910,,plain,palletBagBlankCapMed,Construction,Pallet
agfDecopalletBagBlankCapMedBlack,"Bulk Goods Cap Med, Black [ddcdfa](Deco)[-]",02911,,plain,palletBagBlankCapMed,Construction,Pallet
agfDecopalletBagBlankCapMedBlue,"Bulk Goods Cap Med, Blue [ddcdfa](Deco)[-]",02912,,plain,palletBagBlankCapMed,Construction,Pallet
agfDecopalletBagBlankCapMedBrown,"Bulk Goods Cap Med, Brown [ddcdfa](Deco)[-]",02913,,plain,palletBagBlankCapMed,Construction,Pallet
agfDecopalletBagBlankCapMedGreen,"Bulk Goods Cap Med, Green [ddcdfa](Deco)[-]",02914,,plain,palletBagBlankCapMed,Construction,Pallet
agfDecopalletBagBlankCapMedGrey,"Bulk Goods Cap Med, Grey [ddcdfa](Deco)[-]",02915,,plain,palletBagBlankCapMed,Construction,Pallet
agfDecopalletBagBlankCapMedOrange,"Bulk Goods Cap Med, Orange [ddcdfa](Deco)[-]",02916,,plain,palletBagBlankCapMed,Construction,Pallet
agfDecopalletBagBlankCapMedPink,"Bulk Goods Cap Med, Pink [ddcdfa](Deco)[-]",02917,,plain,palletBagBlankCapMed,Construction,Pallet
agfDecopalletBagBlankCapMedPurple,"Bulk Goods Cap Med, Purple [ddcdfa](Deco)[-]",02918,,plain,palletBagBlankCapMed,Construction,Pallet
agfDecopalletBagBlankCapMedRed,"Bulk Goods Cap Med, Red [ddcdfa](Deco)[-]",02919,,plain,palletBagBlankCapMed,Construction,Pallet
agfDecopalletBagBlankCapMedWhite,"Bulk Goods Cap Med, White [ddcdfa](Deco)[-]",02920,,plain,palletBagBlankCapMed,Construction,Pallet
agfDecopalletBagBlankCapMedYellow,"Bulk Goods Cap Med, Yellow [ddcdfa](Deco)[-]",02921,,plain,palletBagBlankCapMed,Construction,Pallet
agfDecopalletBagBlankCapSmlArmyGreen,"Bulk Goods Cap Small, Army Green [ddcdfa](Deco)[-]",02922,,plain,palletBagBlankCapSml,Construction,Pallet
agfDecopalletBagBlankCapSmlBlack,"Bulk Goods Cap Small, Black [ddcdfa](Deco)[-]",02923,,plain,palletBagBlankCapSml,Construction,Pallet
agfDecopalletBagBlankCapSmlBlue,"Bulk Goods Cap Small, Blue [ddcdfa](Deco)[-]",02924,,plain,palletBagBlankCapSml,Construction,Pallet
agfDecopalletBagBlankCapSmlBrown,"Bulk Goods Cap Small, Brown [ddcdfa](Deco)[-]",02925,,plain,palletBagBlankCapSml,Construction,Pallet
agfDecopalletBagBlankCapSmlGreen,"Bulk Goods Cap Small, Green [ddcdfa](Deco)[-]",02926,,plain,palletBagBlankCapSml,Construction,Pallet
agfDecopalletBagBlankCapSmlGrey,"Bulk Goods Cap Small, Grey [ddcdfa](Deco)[-]",02927,,plain,palletBagBlankCapSml,Construction,Pallet
agfDecopalletBagBlankCapSmlOrange,"Bulk Goods Cap Small, Orange [ddcdfa](Deco)[-]",02928,,plain,palletBagBlankCapSml,Construction,Pallet
agfDecopalletBagBlankCapSmlPink,"Bulk Goods Cap Small, Pink [ddcdfa](Deco)[-]",02929,,plain,palletBagBlankCapSml,Construction,Pallet
agfDecopalletBagBlankCapSmlPurple,"Bulk Goods Cap Small, Purple [ddcdfa](Deco)[-]",02930,,plain,palletBagBlankCapSml,Construction,Pallet
agfDecopalletBagBlankCapSmlRed,"Bulk Goods Cap Small, Red [ddcdfa](Deco)[-]",02931,,plain,palletBagBlankCapSml,Construction,Pallet
agfDecopalletBagBlankCapSmlWhite,"Bulk Goods Cap Small, White [ddcdfa](Deco)[-]",02932,,plain,palletBagBlankCapSml,Construction,Pallet
agfDecopalletBagBlankCapSmlYellow,"Bulk Goods Cap Small, Yellow [ddcdfa](Deco)[-]",02933,,plain,palletBagBlankCapSml,Construction,Pallet
agfDecopalletBagBlankSingleBentArmyGreen,"Bulk Goods Single Bent, Army Green [ddcdfa](Deco)[-]",02934,,plain,palletBagBlankSingleBent,Construction,Pallet
agfDecopalletBagBlankSingleBentBlack,"Bulk Goods Single Bent, Black [ddcdfa](Deco)[-]",02935,,plain,palletBagBlankSingleBent,Construction,Pallet
agfDecopalletBagBlankSingleBentBlue,"Bulk Goods Single Bent, Blue [ddcdfa](Deco)[-]",02936,,plain,palletBagBlankSingleBent,Construction,Pallet
agfDecopalletBagBlankSingleBentBrown,"Bulk Goods Single Bent, Brown [ddcdfa](Deco)[-]",02937,,plain,palletBagBlankSingleBent,Construction,Pallet
agfDecopalletBagBlankSingleBentGreen,"Bulk Goods Single Bent, Green [ddcdfa](Deco)[-]",02938,,plain,palletBagBlankSingleBent,Construction,Pallet
agfDecopalletBagBlankSingleBentGrey,"Bulk Goods Single Bent, Grey [ddcdfa](Deco)[-]",02939,,plain,palletBagBlankSingleBent,Construction,Pallet
agfDecopalletBagBlankSingleBentOrange,"Bulk Goods Single Bent, Orange [ddcdfa](Deco)[-]",02940,,plain,palletBagBlankSingleBent,Construction,Pallet
agfDecopalletBagBlankSingleBentPink,"Bulk Goods Single Bent, Pink [ddcdfa](Deco)[-]",02941,,plain,palletBagBlankSingleBent,Construction,Pallet
agfDecopalletBagBlankSingleBentPurple,"Bulk Goods Single Bent, Purple [ddcdfa](Deco)[-]",02942,,plain,palletBagBlankSingleBent,Construction,Pallet
agfDecopalletBagBlankSingleBentRed,"Bulk Goods Single Bent, Red [ddcdfa](Deco)[-]",02943,,plain,palletBagBlankSingleBent,Construction,Pallet
agfDecopalletBagBlankSingleBentWhite,"Bulk Goods Single Bent, White [ddcdfa](Deco)[-]",02944,,plain,palletBagBlankSingleBent,Construction,Pallet
agfDecopalletBagBlankSingleBentYellow,"Bulk Goods Single Bent, Yellow [ddcdfa](Deco)[-]",02945,,plain,palletBagBlankSingleBent,Construction,Pallet
agfDecopalletBagBlankSingleFlatArmyGreen,"Bulk Goods Single Flat, Army Green [ddcdfa](Deco)[-]",02946,,plain,palletBagBlankSingleFlat,Construction,Pallet
agfDecopalletBagBlankSingleFlatBlack,"Bulk Goods Single Flat, Black [ddcdfa](Deco)[-]",02947,,plain,palletBagBlankSingleFlat,Construction,Pallet
agfDecopalletBagBlankSingleFlatBlue,"Bulk Goods Single Flat, Blue [ddcdfa](Deco)[-]",02948,,plain,palletBagBlankSingleFlat,Construction,Pallet
agfDecopalletBagBlankSingleFlatBrown,"Bulk Goods Single Flat, Brown [ddcdfa](Deco)[-]",02949,,plain,palletBagBlankSingleFlat,Construction,Pallet
agfDecopalletBagBlankSingleFlatGreen,"Bulk Goods Single Flat, Green [ddcdfa](Deco)[-]",02950,,plain,palletBagBlankSingleFlat,Construction,Pallet
agfDecopalletBagBlankSingleFlatGrey,"Bulk Goods Single Flat, Grey [ddcdfa](Deco)[-]",02951,,plain,palletBagBlankSingleFlat,Construction,Pallet
agfDecopalletBagBlankSingleFlatOrange,"Bulk Goods Single Flat, Orange [ddcdfa](Deco)[-]",02952,,plain,palletBagBlankSingleFlat,Construction,Pallet
agfDecopalletBagBlankSingleFlatPink,"Bulk Goods Single Flat, Pink [ddcdfa](Deco)[-]",02953,,plain,palletBagBlankSingleFlat,Construction,Pallet
agfDecopalletBagBlankSingleFlatPurple,"Bulk Goods Single Flat, Purple [ddcdfa](Deco)[-]",02954,,plain,palletBagBlankSingleFlat,Construction,Pallet
agfDecopalletBagBlankSingleFlatRed,"Bulk Goods Single Flat, Red [ddcdfa](Deco)[-]",02955,,plain,palletBagBlankSingleFlat,Construction,Pallet
agfDecopalletBagBlankSingleFlatWhite,"Bulk Goods Single Flat, White [ddcdfa](Deco)[-]",02956,,plain,palletBagBlankSingleFlat,Construction,Pallet
agfDecopalletBagBlankSingleFlatYellow,"Bulk Goods Single Flat, Yellow [ddcdfa](Deco)[-]",02957,,plain,palletBagBlankSingleFlat,Construction,Pallet
agfDecopalletBagBlankTileArmyGreen,"Bulk Goods Tile, Army Green [ddcdfa](Deco)[-]",02958,,plain,palletBagBlankTile,Construction,Pallet
agfDecopalletBagBlankTileBlack,"Bulk Goods Tile, Black [ddcdfa](Deco)[-]",02959,,plain,palletBagBlankTile,Construction,Pallet
agfDecopalletBagBlankTileBlue,"Bulk Goods Tile, Blue [ddcdfa](Deco)[-]",02960,,plain,palletBagBlankTile,Construction,Pallet
agfDecopalletBagBlankTileBrown,"Bulk Goods Tile, Brown [ddcdfa](Deco)[-]",02961,,plain,palletBagBlankTile,Construction,Pallet
agfDecopalletBagBlankTileGreen,"Bulk Goods Tile, Green [ddcdfa](Deco)[-]",02962,,plain,palletBagBlankTile,Construction,Pallet
agfDecopalletBagBlankTileGrey,"Bulk Goods Tile, Grey [ddcdfa](Deco)[-]",02963,,plain,palletBagBlankTile,Construction,Pallet
agfDecopalletBagBlankTileOrange,"Bulk Goods Tile, Orange [ddcdfa](Deco)[-]",02964,,plain,palletBagBlankTile,Construction,Pallet
agfDecopalletBagBlankTilePink,"Bulk Goods Tile, Pink [ddcdfa](Deco)[-]",02965,,plain,palletBagBlankTile,Construction,Pallet
agfDecopalletBagBlankTilePurple,"Bulk Goods Tile, Purple [ddcdfa](Deco)[-]",02966,,plain,palletBagBlankTile,Construction,Pallet
agfDecopalletBagBlankTileRed,"Bulk Goods Tile, Red [ddcdfa](Deco)[-]",02967,,plain,palletBagBlankTile,Construction,Pallet
agfDecopalletBagBlankTileWhite,"Bulk Goods Tile, White [ddcdfa](Deco)[-]",02968,,plain,palletBagBlankTile,Construction,Pallet
agfDecopalletBagBlankTileYellow,"Bulk Goods Tile, Yellow [ddcdfa](Deco)[-]",02969,,plain,palletBagBlankTile,Construction,Pallet
agfDecopalletBagConcreteBaseFull,"Bulk Concrete Base, Full [ddcdfa](Deco)[-]",02970,,plain,palletBagConcreteBase,Construction,Pallet
agfDecopalletBagConcreteBaseMed,Bulk Concrete Base Med [ddcdfa](Deco)[-],02971,,plain,palletBagConcreteBase,Construction,Pallet
agfDecopalletBagConcreteBaseSml,Bulk Concrete Base Small [ddcdfa](Deco)[-],02972,,plain,palletBagConcreteBase,Construction,Pallet
agfDecopalletBagConcreteCapMed,Bulk Concrete Cap Med [ddcdfa](Deco)[-],02973,,plain,palletBagConcreteCap,Construction,Pallet
agfDecopalletBagConcreteCapSml,Bulk Concrete Cap Small [ddcdfa](Deco)[-],02974,,plain,palletBagConcreteCap,Construction,Pallet
agfDecopalletBagConcreteSingleBent,Bulk Concrete Single Bent [ddcdfa](Deco)[-],02975,,plain,palletBagConcreteSingle,Construction,Pallet
agfDecopalletBagConcreteSingleFlat,Bulk Concrete Single Flat [ddcdfa](Deco)[-],02976,,plain,palletBagConcreteSingle,Construction,Pallet
agfDecopalletBagConcreteTile,Bulk Concrete Tile [ddcdfa](Deco)[-],02977,,plain,palletBagConcrete,Construction,Pallet
agfDecopalletBagCowFeedBaseFull,"Bulk CowFeed Base, Full [ddcdfa](Deco)[-]",02978,,plain,palletBagCowFeedBase,Construction,Pallet
agfDecopalletBagCowFeedBaseMed,Bulk CowFeed Base Med [ddcdfa](Deco)[-],02979,,plain,palletBagCowFeedBase,Construction,Pallet
agfDecopalletBagCowFeedCapMed,Bulk CowFeed Cap Med [ddcdfa](Deco)[-],02980,,plain,palletBagCowFeedCap,Construction,Pallet
agfDecopalletBagCowFeedCapSml,Bulk CowFeed Cap Small [ddcdfa](Deco)[-],02981,,plain,palletBagCowFeedCap,Construction,Pallet
agfDecopalletBagCowFeedSingleBent,Bulk CowFeed Single Bent [ddcdfa](Deco)[-],02982,,plain,palletBagCowFeedSingle,Construction,Pallet
agfDecopalletBagCowFeedSingleFlat,Bulk CowFeed Single Flat [ddcdfa](Deco)[-],02983,,plain,palletBagCowFeedSingle,Construction,Pallet
agfDecopalletBagCowFeedTile,Bulk CowFeed Tile [ddcdfa](Deco)[-],02984,,plain,palletBagCowFeed,Construction,Pallet
agfDecopalletBagFertilizerBaseFull,"Bulk Fertilizer Base, Full [ddcdfa](Deco)[-]",02985,,plain,palletBagFertilizerBase,Construction,Pallet
agfDecopalletBagFertilizerBaseMed,Bulk Fertilizer Base Med [ddcdfa](Deco)[-],02986,,plain,palletBagFertilizerBase,Construction,Pallet
agfDecopalletBagFertilizerCapMed,Bulk Fertilizer Cap Med [ddcdfa](Deco)[-],02987,,plain,palletBagFertilizerCap,Construction,Pallet
agfDecopalletBagFertilizerCapSml,Bulk Fertilizer Cap Small [ddcdfa](Deco)[-],02988,,plain,palletBagFertilizerCap,Construction,Pallet
agfDecopalletBagFertilizerSingleBent,Bulk Fertilizer Single Bent [ddcdfa](Deco)[-],02989,,plain,palletBagFertilizerSingle,Construction,Pallet
agfDecopalletBagFertilizerSingleFlat,Bulk Fertilizer Single Flat [ddcdfa](Deco)[-],02990,,plain,palletBagFertilizerSingle,Construction,Pallet
agfDecopalletBagFertilizerTile,Bulk Fertilizer Tile [ddcdfa](Deco)[-],02991,,plain,palletBagFertilizer,Construction,Pallet
agfDecopalletBagFlourBaseFull,"Bulk Flour Base, Full [ddcdfa](Deco)[-]",02992,,plain,palletBagFlourBase,Construction,Pallet
agfDecopalletBagFlourBaseMed,Bulk Flour Base Med [ddcdfa](Deco)[-],02993,,plain,palletBagFlourBase,Construction,Pallet
agfDecopalletBagFlourCapMed,Bulk Flour Cap Med [ddcdfa](Deco)[-],02994,,plain,palletBagFlourCap,Construction,Pallet
agfDecopalletBagFlourCapSml,Bulk Flour Cap Small [ddcdfa](Deco)[-],02995,,plain,palletBagFlourCap,Construction,Pallet
agfDecopalletBagFlourSingleBent,Bulk Flour Single Bent [ddcdfa](Deco)[-],02996,,plain,palletBagFlourSingle,Construction,Pallet
agfDecopalletBagFlourSingleFlat,Bulk Flour Single Flat [ddcdfa](Deco)[-],02997,,plain,palletBagFlourSingle,Construction,Pallet
agfDecopalletBagFlourTile,Bulk Flour Tile [ddcdfa](Deco)[-],02998,,plain,palletBagFlour,Construction,Pallet
agfDecopalletBagSandBaseFull,"Bulk Sand Base, Full [ddcdfa](Deco)[-]",02999,,plain,palletBagSandBase,Construction,Pallet
agfDecopalletBagSandBaseMed,Bulk Sand Base Med [ddcdfa](Deco)[-],03000,,plain,palletBagSandBase,Construction,Pallet
agfDecopalletBagSandCapMed,Bulk Sand Cap Med [ddcdfa](Deco)[-],03001,,plain,palletBagSandCap,Construction,Pallet
agfDecopalletBagSandCapSml,Bulk Sand Cap Small [ddcdfa](Deco)[-],03002,,plain,palletBagSandCap,Construction,Pallet
agfDecopalletBagSandSingleBent,Bulk Sand Single Bent [ddcdfa](Deco)[-],03003,,plain,palletBagSandSingle,Construction,Pallet
agfDecopalletBagSandSingleFlat,Bulk Sand Single Flat [ddcdfa](Deco)[-],03004,,plain,palletBagSandSingle,Construction,Pallet
agfDecopalletBagSandTile,Bulk Sand Tile [ddcdfa](Deco)[-],03005,,plain,palletBagSand,Construction,Pallet
agfDecopalletBricksBase,"Pallet, Bricks, Base, Grey [ddcdfa](Deco)[-]",03006,,plain,palletBricksBase,Construction,Pallet
agfDecopalletBricksBaseBrown,"Pallet, Bricks, Base, Brown [ddcdfa](Deco)[-]",03007,,plain,palletBricksBase,Construction,Pallet
agfDecopalletBricksBaseOrange,"Pallet, Bricks, Base, Orange [ddcdfa](Deco)[-]",03008,,plain,palletBricksBase,Construction,Pallet
agfDecopalletBricksBaseRed,"Pallet, Bricks, Base, Red [ddcdfa](Deco)[-]",03009,,plain,palletBricksBase,Construction,Pallet
agfDecopalletBricksLoose,"Pallet, Bricks, Loose, Grey [ddcdfa](Deco)[-]",03010,,plain,palletBricksLoose,Construction,Pallet
agfDecopalletBricksLooseBrown,"Pallet, Bricks, Loose, Brown [ddcdfa](Deco)[-]",03011,,plain,palletBricksLoose,Construction,Pallet
agfDecopalletBricksLooseOrange,"Pallet, Bricks, Loose, Orange [ddcdfa](Deco)[-]",03012,,plain,palletBricksLoose,Construction,Pallet
agfDecopalletBricksLooseRed,"Pallet, Bricks, Loose, Red [ddcdfa](Deco)[-]",03013,,plain,palletBricksLoose,Construction,Pallet
agfDecopalletBricksPartial1,"Pallet, Bricks, Partial 1, Grey [ddcdfa](Deco)[-]",03014,,plain,palletBricksPartial1,Construction,Pallet
agfDecopalletBricksPartial1Brown,"Pallet, Bricks, Partial 1, Brown [ddcdfa](Deco)[-]",03015,,plain,palletBricksPartial1,Construction,Pallet
agfDecopalletBricksPartial1Orange,"Pallet, Bricks, Partial 1, Orange [ddcdfa](Deco)[-]",03016,,plain,palletBricksPartial1,Construction,Pallet
agfDecopalletBricksPartial1Red,"Pallet, Bricks, Partial 1, Red [ddcdfa](Deco)[-]",03017,,plain,palletBricksPartial1,Construction,Pallet
agfDecopalletBricksPartial2,"Pallet, Bricks, Partial 2, Grey [ddcdfa](Deco)[-]",03018,,plain,palletBricksPartial2,Construction,Pallet
agfDecopalletBricksPartial2Brown,"Pallet, Bricks, Partial 2, Brown [ddcdfa](Deco)[-]",03019,,plain,palletBricksPartial2,Construction,Pallet
agfDecopalletBricksPartial2Orange,"Pallet, Bricks, Partial 2, Orange [ddcdfa](Deco)[-]",03020,,plain,palletBricksPartial2,Construction,Pallet
agfDecopalletBricksPartial2Red,"Pallet, Bricks, Partial 2, Red [ddcdfa](Deco)[-]",03021,,plain,palletBricksPartial2,Construction,Pallet
agfDecopalletBricksTile,"Pallet, Bricks, Tile, Grey [ddcdfa](Deco)[-]",03022,,plain,palletBricksTile,Construction,Pallet
agfDecopalletBricksTileBrown,"Pallet, Bricks, Tile, Brown [ddcdfa](Deco)[-]",03023,,plain,palletBricksTile,Construction,Pallet
agfDecopalletBricksTileOrange,"Pallet, Bricks, Tile, Orange [ddcdfa](Deco)[-]",03024,,plain,palletBricksTile,Construction,Pallet
agfDecopalletBricksTileRed,"Pallet, Bricks, Tile, Red [ddcdfa](Deco)[-]",03025,,plain,palletBricksTile,Construction,Pallet
agfDecopalletBricksTop,"Pallet, Bricks, Top, Grey [ddcdfa](Deco)[-]",03026,,plain,palletBricksTop,Construction,Pallet
agfDecopalletBricksTopBrown,"Pallet, Bricks, Top, Brown [ddcdfa](Deco)[-]",03027,,plain,palletBricksTop,Construction,Pallet
agfDecopalletBricksTopOrange,"Pallet, Bricks, Top, Orange [ddcdfa](Deco)[-]",03028,,plain,palletBricksTop,Construction,Pallet
agfDecopalletBricksTopRed,"Pallet, Bricks, Top, Red [ddcdfa](Deco)[-]",03029,,plain,palletBricksTop,Construction,Pallet
agfDecopalletBrownBoxesBase,"Pallet, Brown Boxes, Base, Brown [ddcdfa](Deco)[-]",03030,,plain,palletBoxes,Construction,Pallet
agfDecopalletBrownBoxesLoose,"Pallet, Brown Boxes, Loose, Brown [ddcdfa](Deco)[-]",03031,,plain,palletBoxes,Construction,Pallet
agfDecopalletBrownBoxesTile,"Pallet, Brown Boxes, Tile, Brown [ddcdfa](Deco)[-]",03032,,plain,palletBoxes,Construction,Pallet
agfDecopalletBrownBoxesTop,"Pallet, Brown Boxes, Top, Brown [ddcdfa](Deco)[-]",03033,,plain,palletBoxesTop,Construction,Pallet
agfDecopalletBrownBoxesTopSmall,"Pallet, Brown Boxes, Top Small, Brown [ddcdfa](Deco)[-]",03034,,plain,palletBoxesTop,Construction,Pallet
agfDecopalletCans,"Pallet, Recycled Cans, Tile [ddcdfa](Deco)[-]",03035,,plain,palletCans,Construction,Pallet
agfDecopalletCansBase,"Pallet, Recycled Cans, Base [ddcdfa](Deco)[-]",03036,,plain,palletCans,Construction,Pallet
agfDecopalletCartonMilitaryBase,Military Pallet Base [ddcdfa](Deco)[-],03037,,plain,palletCartonMilitary,Construction,Pallet
agfDecopalletCartonMilitaryCap,Military Pallet Cap [ddcdfa](Deco)[-],03038,,plain,palletCartonMilitary,Construction,Pallet
agfDecopalletCartonMilitaryTile,Military Pallet Tile [ddcdfa](Deco)[-],03039,,plain,palletCartonMilitaryTile,Construction,Pallet
agfDecopalletCartonMilitaryTileCovered,Military Pallet Tile Covered [ddcdfa](Deco)[-],03040,,plain,palletCartonMilitaryTile,Construction,Pallet
agfDecopalletCompressedCardboard,"Pallet, Compressed Cardboard [ddcdfa](Deco)[-]",03041,,plain,palletCompressedCardboard,Construction,Pallet
agfDecopalletEmpty,"Pallet, Empty [ddcdfa](Deco)[-]",03042,,plain,palletEmpty,Construction,Pallet
agfDecopalletEmptyStack,"Pallets, Stack, Empty, Full [ddcdfa](Deco)[-]",03043,,plain,palletEmpty,Construction,Pallet
agfDecopalletTarpBaseArmyGreen,"Pallet, Army Green Tarp, Base, Army Green [ddcdfa](Deco)[-]",03044,,plain,palletTarpBase,Construction,Pallet
agfDecopalletTarpBaseBlack,"Pallet, Black Tarp, Base, Black [ddcdfa](Deco)[-]",03045,,plain,palletTarpBase,Construction,Pallet
agfDecopalletTarpBaseBlue,"Pallet, Blue Tarp, Base, Blue [ddcdfa](Deco)[-]",03046,,plain,palletTarpBase,Construction,Pallet
agfDecopalletTarpBaseBrown,"Pallet, Brown Tarp, Base, Brown [ddcdfa](Deco)[-]",03047,,plain,palletTarpBase,Construction,Pallet
agfDecopalletTarpBaseGreen,"Pallet, Green Tarp, Base, Green [ddcdfa](Deco)[-]",03048,,plain,palletTarpBase,Construction,Pallet
agfDecopalletTarpBaseGrey,"Pallet, Grey Tarp, Base, Grey [ddcdfa](Deco)[-]",03049,,plain,palletTarpBase,Construction,Pallet
agfDecopalletTarpBaseOrange,"Pallet, Orange Tarp, Base, Orange [ddcdfa](Deco)[-]",03050,,plain,palletTarpBase,Construction,Pallet
agfDecopalletTarpBasePink,"Pallet, Pink Tarp, Base, Pink [ddcdfa](Deco)[-]",03051,,plain,palletTarpBase,Construction,Pallet
agfDecopalletTarpBasePurple,"Pallet, Purple Tarp, Base, Purple [ddcdfa](Deco)[-]",03052,,plain,palletTarpBase,Construction,Pallet
agfDecopalletTarpBaseRed,"Pallet, Red Tarp, Base, Red [ddcdfa](Deco)[-]",03053,,plain,palletTarpBase,Construction,Pallet
agfDecopalletTarpBaseWhite,"Pallet, White Tarp, Base, White [ddcdfa](Deco)[-]",03054,,plain,palletTarpBase,Construction,Pallet
agfDecopalletTarpBaseYellow,"Pallet, Yellow Tarp, Base, Yellow [ddcdfa](Deco)[-]",03055,,plain,palletTarpBase,Construction,Pallet
agfDecopalletTarpTileArmyGreen,"Pallet, Army Green Tarp, Tile, Army Green [ddcdfa](Deco)[-]",03056,,plain,palletTarpTile,Construction,Pallet
agfDecopalletTarpTileBlack,"Pallet, Black Tarp, Tile, Black [ddcdfa](Deco)[-]",03057,,plain,palletTarpTile,Construction,Pallet
agfDecopalletTarpTileBlue,"Pallet, Blue Tarp, Tile, Blue [ddcdfa](Deco)[-]",03058,,plain,palletTarpTile,Construction,Pallet
agfDecopalletTarpTileBrown,"Pallet, Brown Tarp, Tile, Brown [ddcdfa](Deco)[-]",03059,,plain,palletTarpTile,Construction,Pallet
agfDecopalletTarpTileGreen,"Pallet, Green Tarp, Tile, Green [ddcdfa](Deco)[-]",03060,,plain,palletTarpTile,Construction,Pallet
agfDecopalletTarpTileGrey,"Pallet, Grey Tarp, Tile, Grey [ddcdfa](Deco)[-]",03061,,plain,palletTarpTile,Construction,Pallet
agfDecopalletTarpTileOrange,"Pallet, Orange Tarp, Tile, Orange [ddcdfa](Deco)[-]",03062,,plain,palletTarpTile,Construction,Pallet
agfDecopalletTarpTilePink,"Pallet, Pink Tarp, Tile, Pink [ddcdfa](Deco)[-]",03063,,plain,palletTarpTile,Construction,Pallet
agfDecopalletTarpTilePurple,"Pallet, Purple Tarp, Tile, Purple [ddcdfa](Deco)[-]",03064,,plain,palletTarpTile,Construction,Pallet
agfDecopalletTarpTileRed,"Pallet, Red Tarp, Tile, Red [ddcdfa](Deco)[-]",03065,,plain,palletTarpTile,Construction,Pallet
agfDecopalletTarpTileWhite,"Pallet, White Tarp, Tile, White [ddcdfa](Deco)[-]",03066,,plain,palletTarpTile,Construction,Pallet
agfDecopalletTarpTileYellow,"Pallet, Yellow Tarp, Tile, Yellow [ddcdfa](Deco)[-]",03067,,plain,palletTarpTile,Construction,Pallet
agfDecobricksStack,Brick Stack [ddcdfa](Deco)[-],03068,,plain,bricksStack,Construction,Stack
agfDecodryWallStack,Drywall Stack [ddcdfa](Deco)[-],03069,,plain,dryWallStack,Construction,Stack
agfDecometalPipeStack,Metal Pipe Stack [ddcdfa](Deco)[-],03070,,plain,pipe,Construction,Stack
agfDecometalPipeStackLoose,"Metal Pipe Stack, Loose [ddcdfa](Deco)[-]",03071,,plain,pipe,Construction,Stack
agfDecoOSBWoodStack,OSB Wood Stack [ddcdfa](Deco)[-],03072,,plain,OSBWoodStack,Construction,Stack
agfDecoplywoodStack,Plywood Stack [ddcdfa](Deco)[-],03073,,plain,plywoodStack,Construction,Stack
agfDecowoodPlanksStack,Wood Plank Stack [ddcdfa](Deco)[-],03074,,plain,woodPlanksStack,Construction,Stack
agfDecocntToolBoxClosedBlue,"Toolbox, Closed, Blue [c8e6be](Loot)[-]",03075,,loot,garage,Construction,Toolbox
agfDecocntToolBoxClosedGreen,"Toolbox, Closed, Green [c8e6be](Loot)[-]",03076,,loot,garage,Construction,Toolbox
agfDecocntToolBoxClosedGrey,"Toolbox, Closed, Grey [c8e6be](Loot)[-]",03077,,loot,garage,Construction,Toolbox
agfDecocntToolBoxClosedRed,"Toolbox, Closed, Red [c8e6be](Loot)[-]",03078,,loot,garage,Construction,Toolbox
agfDecocntToolBoxClosedWhite,"Toolbox, Closed, White [c8e6be](Loot)[-]",03079,,loot,garage,Construction,Toolbox
agfDecocntToolBoxClosedYellow,"Toolbox, Closed, Yellow [c8e6be](Loot)[-]",03080,,loot,garage,Construction,Toolbox
agfDecocntToolBoxOpenBlue,"Toolbox, Open, Blue [c8e6be](Loot)[-]",03081,,loot,garage,Construction,Toolbox
agfDecocntToolBoxOpenGreen,"Toolbox, Open, Green [c8e6be](Loot)[-]",03082,,loot,garage,Construction,Toolbox
agfDecocntToolBoxOpenGrey,"Toolbox, Open, Grey [c8e6be](Loot)[-]",03083,,loot,garage,Construction,Toolbox
agfDecocntToolBoxOpenRed,"Toolbox, Open, Red [c8e6be](Loot)[-]",03084,,loot,garage,Construction,Toolbox
agfDecocntToolBoxOpenWhite,"Toolbox, Open, White [c8e6be](Loot)[-]",03085,,loot,garage,Construction,Toolbox
agfDecocntToolBoxOpenYellow,"Toolbox, Open, Yellow [c8e6be](Loot)[-]",03086,,loot,garage,Construction,Toolbox
agfDecodecoToolSetClosed,"Tools Set, Closed [ddcdfa](Deco)[-]",03087,,plain,garage,Construction,Toolbox
agfDecodecoToolSetOpen,"Tools Set, Open [ddcdfa](Deco)[-]",03088,,plain,garage,Construction,Toolbox
agfDecodecoBucket,Bucket [ddcdfa](Deco)[-],03089,,plain,garage,Construction,Toolbox
agfDecodecoCaulk,Caulk [ddcdfa](Deco)[-],03090,,plain,garage,Construction,Toolbox
agfDecodecoCoronaWipes,Corona Wipes [ddcdfa](Deco)[-],03091,,plain,garage,Construction,Toolbox
agfDecodecoSprayCans,Spray Cans [ddcdfa](Deco)[-],03092,,plain,garage,Construction,Toolbox
agfDecocntRollingToolBoxClosedBlue,"Rolling Toolbox, Closed, Blue [c8e6be](Loot)[-]",03093,,loot,garage,Construction,toolboxRolling
agfDecocntRollingToolBoxClosedGreen,"Rolling Toolbox, Closed, Green [c8e6be](Loot)[-]",03094,,loot,garage,Construction,toolboxRolling
agfDecocntRollingToolBoxClosedGrey,"Rolling Toolbox, Closed, Grey [c8e6be](Loot)[-]",03095,,loot,garage,Construction,toolboxRolling
agfDecocntRollingToolBoxClosedRed,"Rolling Toolbox, Closed, Red [c8e6be](Loot)[-]",03096,,loot,garage,Construction,toolboxRolling
agfDecocntRollingToolBoxClosedWhite,"Rolling Toolbox, Closed, White [c8e6be](Loot)[-]",03097,,loot,garage,Construction,toolboxRolling
agfDecocntRollingToolBoxClosedYellow,"Rolling Toolbox, Closed, Yellow [c8e6be](Loot)[-]",03098,,loot,garage,Construction,toolboxRolling
agfDecocntRollingToolBoxOpenBlue,"Rolling Toolbox, Open, Blue [c8e6be](Loot)[-]",03099,,loot,garage,Construction,toolboxRolling
agfDecocntRollingToolBoxOpenGreen,"Rolling Toolbox, Open, Green [c8e6be](Loot)[-]",03100,,loot,garage,Construction,toolboxRolling
agfDecocntRollingToolBoxOpenGrey,"Rolling Toolbox, Open, Grey [c8e6be](Loot)[-]",03101,,loot,garage,Construction,toolboxRolling
agfDecocntRollingToolBoxOpenRed,"Rolling Toolbox, Open, Red [c8e6be](Loot)[-]",03102,,loot,garage,Construction,toolboxRolling
agfDecocntRollingToolBoxOpenWhite,"Rolling Toolbox, Open, White [c8e6be](Loot)[-]",03103,,loot,garage,Construction,toolboxRolling
agfDecocntRollingToolBoxOpenYellow,"Rolling Toolbox, Open, Yellow [c8e6be](Loot)[-]",03104,,loot,garage,Construction,toolboxRolling
agfDecocntJanitorCartEmpty,"Janitor's Cart, Empty [c8e6be](Loot)[-]",03105,,loot,cntJanitorCart,Construction,General
agfDecocntJanitorCartFull,"Janitor's Cart, Full [c8e6be](Loot)[-]",03106,,loot,cntJanitorCart,Construction,General
agfDecocntTiltTruckEmpty,"Tilt Truck, Empty [c8e6be](Loot)[-]",03107,,loot,cntTiltTruck,Construction,General
agfDecocntTiltTruckFull,"Tilt Truck, Full [c8e6be](Loot)[-]",03108,,loot,cntTiltTruckFull,Construction,General
agfDecocntTiltTruckFullFlies,"Tilt Truck, Full, Flies [c8e6be](Loot)[-]",03109,,loot,cntTiltTruckFull,Construction,General
agfDecocntUtilityCartEmpty,"Utility Cart, Empty [c8e6be](Loot)[-]",03110,,loot,cntUtilityCartEmpty,Construction,General
agfDecocntUtilityCartEmptyBlack,"Utility Cart, Empty, Black [c8e6be](Loot)[-]",03111,,loot,cntUtilityCartEmpty,Construction,General
agfDecocntUtilityCartEmptyBlue,"Utility Cart, Empty, Blue [c8e6be](Loot)[-]",03112,,loot,cntUtilityCartEmpty,Construction,General
agfDecocntUtilityCartEmptyBrown,"Utility Cart, Empty, Brown [c8e6be](Loot)[-]",03113,,loot,cntUtilityCartEmpty,Construction,General
agfDecocntUtilityCartEmptyGreen,"Utility Cart, Empty, Green [c8e6be](Loot)[-]",03114,,loot,cntUtilityCartEmpty,Construction,General
agfDecocntUtilityCartEmptyGrey,"Utility Cart, Empty, Grey [c8e6be](Loot)[-]",03115,,loot,cntUtilityCartEmpty,Construction,General
agfDecocntUtilityCartEmptyRed,"Utility Cart, Empty, Red [c8e6be](Loot)[-]",03116,,loot,cntUtilityCartEmpty,Construction,General
agfDecocntUtilityCartEmptyYellow,"Utility Cart, Empty, Yellow [c8e6be](Loot)[-]",03117,,loot,cntUtilityCartEmpty,Construction,General
agfDecocntUtilityCartFull,"Utility Cart, Full [c8e6be](Loot)[-]",03118,,loot,cntUtilityCartFull,Construction,General
agfDecocntUtilityCartFullBlack,"Utility Cart, Full, Black [c8e6be](Loot)[-]",03119,,loot,cntUtilityCartFull,Construction,General
agfDecocntUtilityCartFullBlue,"Utility Cart, Full, Blue [c8e6be](Loot)[-]",03120,,loot,cntUtilityCartFull,Construction,General
agfDecocntUtilityCartFullBrown,"Utility Cart, Full, Brown [c8e6be](Loot)[-]",03121,,loot,cntUtilityCartFull,Construction,General
agfDecocntUtilityCartFullGreen,"Utility Cart, Full, Green [c8e6be](Loot)[-]",03122,,loot,cntUtilityCartFull,Construction,General
agfDecocntUtilityCartFullGrey,"Utility Cart, Full, Grey [c8e6be](Loot)[-]",03123,,loot,cntUtilityCartFull,Construction,General
agfDecocntUtilityCartFullRed,"Utility Cart, Full, Red [c8e6be](Loot)[-]",03124,,loot,cntUtilityCartFull,Construction,General
agfDecocntUtilityCartFullYellow,"Utility Cart, Full, Yellow [c8e6be](Loot)[-]",03125,,loot,cntUtilityCartFull,Construction,General
agfDecodecoHandTruck,Hand Truck [ddcdfa](Deco)[-],03126,,plain,decoHandTruck,Construction,General
agfDecofactoryConveyorBelt,Factory Conveyor Belt [ddcdfa](Deco)[-],03127,,plain,factoryConveyor,Construction,General
agfDecofactoryConveyorBridge,Factory Conveyor Bridge [ddcdfa](Deco)[-],03128,,plain,factoryConveyor,Construction,General
agfDecofactoryConveyorCap,Factory Conveyor Cap [ddcdfa](Deco)[-],03129,,plain,factoryConveyor,Construction,General
agfDecofactoryConveyorCorner,"Factory Conveyor, Corner, 1m [ddcdfa](Deco)[-]",03130,,plain,factoryConveyorCorner,Construction,General
agfDecofactoryConveyorCorner2,"Factory Conveyor, Corner, 2m [ddcdfa](Deco)[-]",03131,,plain,factoryConveyorCorner,Construction,General
agfDecofactoryConveyorRamp,Factory Conveyor Ramp [ddcdfa](Deco)[-],03132,,plain,factoryConveyor,Construction,General
agfDecofactoryConveyorTee,Factory Conveyor Tee [ddcdfa](Deco)[-],03133,,plain,factoryConveyor,Construction,General
agfDecofactoryConveyorWedgeRamp,Factory Conveyor Wedge Ramp [ddcdfa](Deco)[-],03134,,plain,factoryConveyor,Construction,General
agfDecokeystoneBlock,Land Claim Block [c8e6be](Loot)[-],03135,,loot,keystoneBlock,Construction,General
agfDecobarbedFence,Barbed Wire Fence [f0cdaa](Structure)[-],03136,,structure,barbedFence,Outdoor,Barbed
agfDecobarbedFenceDamaged01,"Barbed Wire Fence, Bloody [f0cdaa](Structure)[-]",03137,,structure,barbedFenceDamaged0,Outdoor,Barbed
agfDecobarbedFenceDamaged02,"Barbed Wire Fence, Damaged [f0cdaa](Structure)[-]",03138,,structure,barbedFenceDamaged0,Outdoor,Barbed
agfDecobarbedWireSheet,Barbed Wire [ddcdfa](Deco)[-],03139,,plain,barbedWire,Outdoor,Barbed
agfDecobarbedWireSpindle,Barbed Wire [ddcdfa](Deco)[-],03140,,plain,barbedWireSpindle,Outdoor,Barbed
agfDecobarbedWireSpindle1m,"Barbed Wire, 1m [ddcdfa](Deco)[-]",03141,,plain,barbedWireSpindle,Outdoor,Barbed
agfDecobarbedWireSpindle2,Barbed Wire [ddcdfa](Deco)[-],03142,,plain,barbedWireSpindle,Outdoor,Barbed
agfDecobarbedWireSpindle3,Barbed Wire [ddcdfa](Deco)[-],03143,,plain,barbedWireSpindle,Outdoor,Barbed
agfDecobarbedWireSpindle4,Barbed Wire [ddcdfa](Deco)[-],03144,,plain,barbedWireSpindle,Outdoor,Barbed
agfDecobarbedWireSpindleDiagonal1m,"Barbed Wire, 1m [ddcdfa](Deco)[-]",03145,,plain,barbedWireSpindle,Outdoor,Barbed
agfDecoportaPottyBackBlue,"Porta Potty Back, Blue [ddcdfa](Deco)[-]",03146,,plain,portaPottyBack,Outdoor,Potty
agfDecoportaPottyBackBrown,"Porta Potty Back, Brown [ddcdfa](Deco)[-]",03147,,plain,portaPottyBack,Outdoor,Potty
agfDecoportaPottyBackGreen,"Porta Potty Back, Green [ddcdfa](Deco)[-]",03148,,plain,portaPottyBack,Outdoor,Potty
agfDecoportaPottyBackGrey,"Porta Potty Back, Grey [ddcdfa](Deco)[-]",03149,,plain,portaPottyBack,Outdoor,Potty
agfDecoportaPottyBackOrange,"Porta Potty Back, Orange [ddcdfa](Deco)[-]",03150,,plain,portaPottyBack,Outdoor,Potty
agfDecoportaPottyBackPink,"Porta Potty Back, Pink [ddcdfa](Deco)[-]",03151,,plain,portaPottyBack,Outdoor,Potty
agfDecoportaPottyBackPurple,"Porta Potty Back, Purple [ddcdfa](Deco)[-]",03152,,plain,portaPottyBack,Outdoor,Potty
agfDecoportaPottyBackRed,"Porta Potty Back, Red [ddcdfa](Deco)[-]",03153,,plain,portaPottyBack,Outdoor,Potty
agfDecoportaPottyBackWhite,"Porta Potty Back, White [ddcdfa](Deco)[-]",03154,,plain,portaPottyBack,Outdoor,Potty
agfDecoportaPottyBackYellow,"Porta Potty Back, Yellow [ddcdfa](Deco)[-]",03155,,plain,portaPottyBack,Outdoor,Potty
agfDecoportaPottyTopSidesBlue,"Porta Potty Top Sides, Blue [ddcdfa](Deco)[-]",03156,,plain,portaPottyTopSides,Outdoor,Potty
agfDecoportaPottyTopSidesBrown,"Porta Potty Top Sides, Brown [ddcdfa](Deco)[-]",03157,,plain,portaPottyTopSides,Outdoor,Potty
agfDecoportaPottyTopSidesGreen,"Porta Potty Top Sides, Green [ddcdfa](Deco)[-]",03158,,plain,portaPottyTopSides,Outdoor,Potty
agfDecoportaPottyTopSidesGrey,"Porta Potty Top Sides, Grey [ddcdfa](Deco)[-]",03159,,plain,portaPottyTopSides,Outdoor,Potty
agfDecoportaPottyTopSidesOrange,"Porta Potty Top Sides, Orange [ddcdfa](Deco)[-]",03160,,plain,portaPottyTopSides,Outdoor,Potty
agfDecoportaPottyTopSidesPink,"Porta Potty Top Sides, Pink [ddcdfa](Deco)[-]",03161,,plain,portaPottyTopSides,Outdoor,Potty
agfDecoportaPottyTopSidesPurple,"Porta Potty Top Sides, Purple [ddcdfa](Deco)[-]",03162,,plain,portaPottyTopSides,Outdoor,Potty
agfDecoportaPottyTopSidesRed,"Porta Potty Top Sides, Red [ddcdfa](Deco)[-]",03163,,plain,portaPottyTopSides,Outdoor,Potty
agfDecoportaPottyTopSidesWhite,"Porta Potty Top Sides, White [ddcdfa](Deco)[-]",03164,,plain,portaPottyTopSides,Outdoor,Potty
agfDecoportaPottyTopSidesYellow,"Porta Potty Top Sides, Yellow [ddcdfa](Deco)[-]",03165,,plain,portaPottyTopSides,Outdoor,Potty
agfDecocntCampingTentAngularDamagedArmyGreen,"Tent, Damaged, Army Green [c8e6be](Loot)[-]",03166,,loot,cntCampingTentAngularDamaged,Outdoor,Angular
agfDecocntCampingTentAngularDamagedBlack,"Tent, Damaged, Black [c8e6be](Loot)[-]",03167,,loot,cntCampingTentAngularDamaged,Outdoor,Angular
agfDecocntCampingTentAngularDamagedBlue,"Tent, Damaged, Blue [c8e6be](Loot)[-]",03168,,loot,cntCampingTentAngularDamaged,Outdoor,Angular
agfDecocntCampingTentAngularDamagedOrange,"Tent, Damaged, Orange [c8e6be](Loot)[-]",03169,,loot,cntCampingTentAngularDamaged,Outdoor,Angular
agfDecocntCampingTentAngularDamagedRed,"Tent, Damaged, Red [c8e6be](Loot)[-]",03170,,loot,cntCampingTentAngularDamaged,Outdoor,Angular
agfDecocntCampingTentAngularDamagedWhite,"Tent, Damaged, White [c8e6be](Loot)[-]",03171,,loot,cntCampingTentAngularDamaged,Outdoor,Angular
agfDecocntCampingTentAngularRainCoverArmyGreen,"Tent, Army Green [c8e6be](Loot)[-]",03172,,loot,cntCampingTentAngularRainCover,Outdoor,Angular
agfDecocntCampingTentAngularRainCoverBlack,"Tent, Black [c8e6be](Loot)[-]",03173,,loot,cntCampingTentAngularRainCover,Outdoor,Angular
agfDecocntCampingTentAngularRainCoverBlue,"Tent, Blue [c8e6be](Loot)[-]",03174,,loot,cntCampingTentAngularRainCover,Outdoor,Angular
agfDecocntCampingTentAngularRainCoverOrange,"Tent, Orange [c8e6be](Loot)[-]",03175,,loot,cntCampingTentAngularRainCover,Outdoor,Angular
agfDecocntCampingTentAngularRainCoverRed,"Tent, Red [c8e6be](Loot)[-]",03176,,loot,cntCampingTentAngularRainCover,Outdoor,Angular
agfDecocntCampingTentAngularRainCoverWhite,"Tent, White [c8e6be](Loot)[-]",03177,,loot,cntCampingTentAngularRainCover,Outdoor,Angular
agfDecocntCampingTentAngularArmyGreen,"Tent, Army Green [c8e6be](Loot)[-]",03178,,loot,cntCampingTentAngular,Outdoor,Angular
agfDecocntCampingTentAngularBlack,"Tent, Black [c8e6be](Loot)[-]",03179,,loot,cntCampingTentAngular,Outdoor,Angular
agfDecocntCampingTentAngularBlue,"Tent, Blue [c8e6be](Loot)[-]",03180,,loot,cntCampingTentAngular,Outdoor,Angular
agfDecocntCampingTentAngularOrange,"Tent, Orange [c8e6be](Loot)[-]",03181,,loot,cntCampingTentAngular,Outdoor,Angular
agfDecocntCampingTentAngularRed,"Tent, Red [c8e6be](Loot)[-]",03182,,loot,cntCampingTentAngular,Outdoor,Angular
agfDecocntCampingTentAngularWhite,"Tent, White [c8e6be](Loot)[-]",03183,,loot,cntCampingTentAngular,Outdoor,Angular
agfDecocntCampingTentDomeDamagedArmyGreen,"Tent, Damaged, Army Green [c8e6be](Loot)[-]",03184,,loot,cntCampingTentDomeDamaged,Outdoor,Dome
agfDecocntCampingTentDomeDamagedBlack,"Tent, Damaged, Black [c8e6be](Loot)[-]",03185,,loot,cntCampingTentDomeDamaged,Outdoor,Dome
agfDecocntCampingTentDomeDamagedBlue,"Tent, Damaged, Blue [c8e6be](Loot)[-]",03186,,loot,cntCampingTentDomeDamaged,Outdoor,Dome
agfDecocntCampingTentDomeDamagedOrange,"Tent, Damaged, Orange [c8e6be](Loot)[-]",03187,,loot,cntCampingTentDomeDamaged,Outdoor,Dome
agfDecocntCampingTentDomeDamagedRed,"Tent, Damaged, Red [c8e6be](Loot)[-]",03188,,loot,cntCampingTentDomeDamaged,Outdoor,Dome
agfDecocntCampingTentDomeDamagedWhite,"Tent, Damaged, White [c8e6be](Loot)[-]",03189,,loot,cntCampingTentDomeDamaged,Outdoor,Dome
agfDecocntCampingTentDomeRainCoverArmyGreen,"Tent, Army Green [c8e6be](Loot)[-]",03190,,loot,cntCampingTentDomeRainCover,Outdoor,Dome
agfDecocntCampingTentDomeRainCoverBlack,"Tent, Black [c8e6be](Loot)[-]",03191,,loot,cntCampingTentDomeRainCover,Outdoor,Dome
agfDecocntCampingTentDomeRainCoverBlue,"Tent, Blue [c8e6be](Loot)[-]",03192,,loot,cntCampingTentDomeRainCover,Outdoor,Dome
agfDecocntCampingTentDomeRainCoverOrange,"Tent, Orange [c8e6be](Loot)[-]",03193,,loot,cntCampingTentDomeRainCover,Outdoor,Dome
agfDecocntCampingTentDomeRainCoverRed,"Tent, Red [c8e6be](Loot)[-]",03194,,loot,cntCampingTentDomeRainCover,Outdoor,Dome
agfDecocntCampingTentDomeRainCoverWhite,"Tent, White [c8e6be](Loot)[-]",03195,,loot,cntCampingTentDomeRainCover,Outdoor,Dome
agfDecocntCampingTentDomeArmyGreen,"Tent, Army Green [c8e6be](Loot)[-]",03196,,loot,cntCampingTentDome,Outdoor,Dome
agfDecocntCampingTentDomeBlack,"Tent, Black [c8e6be](Loot)[-]",03197,,loot,cntCampingTentDome,Outdoor,Dome
agfDecocntCampingTentDomeBlue,"Tent, Blue [c8e6be](Loot)[-]",03198,,loot,cntCampingTentDome,Outdoor,Dome
agfDecocntCampingTentDomeOrange,"Tent, Orange [c8e6be](Loot)[-]",03199,,loot,cntCampingTentDome,Outdoor,Dome
agfDecocntCampingTentDomeRed,"Tent, Red [c8e6be](Loot)[-]",03200,,loot,cntCampingTentDome,Outdoor,Dome
agfDecocntCampingTentDomeWhite,"Tent, White [c8e6be](Loot)[-]",03201,,loot,cntCampingTentDome,Outdoor,Dome
agfDecocommercialSingleMeter,Commercial Single Meter [ddcdfa](Deco)[-],03202,,plain,commercialSingleMeter,Electrical,Stuff
agfDecocommercialSingleMeterDisconnect,Commercial Single Meter Disconnect [ddcdfa](Deco)[-],03203,,plain,commercialSingleMeter,Electrical,Stuff
agfDecocommercialDualMeter,Commercial Dual Meter [ddcdfa](Deco)[-],03204,,plain,commercial,Electrical,Stuff
agfDecocommercialTripleMeter,Commercial Triple Meter [ddcdfa](Deco)[-],03205,,plain,commercial,Electrical,Stuff
agfDecocommercialQuadMeter,Commercial Quad Meter [ddcdfa](Deco)[-],03206,,plain,commercial,Electrical,Stuff
agfDecobreakerBoxClosed,"Breaker Box, Closed [ddcdfa](Deco)[-]",03207,,plain,breakerBox,Electrical,Stuff
agfDecobreakerBoxOpen,"Breaker Box, Open [ddcdfa](Deco)[-]",03208,,plain,breakerBox,Electrical,Stuff
agfDecobreakerBoxBroken,"Breaker Box, Broken [ddcdfa](Deco)[-]",03209,,plain,breakerBox,Electrical,Stuff
agfDecobreakerBoxWallClosed,"Breaker Box Wall, Closed [ddcdfa](Deco)[-]",03210,,plain,breakerBoxWall,Electrical,Stuff
agfDecobreakerBoxWallOpen,"Breaker Box Wall, Open [ddcdfa](Deco)[-]",03211,,plain,breakerBoxWall,Electrical,Stuff
agfDecocommercialDistributionBox,Commercial Distribution Box [ddcdfa](Deco)[-],03212,,plain,commercial,Electrical,Stuff
agfDecoconduit01,Conduit Triple Straight [ddcdfa](Deco)[-],03213,,plain,conduit01,Electrical,Stuff
agfDecoconduit01Corner,"Conduit Triple, Corner [ddcdfa](Deco)[-]",03214,,plain,conduit01,Electrical,Stuff
agfDecoconduit01Curve,Conduit Triple 90° [ddcdfa](Deco)[-],03215,,plain,conduit01,Electrical,Stuff
agfDecoconduit01End,Conduit Triple Straight End [ddcdfa](Deco)[-],03216,,plain,conduit01,Electrical,Stuff
agfDecoconduitSingle90Angle,Conduit Single 90° [ddcdfa](Deco)[-],03217,,plain,conduitSingle,Electrical,Stuff
agfDecoconduitSingleCentered,Conduit Single Centered [ddcdfa](Deco)[-],03218,,plain,conduitSingleCentered,Electrical,Stuff
agfDecoconduitSingleCenteredEnd,Conduit Single Centered End [ddcdfa](Deco)[-],03219,,plain,conduitSingleCentered,Electrical,Stuff
agfDecoconduitSingleCorner,"Conduit Single, Corner [ddcdfa](Deco)[-]",03220,,plain,conduitSingle,Electrical,Stuff
agfDecoconduitSingleOffset,"Conduit Single, Offset [ddcdfa](Deco)[-]",03221,,plain,conduitSingleOffset,Electrical,Stuff
agfDecoconduitSingleOffsetEnd,"Conduit Single End, Offset [ddcdfa](Deco)[-]",03222,,plain,conduitSingleOffset,Electrical,Stuff
agfDecoconduitTriple90AngleEnd,Conduit Triple 90° End [ddcdfa](Deco)[-],03223,,plain,conduitTriple90AngleEnd,Electrical,Stuff
agfDecodecoServerRackArmyGreen,"Server Rack, Army Green [ddcdfa](Deco)[-]",03224,,plain,decoServerRack,Electrical,Stuff
agfDecodecoServerRackBlue,"Server Rack, Blue [ddcdfa](Deco)[-]",03225,,plain,decoServerRack,Electrical,Stuff
agfDecodecoServerRackBrown,"Server Rack, Brown [ddcdfa](Deco)[-]",03226,,plain,decoServerRack,Electrical,Stuff
agfDecodecoServerRackGreen,"Server Rack, Green [ddcdfa](Deco)[-]",03227,,plain,decoServerRack,Electrical,Stuff
agfDecodecoServerRackGrey,"Server Rack, Grey [ddcdfa](Deco)[-]",03228,,plain,decoServerRack,Electrical,Stuff
agfDecodecoServerRackOrange,"Server Rack, Orange [ddcdfa](Deco)[-]",03229,,plain,decoServerRack,Electrical,Stuff
agfDecodecoServerRackRed,"Server Rack, Red [ddcdfa](Deco)[-]",03230,,plain,decoServerRack,Electrical,Stuff
agfDecodecoServerRackWhite,"Server Rack, White [ddcdfa](Deco)[-]",03231,,plain,decoServerRack,Electrical,Stuff
agfDecodecoServerRackYellow,"Server Rack, Yellow [ddcdfa](Deco)[-]",03232,,plain,decoServerRack,Electrical,Stuff
agfDecoelectricalBox01,Electrical Box 01 [ddcdfa](Deco)[-],03233,,plain,traps,Electrical,Stuff
agfDecoelectricalBox02,Electrical Box 02 [ddcdfa](Deco)[-],03234,,plain,traps,Electrical,Stuff
agfDecoelectrictimerrelay,Electric Timer Relay [ddcdfa](Deco)[-],03235,,plain,electrictimerrelay,Electrical,Stuff
agfDecoelectricwirerelay,Electric Wire Relay [ddcdfa](Deco)[-],03236,,plain,electricwirerelay,Electrical,Stuff
agfDecomotionsensor,Motion Sensor [ddcdfa](Deco)[-],03237,,plain,motionsensor,Electrical,Stuff
agfDecopowerSwitch01,Switch 01 [ddcdfa](Deco)[-],03238,,plain,powerSwitch0,Electrical,Stuff
agfDecopowerSwitch02,Switch 02 [ddcdfa](Deco)[-],03239,,plain,powerSwitch0,Electrical,Stuff
agfDecopressureplate,"Trigger Plate, 1x1 [ddcdfa](Deco)[-]",03240,,plain,pressureplate,Electrical,Stuff
agfDecopressureplateLong,"Trigger Plate, 1x5 [ddcdfa](Deco)[-]",03241,,plain,pressureplate,Electrical,Stuff
agfDecopushButtonSwitch01,Push Button Switch 01 [ddcdfa](Deco)[-],03242,,plain,pushButtonSwitch0,Electrical,Stuff
agfDecopushButtonSwitch02,Push Button Switch 02 [ddcdfa](Deco)[-],03243,,plain,pushButtonSwitch0,Electrical,Stuff
agfDecoresidentialSingleMeterDisconnect,Residential Single Meter Disconnect [ddcdfa](Deco)[-],03244,,plain,residentialSingleMeterDisconnect,Electrical,Stuff
agfDecosatelliteUnitLarge,Satellite Dish Large [ddcdfa](Deco)[-],03245,,plain,satelliteUnit,Electrical,Stuff
agfDecosatelliteUnit2X2Large,"Satellite Dish Large, 2x2 [ddcdfa](Deco)[-]",03246,,plain,satelliteUnit,Electrical,Stuff
agfDecosatelliteUnit3X3Large,"Satellite Dish Large, 3x3 [ddcdfa](Deco)[-]",03247,,plain,satelliteUnit,Electrical,Stuff
agfDecosatelliteUnitSmallFloor,Satellite Dish Small Base Mount [ddcdfa](Deco)[-],03248,,plain,satelliteUnitSmall,Electrical,Stuff
agfDecosatelliteUnitSmallWall,Satellite Dish Small Wall Mount [ddcdfa](Deco)[-],03249,,plain,satelliteUnitSmall,Electrical,Stuff
agfDecoswitch,"Switch, Player [ddcdfa](Deco)[-]",03250,,plain,switch,Electrical,Stuff
agfDecodartTrap,Dart Trap [ddcdfa](Deco)[-],03251,,plain,traps,Electrical,Defense
agfDecoshotgunTurret,Shotgun Auto Turret [ddcdfa](Deco)[-],03252,,plain,traps,Electrical,Defense
agfDecoautoTurret,SMG Auto Turret [ddcdfa](Deco)[-],03253,,plain,traps,Electrical,Defense
agfDecom60Turret,M60 Auto Turret [ddcdfa](Deco)[-],03254,,plain,traps,Electrical,Defense
agfDecoflamethrowerTrap,Flamethrower Trap [ddcdfa](Deco)[-],03255,,plain,traps,Electrical,Defense
agfDecobladeTrap,Blade Trap [ddcdfa](Deco)[-],03256,,plain,traps,Electrical,Defense
agfDecoelectricfencepost,Electric Fence Post [f0cdaa](Structure)[-],03257,,structure,traps,Electrical,Defense
agfDecotripwirepost,Tripwire Post [ddcdfa](Deco)[-],03258,,plain,traps,Electrical,Defense
agfDecogeneratorbank,Generator Bank [ddcdfa](Deco)[-],03259,,plain,generatorbank,Electrical,Generator
agfDecocntCollapsedGeneratorbank,Destroyed Generator Bank [c8e6be](Loot)[-],03260,,loot,cntCollapsed,Electrical,Generator
agfDecobatterybank,Battery Bank [ddcdfa](Deco)[-],03261,,plain,batterybank,Electrical,Generator
agfDecocntCollapsedBatterybank,Destroyed Battery Bank [c8e6be](Loot)[-],03262,,loot,cntCollapsed,Electrical,Generator
agfDecosolarbank,Solar Bank [ddcdfa](Deco)[-],03263,,plain,solarbank,Electrical,Generator
agfDecocntCollapsedSolarbank,Destroyed Solar Bank [c8e6be](Loot)[-],03264,,loot,cntCollapsed,Electrical,Generator
agfDecotableSaw,Table Saw [c8e6be](Loot)[-],03265,,loot,workstation,Electrical,Station
agfDecocampfire,Campfire [c8e6be](Loot)[-],03266,,loot,workstation,Electrical,Station
agfDecocntCollapsedCampfire,Destroyed Campfire [c8e6be](Loot)[-],03267,,loot,cntCollapsed,Electrical,Station
agfDecoforge,Forge [c8e6be](Loot)[-],03268,,loot,workstation,Electrical,Station
agfDecocntForgeWorkstationBroken,"Destroyed Forge, Broken [c8e6be](Loot)[-]",03269,,loot,cntForgeWorkstationBroken,Electrical,Station
agfDecoworkbench,Workbench [c8e6be](Loot)[-],03270,,loot,workstation,Electrical,Station
agfDecocntCollapsedWorkbenchEmpty,"Destroyed Workbench, Empty [c8e6be](Loot)[-]",03271,,loot,cntCollapsedWorkbench,Electrical,Station
agfDecocntCollapsedWorkbench,Destroyed Workbench [c8e6be](Loot)[-],03272,,loot,cntCollapsedWorkbench,Electrical,Station
agfDecocementMixer,Cement Mixer [c8e6be](Loot)[-],03273,,loot,workstation,Electrical,Station
agfDecochemistryStation,Chemistry Station [c8e6be](Loot)[-],03274,,loot,workstation,Electrical,Station
agfDecocntCollapsedChemistryStation,Destroyed Chemistry Station [c8e6be](Loot)[-],03275,,loot,cntCollapsed,Electrical,Station
agfDecocntDewCollector,Dew Collector [c8e6be](Loot)[-],03276,,loot,cntDewCollector,Electrical,Station
agfDecocntCollapsedDewCollector,Destroyed Dew Collector [c8e6be](Loot)[-],03277,,loot,cntCollapsed,Electrical,Station
agfDecocntApiary,Apiary [c8e6be](Loot)[-],03278,,loot,workstation,Electrical,Station
agfDecocntChickenCoop,Chicken Coop [c8e6be](Loot)[-],03279,,loot,workstation,Electrical,Station
agfDecocombineStation,Combine Station [ddcdfa](Deco)[-],03280,,plain,workstation,Electrical,Station
agfDecoutilityGasMeter01,Gas Meter 01 [ddcdfa](Deco)[-],03281,,plain,utilityGasMeter0,Electrical,City
agfDecoutilityGasMeter02,Gas Meter 02 [ddcdfa](Deco)[-],03282,,plain,utilityGasMeter0,Electrical,City
agfDecoutilityInsulator,Insulator [ddcdfa](Deco)[-],03283,,plain,utilityInsulator,Electrical,City
agfDecoutilityTransformer,Transformer [ddcdfa](Deco)[-],03284,,plain,utilityTransformer,Electrical,City
agfDecoutilityTransformerHanging,Transformer Hanging [ddcdfa](Deco)[-],03285,,plain,utilityTransformer,Electrical,City
agfDecofireHydrant,"Fire Hydrant, Red [ddcdfa](Deco)[-]",03286,,plain,fireHydrant,Electrical,General
agfDecofireHydrantYellow,"Fire Hydrant, Yellow [ddcdfa](Deco)[-]",03287,,plain,fireHydrant,Electrical,General
agfDecocontrolPanelBase01,Control Panel Base 01 [ddcdfa](Deco)[-],03288,,plain,controlPanelBase01,Electrical,General
agfDecocontrolPanelBase01Blue,"Control Panel Base 01, Blue [ddcdfa](Deco)[-]",03289,,plain,controlPanelBase01,Electrical,General
agfDecocontrolPanelBase01Green,"Control Panel Base 01, Green [ddcdfa](Deco)[-]",03290,,plain,controlPanelBase01,Electrical,General
agfDecocontrolPanelBase01Grey,"Control Panel Base 01, Grey [ddcdfa](Deco)[-]",03291,,plain,controlPanelBase01,Electrical,General
agfDecocontrolPanelBase01Red,"Control Panel Base 01, Red [ddcdfa](Deco)[-]",03292,,plain,controlPanelBase01,Electrical,General
agfDecocontrolPanelBase01White,"Control Panel Base 01, White [ddcdfa](Deco)[-]",03293,,plain,controlPanelBase01,Electrical,General
agfDecocontrolPanelBase02,Control Panel Base 02 [ddcdfa](Deco)[-],03294,,plain,controlPanelBase02,Electrical,General
agfDecocontrolPanelBase02Blue,"Control Panel Base 02, Blue [ddcdfa](Deco)[-]",03295,,plain,controlPanelBase02,Electrical,General
agfDecocontrolPanelBase02Green,"Control Panel Base 02, Green [ddcdfa](Deco)[-]",03296,,plain,controlPanelBase02,Electrical,General
agfDecocontrolPanelBase02Grey,"Control Panel Base 02, Grey [ddcdfa](Deco)[-]",03297,,plain,controlPanelBase02,Electrical,General
agfDecocontrolPanelBase02Red,"Control Panel Base 02, Red [ddcdfa](Deco)[-]",03298,,plain,controlPanelBase02,Electrical,General
agfDecocontrolPanelBase02White,"Control Panel Base 02, White [ddcdfa](Deco)[-]",03299,,plain,controlPanelBase02,Electrical,General
agfDecocontrolPanelBase03,Control Panel Base 03 [ddcdfa](Deco)[-],03300,,plain,controlPanelBase03,Electrical,General
agfDecocontrolPanelBase03Blue,"Control Panel Base 03, Blue [ddcdfa](Deco)[-]",03301,,plain,controlPanelBase03,Electrical,General
agfDecocontrolPanelBase03Green,"Control Panel Base 03, Green [ddcdfa](Deco)[-]",03302,,plain,controlPanelBase03,Electrical,General
agfDecocontrolPanelBase03Grey,"Control Panel Base 03, Grey [ddcdfa](Deco)[-]",03303,,plain,controlPanelBase03,Electrical,General
agfDecocontrolPanelBase03Red,"Control Panel Base 03, Red [ddcdfa](Deco)[-]",03304,,plain,controlPanelBase03,Electrical,General
agfDecocontrolPanelBase03White,"Control Panel Base 03, White [ddcdfa](Deco)[-]",03305,,plain,controlPanelBase03,Electrical,General
agfDecocontrolPanelBase04,Control Panel Base 04 [ddcdfa](Deco)[-],03306,,plain,controlPanelBase04,Electrical,General
agfDecocontrolPanelBase04Blue,"Control Panel Base 04, Blue [ddcdfa](Deco)[-]",03307,,plain,controlPanelBase04,Electrical,General
agfDecocontrolPanelBase04Green,"Control Panel Base 04, Green [ddcdfa](Deco)[-]",03308,,plain,controlPanelBase04,Electrical,General
agfDecocontrolPanelBase04Grey,"Control Panel Base 04, Grey [ddcdfa](Deco)[-]",03309,,plain,controlPanelBase04,Electrical,General
agfDecocontrolPanelBase04Red,"Control Panel Base 04, Red [ddcdfa](Deco)[-]",03310,,plain,controlPanelBase04,Electrical,General
agfDecocontrolPanelBase04White,"Control Panel Base 04, White [ddcdfa](Deco)[-]",03311,,plain,controlPanelBase04,Electrical,General
agfDecocontrolPanelBase05,Control Panel Base 05 [ddcdfa](Deco)[-],03312,,plain,controlPanelBase05,Electrical,General
agfDecocontrolPanelBase05Blue,"Control Panel Base 05, Blue [ddcdfa](Deco)[-]",03313,,plain,controlPanelBase05,Electrical,General
agfDecocontrolPanelBase05Green,"Control Panel Base 05, Green [ddcdfa](Deco)[-]",03314,,plain,controlPanelBase05,Electrical,General
agfDecocontrolPanelBase05Grey,"Control Panel Base 05, Grey [ddcdfa](Deco)[-]",03315,,plain,controlPanelBase05,Electrical,General
agfDecocontrolPanelBase05Red,"Control Panel Base 05, Red [ddcdfa](Deco)[-]",03316,,plain,controlPanelBase05,Electrical,General
agfDecocontrolPanelBase05White,"Control Panel Base 05, White [ddcdfa](Deco)[-]",03317,,plain,controlPanelBase05,Electrical,General
agfDecocontrolPanelBase06,Control Panel Base 06 [ddcdfa](Deco)[-],03318,,plain,controlPanelBase06,Electrical,General
agfDecocontrolPanelBase06Blue,"Control Panel Base 06, Blue [ddcdfa](Deco)[-]",03319,,plain,controlPanelBase06,Electrical,General
agfDecocontrolPanelBase06Green,"Control Panel Base 06, Green [ddcdfa](Deco)[-]",03320,,plain,controlPanelBase06,Electrical,General
agfDecocontrolPanelBase06Grey,"Control Panel Base 06, Grey [ddcdfa](Deco)[-]",03321,,plain,controlPanelBase06,Electrical,General
agfDecocontrolPanelBase06Red,"Control Panel Base 06, Red [ddcdfa](Deco)[-]",03322,,plain,controlPanelBase06,Electrical,General
agfDecocontrolPanelBase06White,"Control Panel Base 06, White [ddcdfa](Deco)[-]",03323,,plain,controlPanelBase06,Electrical,General
agfDecocontrolPanelBase07,Control Panel Base 07 [ddcdfa](Deco)[-],03324,,plain,controlPanelBase07,Electrical,General
agfDecocontrolPanelBase07Blue,"Control Panel Base 07, Blue [ddcdfa](Deco)[-]",03325,,plain,controlPanelBase07,Electrical,General
agfDecocontrolPanelBase07Green,"Control Panel Base 07, Green [ddcdfa](Deco)[-]",03326,,plain,controlPanelBase07,Electrical,General
agfDecocontrolPanelBase07Grey,"Control Panel Base 07, Grey [ddcdfa](Deco)[-]",03327,,plain,controlPanelBase07,Electrical,General
agfDecocontrolPanelBase07Red,"Control Panel Base 07, Red [ddcdfa](Deco)[-]",03328,,plain,controlPanelBase07,Electrical,General
agfDecocontrolPanelBase07White,"Control Panel Base 07, White [ddcdfa](Deco)[-]",03329,,plain,controlPanelBase07,Electrical,General
agfDecocontrolPanelBase08,Control Panel Base 08 [ddcdfa](Deco)[-],03330,,plain,controlPanelBase08,Electrical,General
agfDecocontrolPanelBase08Blue,"Control Panel Base 08, Blue [ddcdfa](Deco)[-]",03331,,plain,controlPanelBase08,Electrical,General
agfDecocontrolPanelBase08Green,"Control Panel Base 08, Green [ddcdfa](Deco)[-]",03332,,plain,controlPanelBase08,Electrical,General
agfDecocontrolPanelBase08Grey,"Control Panel Base 08, Grey [ddcdfa](Deco)[-]",03333,,plain,controlPanelBase08,Electrical,General
agfDecocontrolPanelBase08Red,"Control Panel Base 08, Red [ddcdfa](Deco)[-]",03334,,plain,controlPanelBase08,Electrical,General
agfDecocontrolPanelBase08White,"Control Panel Base 08, White [ddcdfa](Deco)[-]",03335,,plain,controlPanelBase08,Electrical,General
agfDecocontrolPanelCorner,"Control Panel, Corner [ddcdfa](Deco)[-]",03336,,plain,controlPanelCorner,Electrical,General
agfDecocontrolPanelCornerBlue,"Control Panel, Corner, Blue [ddcdfa](Deco)[-]",03337,,plain,controlPanelCorner,Electrical,General
agfDecocontrolPanelCornerGreen,"Control Panel, Corner, Green [ddcdfa](Deco)[-]",03338,,plain,controlPanelCorner,Electrical,General
agfDecocontrolPanelCornerGrey,"Control Panel, Corner, Grey [ddcdfa](Deco)[-]",03339,,plain,controlPanelCorner,Electrical,General
agfDecocontrolPanelCornerRed,"Control Panel, Corner, Red [ddcdfa](Deco)[-]",03340,,plain,controlPanelCorner,Electrical,General
agfDecocontrolPanelCornerWhite,"Control Panel, Corner, White [ddcdfa](Deco)[-]",03341,,plain,controlPanelCorner,Electrical,General
agfDecocontrolPanelTop01,Control Panel Top 01 [ddcdfa](Deco)[-],03342,,plain,controlPanelTop01,Electrical,General
agfDecocontrolPanelTop01Blue,"Control Panel Top 01, Blue [ddcdfa](Deco)[-]",03343,,plain,controlPanelTop01,Electrical,General
agfDecocontrolPanelTop01Green,"Control Panel Top 01, Green [ddcdfa](Deco)[-]",03344,,plain,controlPanelTop01,Electrical,General
agfDecocontrolPanelTop01Grey,"Control Panel Top 01, Grey [ddcdfa](Deco)[-]",03345,,plain,controlPanelTop01,Electrical,General
agfDecocontrolPanelTop01Red,"Control Panel Top 01, Red [ddcdfa](Deco)[-]",03346,,plain,controlPanelTop01,Electrical,General
agfDecocontrolPanelTop01White,"Control Panel Top 01, White [ddcdfa](Deco)[-]",03347,,plain,controlPanelTop01,Electrical,General
agfDecocontrolPanelTop02,Control Panel Top 02 [ddcdfa](Deco)[-],03348,,plain,controlPanelTop02,Electrical,General
agfDecocontrolPanelTop02Blue,"Control Panel Top 02, Blue [ddcdfa](Deco)[-]",03349,,plain,controlPanelTop02,Electrical,General
agfDecocontrolPanelTop02Green,"Control Panel Top 02, Green [ddcdfa](Deco)[-]",03350,,plain,controlPanelTop02,Electrical,General
agfDecocontrolPanelTop02Grey,"Control Panel Top 02, Grey [ddcdfa](Deco)[-]",03351,,plain,controlPanelTop02,Electrical,General
agfDecocontrolPanelTop02Red,"Control Panel Top 02, Red [ddcdfa](Deco)[-]",03352,,plain,controlPanelTop02,Electrical,General
agfDecocontrolPanelTop02White,"Control Panel Top 02, White [ddcdfa](Deco)[-]",03353,,plain,controlPanelTop02,Electrical,General
agfDecocontrolPanelTop03,Control Panel Top 03 [ddcdfa](Deco)[-],03354,,plain,controlPanelTop03,Electrical,General
agfDecocontrolPanelTop03Blue,"Control Panel Top 03, Blue [ddcdfa](Deco)[-]",03355,,plain,controlPanelTop03,Electrical,General
agfDecocontrolPanelTop03Green,"Control Panel Top 03, Green [ddcdfa](Deco)[-]",03356,,plain,controlPanelTop03,Electrical,General
agfDecocontrolPanelTop03Grey,"Control Panel Top 03, Grey [ddcdfa](Deco)[-]",03357,,plain,controlPanelTop03,Electrical,General
agfDecocontrolPanelTop03Red,"Control Panel Top 03, Red [ddcdfa](Deco)[-]",03358,,plain,controlPanelTop03,Electrical,General
agfDecocontrolPanelTop03White,"Control Panel Top 03, White [ddcdfa](Deco)[-]",03359,,plain,controlPanelTop03,Electrical,General
agfDecocontrolPanelTop04,Control Panel Top 04 [ddcdfa](Deco)[-],03360,,plain,controlPanelTop04,Electrical,General
agfDecocontrolPanelTop04Blue,"Control Panel Top 04, Blue [ddcdfa](Deco)[-]",03361,,plain,controlPanelTop04,Electrical,General
agfDecocontrolPanelTop04Green,"Control Panel Top 04, Green [ddcdfa](Deco)[-]",03362,,plain,controlPanelTop04,Electrical,General
agfDecocontrolPanelTop04Grey,"Control Panel Top 04, Grey [ddcdfa](Deco)[-]",03363,,plain,controlPanelTop04,Electrical,General
agfDecocontrolPanelTop04Red,"Control Panel Top 04, Red [ddcdfa](Deco)[-]",03364,,plain,controlPanelTop04,Electrical,General
agfDecocontrolPanelTop04White,"Control Panel Top 04, White [ddcdfa](Deco)[-]",03365,,plain,controlPanelTop04,Electrical,General
agfDecocontrolPanelTop05,Control Panel Top 05 [ddcdfa](Deco)[-],03366,,plain,controlPanelTop05,Electrical,General
agfDecocontrolPanelTop05Blue,"Control Panel Top 05, Blue [ddcdfa](Deco)[-]",03367,,plain,controlPanelTop05,Electrical,General
agfDecocontrolPanelTop05Green,"Control Panel Top 05, Green [ddcdfa](Deco)[-]",03368,,plain,controlPanelTop05,Electrical,General
agfDecocontrolPanelTop05Grey,"Control Panel Top 05, Grey [ddcdfa](Deco)[-]",03369,,plain,controlPanelTop05,Electrical,General
agfDecocontrolPanelTop05Red,"Control Panel Top 05, Red [ddcdfa](Deco)[-]",03370,,plain,controlPanelTop05,Electrical,General
agfDecocontrolPanelTop05White,"Control Panel Top 05, White [ddcdfa](Deco)[-]",03371,,plain,controlPanelTop05,Electrical,General
agfDecocontrolPanelTop06,Control Panel Top 06 [ddcdfa](Deco)[-],03372,,plain,controlPanelTop06,Electrical,General
agfDecocontrolPanelTop06Blue,"Control Panel Top 06, Blue [ddcdfa](Deco)[-]",03373,,plain,controlPanelTop06,Electrical,General
agfDecocontrolPanelTop06Green,"Control Panel Top 06, Green [ddcdfa](Deco)[-]",03374,,plain,controlPanelTop06,Electrical,General
agfDecocontrolPanelTop06Grey,"Control Panel Top 06, Grey [ddcdfa](Deco)[-]",03375,,plain,controlPanelTop06,Electrical,General
agfDecocontrolPanelTop06Red,"Control Panel Top 06, Red [ddcdfa](Deco)[-]",03376,,plain,controlPanelTop06,Electrical,General
agfDecocontrolPanelTop06White,"Control Panel Top 06, White [ddcdfa](Deco)[-]",03377,,plain,controlPanelTop06,Electrical,General
agfDecocontrolPanelTop07,Control Panel Top 07 [ddcdfa](Deco)[-],03378,,plain,controlPanelTop07,Electrical,General
agfDecocontrolPanelTop07Blue,"Control Panel Top 07, Blue [ddcdfa](Deco)[-]",03379,,plain,controlPanelTop07,Electrical,General
agfDecocontrolPanelTop07Green,"Control Panel Top 07, Green [ddcdfa](Deco)[-]",03380,,plain,controlPanelTop07,Electrical,General
agfDecocontrolPanelTop07Grey,"Control Panel Top 07, Grey [ddcdfa](Deco)[-]",03381,,plain,controlPanelTop07,Electrical,General
agfDecocontrolPanelTop07Red,"Control Panel Top 07, Red [ddcdfa](Deco)[-]",03382,,plain,controlPanelTop07,Electrical,General
agfDecocontrolPanelTop07White,"Control Panel Top 07, White [ddcdfa](Deco)[-]",03383,,plain,controlPanelTop07,Electrical,General
agfDecoparkingMeter,Parking Meter [ddcdfa](Deco)[-],03384,,plain,parkingMeter,Electrical,Meter
agfDecolightIndustrial,Industrial Light [e6dca5](Electric)[-],03385,,plain,lightIndustrial,Light,Industrial
agfDecolightIndustrialMountedWall,Industrial Mounted Wall Light [e6dca5](Electric)[-],03386,,plain,lightIndustrial,Light,Industrial
agfDecolightIndustrialHangingWhite,"Industrial Hanging Light, White [e6dca5](Electric)[-]",03387,,plain,lightIndustrial,Light,Industrial
agfDecotableLampLight01White,"Table Lamp 01, White [e6dca5](Electric)[-]",03388,,plain,tableLampLight01,Light,Lamplight
agfDecotableLampLight01CenteredWhite,"Table Lamp Centered 01, White [e6dca5](Electric)[-]",03389,,plain,tableLampLight01,Light,Lamplight
agfDecotableLampLight01TippedOverWhite,"Table Lamp Tipped Over 01, White [e6dca5](Electric)[-]",03390,,plain,tableLampLight01,Light,Lamplight
agfDecolightDisplayXRayEmpty,"X-Ray Display Light, Empty [e6dca5](Electric)[-]",03391,,plain,lightDisplayXRay,Light,Other
agfDecolightDisplayXRayFull,"X-Ray Display Light, Full [e6dca5](Electric)[-]",03392,,plain,lightDisplayXRay,Light,Other
agfDecoroadBarricadeLight,Road Barricade Light [e6dca5](Electric)[-],03393,,plain,roadBarricadeLight,Light,Other
agfDecosignTrafficLight,Traffic Light [e6dca5](Electric)[-],03394,,plain,sign,Light,Other
agfDecostreetLight01,Street Light [e6dca5](Electric)[-],03395,,plain,streetLight0,Light,Other
agfDecostreetLight02,Street Light [e6dca5](Electric)[-],03396,,plain,streetLight0,Light,Other
agfDecostreetLight03,Street Light Triple [e6dca5](Electric)[-],03397,,plain,streetLight0,Light,Other
agfDecostreetLight04,Street Light Quadruple [e6dca5](Electric)[-],03398,,plain,streetLight0,Light,Other
agfDecostreetLightBroken,"Street Light, Broken [e6dca5](Electric)[-]",03399,,plain,streetLightBroken,Light,Other
agfDecostreetLightBrokenDestroyed,"Street Light 2, Broken [e6dca5](Electric)[-]",03400,,plain,streetLightBroken,Light,Other
agfDecostreetLightClassic,Street Light Classic [e6dca5](Electric)[-],03401,,plain,streetLight,Light,Other
agfDecolightPanelLEDWhite,"LED Light Panel, White [e6dca5](Electric)[-]",03402,,plain,lightPanelLEDWhite,Light,panelLED
agfDecoburningBarrel,Burning Barrel [e6dca5](Electric)[-],03403,,plain,burningBarrel,Light,Placeable
agfDecocandleTableLight,Candle Table [e6dca5](Electric)[-],03404,,plain,candleTableLight,Light,Placeable
agfDecocandleWallLight,Candle Wall [e6dca5](Electric)[-],03405,,plain,candleWallLight,Light,Placeable
agfDecodecoPumpkinJackOLantern,Jack o' Lantern [e6dca5](Electric)[-],03406,,plain,decoPumpkinJackOLantern,Light,Placeable
agfDecoflashlightCornerDecorBlue,"Flashlight, Corner, Blue [e6dca5](Electric)[-]",03407,,plain,flashlight,Light,Placeable
agfDecoflashlightCornerDecorGreen,"Flashlight, Corner, Green [e6dca5](Electric)[-]",03408,,plain,flashlight,Light,Placeable
agfDecoflashlightCornerDecorOrange,"Flashlight, Corner, Orange [e6dca5](Electric)[-]",03409,,plain,flashlight,Light,Placeable
agfDecoflashlightCornerDecorRed,"Flashlight, Corner, Red [e6dca5](Electric)[-]",03410,,plain,flashlight,Light,Placeable
agfDecoflashlightCornerDecorWhite,"Flashlight, Corner, White [e6dca5](Electric)[-]",03411,,plain,flashlight,Light,Placeable
agfDecoflashlightCornerDecorYellow,"Flashlight, Corner, Yellow [e6dca5](Electric)[-]",03412,,plain,flashlight,Light,Placeable
agfDecoflashlightDecorBlue,"Flashlight, Blue [e6dca5](Electric)[-]",03413,,plain,flashlight,Light,Placeable
agfDecoflashlightDecorGreen,"Flashlight, Green [e6dca5](Electric)[-]",03414,,plain,flashlight,Light,Placeable
agfDecoflashlightDecorOrange,"Flashlight, Orange [e6dca5](Electric)[-]",03415,,plain,flashlight,Light,Placeable
agfDecoflashlightDecorRed,"Flashlight, Red [e6dca5](Electric)[-]",03416,,plain,flashlight,Light,Placeable
agfDecoflashlightDecorWhite,"Flashlight, White [e6dca5](Electric)[-]",03417,,plain,flashlight,Light,Placeable
agfDecoflashlightDecorYellow,"Flashlight, Yellow [e6dca5](Electric)[-]",03418,,plain,flashlight,Light,Placeable
agfDecoflashlightSideCenteredDecorBlue,"Flashlight, Side, Blue [e6dca5](Electric)[-]",03419,,plain,flashlight,Light,Placeable
agfDecoflashlightSideCenteredDecorGreen,"Flashlight, Side, Green [e6dca5](Electric)[-]",03420,,plain,flashlight,Light,Placeable
agfDecoflashlightSideCenteredDecorOrange,"Flashlight, Side, Orange [e6dca5](Electric)[-]",03421,,plain,flashlight,Light,Placeable
agfDecoflashlightSideCenteredDecorRed,"Flashlight, Side, Red [e6dca5](Electric)[-]",03422,,plain,flashlight,Light,Placeable
agfDecoflashlightSideCenteredDecorWhite,"Flashlight, Side, White [e6dca5](Electric)[-]",03423,,plain,flashlight,Light,Placeable
agfDecoflashlightSideCenteredDecorYellow,"Flashlight, Side, Yellow [e6dca5](Electric)[-]",03424,,plain,flashlight,Light,Placeable
agfDecolanternDecorLightBlack,"Lantern, Black [e6dca5](Electric)[-]",03425,,plain,lanternDecorLight,Light,Placeable
agfDecolanternDecorLightBlue,"Lantern, Blue [e6dca5](Electric)[-]",03426,,plain,lanternDecorLight,Light,Placeable
agfDecolanternDecorLightGreen,"Lantern, Green [e6dca5](Electric)[-]",03427,,plain,lanternDecorLight,Light,Placeable
agfDecolanternDecorLightGrey,"Lantern, Grey [e6dca5](Electric)[-]",03428,,plain,lanternDecorLight,Light,Placeable
agfDecolanternDecorLightRed,"Lantern, Red [e6dca5](Electric)[-]",03429,,plain,lanternDecorLight,Light,Placeable
agfDecolanternDecorLightWhite,"Lantern, White [e6dca5](Electric)[-]",03430,,plain,lanternDecorLight,Light,Placeable
agfDecolanternDecorLightYellow,"Lantern, Yellow [e6dca5](Electric)[-]",03431,,plain,lanternDecorLight,Light,Placeable
agfDecolanternOld_01,Old Lantern 01 [e6dca5](Electric)[-],03432,,plain,lanternOld_0,Light,Placeable
agfDecolanternOld_02,Old Lantern 02 [e6dca5](Electric)[-],03433,,plain,lanternOld_0,Light,Placeable
agfDecolanternOld_03,Old Lantern 03 [e6dca5](Electric)[-],03434,,plain,lanternOld_0,Light,Placeable
agfDecolanternOld_04,Old Lantern 04 [e6dca5](Electric)[-],03435,,plain,lanternOld_0,Light,Placeable
agfDecowallTorchLight,Wall Torch [e6dca5](Electric)[-],03436,,plain,wallTorchLight,Light,Placeable
agfDecotorchWallHolder,Torch Wall Holder [ddcdfa](Deco)[-],03437,,plain,torchWallHolder,Light,Placeable
agfDecocandelabraLight,Candelabra [e6dca5](Electric)[-],03438,,plain,candelabraLight,Light,General
agfDecocandelabraLightSmall,Candelabra Small [e6dca5](Electric)[-],03439,,plain,candelabraLight,Light,General
agfDecoceilingFanLight,Ceiling Fan Light [e6dca5](Electric)[-],03440,,plain,ceilingFanLight,Light,General
agfDecoceilingLight02,"Dome Light, Silver [e6dca5](Electric)[-]",03441,,plain,ceilingLight02,Light,General
agfDecoceilingLight02Brass_2x2,"Dome Light, Brass, 2x2 [e6dca5](Electric)[-]",03442,,plain,ceilingLight02,Light,General
agfDecoceilingLight04,Warehouse Ceiling Light [e6dca5](Electric)[-],03443,,plain,ceilingLight0,Light,General
agfDecoceilingLight04_PendantPole,Warehouse Ceiling Light Pole [ddcdfa](Deco)[-],03444,,plain,ceilingLight04_PendantPole,Light,General
agfDecoceilingLight04_PendantPoleBase,Warehouse Ceiling Light Pole Base [ddcdfa](Deco)[-],03445,,plain,ceilingLight04_PendantPole,Light,General
agfDecoceilingLight04_PendantShadeBase,Warehouse Ceiling Light Base [e6dca5](Electric)[-],03446,,plain,ceilingLight04_Pendant,Light,General
agfDecoceilingLight05,"Glass Light, Silver [e6dca5](Electric)[-]",03447,,plain,ceilingLight0,Light,General
agfDecoceilingLight05_PendantBase,Glass Light Pole Base [ddcdfa](Deco)[-],03448,,plain,ceilingLight05_Pendant,Light,General
agfDecoceilingLight05_PendantPole,Glass Light Pole [ddcdfa](Deco)[-],03449,,plain,ceilingLight05_Pendant,Light,General
agfDecochandelierLight,Chandelier [e6dca5](Electric)[-],03450,,plain,chandelierLight,Light,General
agfDecodeskLampLight,Desk Lamp 01 [e6dca5](Electric)[-],03451,,plain,deskLampLight,Light,General
agfDecodeskLampLight02White,"Desk Lamp 02, White [e6dca5](Electric)[-]",03452,,plain,deskLampLight,Light,General
agfDecoendTableLamp,End Table Lamp [e6dca5](Electric)[-],03453,,plain,endTable,Light,General
agfDecofluorescentLight,Fluorescent Light [e6dca5](Electric)[-],03454,,plain,fluorescentLight,Light,General
agfDecofluorescentLightBayBroken,"Light Bay Cover, Broken [e6dca5](Electric)[-]",03455,,plain,fluorescentLightBayBroken,Light,General
agfDecofluorescentLightBayBrokenOff,"Light Bay Cover No Bulbs, Broken [e6dca5](Electric)[-]",03456,,plain,fluorescentLightBayBroken,Light,General
agfDecofluorescentLightBayIntact,Light Bay [e6dca5](Electric)[-],03457,,plain,fluorescentLightBay,Light,General
agfDecoindustrialLight01,Industrial Light 01 [e6dca5](Electric)[-],03458,,plain,industrialLight01,Light,General
agfDecolightCeiling07,Fluorescent Light [e6dca5](Electric)[-],03459,,plain,lightCeiling,Light,General
agfDecolightCeilingBulbMountWhite,"Light Bulb Flush Mount, White [e6dca5](Electric)[-]",03460,,plain,lightCeilingBulb,Light,General
agfDecolightCeilingBulbSocketWhite,"Light Bulb Socket, White [e6dca5](Electric)[-]",03461,,plain,lightCeilingBulb,Light,General
agfDecolightPorchWhite,"Porch Light, White [e6dca5](Electric)[-]",03462,,plain,lightPorch,Light,General
agfDecolightSconce,Sconce Light [e6dca5](Electric)[-],03463,,plain,lightSconce,Light,General
agfDecolightWallGooseneckWhite,"Gooseneck Wall Light, White [e6dca5](Electric)[-]",03464,,plain,lightWallGooseneck,Light,General
agfDecorecessedLight,Recessed Light [e6dca5](Electric)[-],03465,,plain,recessedLight,Light,General
agfDecotrackLight,Track Light [e6dca5](Electric)[-],03466,,plain,trackLight,Light,General
agfDecocntMailBox01Black,"Mailbox, Black [c8e6be](Loot)[-]",03467,,loot,cntMailBox01,Mailbox,Closed
agfDecocntMailBox01Blue,"Mailbox, Blue [c8e6be](Loot)[-]",03468,,loot,cntMailBox01,Mailbox,Closed
agfDecocntMailBox01Brown,"Mailbox, Brown [c8e6be](Loot)[-]",03469,,loot,cntMailBox01,Mailbox,Closed
agfDecocntMailBox01Green,"Mailbox, Green [c8e6be](Loot)[-]",03470,,loot,cntMailBox01,Mailbox,Closed
agfDecocntMailBox01Grey,"Mailbox, Grey [c8e6be](Loot)[-]",03471,,loot,cntMailBox01,Mailbox,Closed
agfDecocntMailBox01Orange,"Mailbox, Orange [c8e6be](Loot)[-]",03472,,loot,cntMailBox01,Mailbox,Closed
agfDecocntMailBox01Pink,"Mailbox, Pink [c8e6be](Loot)[-]",03473,,loot,cntMailBox01,Mailbox,Closed
agfDecocntMailBox01Purple,"Mailbox, Purple [c8e6be](Loot)[-]",03474,,loot,cntMailBox01,Mailbox,Closed
agfDecocntMailBox01Red,"Mailbox, Red [c8e6be](Loot)[-]",03475,,loot,cntMailBox01,Mailbox,Closed
agfDecocntMailBox01White,"Mailbox, White [c8e6be](Loot)[-]",03476,,loot,cntMailBox01,Mailbox,Closed
agfDecocntMailBox01Yellow,"Mailbox, Yellow [c8e6be](Loot)[-]",03477,,loot,cntMailBox01,Mailbox,Closed
agfDecocntMailBox02Black,"Mailbox, Black [c8e6be](Loot)[-]",03478,,loot,cntMailBox02,Mailbox,Closed
agfDecocntMailBox02Blue,"Mailbox, Blue [c8e6be](Loot)[-]",03479,,loot,cntMailBox02,Mailbox,Closed
agfDecocntMailBox02Brown,"Mailbox, Brown [c8e6be](Loot)[-]",03480,,loot,cntMailBox02,Mailbox,Closed
agfDecocntMailBox02Green,"Mailbox, Green [c8e6be](Loot)[-]",03481,,loot,cntMailBox02,Mailbox,Closed
agfDecocntMailBox02Grey,"Mailbox, Grey [c8e6be](Loot)[-]",03482,,loot,cntMailBox02,Mailbox,Closed
agfDecocntMailBox02Orange,"Mailbox, Orange [c8e6be](Loot)[-]",03483,,loot,cntMailBox02,Mailbox,Closed
agfDecocntMailBox02Pink,"Mailbox, Pink [c8e6be](Loot)[-]",03484,,loot,cntMailBox02,Mailbox,Closed
agfDecocntMailBox02Purple,"Mailbox, Purple [c8e6be](Loot)[-]",03485,,loot,cntMailBox02,Mailbox,Closed
agfDecocntMailBox02Red,"Mailbox, Red [c8e6be](Loot)[-]",03486,,loot,cntMailBox02,Mailbox,Closed
agfDecocntMailBox02White,"Mailbox, White [c8e6be](Loot)[-]",03487,,loot,cntMailBox02,Mailbox,Closed
agfDecocntMailBox02Yellow,"Mailbox, Yellow [c8e6be](Loot)[-]",03488,,loot,cntMailBox02,Mailbox,Closed
agfDecocntMailBox03Black,"Mailbox, Black [c8e6be](Loot)[-]",03489,,loot,cntMailBox03,Mailbox,Closed
agfDecocntMailBox03Blue,"Mailbox, Blue [c8e6be](Loot)[-]",03490,,loot,cntMailBox03,Mailbox,Closed
agfDecocntMailBox03Brown,"Mailbox, Brown [c8e6be](Loot)[-]",03491,,loot,cntMailBox03,Mailbox,Closed
agfDecocntMailBox03Green,"Mailbox, Green [c8e6be](Loot)[-]",03492,,loot,cntMailBox03,Mailbox,Closed
agfDecocntMailBox03Grey,"Mailbox, Grey [c8e6be](Loot)[-]",03493,,loot,cntMailBox03,Mailbox,Closed
agfDecocntMailBox03Orange,"Mailbox, Orange [c8e6be](Loot)[-]",03494,,loot,cntMailBox03,Mailbox,Closed
agfDecocntMailBox03Pink,"Mailbox, Pink [c8e6be](Loot)[-]",03495,,loot,cntMailBox03,Mailbox,Closed
agfDecocntMailBox03Purple,"Mailbox, Purple [c8e6be](Loot)[-]",03496,,loot,cntMailBox03,Mailbox,Closed
agfDecocntMailBox03Red,"Mailbox, Red [c8e6be](Loot)[-]",03497,,loot,cntMailBox03,Mailbox,Closed
agfDecocntMailBox03White,"Mailbox, White [c8e6be](Loot)[-]",03498,,loot,cntMailBox03,Mailbox,Closed
agfDecocntMailBox03Yellow,"Mailbox, Yellow [c8e6be](Loot)[-]",03499,,loot,cntMailBox03,Mailbox,Closed
agfDecocntMailBox01OpenBlack,"Mailbox, Open, Black [c8e6be](Loot)[-]",03500,,loot,cntMailBox01Open,Mailbox,Open
agfDecocntMailBox01OpenBlue,"Mailbox, Open, Blue [c8e6be](Loot)[-]",03501,,loot,cntMailBox01Open,Mailbox,Open
agfDecocntMailBox01OpenBrown,"Mailbox, Open, Brown [c8e6be](Loot)[-]",03502,,loot,cntMailBox01Open,Mailbox,Open
agfDecocntMailBox01OpenGreen,"Mailbox, Open, Green [c8e6be](Loot)[-]",03503,,loot,cntMailBox01Open,Mailbox,Open
agfDecocntMailBox01OpenGrey,"Mailbox, Open, Grey [c8e6be](Loot)[-]",03504,,loot,cntMailBox01Open,Mailbox,Open
agfDecocntMailBox01OpenOrange,"Mailbox, Open, Orange [c8e6be](Loot)[-]",03505,,loot,cntMailBox01Open,Mailbox,Open
agfDecocntMailBox01OpenPink,"Mailbox, Open, Pink [c8e6be](Loot)[-]",03506,,loot,cntMailBox01Open,Mailbox,Open
agfDecocntMailBox01OpenPurple,"Mailbox, Open, Purple [c8e6be](Loot)[-]",03507,,loot,cntMailBox01Open,Mailbox,Open
agfDecocntMailBox01OpenRed,"Mailbox, Open, Red [c8e6be](Loot)[-]",03508,,loot,cntMailBox01Open,Mailbox,Open
agfDecocntMailBox01OpenWhite,"Mailbox, Open, White [c8e6be](Loot)[-]",03509,,loot,cntMailBox01Open,Mailbox,Open
agfDecocntMailBox01OpenYellow,"Mailbox, Open, Yellow [c8e6be](Loot)[-]",03510,,loot,cntMailBox01Open,Mailbox,Open
agfDecocntMailBox02OpenBlack,"Mailbox, Open, Black [c8e6be](Loot)[-]",03511,,loot,cntMailBox02Open,Mailbox,Open
agfDecocntMailBox02OpenBlue,"Mailbox, Open, Blue [c8e6be](Loot)[-]",03512,,loot,cntMailBox02Open,Mailbox,Open
agfDecocntMailBox02OpenBrown,"Mailbox, Open, Brown [c8e6be](Loot)[-]",03513,,loot,cntMailBox02Open,Mailbox,Open
agfDecocntMailBox02OpenGreen,"Mailbox, Open, Green [c8e6be](Loot)[-]",03514,,loot,cntMailBox02Open,Mailbox,Open
agfDecocntMailBox02OpenGrey,"Mailbox, Open, Grey [c8e6be](Loot)[-]",03515,,loot,cntMailBox02Open,Mailbox,Open
agfDecocntMailBox02OpenOrange,"Mailbox, Open, Orange [c8e6be](Loot)[-]",03516,,loot,cntMailBox02Open,Mailbox,Open
agfDecocntMailBox02OpenPink,"Mailbox, Open, Pink [c8e6be](Loot)[-]",03517,,loot,cntMailBox02Open,Mailbox,Open
agfDecocntMailBox02OpenPurple,"Mailbox, Open, Purple [c8e6be](Loot)[-]",03518,,loot,cntMailBox02Open,Mailbox,Open
agfDecocntMailBox02OpenRed,"Mailbox, Open, Red [c8e6be](Loot)[-]",03519,,loot,cntMailBox02Open,Mailbox,Open
agfDecocntMailBox02OpenWhite,"Mailbox, Open, White [c8e6be](Loot)[-]",03520,,loot,cntMailBox02Open,Mailbox,Open
agfDecocntMailBox02OpenYellow,"Mailbox, Open, Yellow [c8e6be](Loot)[-]",03521,,loot,cntMailBox02Open,Mailbox,Open
agfDecocntMailBox03OpenBlack,"Mailbox, Open, Black [c8e6be](Loot)[-]",03522,,loot,cntMailBox03Open,Mailbox,Open
agfDecocntMailBox03OpenBlue,"Mailbox, Open, Blue [c8e6be](Loot)[-]",03523,,loot,cntMailBox03Open,Mailbox,Open
agfDecocntMailBox03OpenBrown,"Mailbox, Open, Brown [c8e6be](Loot)[-]",03524,,loot,cntMailBox03Open,Mailbox,Open
agfDecocntMailBox03OpenGreen,"Mailbox, Open, Green [c8e6be](Loot)[-]",03525,,loot,cntMailBox03Open,Mailbox,Open
agfDecocntMailBox03OpenGrey,"Mailbox, Open, Grey [c8e6be](Loot)[-]",03526,,loot,cntMailBox03Open,Mailbox,Open
agfDecocntMailBox03OpenOrange,"Mailbox, Open, Orange [c8e6be](Loot)[-]",03527,,loot,cntMailBox03Open,Mailbox,Open
agfDecocntMailBox03OpenPink,"Mailbox, Open, Pink [c8e6be](Loot)[-]",03528,,loot,cntMailBox03Open,Mailbox,Open
agfDecocntMailBox03OpenPurple,"Mailbox, Open, Purple [c8e6be](Loot)[-]",03529,,loot,cntMailBox03Open,Mailbox,Open
agfDecocntMailBox03OpenRed,"Mailbox, Open, Red [c8e6be](Loot)[-]",03530,,loot,cntMailBox03Open,Mailbox,Open
agfDecocntMailBox03OpenWhite,"Mailbox, Open, White [c8e6be](Loot)[-]",03531,,loot,cntMailBox03Open,Mailbox,Open
agfDecocntMailBox03OpenYellow,"Mailbox, Open, Yellow [c8e6be](Loot)[-]",03532,,loot,cntMailBox03Open,Mailbox,Open
agfDecoapartmentSmallMailboxClosedBlue,"Mailbox, Closed, Blue [c8e6be](Loot)[-]",03533,,loot,apartmentSmallMailboxClosed,Mailbox,Apartment
agfDecoapartmentSmallMailboxClosedGreen,"Mailbox, Closed, Green [c8e6be](Loot)[-]",03534,,loot,apartmentSmallMailboxClosed,Mailbox,Apartment
agfDecoapartmentSmallMailboxClosedGrey,"Mailbox, Closed, Grey [c8e6be](Loot)[-]",03535,,loot,apartmentSmallMailboxClosed,Mailbox,Apartment
agfDecoapartmentSmallMailboxClosedRed,"Mailbox, Closed, Red [c8e6be](Loot)[-]",03536,,loot,apartmentSmallMailboxClosed,Mailbox,Apartment
agfDecoapartmentSmallMailboxClosedWhite,"Mailbox, Closed, White [c8e6be](Loot)[-]",03537,,loot,apartmentSmallMailboxClosed,Mailbox,Apartment
agfDecoapartmentSmallMailboxClosedYellow,"Mailbox, Closed, Yellow [c8e6be](Loot)[-]",03538,,loot,apartmentSmallMailboxClosed,Mailbox,Apartment
agfDecoapartmentSmallMailboxOpenBlue,"Mailbox, Open, Blue [c8e6be](Loot)[-]",03539,,loot,apartmentSmallMailboxOpen,Mailbox,Apartment
agfDecoapartmentSmallMailboxOpenGreen,"Mailbox, Open, Green [c8e6be](Loot)[-]",03540,,loot,apartmentSmallMailboxOpen,Mailbox,Apartment
agfDecoapartmentSmallMailboxOpenGrey,"Mailbox, Open, Grey [c8e6be](Loot)[-]",03541,,loot,apartmentSmallMailboxOpen,Mailbox,Apartment
agfDecoapartmentSmallMailboxOpenRed,"Mailbox, Open, Red [c8e6be](Loot)[-]",03542,,loot,apartmentSmallMailboxOpen,Mailbox,Apartment
agfDecoapartmentSmallMailboxOpenWhite,"Mailbox, Open, White [c8e6be](Loot)[-]",03543,,loot,apartmentSmallMailboxOpen,Mailbox,Apartment
agfDecoapartmentSmallMailboxOpenYellow,"Mailbox, Open, Yellow [c8e6be](Loot)[-]",03544,,loot,apartmentSmallMailboxOpen,Mailbox,Apartment
agfDecoapartmentMailboxClosed,"Mailbox, Closed [c8e6be](Loot)[-]",03545,,loot,apartmentMailboxClosed,Mailbox,Apartment
agfDecoapartmentMailboxClosedBlue,"Mailbox, Closed, Blue [c8e6be](Loot)[-]",03546,,loot,apartmentMailboxClosed,Mailbox,Apartment
agfDecoapartmentMailboxClosedGreen,"Mailbox, Closed, Green [c8e6be](Loot)[-]",03547,,loot,apartmentMailboxClosed,Mailbox,Apartment
agfDecoapartmentMailboxClosedGrey,"Mailbox, Closed, Grey [c8e6be](Loot)[-]",03548,,loot,apartmentMailboxClosed,Mailbox,Apartment
agfDecoapartmentMailboxClosedRed,"Mailbox, Closed, Red [c8e6be](Loot)[-]",03549,,loot,apartmentMailboxClosed,Mailbox,Apartment
agfDecoapartmentMailboxClosedWhite,"Mailbox, Closed, White [c8e6be](Loot)[-]",03550,,loot,apartmentMailboxClosed,Mailbox,Apartment
agfDecoapartmentMailboxClosedYellow,"Mailbox, Closed, Yellow [c8e6be](Loot)[-]",03551,,loot,apartmentMailboxClosed,Mailbox,Apartment
agfDecoapartmentMailboxOpen,"Mailbox, Open [c8e6be](Loot)[-]",03552,,loot,apartmentMailboxOpen,Mailbox,Apartment
agfDecoapartmentMailboxOpenBlue,"Mailbox, Open, Blue [c8e6be](Loot)[-]",03553,,loot,apartmentMailboxOpen,Mailbox,Apartment
agfDecoapartmentMailboxOpenGreen,"Mailbox, Open, Green [c8e6be](Loot)[-]",03554,,loot,apartmentMailboxOpen,Mailbox,Apartment
agfDecoapartmentMailboxOpenGrey,"Mailbox, Open, Grey [c8e6be](Loot)[-]",03555,,loot,apartmentMailboxOpen,Mailbox,Apartment
agfDecoapartmentMailboxOpenRed,"Mailbox, Open, Red [c8e6be](Loot)[-]",03556,,loot,apartmentMailboxOpen,Mailbox,Apartment
agfDecoapartmentMailboxOpenWhite,"Mailbox, Open, White [c8e6be](Loot)[-]",03557,,loot,apartmentMailboxOpen,Mailbox,Apartment
agfDecoapartmentMailboxOpenYellow,"Mailbox, Open, Yellow [c8e6be](Loot)[-]",03558,,loot,apartmentMailboxOpen,Mailbox,Apartment
agfDecocntPostMailbox,Mail Drop Box [c8e6be](Loot)[-],03559,,loot,cntPostMailbox,Mailbox,Post
agfDecocntNewsDispenseFreeGreen,"Free Newspaper Dispenser, Green [c8e6be](Loot)[-]",03560,,loot,cntNewsDispenseFree,Outdoor,News
agfDecocntNewsDispenseFreeOrange,"Free Newspaper Dispenser, Orange [c8e6be](Loot)[-]",03561,,loot,cntNewsDispenseFree,Outdoor,News
agfDecocntNewspaperDispenserStandBlue,"Newspaper Dispenser, Blue [c8e6be](Loot)[-]",03562,,loot,cntNewspaperDispenserStand,Outdoor,News
agfDecocntNewspaperDispenserStandYellow,"Newspaper Dispenser, Yellow [c8e6be](Loot)[-]",03563,,loot,cntNewspaperDispenserStand,Outdoor,News
agfDecocntATMSecure,ATM [c8e6be](Loot)[-],03564,,loot,cntATMSecure,Store,Register
agfDecocntCashRegisterEmpty,"Cash Register, Empty [c8e6be](Loot)[-]",03565,,loot,cntCashRegister,Store,Register
agfDecocntCashRegister,Cash Register [c8e6be](Loot)[-],03566,,loot,cntCashRegister,Store,Register
agfDecocashRegisterScanner,Cash Register Scanner [ddcdfa](Deco)[-],03567,,plain,cashRegister,Store,Register
agfDecocashRegisterConveyorStraight,Cash Register Conveyor Straight [ddcdfa](Deco)[-],03568,,plain,cashRegisterConveyor,Store,Register
agfDecocashRegisterConveyorMiddle,Cash Register Conveyor Middle [ddcdfa](Deco)[-],03569,,plain,cashRegisterConveyor,Store,Register
agfDecocashRegisterConveyorCorner,"Cash Register Conveyor, Corner [ddcdfa](Deco)[-]",03570,,plain,cashRegisterConveyor,Store,Register
agfDecocntShoppingBasketEmptyBlue,"Shopping Basket, Empty, Blue [c8e6be](Loot)[-]",03571,,loot,cntShoppingBasketEmpty,Store,Shopping
agfDecocntShoppingBasketEmptyGreen,"Shopping Basket, Empty, Green [c8e6be](Loot)[-]",03572,,loot,cntShoppingBasketEmpty,Store,Shopping
agfDecocntShoppingBasketEmptyOrange,"Shopping Basket, Empty, Orange [c8e6be](Loot)[-]",03573,,loot,cntShoppingBasketEmpty,Store,Shopping
agfDecocntShoppingBasketEmptyRed,"Shopping Basket, Empty, Red [c8e6be](Loot)[-]",03574,,loot,cntShoppingBasketEmpty,Store,Shopping
agfDecocntShoppingBasketEmptyWhite,"Shopping Basket, Empty, White [c8e6be](Loot)[-]",03575,,loot,cntShoppingBasketEmpty,Store,Shopping
agfDecocntShoppingBasketEmptyYellow,"Shopping Basket, Empty, Yellow [c8e6be](Loot)[-]",03576,,loot,cntShoppingBasketEmpty,Store,Shopping
agfDecocntShoppingBasketBlue,"Shopping Basket, Blue [c8e6be](Loot)[-]",03577,,loot,cntShoppingBasket,Store,Shopping
agfDecocntShoppingBasketGreen,"Shopping Basket, Green [c8e6be](Loot)[-]",03578,,loot,cntShoppingBasket,Store,Shopping
agfDecocntShoppingBasketOrange,"Shopping Basket, Orange [c8e6be](Loot)[-]",03579,,loot,cntShoppingBasket,Store,Shopping
agfDecocntShoppingBasketRed,"Shopping Basket, Red [c8e6be](Loot)[-]",03580,,loot,cntShoppingBasket,Store,Shopping
agfDecocntShoppingBasketWhite,"Shopping Basket, White [c8e6be](Loot)[-]",03581,,loot,cntShoppingBasket,Store,Shopping
agfDecocntShoppingBasketYellow,"Shopping Basket, Yellow [c8e6be](Loot)[-]",03582,,loot,cntShoppingBasket,Store,Shopping
agfDecocntShoppingBasketEmptyTeal,"Shopping Basket Teal, Empty [c8e6be](Loot)[-]",03583,,loot,cntShoppingBasketEmpty,Store,Shopping
agfDecocntShoppingBasketTeal,Shopping Basket Teal [c8e6be](Loot)[-],03584,,loot,cntShoppingBasket,Store,Shopping
agfDecocntShoppingCartEmptyBlue,"Shopping Cart, Empty, Blue [c8e6be](Loot)[-]",03585,,loot,cntShoppingCartEmpty,Store,Shopping
agfDecocntShoppingCartEmptyGreen,"Shopping Cart, Empty, Green [c8e6be](Loot)[-]",03586,,loot,cntShoppingCartEmpty,Store,Shopping
agfDecocntShoppingCartEmptyGrey,"Shopping Cart, Empty, Grey [c8e6be](Loot)[-]",03587,,loot,cntShoppingCartEmpty,Store,Shopping
agfDecocntShoppingCartEmptyOrange,"Shopping Cart, Empty, Orange [c8e6be](Loot)[-]",03588,,loot,cntShoppingCartEmpty,Store,Shopping
agfDecocntShoppingCartEmptyRed,"Shopping Cart, Empty, Red [c8e6be](Loot)[-]",03589,,loot,cntShoppingCartEmpty,Store,Shopping
agfDecocntShoppingCartEmptyWhite,"Shopping Cart, Empty, White [c8e6be](Loot)[-]",03590,,loot,cntShoppingCartEmpty,Store,Shopping
agfDecocntShoppingCartEmptyYellow,"Shopping Cart, Empty, Yellow [c8e6be](Loot)[-]",03591,,loot,cntShoppingCartEmpty,Store,Shopping
agfDecocntShoppingCartBlue,"Shopping Cart, Blue [c8e6be](Loot)[-]",03592,,loot,cntShoppingCart,Store,Shopping
agfDecocntShoppingCartGreen,"Shopping Cart, Green [c8e6be](Loot)[-]",03593,,loot,cntShoppingCart,Store,Shopping
agfDecocntShoppingCartGrey,"Shopping Cart, Grey [c8e6be](Loot)[-]",03594,,loot,cntShoppingCart,Store,Shopping
agfDecocntShoppingCartOrange,"Shopping Cart, Orange [c8e6be](Loot)[-]",03595,,loot,cntShoppingCart,Store,Shopping
agfDecocntShoppingCartRed,"Shopping Cart, Red [c8e6be](Loot)[-]",03596,,loot,cntShoppingCart,Store,Shopping
agfDecocntShoppingCartWhite,"Shopping Cart, White [c8e6be](Loot)[-]",03597,,loot,cntShoppingCart,Store,Shopping
agfDecocntShoppingCartYellow,"Shopping Cart, Yellow [c8e6be](Loot)[-]",03598,,loot,cntShoppingCart,Store,Shopping
agfDecocntShoppingCartTippedBlue,"Tipped Shopping Cart, Blue [c8e6be](Loot)[-]",03599,,loot,cntShoppingCartTipped,Store,Shopping
agfDecocntShoppingCartTippedGreen,"Tipped Shopping Cart, Green [c8e6be](Loot)[-]",03600,,loot,cntShoppingCartTipped,Store,Shopping
agfDecocntShoppingCartTippedGrey,"Tipped Shopping Cart, Grey [c8e6be](Loot)[-]",03601,,loot,cntShoppingCartTipped,Store,Shopping
agfDecocntShoppingCartTippedOrange,"Tipped Shopping Cart, Orange [c8e6be](Loot)[-]",03602,,loot,cntShoppingCartTipped,Store,Shopping
agfDecocntShoppingCartTippedRed,"Tipped Shopping Cart, Red [c8e6be](Loot)[-]",03603,,loot,cntShoppingCartTipped,Store,Shopping
agfDecocntShoppingCartTippedWhite,"Tipped Shopping Cart, White [c8e6be](Loot)[-]",03604,,loot,cntShoppingCartTipped,Store,Shopping
agfDecocntShoppingCartTippedYellow,"Tipped Shopping Cart, Yellow [c8e6be](Loot)[-]",03605,,loot,cntShoppingCartTipped,Store,Shopping
agfDecocntClothesPileFloor01,Clothes Pile [c8e6be](Loot)[-],03606,,loot,cntClothes,Store,Clothes
agfDecocntClothesRackRectangleEmpty,"Clothes Rack Rectangle, Empty [c8e6be](Loot)[-]",03607,,loot,cntClothesRackRectangleEmpty,Store,Clothes
agfDecocntClothesRackRectangleEmpty2,"Clothes Rack Rectangle, 2, Empty [c8e6be](Loot)[-]",03608,,loot,cntClothesRackRectangleEmpty,Store,Clothes
agfDecocntClothesRackRectangleEmptyMilitary,"Military Clothes Rack Rectangle, Empty [c8e6be](Loot)[-]",03609,,loot,cntClothesRackRectangleEmpty,Store,Clothes
agfDecocntClothesRackRectanglePants,Clothes Rack [c8e6be](Loot)[-],03610,,loot,cntClothesRackRectanglePants,Store,Clothes
agfDecocntClothesRackRectanglePantsMilitary,Military Clothes Rack [c8e6be](Loot)[-],03611,,loot,cntClothesRackRectanglePants,Store,Clothes
agfDecocntClothesRackRectangleShirts,Clothes Rack [c8e6be](Loot)[-],03612,,loot,cntClothesRackRectangleShirts,Store,Clothes
agfDecocntClothesRackRectangleShirtsMilitary,Military Clothes Rack [c8e6be](Loot)[-],03613,,loot,cntClothesRackRectangleShirts,Store,Clothes
agfDecocntClothesRackRoundEmpty,"Clothes Rack Round, Empty [c8e6be](Loot)[-]",03614,,loot,cntClothesRackRoundEmpty,Store,Clothes
agfDecocntClothesRackRoundEmpty2,"Clothes Rack Round, Empty [c8e6be](Loot)[-]",03615,,loot,cntClothesRackRoundEmpty,Store,Clothes
agfDecocntClothesRackRoundEmptyMilitary,"Military Clothes Rack Round, Empty [c8e6be](Loot)[-]",03616,,loot,cntClothesRackRoundEmpty,Store,Clothes
agfDecocntClothesRackRoundPants,Clothes Rack [c8e6be](Loot)[-],03617,,loot,cntClothesRackRoundPants,Store,Clothes
agfDecocntClothesRackRoundPantsMilitary,Military Clothes Rack [c8e6be](Loot)[-],03618,,loot,cntClothesRackRoundPants,Store,Clothes
agfDecocntClothesRackRoundShirts,Clothes Rack [c8e6be](Loot)[-],03619,,loot,cntClothesRackRoundShirts,Store,Clothes
agfDecocntClothesRackRoundShirtsMilitary,Military Clothes Rack [c8e6be](Loot)[-],03620,,loot,cntClothesRackRoundShirts,Store,Clothes
agfDecocntClothesRackWallEmptyHanger,"Clothes Rack Wall, Empty [c8e6be](Loot)[-]",03621,,loot,cntClothesRackWall,Store,Clothes
agfDecocntClothesRackWallFlat,"Clothes Rack Wall, Flat [c8e6be](Loot)[-]",03622,,loot,cntClothesRackWall,Store,Clothes
agfDecocntClothesRackWallLongSleeve,Clothes Rack [c8e6be](Loot)[-],03623,,loot,cntClothesRackWallLongSleeve,Store,Clothes
agfDecocntClothesRackWallLongSleeveMilitary,Military Clothes Rack [c8e6be](Loot)[-],03624,,loot,cntClothesRackWallLongSleeve,Store,Clothes
agfDecocntClothesRackWallPants,Clothes Rack [c8e6be](Loot)[-],03625,,loot,cntClothesRackWallPants,Store,Clothes
agfDecocntClothesRackWallPantsMilitary,Military Clothes Rack [c8e6be](Loot)[-],03626,,loot,cntClothesRackWallPants,Store,Clothes
agfDecocntClothesRackWallSweater,Clothes Rack [c8e6be](Loot)[-],03627,,loot,cntClothesRackWallSweater,Store,Clothes
agfDecocntClothesRackWallSweaterMilitary,Military Clothes Rack [c8e6be](Loot)[-],03628,,loot,cntClothesRackWallSweater,Store,Clothes
agfDecocntClothesRackWallTShirts,Clothes Rack [c8e6be](Loot)[-],03629,,loot,cntClothesRackWallTShirts,Store,Clothes
agfDecocntClothesRackWallTShirtsMilitary,Military Clothes Rack [c8e6be](Loot)[-],03630,,loot,cntClothesRackWallTShirts,Store,Clothes
agfDecocntClothesShelfHalfEmpty,"Clothes Shelf Half, Empty [c8e6be](Loot)[-]",03631,,loot,cntClothesShelfHalf,Store,Clothes
agfDecocntClothesShelfHalfJeans01,Clothes Shelf Half Jeans 01 [c8e6be](Loot)[-],03632,,loot,cntClothesShelfHalfJeans0,Store,Clothes
agfDecocntClothesShelfHalfJeans02,Clothes Shelf Half Jeans 02 [c8e6be](Loot)[-],03633,,loot,cntClothesShelfHalfJeans0,Store,Clothes
agfDecocntClothesShelfHalfShirts01,Clothes Shelf Half Shirts 01 [c8e6be](Loot)[-],03634,,loot,cntClothesShelfHalfShirts0,Store,Clothes
agfDecocntClothesShelfHalfShirts02,Clothes Shelf Half Shirts 02 [c8e6be](Loot)[-],03635,,loot,cntClothesShelfHalfShirts0,Store,Clothes
agfDecocntClothesShelfHalfSweaters01,Clothes Shelf Half Sweaters 01 [c8e6be](Loot)[-],03636,,loot,cntClothesShelfHalf,Store,Clothes
agfDecocntClothesShelfStackEmpty,"Clothes Shelf Stack, Empty [c8e6be](Loot)[-]",03637,,loot,cntClothesShelfStack,Store,Clothes
agfDecocntClothesShelfStackJeans01,Clothes Shelf Stack Jeans 01 [c8e6be](Loot)[-],03638,,loot,cntClothesShelfStackJeans0,Store,Clothes
agfDecocntClothesShelfStackJeans02,Clothes Shelf Stack Jeans 02 [c8e6be](Loot)[-],03639,,loot,cntClothesShelfStackJeans0,Store,Clothes
agfDecocntClothesShelfStackShirts01,Clothes Shelf Stack Shirts 01 [c8e6be](Loot)[-],03640,,loot,cntClothesShelfStackShirts0,Store,Clothes
agfDecocntClothesShelfStackShirts02,Clothes Shelf Stack Shirts 02 [c8e6be](Loot)[-],03641,,loot,cntClothesShelfStackShirts0,Store,Clothes
agfDecocntShoesPileBusinessShoes,Shoes [c8e6be](Loot)[-],03642,,loot,cntShoesPile,Store,Clothes
agfDecocntShoesPileCommercial01,Shoes [c8e6be](Loot)[-],03643,,loot,cntShoesPileCommercial0,Store,Clothes
agfDecocntShoesPileCommercial02,Shoes [c8e6be](Loot)[-],03644,,loot,cntShoesPileCommercial0,Store,Clothes
agfDecocntShoesPileLeatherBoots,Shoes [c8e6be](Loot)[-],03645,,loot,cntShoesPile,Store,Clothes
agfDecocntShoesPileSandals,Shoes Pile: Sandals [c8e6be](Loot)[-],03646,,loot,cntShoesPile,Store,Clothes
agfDecocntShoesPileSneakers,Shoes [c8e6be](Loot)[-],03647,,loot,cntShoesPile,Store,Clothes
agfDecocntShoesPileWomensHeels,Shoes Pile: Women's Heels [c8e6be](Loot)[-],03648,,loot,cntShoesPile,Store,Clothes
agfDecodecoMannequinFemale,Mannequin Female [ddcdfa](Deco)[-],03649,,plain,decoMannequinFemale,Store,Clothes
agfDecodecoMannequinFemaleBroken,"Mannequin Female, Broken [ddcdfa](Deco)[-]",03650,,plain,decoMannequinFemale,Store,Clothes
agfDecodecoMannequinMale,Mannequin Male [ddcdfa](Deco)[-],03651,,plain,decoMannequinMale,Store,Clothes
agfDecodecoMannequinMaleBroken,"Mannequin Male, Broken [ddcdfa](Deco)[-]",03652,,plain,decoMannequinMale,Store,Clothes
agfDecodecoMannequinMilitaryCommando,Mannequin Military Commando [ddcdfa](Deco)[-],03653,,plain,decoMannequin,Store,Clothes
agfDecocntStoreElectronicsPalletTvFallen,Electronics Store Pallet TV Fallen [c8e6be](Loot)[-],03654,,loot,cntStoreElectronicsPalletTv,Store,Electronic
agfDecocntStoreElectronicsPalletTvStanding,Electronics Store Pallet TV Standing [c8e6be](Loot)[-],03655,,loot,cntStoreElectronicsPalletTv,Store,Electronic
agfDecocntStoreShelfElectronicsDoubleBottomEmpty,"Electronics Store Shelf Double Bottom, Empty [c8e6be](Loot)[-]",03656,,loot,cntStoreShelfElectronicsDoubleBottom,Store,Electronic
agfDecocntStoreShelfElectronicsDoubleBottomGoods01,Electronics Store Shelf Double Bottom Goods 01 [c8e6be](Loot)[-],03657,,loot,cntStoreShelfElectronicsDoubleBottomGoods01,Store,Electronic
agfDecocntStoreShelfElectronicsDoubleBottomGoods01Screensaver1,"Electronics Store Shelf Double Bottom Goods 01, Screensaver 1 [c8e6be](Loot)[-]",03658,,loot,cntStoreShelfElectronicsDoubleBottomGoods01Screensaver,Store,Electronic
agfDecocntStoreShelfElectronicsDoubleBottomGoods01Screensaver2,"Electronics Store Shelf Double Bottom Goods 01, Screensaver 2 [c8e6be](Loot)[-]",03659,,loot,cntStoreShelfElectronicsDoubleBottomGoods01Screensaver,Store,Electronic
agfDecocntStoreShelfElectronicsDoubleBottomGoods02,Electronics Store Shelf Double Bottom Goods 02 [c8e6be](Loot)[-],03660,,loot,cntStoreShelfElectronicsDoubleBottomGoods02,Store,Electronic
agfDecocntStoreShelfElectronicsDoubleBottomGoods02Screensaver1,"Electronics Store Shelf Double Bottom Goods 02, Screensaver 1 [c8e6be](Loot)[-]",03661,,loot,cntStoreShelfElectronicsDoubleBottomGoods02Screensaver,Store,Electronic
agfDecocntStoreShelfElectronicsDoubleBottomGoods02Screensaver2,"Electronics Store Shelf Double Bottom Goods 02, Screensaver 2 [c8e6be](Loot)[-]",03662,,loot,cntStoreShelfElectronicsDoubleBottomGoods02Screensaver,Store,Electronic
agfDecocntStoreShelfElectronicsDoubleBottomGoods03,Electronics Store Shelf Double Bottom Goods 03 [c8e6be](Loot)[-],03663,,loot,cntStoreShelfElectronicsDoubleBottomGoods0,Store,Electronic
agfDecocntStoreShelfElectronicsDoubleBottomGoods04,Electronics Store Shelf Double Bottom Goods 04 [c8e6be](Loot)[-],03664,,loot,cntStoreShelfElectronicsDoubleBottomGoods0,Store,Electronic
agfDecocntStoreShelfElectronicsDoubleTopEmpty,"Electronics Store Shelf Double Top, Empty [c8e6be](Loot)[-]",03665,,loot,cntStoreShelfElectronicsDouble,Store,Electronic
agfDecocntStoreShelfElectronicsSingleBottomElectronicsMonitor,Electronics Store Shelf Single Bottom Electronics Monitor [c8e6be](Loot)[-],03666,,loot,cntStoreShelfElectronicsSingleBottomElectronicsMonitor,Store,Electronic
agfDecocntStoreShelfElectronicsSingleBottomElectronicsMonitorScreensaver1,"Electronics Store Shelf Single Bottom Electronics Monitor, Screensaver 1 [c8e6be](Loot)[-]",03667,,loot,cntStoreShelfElectronicsSingleBottomElectronicsMonitorScreensaver,Store,Electronic
agfDecocntStoreShelfElectronicsSingleBottomElectronicsMonitorScreensaver2,"Electronics Store Shelf Single Bottom Electronics Monitor, Screensaver 2 [c8e6be](Loot)[-]",03668,,loot,cntStoreShelfElectronicsSingleBottomElectronicsMonitorScreensaver,Store,Electronic
agfDecocntStoreShelfElectronicsSingleBottomEmpty,"Electronics Store Shelf Single Bottom, Empty [c8e6be](Loot)[-]",03669,,loot,cntStoreShelfElectronicsSingleBottom,Store,Electronic
agfDecocntStoreShelfElectronicsSingleBottomGoodsMisc,Electronics Store Shelf Single Bottom Goods Misc [c8e6be](Loot)[-],03670,,loot,cntStoreShelfElectronicsSingleBottom,Store,Electronic
agfDecocntStoreShelfElectronicsSingleBottomHeadphones,Electronics Store Shelf Single Bottom Headphones [c8e6be](Loot)[-],03671,,loot,cntStoreShelfElectronicsSingleBottom,Store,Electronic
agfDecocntStoreShelfElectronicsSingleBottomKeyboard,Electronics Store Shelf Single Bottom Keyboard [c8e6be](Loot)[-],03672,,loot,cntStoreShelfElectronicsSingleBottom,Store,Electronic
agfDecocntStoreShelfElectronicsSingleBottomLaptopClosed,"Electronics Store Shelf Single Bottom Laptop, Closed [c8e6be](Loot)[-]",03673,,loot,cntStoreShelfElectronicsSingleBottomLaptop,Store,Electronic
agfDecocntStoreShelfElectronicsSingleBottomLaptopOpen,"Electronics Store Shelf Single Bottom Laptop, Open [c8e6be](Loot)[-]",03674,,loot,cntStoreShelfElectronicsSingleBottomLaptopOpen,Store,Electronic
agfDecocntStoreShelfElectronicsSingleBottomLaptopOpenScreensaver1,"Electronics Store Shelf Single Bottom Laptop, Open, Screensaver 1 [c8e6be](Loot)[-]",03675,,loot,cntStoreShelfElectronicsSingleBottomLaptopOpenScreensaver,Store,Electronic
agfDecocntStoreShelfElectronicsSingleBottomLaptopOpenScreensaver2,"Electronics Store Shelf Single Bottom Laptop, Open, Screensaver 2 [c8e6be](Loot)[-]",03676,,loot,cntStoreShelfElectronicsSingleBottomLaptopOpenScreensaver,Store,Electronic
agfDecocntStoreShelfElectronicsSingleBottomPC,Electronics Store Shelf Single Bottom PC [c8e6be](Loot)[-],03677,,loot,cntStoreShelfElectronicsSingleBottom,Store,Electronic
agfDecocntStoreShelfElectronicsSingleBottomSpeaker,Electronics Store Shelf Single Bottom Speaker [c8e6be](Loot)[-],03678,,loot,cntStoreShelfElectronicsSingleBottom,Store,Electronic
agfDecocntStoreShelfElectronicsSingleTopEmpty,"Electronics Store Shelf Single Top, Empty [c8e6be](Loot)[-]",03679,,loot,cntStoreShelfElectronicsSingle,Store,Electronic
agfDecocntGasPumpEmpty,"Gas Pump, Empty [c8e6be](Loot)[-]",03680,,loot,cntGasPump,Store,Gas
agfDecocntGasPumpFull,"Gas Pump, Full [c8e6be](Loot)[-]",03681,,loot,cntGasPump,Store,Gas
agfDecocntIceMachine,Ice Machine [c8e6be](Loot)[-],03682,,loot,cntIceMachine,Store,Gas
agfDecocntVendingMachine,Player Vending Machine [c8e6be](Loot)[-],03683,,loot,cntVendingMachine,Store,Gas
agfDecocntVendingMachine2,Vending Machine [c8e6be](Loot)[-],03684,,loot,cntVendingMachine2,Store,Gas
agfDecocntVendingMachine2Broken,"Vending Machine, Soda, Broken [c8e6be](Loot)[-]",03685,,loot,cntVendingMachine2,Store,Gas
agfDecocntVendingMachineEnergy,Vending Machine [c8e6be](Loot)[-],03686,,loot,cntVendingMachineEnergy,Store,Gas
agfDecocntVendingMachineEnergyBroken,"Vending Machine, Energy, Broken [c8e6be](Loot)[-]",03687,,loot,cntVendingMachineEnergy,Store,Gas
agfDecocntVendingMachineSnacksEmpty,"Vending Machine, Food, Empty [c8e6be](Loot)[-]",03688,,loot,cntVendingMachineSnacksEmpty,Store,Gas
agfDecocntVendingMachineSnacksEmptyBroken,"Vending Machine, Food, Empty, Broken [c8e6be](Loot)[-]",03689,,loot,cntVendingMachineSnacksEmpty,Store,Gas
agfDecocntVendingMachineSnacksFull,"Vending Machine, Full [c8e6be](Loot)[-]",03690,,loot,cntVendingMachineSnacksFull,Store,Gas
agfDecocntVendingMachineSnacksFullBroken,"Vending Machine, Full, Broken [c8e6be](Loot)[-]",03691,,loot,cntVendingMachineSnacksFull,Store,Gas
agfDecocntVendingMachineWater,Vending Machine [c8e6be](Loot)[-],03692,,loot,cntVendingMachineWater,Store,Gas
agfDecocntVendingMachineWaterBroken,"Vending Machine, Water, Broken [c8e6be](Loot)[-]",03693,,loot,cntVendingMachineWater,Store,Gas
agfDecocntFreezerBeveragesStandaloneEmptyClosed,"Freezer Beverages Standalone, Empty, Closed [c8e6be](Loot)[-]",03694,,loot,cntFreezerBeveragesStandaloneEmptyClosed,Store,Freezer
agfDecocntFreezerBeveragesStandaloneEmptyClosedBroken,"Freezer Beverages Standalone, Empty, Closed, Broken [c8e6be](Loot)[-]",03695,,loot,cntFreezerBeveragesStandaloneEmptyClosed,Store,Freezer
agfDecocntFreezerBeveragesStandaloneFullClosed,"Cooler, Full, Closed [c8e6be](Loot)[-]",03696,,loot,cntFreezerBeveragesStandaloneFullClosed,Store,Freezer
agfDecocntFreezerBeveragesStandaloneFullClosedBroken,"Cooler, Full, Closed, Broken [c8e6be](Loot)[-]",03697,,loot,cntFreezerBeveragesStandaloneFullClosed,Store,Freezer
agfDecocntFreezerBeveragesLeftEmptyClosed,"Freezer Beverages, Left, Empty, Closed [c8e6be](Loot)[-]",03698,,loot,cntFreezerBeveragesLeftEmptyClosed,Store,Freezer
agfDecocntFreezerBeveragesLeftEmptyClosedBroken,"Freezer Beverages, Left, Empty, Closed, Broken [c8e6be](Loot)[-]",03699,,loot,cntFreezerBeveragesLeftEmptyClosed,Store,Freezer
agfDecocntFreezerGroceriesLeftEmptyClosed,"Freezer Groceries, Left, Empty, Closed [c8e6be](Loot)[-]",03700,,loot,cntFreezerGroceriesLeftEmptyClosed,Store,Freezer
agfDecocntFreezerGroceriesLeftEmptyClosedBroken,"Freezer Groceries, Left, Empty, Closed, Broken [c8e6be](Loot)[-]",03701,,loot,cntFreezerGroceriesLeftEmptyClosed,Store,Freezer
agfDecocntFreezerBeveragesMiddleEmptyClosed,"Freezer Beverages Middle, Empty, Closed [c8e6be](Loot)[-]",03702,,loot,cntFreezerBeveragesMiddleEmptyClosed,Store,Freezer
agfDecocntFreezerBeveragesMiddleEmptyClosedBroken,"Freezer Beverages Middle, Empty, Closed, Broken [c8e6be](Loot)[-]",03703,,loot,cntFreezerBeveragesMiddleEmptyClosed,Store,Freezer
agfDecocntFreezerBeveragesMiddleFullClosed,"Cooler, Full, Closed [c8e6be](Loot)[-]",03704,,loot,cntFreezerBeveragesMiddleFullClosed,Store,Freezer
agfDecocntFreezerBeveragesMiddleFullClosedBroken,"Cooler, Full, Closed, Broken [c8e6be](Loot)[-]",03705,,loot,cntFreezerBeveragesMiddleFullClosed,Store,Freezer
agfDecocntFreezerBeveragesMiddleEmptyOpen,"Freezer Beverages Middle, Empty, Open [c8e6be](Loot)[-]",03706,,loot,cntFreezerBeveragesMiddleEmptyOpen,Store,Freezer
agfDecocntFreezerBeveragesMiddleEmptyOpenBroken,"Freezer Beverages Middle, Empty, Open, Broken [c8e6be](Loot)[-]",03707,,loot,cntFreezerBeveragesMiddleEmptyOpen,Store,Freezer
agfDecocntFreezerGroceriesMiddleEmptyClosed,"Freezer Groceries Middle, Empty, Closed [c8e6be](Loot)[-]",03708,,loot,cntFreezerGroceriesMiddleEmptyClosed,Store,Freezer
agfDecocntFreezerGroceriesMiddleEmptyClosedBroken,"Freezer Groceries Middle, Empty, Closed, Broken [c8e6be](Loot)[-]",03709,,loot,cntFreezerGroceriesMiddleEmptyClosed,Store,Freezer
agfDecocntFreezerGroceriesMiddleFullClosed,"Freezer, Full, Closed [c8e6be](Loot)[-]",03710,,loot,cntFreezerGroceriesMiddleFullClosed,Store,Freezer
agfDecocntFreezerGroceriesMiddleFullClosedBroken,"Freezer, Full, Closed, Broken [c8e6be](Loot)[-]",03711,,loot,cntFreezerGroceriesMiddleFullClosedBroken,Store,Freezer
agfDecocntFreezerGroceriesMiddleEmptyOpen,"Freezer Groceries Middle, Empty, Open [c8e6be](Loot)[-]",03712,,loot,cntFreezerGroceriesMiddleEmptyOpen,Store,Freezer
agfDecocntFreezerGroceriesMiddleEmptyOpenBroken,"Freezer Groceries Middle, Empty, Open, Broken [c8e6be](Loot)[-]",03713,,loot,cntFreezerGroceriesMiddleEmptyOpen,Store,Freezer
agfDecocntFreezerGroceriesMiddleFullClosed2,"Freezer, Full, Closed [c8e6be](Loot)[-]",03714,,loot,cntFreezerGroceriesMiddleFullClosed,Store,Freezer
agfDecocntFreezerGroceriesMiddleFullClosedBroken2,"Freezer, Full, Closed, Broken [c8e6be](Loot)[-]",03715,,loot,cntFreezerGroceriesMiddleFullClosedBroken,Store,Freezer
agfDecocntFreezerBeveragesRightEmptyClosed,"Freezer Beverages, Right, Empty, Closed [c8e6be](Loot)[-]",03716,,loot,cntFreezerBeveragesRightEmptyClosed,Store,Freezer
agfDecocntFreezerBeveragesRightEmptyClosedBroken,"Freezer Beverages, Right, Empty, Closed, Broken [c8e6be](Loot)[-]",03717,,loot,cntFreezerBeveragesRightEmptyClosed,Store,Freezer
agfDecocntFreezerGroceriesRightEmptyClosed,"Freezer Groceries, Right, Empty, Closed [c8e6be](Loot)[-]",03718,,loot,cntFreezerGroceriesRightEmptyClosed,Store,Freezer
agfDecocntFreezerGroceriesRightEmptyClosedBroken,"Freezer Groceries, Right, Empty, Closed, Broken [c8e6be](Loot)[-]",03719,,loot,cntFreezerGroceriesRightEmptyClosed,Store,Freezer
agfDecocntStoreProduceBasketApples1,Produce Basket [c8e6be](Loot)[-],03720,,loot,cntStoreProduceBasketApples,Store,Grocery
agfDecocntStoreProduceBasketApples2,Produce Basket [c8e6be](Loot)[-],03721,,loot,cntStoreProduceBasketApples,Store,Grocery
agfDecocntStoreProduceBasketCornerEmpty1,"Produce Basket 1, Corner, Empty [c8e6be](Loot)[-]",03722,,loot,cntStoreProduceBasketCornerEmpty,Store,Grocery
agfDecocntStoreProduceBasketCornerEmpty2,"Produce Basket, Corner, Empty [c8e6be](Loot)[-]",03723,,loot,cntStoreProduceBasketCornerEmpty,Store,Grocery
agfDecocntStoreProduceBasketEmpty1,"Produce Basket 1, Empty [c8e6be](Loot)[-]",03724,,loot,cntStoreProduceBasketEmpty,Store,Grocery
agfDecocntStoreProduceBasketEmpty2,"Produce Basket 2, Empty [c8e6be](Loot)[-]",03725,,loot,cntStoreProduceBasketEmpty,Store,Grocery
agfDecocntStoreProduceBasketGourds1,Produce Basket [c8e6be](Loot)[-],03726,,loot,cntStoreProduceBasketGourds,Store,Grocery
agfDecocntStoreProduceBasketGourds2,Produce Basket [c8e6be](Loot)[-],03727,,loot,cntStoreProduceBasketGourds,Store,Grocery
agfDecocntStoreProduceBasketLettuce1,Produce Basket [c8e6be](Loot)[-],03728,,loot,cntStoreProduceBasketLettuce,Store,Grocery
agfDecocntStoreProduceBasketLettuce2,Produce Basket [c8e6be](Loot)[-],03729,,loot,cntStoreProduceBasketLettuce,Store,Grocery
agfDecocntStoreProduceBasketMelons1,Produce Basket [c8e6be](Loot)[-],03730,,loot,cntStoreProduceBasketMelons,Store,Grocery
agfDecocntStoreProduceBasketMelons2,Produce Basket [c8e6be](Loot)[-],03731,,loot,cntStoreProduceBasketMelons,Store,Grocery
agfDecocntDisplayCaseEmptyLeft,"Display Case, Left, Empty [c8e6be](Loot)[-]",03732,,loot,cntDisplayCaseEmptyLeft,Store,Gun
agfDecocntDisplayCaseEmptyLeftBroken,"Display Case, Left, Empty, Broken [c8e6be](Loot)[-]",03733,,loot,cntDisplayCaseEmptyLeft,Store,Gun
agfDecocntDisplayCaseEmptyLeftPristine,"Display Case Pristine, Left, Empty [c8e6be](Loot)[-]",03734,,loot,cntDisplayCaseEmptyLeft,Store,Gun
agfDecocntDisplayCaseAmmoLeftBroken,"Ammo Display Case, Left, Broken [c8e6be](Loot)[-]",03735,,loot,cntDisplayCaseAmmo,Store,Gun
agfDecocntDisplayCaseEmptyMiddle,"Display Case Middle, Empty [c8e6be](Loot)[-]",03736,,loot,cntDisplayCaseEmptyMiddle,Store,Gun
agfDecocntDisplayCaseEmptyMiddleBroken,"Display Case Middle, Empty, Broken [c8e6be](Loot)[-]",03737,,loot,cntDisplayCaseEmptyMiddle,Store,Gun
agfDecocntDisplayCaseEmptyMiddlePristine,"Display Case Pristine Middle, Empty [c8e6be](Loot)[-]",03738,,loot,cntDisplayCaseEmptyMiddle,Store,Gun
agfDecocntDisplayCaseAmmoMiddleBroken01,"Ammo Display Case, Broken [c8e6be](Loot)[-]",03739,,loot,cntDisplayCaseAmmoMiddleBroken0,Store,Gun
agfDecocntDisplayCaseAmmoMiddleBroken02,"Ammo Display Case, Broken [c8e6be](Loot)[-]",03740,,loot,cntDisplayCaseAmmoMiddleBroken0,Store,Gun
agfDecocntDisplayCaseEmptyRight,"Display Case, Right, Empty [c8e6be](Loot)[-]",03741,,loot,cntDisplayCaseEmptyRight,Store,Gun
agfDecocntDisplayCaseEmptyRightBroken,"Display Case, Right, Empty, Broken [c8e6be](Loot)[-]",03742,,loot,cntDisplayCaseEmptyRight,Store,Gun
agfDecocntDisplayCaseEmptyRightPristine,"Display Case Pristine, Right, Empty [c8e6be](Loot)[-]",03743,,loot,cntDisplayCaseEmptyRight,Store,Gun
agfDecocntDisplayCaseAmmoRightBroken,"Ammo Display Case, Right, Broken [c8e6be](Loot)[-]",03744,,loot,cntDisplayCaseAmmo,Store,Gun
agfDecocntMilitaryGoodsA,Military Goods [c8e6be](Loot)[-],03745,,loot,cntMilitaryGoods,Store,Gun
agfDecocntMilitaryGoodsB,Military Goods [c8e6be](Loot)[-],03746,,loot,cntMilitaryGoods,Store,Gun
agfDecocntMilitaryGoodsC,Military Goods [c8e6be](Loot)[-],03747,,loot,cntMilitaryGoods,Store,Gun
agfDecocntMilitaryGoodsD,Military Goods [c8e6be](Loot)[-],03748,,loot,cntMilitaryGoods,Store,Gun
agfDecocntMilitaryMetalShelvesEmpty,"Military Shelves, Empty [c8e6be](Loot)[-]",03749,,loot,cntMilitaryMetalShelves,Store,Gun
agfDecocntMilitaryMetalShelvesFull,"Military Shelves, Full [c8e6be](Loot)[-]",03750,,loot,cntMilitaryMetalShelves,Store,Gun
agfDecocntGunRackSmallArmor,Equipment Rack [c8e6be](Loot)[-],03751,,loot,cntGunRackSmall,Store,Rack
agfDecocntGunRackSmallEmpty01,"Gun Rack Small 01, Empty [c8e6be](Loot)[-]",03752,,loot,cntGunRackSmallEmpty0,Store,Rack
agfDecocntGunRackSmallEmpty02,"Gun Rack Small 02, Empty [c8e6be](Loot)[-]",03753,,loot,cntGunRackSmallEmpty0,Store,Rack
agfDecocntGunRackSmallEmpty03,"Gun Rack Small 03, Empty [c8e6be](Loot)[-]",03754,,loot,cntGunRackSmallEmpty0,Store,Rack
agfDecocntGunRackSmallMagazines,Equipment Rack [c8e6be](Loot)[-],03755,,loot,cntGunRackSmall,Store,Rack
agfDecocntGunRackLargeGunsEmpty01,"Gun Rack, Empty [c8e6be](Loot)[-]",03756,,loot,cntGunRackLargeGunsEmpty0,Store,Rack
agfDecocntGunRackLargeGuns01,Gun Rack [c8e6be](Loot)[-],03757,,loot,cntGunRackLargeGuns0,Store,Rack
agfDecocntGunRackLargeGunsEmpty02,"Gun Rack, Empty [c8e6be](Loot)[-]",03758,,loot,cntGunRackLargeGunsEmpty0,Store,Rack
agfDecocntGunRackLargeGuns02,Gun Rack [c8e6be](Loot)[-],03759,,loot,cntGunRackLargeGuns0,Store,Rack
agfDecocntStoreShelfSingleBottomEmpty,"Store Shelf Single Bottom, Empty [c8e6be](Loot)[-]",03760,,loot,cntStoreShelfSingleBottom,Store,Bottom
agfDecocntStoreShelfSingleBottomFood01,Store Shelf Single Bottom Food 01 [c8e6be](Loot)[-],03761,,loot,cntStoreShelfSingleBottomFood0,Store,Bottom
agfDecocntStoreShelfSingleBottomFood02,Store Shelf Single Bottom Food 02 [c8e6be](Loot)[-],03762,,loot,cntStoreShelfSingleBottomFood0,Store,Bottom
agfDecocntStoreShelfSingleBottomHardware01,Store Shelf Single Bottom Hardware 01 [c8e6be](Loot)[-],03763,,loot,cntStoreShelfSingleBottomHardware0,Store,Bottom
agfDecocntStoreShelfSingleBottomHardware02,Store Shelf Single Bottom Hardware 02 [c8e6be](Loot)[-],03764,,loot,cntStoreShelfSingleBottomHardware0,Store,Bottom
agfDecocntStoreShelfSingleBottomPharmaEmpty,"Store Shelf Single Bottom Pharma, Empty [c8e6be](Loot)[-]",03765,,loot,cntStoreShelfSingleBottomPharma,Store,Bottom
agfDecocntStoreShelfSingleBottomPharmaGoods01,Store Shelf Single Bottom Pharma Goods 01 [c8e6be](Loot)[-],03766,,loot,cntStoreShelfSingleBottomPharmaGoods0,Store,Bottom
agfDecocntStoreShelfSingleBottomPharmaGoods02,Store Shelf Single Bottom Pharma Goods 02 [c8e6be](Loot)[-],03767,,loot,cntStoreShelfSingleBottomPharmaGoods0,Store,Bottom
agfDecocntStoreShelfSingleBottomShoesEmpty,"Store Shelf Single Bottom Shoes, Empty [c8e6be](Loot)[-]",03768,,loot,cntStoreShelfSingleBottomShoes,Store,Bottom
agfDecocntStoreShelfSingleBottomShoesFull,"Store Shelf Single Bottom Shoes, Full [c8e6be](Loot)[-]",03769,,loot,cntStoreShelfSingleBottomShoes,Store,Bottom
agfDecocntStoreShelfSingleBottomTrash01,Store Shelf Single Bottom Trash 01 [c8e6be](Loot)[-],03770,,loot,cntStoreShelfSingleBottomTrash0,Store,Bottom
agfDecocntStoreShelfSingleBottomTrash02,Store Shelf Single Bottom Trash 02 [c8e6be](Loot)[-],03771,,loot,cntStoreShelfSingleBottomTrash0,Store,Bottom
agfDecocntStoreShelfDoubleBottomEmpty,"Store Shelf Double Bottom, Empty [c8e6be](Loot)[-]",03772,,loot,cntStoreShelfDoubleBottom,Store,Bottom
agfDecocntStoreShelfDoubleBottomFood01,Store Shelf Double Bottom Food 01 [c8e6be](Loot)[-],03773,,loot,cntStoreShelfDoubleBottomFood0,Store,Bottom
agfDecocntStoreShelfDoubleBottomFood02,Store Shelf Double Bottom Food 02 [c8e6be](Loot)[-],03774,,loot,cntStoreShelfDoubleBottomFood0,Store,Bottom
agfDecocntStoreShelfDoubleBottomHardware01,Store Shelf Double Bottom Hardware 01 [c8e6be](Loot)[-],03775,,loot,cntStoreShelfDoubleBottomHardware0,Store,Bottom
agfDecocntStoreShelfDoubleBottomHardware02,Store Shelf Double Bottom Hardware 02 [c8e6be](Loot)[-],03776,,loot,cntStoreShelfDoubleBottomHardware0,Store,Bottom
agfDecocntStoreShelfDoubleBottomHardware03Rags,Store Shelf Double Bottom Hardware 03 Rags [c8e6be](Loot)[-],03777,,loot,cntStoreShelfDoubleBottomHardware0,Store,Bottom
agfDecocntStoreShelfDoubleBottomPharmaEmpty,"Store Shelf Double Bottom Pharma, Empty [c8e6be](Loot)[-]",03778,,loot,cntStoreShelfDoubleBottomPharma,Store,Bottom
agfDecocntStoreShelfDoubleBottomPharmaGoods01,Store Shelf Double Bottom Pharma Goods 01 [c8e6be](Loot)[-],03779,,loot,cntStoreShelfDoubleBottomPharmaGoods0,Store,Bottom
agfDecocntStoreShelfDoubleBottomPharmaGoods02,Store Shelf Double Bottom Pharma Goods 02 [c8e6be](Loot)[-],03780,,loot,cntStoreShelfDoubleBottomPharmaGoods0,Store,Bottom
agfDecocntStoreShelfDoubleBottomShoesEmpty,"Store Shelf Double Bottom Shoes, Empty [c8e6be](Loot)[-]",03781,,loot,cntStoreShelfDoubleBottomShoes,Store,Bottom
agfDecocntStoreShelfDoubleBottomShoesFull,"Store Shelf Double Bottom Shoes, Full [c8e6be](Loot)[-]",03782,,loot,cntStoreShelfDoubleBottomShoes,Store,Bottom
agfDecocntStoreShelfDoubleBottomTrash01,Store Shelf Double Bottom Trash 01 [c8e6be](Loot)[-],03783,,loot,cntStoreShelfDoubleBottomTrash0,Store,Bottom
agfDecocntStoreShelfDoubleBottomTrash02,Store Shelf Double Bottom Trash 02 [c8e6be](Loot)[-],03784,,loot,cntStoreShelfDoubleBottomTrash0,Store,Bottom
agfDecocntStoreShelfSingleTopEmpty,"Store Shelf Single Top, Empty [c8e6be](Loot)[-]",03785,,loot,cntStoreShelfSingleTop,Store,Top
agfDecocntStoreShelfSingleTopFood01,Store Shelf Single Top Food 01 [c8e6be](Loot)[-],03786,,loot,cntStoreShelfSingleTop,Store,Top
agfDecocntStoreShelfSingleTopHardware01,Store Shelf Single Top Hardware 01 [c8e6be](Loot)[-],03787,,loot,cntStoreShelfSingleTopHardware0,Store,Top
agfDecocntStoreShelfSingleTopHardware02,Store Shelf Single Top Hardware 02 [c8e6be](Loot)[-],03788,,loot,cntStoreShelfSingleTopHardware0,Store,Top
agfDecocntStoreShelfSingleTopShoesEmpty,"Store Shelf Single Top Shoes, Empty [c8e6be](Loot)[-]",03789,,loot,cntStoreShelfSingleTopShoes,Store,Top
agfDecocntStoreShelfSingleTopShoesFull,"Store Shelf Single Top Shoes, Full [c8e6be](Loot)[-]",03790,,loot,cntStoreShelfSingleTopShoes,Store,Top
agfDecocntStoreShelfSingleTopTrash01,Store Shelf Single Top Trash 01 [c8e6be](Loot)[-],03791,,loot,cntStoreShelfSingleTopTrash0,Store,Top
agfDecocntStoreShelfSingleTopTrash02,Store Shelf Single Top Trash 02 [c8e6be](Loot)[-],03792,,loot,cntStoreShelfSingleTopTrash0,Store,Top
agfDecocntStoreShelfDoubleTopEmpty,"Store Shelf Double Top, Empty [c8e6be](Loot)[-]",03793,,loot,cntStoreShelfDoubleTop,Store,Top
agfDecocntStoreShelfDoubleTopFood01,Store Shelf Double Top Food 01 [c8e6be](Loot)[-],03794,,loot,cntStoreShelfDoubleTop,Store,Top
agfDecocntStoreShelfDoubleTopHardware01,Store Shelf Double Top Hardware 01 [c8e6be](Loot)[-],03795,,loot,cntStoreShelfDoubleTopHardware0,Store,Top
agfDecocntStoreShelfDoubleTopHardware02Rags,Store Shelf Double Top Hardware 02 Rags [c8e6be](Loot)[-],03796,,loot,cntStoreShelfDoubleTopHardware0,Store,Top
agfDecocntStoreShelfDoubleTopShoesEmpty,"Store Shelf Double Top Shoes, Empty [c8e6be](Loot)[-]",03797,,loot,cntStoreShelfDoubleTopShoes,Store,Top
agfDecocntStoreShelfDoubleTopShoesFull,"Store Shelf Double Top Shoes, Full [c8e6be](Loot)[-]",03798,,loot,cntStoreShelfDoubleTopShoes,Store,Top
agfDecocntStoreShelfDoubleTopTrash01,Store Shelf Double Top Trash 01 [c8e6be](Loot)[-],03799,,loot,cntStoreShelfDoubleTop,Store,Top
agfDecocntShelvesFreeStandingEmpty,"Wood Shelves, Empty [c8e6be](Loot)[-]",03800,,loot,cntShelvesFreeStanding,Store,Shelves
agfDecocntShelvesFreeStandingFullA,"Wood Shelves, Full [c8e6be](Loot)[-]",03801,,loot,cntShelvesFreeStanding,Store,Shelves
agfDecocntShelvesMetalEmpty,"Metal Shelves, Empty [c8e6be](Loot)[-]",03802,,loot,cntShelvesMetal,Store,Shelves
agfDecocntShelvesMetalFullA,"Metal Shelves, Full [c8e6be](Loot)[-]",03803,,loot,cntShelvesMetal,Store,Shelves
agfDecocntShelvesWoodEmpty,"Wood Shelves, Empty [c8e6be](Loot)[-]",03804,,loot,cntShelvesWood,Store,Shelves
agfDecocntShelvesWoodFullA,"Wood Shelves, Full [c8e6be](Loot)[-]",03805,,loot,cntShelvesWood,Store,Shelves
agfDecocntCar03SedanDamage0v01,"Sedan, Blue [c8e6be](Loot)[-]",03806,,loot,cntCar03SedanDamage0v0,Vehicle,Sedan
agfDecocntCar03SedanDamage0v02,"Sedan, Yellow [c8e6be](Loot)[-]",03807,,loot,cntCar03SedanDamage0v0,Vehicle,Sedan
agfDecocntCar03SedanDamage0v03,Mixed Sedan [c8e6be](Loot)[-],03808,,loot,cntCar03SedanDamage0v0,Vehicle,Sedan
agfDecocntCar03SedanDamage0v05,"Sedan, Red [c8e6be](Loot)[-]",03809,,loot,cntCar03SedanDamage0v0,Vehicle,Sedan
agfDecocntCar03SedanDamage0v06,"Sedan, Green [c8e6be](Loot)[-]",03810,,loot,cntCar03SedanDamage0v0,Vehicle,Sedan
agfDecocntCar03SedanDamage0v07,"Sedan, Black [c8e6be](Loot)[-]",03811,,loot,cntCar03SedanDamage0v0,Vehicle,Sedan
agfDecocntCar03Sedan3WideDamage0v04,"Sedan, Black [c8e6be](Loot)[-]",03812,,loot,cntCar03Sedan3WideDamage0v0,Vehicle,Sedan
agfDecocntCar03Sedan3WideDamage0v05,"Sedan, White [c8e6be](Loot)[-]",03813,,loot,cntCar03Sedan3WideDamage0v0,Vehicle,Sedan
agfDecocntCar03Sedan3WideDamage0v06,"Sedan, Silver [c8e6be](Loot)[-]",03814,,loot,cntCar03Sedan3WideDamage0v0,Vehicle,Sedan
agfDecocntCar03SedanDamage1v01,"Sedan, Blue [c8e6be](Loot)[-]",03815,,loot,cntCar03SedanDamage1v0,Vehicle,Sedan
agfDecocntCar03SedanDamage1v02,"Sedan, Yellow [c8e6be](Loot)[-]",03816,,loot,cntCar03SedanDamage1v0,Vehicle,Sedan
agfDecocntCar03SedanDamage1v03,Mixed Sedan [c8e6be](Loot)[-],03817,,loot,cntCar03SedanDamage1v0,Vehicle,Sedan
agfDecocntCar03SedanDamage1v05,"Sedan, Red [c8e6be](Loot)[-]",03818,,loot,cntCar03SedanDamage1v0,Vehicle,Sedan
agfDecocntCar03SedanDamage1v06,"Sedan, Green [c8e6be](Loot)[-]",03819,,loot,cntCar03SedanDamage1v0,Vehicle,Sedan
agfDecocntCar03SedanDamage1v07,"Sedan, Black [c8e6be](Loot)[-]",03820,,loot,cntCar03SedanDamage1v0,Vehicle,Sedan
agfDecocntCar03Sedan3WideDamage1v04,"Sedan, Black [c8e6be](Loot)[-]",03821,,loot,cntCar03Sedan3WideDamage1v0,Vehicle,Sedan
agfDecocntCar03Sedan3WideDamage1v05,"Sedan, White [c8e6be](Loot)[-]",03822,,loot,cntCar03Sedan3WideDamage1v0,Vehicle,Sedan
agfDecocntCar03Sedan3WideDamage1v06,"Sedan, Silver [c8e6be](Loot)[-]",03823,,loot,cntCar03Sedan3WideDamage1v0,Vehicle,Sedan
agfDecocntCar03SedanDamage2v01,"Car Wreck, Blue [c8e6be](Loot)[-]",03824,,loot,cntCar03SedanDamage2v0,Vehicle,Sedan
agfDecocntCar03SedanDamage2v02,"Car Wreck, Yellow [c8e6be](Loot)[-]",03825,,loot,cntCar03SedanDamage2v0,Vehicle,Sedan
agfDecocntCar03SedanDamage2v03,"Car Wreck, Mixed [c8e6be](Loot)[-]",03826,,loot,cntCar03SedanDamage2v0,Vehicle,Sedan
agfDecocntCar03SedanDamage2v05,"Car Wreck, Red [c8e6be](Loot)[-]",03827,,loot,cntCar03SedanDamage2v0,Vehicle,Sedan
agfDecocntCar03SedanDamage2v06,"Car Wreck, Green [c8e6be](Loot)[-]",03828,,loot,cntCar03SedanDamage2v0,Vehicle,Sedan
agfDecocntCar03SedanDamage2v07,"Car Wreck, Black [c8e6be](Loot)[-]",03829,,loot,cntCar03SedanDamage2v0,Vehicle,Sedan
agfDecocntCar03Sedan3WideDamage2v04,"Car Wreck, Black [c8e6be](Loot)[-]",03830,,loot,cntCar03Sedan3WideDamage2v0,Vehicle,Sedan
agfDecocntCar03Sedan3WideDamage2v05,"Car Wreck, White [c8e6be](Loot)[-]",03831,,loot,cntCar03Sedan3WideDamage2v0,Vehicle,Sedan
agfDecocntCar03Sedan3WideDamage2v06,"Car Wreck, Silver [c8e6be](Loot)[-]",03832,,loot,cntCar03Sedan3WideDamage2v0,Vehicle,Sedan
agfDecocntFrontCrumpledSedan01Black,"Sedan, Black [c8e6be](Loot)[-]",03833,,loot,cntFrontCrumpledSedan01,Vehicle,Sedan
agfDecocntFrontCrumpledSedan01Blue,"Sedan, Blue [c8e6be](Loot)[-]",03834,,loot,cntFrontCrumpledSedan01,Vehicle,Sedan
agfDecocntFrontCrumpledSedan01Brown,"Sedan, Brown [c8e6be](Loot)[-]",03835,,loot,cntFrontCrumpledSedan01,Vehicle,Sedan
agfDecocntFrontCrumpledSedan01Green,"Sedan, Green [c8e6be](Loot)[-]",03836,,loot,cntFrontCrumpledSedan01,Vehicle,Sedan
agfDecocntFrontCrumpledSedan01Grey,"Sedan, Grey [c8e6be](Loot)[-]",03837,,loot,cntFrontCrumpledSedan01,Vehicle,Sedan
agfDecocntFrontCrumpledSedan01Orange,"Sedan, Orange [c8e6be](Loot)[-]",03838,,loot,cntFrontCrumpledSedan01,Vehicle,Sedan
agfDecocntFrontCrumpledSedan01Pink,"Sedan, Pink [c8e6be](Loot)[-]",03839,,loot,cntFrontCrumpledSedan01,Vehicle,Sedan
agfDecocntFrontCrumpledSedan01Purple,"Sedan, Purple [c8e6be](Loot)[-]",03840,,loot,cntFrontCrumpledSedan01,Vehicle,Sedan
agfDecocntFrontCrumpledSedan01Red,"Sedan, Red [c8e6be](Loot)[-]",03841,,loot,cntFrontCrumpledSedan01,Vehicle,Sedan
agfDecocntFrontCrumpledSedan01White,"Sedan, White [c8e6be](Loot)[-]",03842,,loot,cntFrontCrumpledSedan01,Vehicle,Sedan
agfDecocntFrontCrumpledSedan01Yellow,"Sedan, Yellow [c8e6be](Loot)[-]",03843,,loot,cntFrontCrumpledSedan01,Vehicle,Sedan
agfDecocntSedan01Black,"Sedan, Black [c8e6be](Loot)[-]",03844,,loot,cntSedan01,Vehicle,Sedan
agfDecocntSedan01Blue,"Sedan, Blue [c8e6be](Loot)[-]",03845,,loot,cntSedan01,Vehicle,Sedan
agfDecocntSedan01Brown,"Sedan, Brown [c8e6be](Loot)[-]",03846,,loot,cntSedan01,Vehicle,Sedan
agfDecocntSedan01Green,"Sedan, Green [c8e6be](Loot)[-]",03847,,loot,cntSedan01,Vehicle,Sedan
agfDecocntSedan01Grey,"Sedan, Grey [c8e6be](Loot)[-]",03848,,loot,cntSedan01,Vehicle,Sedan
agfDecocntSedan01Orange,"Sedan, Orange [c8e6be](Loot)[-]",03849,,loot,cntSedan01,Vehicle,Sedan
agfDecocntSedan01Pink,"Sedan, Pink [c8e6be](Loot)[-]",03850,,loot,cntSedan01,Vehicle,Sedan
agfDecocntSedan01Purple,"Sedan, Purple [c8e6be](Loot)[-]",03851,,loot,cntSedan01,Vehicle,Sedan
agfDecocntSedan01Red,"Sedan, Red [c8e6be](Loot)[-]",03852,,loot,cntSedan01,Vehicle,Sedan
agfDecocntSedan01White,"Sedan, White [c8e6be](Loot)[-]",03853,,loot,cntSedan01,Vehicle,Sedan
agfDecocntSedan01Yellow,"Sedan, Yellow [c8e6be](Loot)[-]",03854,,loot,cntSedan01,Vehicle,Sedan
agfDecoburntSedan01,Burnt Sedan [ddcdfa](Deco)[-],03855,,plain,burntSedan01,Vehicle,Sedan
agfDecocntCar03SedanDamage0v08,Police Sedan [c8e6be](Loot)[-],03856,,loot,cntCar03SedanDamage0v0,Vehicle,Police
agfDecocntCar03SedanDamage1v08,Police Sedan [c8e6be](Loot)[-],03857,,loot,cntCar03SedanDamage1v0,Vehicle,Police
agfDecocntCar03SedanDamage2v08,"Car Wreck, Police [c8e6be](Loot)[-]",03858,,loot,cntCar03SedanDamage2v0,Vehicle,Police
agfDecocntSUV01Blue,"SUV, Blue [c8e6be](Loot)[-]",03859,,loot,cntSUV01,Vehicle,Suv
agfDecocntSUV01Brown,"SUV, Brown [c8e6be](Loot)[-]",03860,,loot,cntSUV01,Vehicle,Suv
agfDecocntSUV01Green,"SUV, Green [c8e6be](Loot)[-]",03861,,loot,cntSUV01,Vehicle,Suv
agfDecocntSUV01Grey,"SUV, Grey [c8e6be](Loot)[-]",03862,,loot,cntSUV01,Vehicle,Suv
agfDecocntSUV01Orange,"SUV, Orange [c8e6be](Loot)[-]",03863,,loot,cntSUV01,Vehicle,Suv
agfDecocntSUV01Pink,"SUV, Pink [c8e6be](Loot)[-]",03864,,loot,cntSUV01,Vehicle,Suv
agfDecocntSUV01Purple,"SUV, Purple [c8e6be](Loot)[-]",03865,,loot,cntSUV01,Vehicle,Suv
agfDecocntSUV01Red,"SUV, Red [c8e6be](Loot)[-]",03866,,loot,cntSUV01,Vehicle,Suv
agfDecocntSUV01White,"SUV, White [c8e6be](Loot)[-]",03867,,loot,cntSUV01,Vehicle,Suv
agfDecocntSUV01Yellow,"SUV, Yellow [c8e6be](Loot)[-]",03868,,loot,cntSUV01,Vehicle,Suv
agfDecoabandonedSUV01Blue,"Abandoned SUV, Blue [ddcdfa](Deco)[-]",03869,,plain,abandonedSUV01,Vehicle,Suv
agfDecoabandonedSUV01Brown,"Abandoned SUV, Brown [ddcdfa](Deco)[-]",03870,,plain,abandonedSUV01,Vehicle,Suv
agfDecoabandonedSUV01Green,"Abandoned SUV, Green [ddcdfa](Deco)[-]",03871,,plain,abandonedSUV01,Vehicle,Suv
agfDecoabandonedSUV01Grey,"Abandoned SUV, Grey [ddcdfa](Deco)[-]",03872,,plain,abandonedSUV01,Vehicle,Suv
agfDecoabandonedSUV01Orange,"Abandoned SUV, Orange [ddcdfa](Deco)[-]",03873,,plain,abandonedSUV01,Vehicle,Suv
agfDecoabandonedSUV01Pink,"Abandoned SUV, Pink [ddcdfa](Deco)[-]",03874,,plain,abandonedSUV01,Vehicle,Suv
agfDecoabandonedSUV01Purple,"Abandoned SUV, Purple [ddcdfa](Deco)[-]",03875,,plain,abandonedSUV01,Vehicle,Suv
agfDecoabandonedSUV01Red,"Abandoned SUV, Red [ddcdfa](Deco)[-]",03876,,plain,abandonedSUV01,Vehicle,Suv
agfDecoabandonedSUV01White,"Abandoned SUV, White [ddcdfa](Deco)[-]",03877,,plain,abandonedSUV01,Vehicle,Suv
agfDecoabandonedSUV01Yellow,"Abandoned SUV, Yellow [ddcdfa](Deco)[-]",03878,,plain,abandonedSUV01,Vehicle,Suv
agfDecoabandonedSUV01DoorsBlue,"Abandoned SUV Doors, Blue [ddcdfa](Deco)[-]",03879,,plain,abandonedSUV01Doors,Vehicle,Suv
agfDecoabandonedSUV01DoorsBrown,"Abandoned SUV Doors, Brown [ddcdfa](Deco)[-]",03880,,plain,abandonedSUV01Doors,Vehicle,Suv
agfDecoabandonedSUV01DoorsGreen,"Abandoned SUV Doors, Green [ddcdfa](Deco)[-]",03881,,plain,abandonedSUV01Doors,Vehicle,Suv
agfDecoabandonedSUV01DoorsGrey,"Abandoned SUV Doors, Grey [ddcdfa](Deco)[-]",03882,,plain,abandonedSUV01Doors,Vehicle,Suv
agfDecoabandonedSUV01DoorsOrange,"Abandoned SUV Doors, Orange [ddcdfa](Deco)[-]",03883,,plain,abandonedSUV01Doors,Vehicle,Suv
agfDecoabandonedSUV01DoorsPink,"Abandoned SUV Doors, Pink [ddcdfa](Deco)[-]",03884,,plain,abandonedSUV01Doors,Vehicle,Suv
agfDecoabandonedSUV01DoorsPurple,"Abandoned SUV Doors, Purple [ddcdfa](Deco)[-]",03885,,plain,abandonedSUV01Doors,Vehicle,Suv
agfDecoabandonedSUV01DoorsRed,"Abandoned SUV Doors, Red [ddcdfa](Deco)[-]",03886,,plain,abandonedSUV01Doors,Vehicle,Suv
agfDecoabandonedSUV01DoorsWhite,"Abandoned SUV Doors, White [ddcdfa](Deco)[-]",03887,,plain,abandonedSUV01Doors,Vehicle,Suv
agfDecoabandonedSUV01DoorsYellow,"Abandoned SUV Doors, Yellow [ddcdfa](Deco)[-]",03888,,plain,abandonedSUV01Doors,Vehicle,Suv
agfDecocntServiceTruckMoPower,"Service Truck, Mo Power [c8e6be](Loot)[-]",03889,,loot,cntServiceTruck,Vehicle,Service
agfDecocntServiceTruckWorkingStiffTools,"Service Truck, Working Stiff Tools [c8e6be](Loot)[-]",03890,,loot,cntServiceTruck,Vehicle,Service
agfDecocntServiceTruckBlack,"Service Truck, Black [c8e6be](Loot)[-]",03891,,loot,cntServiceTruck,Vehicle,Service
agfDecocntServiceTruckBlue,"Service Truck, Blue [c8e6be](Loot)[-]",03892,,loot,cntServiceTruck,Vehicle,Service
agfDecocntServiceTruckBrown,"Service Truck, Brown [c8e6be](Loot)[-]",03893,,loot,cntServiceTruck,Vehicle,Service
agfDecocntServiceTruckGreen,"Service Truck, Green [c8e6be](Loot)[-]",03894,,loot,cntServiceTruck,Vehicle,Service
agfDecocntServiceTruckGrey,"Service Truck, Grey [c8e6be](Loot)[-]",03895,,loot,cntServiceTruck,Vehicle,Service
agfDecocntServiceTruckOrange,"Service Truck, Orange [c8e6be](Loot)[-]",03896,,loot,cntServiceTruck,Vehicle,Service
agfDecocntServiceTruckPink,"Service Truck, Pink [c8e6be](Loot)[-]",03897,,loot,cntServiceTruck,Vehicle,Service
agfDecocntServiceTruckPurple,"Service Truck, Purple [c8e6be](Loot)[-]",03898,,loot,cntServiceTruck,Vehicle,Service
agfDecocntServiceTruckRed,"Service Truck, Red [c8e6be](Loot)[-]",03899,,loot,cntServiceTruck,Vehicle,Service
agfDecocntServiceTruckWhite,"Service Truck, White [c8e6be](Loot)[-]",03900,,loot,cntServiceTruck,Vehicle,Service
agfDecocntServiceTruckYellow,"Service Truck, Yellow [c8e6be](Loot)[-]",03901,,loot,cntServiceTruck,Vehicle,Service
agfDecocntSemiTruck01Blue,"Semi Truck, Blue [c8e6be](Loot)[-]",03902,,loot,cntSemiTruck01,Vehicle,Semi-Truck
agfDecocntSemiTruck01Brown,"Semi Truck, Brown [c8e6be](Loot)[-]",03903,,loot,cntSemiTruck01,Vehicle,Semi-Truck
agfDecocntSemiTruck01Green,"Semi Truck, Green [c8e6be](Loot)[-]",03904,,loot,cntSemiTruck01,Vehicle,Semi-Truck
agfDecocntSemiTruck01Orange,"Semi Truck, Orange [c8e6be](Loot)[-]",03905,,loot,cntSemiTruck01,Vehicle,Semi-Truck
agfDecocntSemiTruck01Pink,"Semi Truck, Pink [c8e6be](Loot)[-]",03906,,loot,cntSemiTruck01,Vehicle,Semi-Truck
agfDecocntSemiTruck01Purple,"Semi Truck, Purple [c8e6be](Loot)[-]",03907,,loot,cntSemiTruck01,Vehicle,Semi-Truck
agfDecocntSemiTruck01Red,"Semi Truck, Red [c8e6be](Loot)[-]",03908,,loot,cntSemiTruck01,Vehicle,Semi-Truck
agfDecocntSemiTruck01White,"Semi Truck, White [c8e6be](Loot)[-]",03909,,loot,cntSemiTruck01,Vehicle,Semi-Truck
agfDecocntSemiTruck01Yellow,"Semi Truck, Yellow [c8e6be](Loot)[-]",03910,,loot,cntSemiTruck01,Vehicle,Semi-Truck
agfDecocntSemiTruck01ModularFrontBlue,"Semi Truck Modular Front, Blue [c8e6be](Loot)[-]",03911,,loot,cntSemiTruck01ModularFront,Vehicle,Semi-Truck
agfDecocntSemiTruck01ModularFrontBrown,"Semi Truck Modular Front, Brown [c8e6be](Loot)[-]",03912,,loot,cntSemiTruck01ModularFront,Vehicle,Semi-Truck
agfDecocntSemiTruck01ModularFrontGreen,"Semi Truck Modular Front, Green [c8e6be](Loot)[-]",03913,,loot,cntSemiTruck01ModularFront,Vehicle,Semi-Truck
agfDecocntSemiTruck01ModularFrontOrange,"Semi Truck Modular Front, Orange [c8e6be](Loot)[-]",03914,,loot,cntSemiTruck01ModularFront,Vehicle,Semi-Truck
agfDecocntSemiTruck01ModularFrontPink,"Semi Truck Modular Front, Pink [c8e6be](Loot)[-]",03915,,loot,cntSemiTruck01ModularFront,Vehicle,Semi-Truck
agfDecocntSemiTruck01ModularFrontPurple,"Semi Truck Modular Front, Purple [c8e6be](Loot)[-]",03916,,loot,cntSemiTruck01ModularFront,Vehicle,Semi-Truck
agfDecocntSemiTruck01ModularFrontRed,"Semi Truck Modular Front, Red [c8e6be](Loot)[-]",03917,,loot,cntSemiTruck01ModularFront,Vehicle,Semi-Truck
agfDecocntSemiTruck01ModularFrontWhite,"Semi Truck Modular Front, White [c8e6be](Loot)[-]",03918,,loot,cntSemiTruck01ModularFront,Vehicle,Semi-Truck
agfDecocntSemiTruck01ModularFrontYellow,"Semi Truck Modular Front, Yellow [c8e6be](Loot)[-]",03919,,loot,cntSemiTruck01ModularFront,Vehicle,Semi-Truck
agfDecocntSemiTruck01ModularRearEndFlatbedStraight,Semi Truck Modular Rear End Flatbed Straight [ddcdfa](Deco)[-],03920,,plain,cntSemiTruck01ModularRearEnd,Vehicle,Semi-Truck
agfDecocntSemiTruck01ModularRearEndOnly,Semi Truck Modular Rear End Only [ddcdfa](Deco)[-],03921,,plain,cntSemiTruck01ModularRearEnd,Vehicle,Semi-Truck
agfDecosemiFlatbedFront,Semi Flatbed Front [ddcdfa](Deco)[-],03922,,plain,semiFlatbed,Vehicle,Semi-Truck
agfDecosemiFlatbedMiddle,Semi Flatbed Middle [ddcdfa](Deco)[-],03923,,plain,semiFlatbedMiddle,Vehicle,Semi-Truck
agfDecosemiFlatbedMiddle45,Semi Flatbed Middle 45 [ddcdfa](Deco)[-],03924,,plain,semiFlatbedMiddle,Vehicle,Semi-Truck
agfDecosemiFlatbedMiddleWheels,Semi Flatbed Middle Wheels [ddcdfa](Deco)[-],03925,,plain,semiFlatbedMiddle,Vehicle,Semi-Truck
agfDecosemiFlatbedBack,Semi Flatbed Back [ddcdfa](Deco)[-],03926,,plain,semiFlatbed,Vehicle,Semi-Truck
agfDecoexcavatorBlue,"Excavator, Blue [c8e6be](Loot)[-]",03927,,loot,excavator,Vehicle,Excavator
agfDecoexcavatorGreen,"Excavator, Green [c8e6be](Loot)[-]",03928,,loot,excavator,Vehicle,Excavator
agfDecoexcavatorGrey,"Excavator, Grey [c8e6be](Loot)[-]",03929,,loot,excavator,Vehicle,Excavator
agfDecoexcavatorOrange,"Excavator, Orange [c8e6be](Loot)[-]",03930,,loot,excavator,Vehicle,Excavator
agfDecoexcavatorRed,"Excavator, Red [c8e6be](Loot)[-]",03931,,loot,excavator,Vehicle,Excavator
agfDecoexcavatorWhite,"Excavator, White [c8e6be](Loot)[-]",03932,,loot,excavator,Vehicle,Excavator
agfDecoexcavatorYellow,"Excavator, Yellow [c8e6be](Loot)[-]",03933,,loot,excavator,Vehicle,Excavator
agfDecoexcavatorClawBlue,"Claw Excavator, Blue [c8e6be](Loot)[-]",03934,,loot,excavatorClaw,Vehicle,Claw
agfDecoexcavatorClawGreen,"Claw Excavator, Green [c8e6be](Loot)[-]",03935,,loot,excavatorClaw,Vehicle,Claw
agfDecoexcavatorClawGrey,"Claw Excavator, Grey [c8e6be](Loot)[-]",03936,,loot,excavatorClaw,Vehicle,Claw
agfDecoexcavatorClawOrange,"Claw Excavator, Orange [c8e6be](Loot)[-]",03937,,loot,excavatorClaw,Vehicle,Claw
agfDecoexcavatorClawRed,"Claw Excavator, Red [c8e6be](Loot)[-]",03938,,loot,excavatorClaw,Vehicle,Claw
agfDecoexcavatorClawWhite,"Claw Excavator, White [c8e6be](Loot)[-]",03939,,loot,excavatorClaw,Vehicle,Claw
agfDecoexcavatorClawYellow,"Claw Excavator, Yellow [c8e6be](Loot)[-]",03940,,loot,excavatorClaw,Vehicle,Claw
agfDecocrushedCars01Black,"Crushed Cars 01, Black [ddcdfa](Deco)[-]",03941,,plain,crushedCars01,Vehicle,Destroyed
agfDecocrushedCars01Blue,"Crushed Cars 01, Blue [ddcdfa](Deco)[-]",03942,,plain,crushedCars01,Vehicle,Destroyed
agfDecocrushedCars01Brown,"Crushed Cars 01, Brown [ddcdfa](Deco)[-]",03943,,plain,crushedCars01,Vehicle,Destroyed
agfDecocrushedCars01Green,"Crushed Cars 01, Green [ddcdfa](Deco)[-]",03944,,plain,crushedCars01,Vehicle,Destroyed
agfDecocrushedCars01Grey,"Crushed Cars 01, Grey [ddcdfa](Deco)[-]",03945,,plain,crushedCars01,Vehicle,Destroyed
agfDecocrushedCars01Orange,"Crushed Cars 01, Orange [ddcdfa](Deco)[-]",03946,,plain,crushedCars01,Vehicle,Destroyed
agfDecocrushedCars01Pink,"Crushed Cars 01, Pink [ddcdfa](Deco)[-]",03947,,plain,crushedCars01,Vehicle,Destroyed
agfDecocrushedCars01Purple,"Crushed Cars 01, Purple [ddcdfa](Deco)[-]",03948,,plain,crushedCars01,Vehicle,Destroyed
agfDecocrushedCars01Red,"Crushed Cars 01, Red [ddcdfa](Deco)[-]",03949,,plain,crushedCars01,Vehicle,Destroyed
agfDecocrushedCars01White,"Crushed Cars 01, White [ddcdfa](Deco)[-]",03950,,plain,crushedCars01,Vehicle,Destroyed
agfDecocrushedCars01Yellow,"Crushed Cars 01, Yellow [ddcdfa](Deco)[-]",03951,,plain,crushedCars01,Vehicle,Destroyed
agfDecocrushedCars02Black,"Crushed Cars 02, Black [ddcdfa](Deco)[-]",03952,,plain,crushedCars02,Vehicle,Destroyed
agfDecocrushedCars02Blue,"Crushed Cars 02, Blue [ddcdfa](Deco)[-]",03953,,plain,crushedCars02,Vehicle,Destroyed
agfDecocrushedCars02Brown,"Crushed Cars 02, Brown [ddcdfa](Deco)[-]",03954,,plain,crushedCars02,Vehicle,Destroyed
agfDecocrushedCars02Green,"Crushed Cars 02, Green [ddcdfa](Deco)[-]",03955,,plain,crushedCars02,Vehicle,Destroyed
agfDecocrushedCars02Grey,"Crushed Cars 02, Grey [ddcdfa](Deco)[-]",03956,,plain,crushedCars02,Vehicle,Destroyed
agfDecocrushedCars02Orange,"Crushed Cars 02, Orange [ddcdfa](Deco)[-]",03957,,plain,crushedCars02,Vehicle,Destroyed
agfDecocrushedCars02Pink,"Crushed Cars 02, Pink [ddcdfa](Deco)[-]",03958,,plain,crushedCars02,Vehicle,Destroyed
agfDecocrushedCars02Purple,"Crushed Cars 02, Purple [ddcdfa](Deco)[-]",03959,,plain,crushedCars02,Vehicle,Destroyed
agfDecocrushedCars02Red,"Crushed Cars 02, Red [ddcdfa](Deco)[-]",03960,,plain,crushedCars02,Vehicle,Destroyed
agfDecocrushedCars02White,"Crushed Cars 02, White [ddcdfa](Deco)[-]",03961,,plain,crushedCars02,Vehicle,Destroyed
agfDecocrushedCars02Yellow,"Crushed Cars 02, Yellow [ddcdfa](Deco)[-]",03962,,plain,crushedCars02,Vehicle,Destroyed
agfDecocntMinivan01Black,"Minivan, Black [c8e6be](Loot)[-]",03963,,loot,cntMinivan01,Vehicle,Minivan
agfDecocntMinivan01Blue,"Minivan, Blue [c8e6be](Loot)[-]",03964,,loot,cntMinivan01,Vehicle,Minivan
agfDecocntMinivan01Brown,"Minivan, Brown [c8e6be](Loot)[-]",03965,,loot,cntMinivan01,Vehicle,Minivan
agfDecocntMinivan01Green,"Minivan, Green [c8e6be](Loot)[-]",03966,,loot,cntMinivan01,Vehicle,Minivan
agfDecocntMinivan01Grey,"Minivan, Grey [c8e6be](Loot)[-]",03967,,loot,cntMinivan01,Vehicle,Minivan
agfDecocntMinivan01Orange,"Minivan, Orange [c8e6be](Loot)[-]",03968,,loot,cntMinivan01,Vehicle,Minivan
agfDecocntMinivan01Pink,"Minivan, Pink [c8e6be](Loot)[-]",03969,,loot,cntMinivan01,Vehicle,Minivan
agfDecocntMinivan01Purple,"Minivan, Purple [c8e6be](Loot)[-]",03970,,loot,cntMinivan01,Vehicle,Minivan
agfDecocntMinivan01Red,"Minivan, Red [c8e6be](Loot)[-]",03971,,loot,cntMinivan01,Vehicle,Minivan
agfDecocntMinivan01White,"Minivan, White [c8e6be](Loot)[-]",03972,,loot,cntMinivan01,Vehicle,Minivan
agfDecocntMinivan01Yellow,"Minivan, Yellow [c8e6be](Loot)[-]",03973,,loot,cntMinivan01,Vehicle,Minivan
agfDecocntPickupTruck01Blue,"Pickup Truck, Blue [c8e6be](Loot)[-]",03974,,loot,cntPickupTruck01,Vehicle,Pickup
agfDecocntPickupTruck01Brown,"Pickup Truck, Brown [c8e6be](Loot)[-]",03975,,loot,cntPickupTruck01,Vehicle,Pickup
agfDecocntPickupTruck01Green,"Pickup Truck, Green [c8e6be](Loot)[-]",03976,,loot,cntPickupTruck01,Vehicle,Pickup
agfDecocntPickupTruck01Grey,"Pickup Truck, Grey [c8e6be](Loot)[-]",03977,,loot,cntPickupTruck01,Vehicle,Pickup
agfDecocntPickupTruck01Orange,"Pickup Truck, Orange [c8e6be](Loot)[-]",03978,,loot,cntPickupTruck01,Vehicle,Pickup
agfDecocntPickupTruck01Pink,"Pickup Truck, Pink [c8e6be](Loot)[-]",03979,,loot,cntPickupTruck01,Vehicle,Pickup
agfDecocntPickupTruck01Purple,"Pickup Truck, Purple [c8e6be](Loot)[-]",03980,,loot,cntPickupTruck01,Vehicle,Pickup
agfDecocntPickupTruck01Red,"Pickup Truck, Red [c8e6be](Loot)[-]",03981,,loot,cntPickupTruck01,Vehicle,Pickup
agfDecocntPickupTruck01White,"Pickup Truck, White [c8e6be](Loot)[-]",03982,,loot,cntPickupTruck01,Vehicle,Pickup
agfDecocntPickupTruck01Yellow,"Pickup Truck, Yellow [c8e6be](Loot)[-]",03983,,loot,cntPickupTruck01,Vehicle,Pickup
agfDecoabandonedPickupTruck01DoorBlue,"Abandoned Pickup Truck Door, Blue [ddcdfa](Deco)[-]",03984,,plain,abandonedPickupTruck01Door,Vehicle,Pickup
agfDecoabandonedPickupTruck01DoorBrown,"Abandoned Pickup Truck Door, Brown [ddcdfa](Deco)[-]",03985,,plain,abandonedPickupTruck01Door,Vehicle,Pickup
agfDecoabandonedPickupTruck01DoorGreen,"Abandoned Pickup Truck Door, Green [ddcdfa](Deco)[-]",03986,,plain,abandonedPickupTruck01Door,Vehicle,Pickup
agfDecoabandonedPickupTruck01DoorGrey,"Abandoned Pickup Truck Door, Grey [ddcdfa](Deco)[-]",03987,,plain,abandonedPickupTruck01Door,Vehicle,Pickup
agfDecoabandonedPickupTruck01DoorOrange,"Abandoned Pickup Truck Door, Orange [ddcdfa](Deco)[-]",03988,,plain,abandonedPickupTruck01Door,Vehicle,Pickup
agfDecoabandonedPickupTruck01DoorPink,"Abandoned Pickup Truck Door, Pink [ddcdfa](Deco)[-]",03989,,plain,abandonedPickupTruck01Door,Vehicle,Pickup
agfDecoabandonedPickupTruck01DoorPurple,"Abandoned Pickup Truck Door, Purple [ddcdfa](Deco)[-]",03990,,plain,abandonedPickupTruck01Door,Vehicle,Pickup
agfDecoabandonedPickupTruck01DoorRed,"Abandoned Pickup Truck Door, Red [ddcdfa](Deco)[-]",03991,,plain,abandonedPickupTruck01Door,Vehicle,Pickup
agfDecoabandonedPickupTruck01DoorWhite,"Abandoned Pickup Truck Door, White [ddcdfa](Deco)[-]",03992,,plain,abandonedPickupTruck01Door,Vehicle,Pickup
agfDecoabandonedPickupTruck01DoorYellow,"Abandoned Pickup Truck Door, Yellow [ddcdfa](Deco)[-]",03993,,plain,abandonedPickupTruck01Door,Vehicle,Pickup
agfDecoabandonedPickupTruck01Blue,"Abandoned Pickup Truck, Blue [ddcdfa](Deco)[-]",03994,,plain,abandonedPickupTruck01,Vehicle,Pickup
agfDecoabandonedPickupTruck01Brown,"Abandoned Pickup Truck, Brown [ddcdfa](Deco)[-]",03995,,plain,abandonedPickupTruck01,Vehicle,Pickup
agfDecoabandonedPickupTruck01Green,"Abandoned Pickup Truck, Green [ddcdfa](Deco)[-]",03996,,plain,abandonedPickupTruck01,Vehicle,Pickup
agfDecoabandonedPickupTruck01Grey,"Abandoned Pickup Truck, Grey [ddcdfa](Deco)[-]",03997,,plain,abandonedPickupTruck01,Vehicle,Pickup
agfDecoabandonedPickupTruck01Orange,"Abandoned Pickup Truck, Orange [ddcdfa](Deco)[-]",03998,,plain,abandonedPickupTruck01,Vehicle,Pickup
agfDecoabandonedPickupTruck01Pink,"Abandoned Pickup Truck, Pink [ddcdfa](Deco)[-]",03999,,plain,abandonedPickupTruck01,Vehicle,Pickup
agfDecoabandonedPickupTruck01Purple,"Abandoned Pickup Truck, Purple [ddcdfa](Deco)[-]",04000,,plain,abandonedPickupTruck01,Vehicle,Pickup
agfDecoabandonedPickupTruck01Red,"Abandoned Pickup Truck, Red [ddcdfa](Deco)[-]",04001,,plain,abandonedPickupTruck01,Vehicle,Pickup
agfDecoabandonedPickupTruck01White,"Abandoned Pickup Truck, White [ddcdfa](Deco)[-]",04002,,plain,abandonedPickupTruck01,Vehicle,Pickup
agfDecoabandonedPickupTruck01Yellow,"Abandoned Pickup Truck, Yellow [ddcdfa](Deco)[-]",04003,,plain,abandonedPickupTruck01,Vehicle,Pickup
agfDecocntBusCity,City Bus 2 [c8e6be](Loot)[-],04004,,loot,cntBusCity,Vehicle,Bus
agfDecocntBusSchool,School Bus [c8e6be](Loot)[-],04005,,loot,cntBusSchool,Vehicle,Bus
agfDecocntBusSchoolShort,"School Bus, Short [c8e6be](Loot)[-]",04006,,loot,cntBusSchool,Vehicle,Bus
agfDecocntBusShuttle,Shuttle Bus [c8e6be](Loot)[-],04007,,loot,cntBusShuttle,Vehicle,Bus
agfDecocntAmbulanceTruck01,Ambulance [c8e6be](Loot)[-],04008,,loot,cntAmbulanceTruck01,Vehicle,Emergency
agfDecocntFireTruck01Orange,"Fire Truck, Orange [c8e6be](Loot)[-]",04009,,loot,cntFireTruck01,Vehicle,Emergency
agfDecocntFireTruck01Red,"Fire Truck, Red [c8e6be](Loot)[-]",04010,,loot,cntFireTruck01,Vehicle,Emergency
agfDecocntFireTruck01White,"Fire Truck, White [c8e6be](Loot)[-]",04011,,loot,cntFireTruck01,Vehicle,Emergency
agfDecocntFireTruck01Yellow,"Fire Truck, Yellow [c8e6be](Loot)[-]",04012,,loot,cntFireTruck01,Vehicle,Emergency
agfDecocntPoliceCar01,Police Car [c8e6be](Loot)[-],04013,,loot,cntPoliceCar01,Vehicle,Emergency
agfDecocntPoliceCar01AlarmLocked,Police Car [c8e6be](Loot)[-],04014,,loot,cntPoliceCar01,Vehicle,Emergency
agfDecocntArmyTruckClosed,"Army Truck, Closed [c8e6be](Loot)[-]",04015,,loot,cntArmyTruck,Vehicle,Government
agfDecocntArmyTruckOpen,"Army Truck, Back, Open [c8e6be](Loot)[-]",04016,,loot,cntArmyTruck,Vehicle,Government
agfDecocntBoxTruckBlack,"Box Truck, Black [c8e6be](Loot)[-]",04017,,loot,cntBoxTruck,Vehicle,Boxtruck
agfDecocntBoxTruckBlue,"Box Truck, Blue [c8e6be](Loot)[-]",04018,,loot,cntBoxTruck,Vehicle,Boxtruck
agfDecocntBoxTruckBrown,"Box Truck, Brown [c8e6be](Loot)[-]",04019,,loot,cntBoxTruck,Vehicle,Boxtruck
agfDecocntBoxTruckGreen,"Box Truck, Green [c8e6be](Loot)[-]",04020,,loot,cntBoxTruck,Vehicle,Boxtruck
agfDecocntBoxTruckGrey,"Box Truck, Grey [c8e6be](Loot)[-]",04021,,loot,cntBoxTruck,Vehicle,Boxtruck
agfDecocntBoxTruckOrange,"Box Truck, Orange [c8e6be](Loot)[-]",04022,,loot,cntBoxTruck,Vehicle,Boxtruck
agfDecocntBoxTruckPink,"Box Truck, Pink [c8e6be](Loot)[-]",04023,,loot,cntBoxTruck,Vehicle,Boxtruck
agfDecocntBoxTruckPurple,"Box Truck, Purple [c8e6be](Loot)[-]",04024,,loot,cntBoxTruck,Vehicle,Boxtruck
agfDecocntBoxTruckRed,"Box Truck, Red [c8e6be](Loot)[-]",04025,,loot,cntBoxTruck,Vehicle,Boxtruck
agfDecocntBoxTruckWhite,"Box Truck, White [c8e6be](Loot)[-]",04026,,loot,cntBoxTruck,Vehicle,Boxtruck
agfDecocntBoxTruckYellow,"Box Truck, Yellow [c8e6be](Loot)[-]",04027,,loot,cntBoxTruck,Vehicle,Boxtruck
agfDecotractorBlue,"Tractor, Blue [c8e6be](Loot)[-]",04028,,loot,tractor,Vehicle,Farm
agfDecotractorGreen,"Tractor, Green [c8e6be](Loot)[-]",04029,,loot,tractor,Vehicle,Farm
agfDecotractorRed,"Tractor, Red [c8e6be](Loot)[-]",04030,,loot,tractor,Vehicle,Farm
agfDecotractorWhite,"Tractor, White [c8e6be](Loot)[-]",04031,,loot,tractor,Vehicle,Farm
agfDecocntFarmTruckClosed,"Farm Truck, Closed [c8e6be](Loot)[-]",04032,,loot,cntFarmTruck,Vehicle,Farm
agfDecocntFarmTruckOpen,"Farm Truck, Open [c8e6be](Loot)[-]",04033,,loot,cntFarmTruck,Vehicle,Farm
agfDecoforkliftBlue,"Forklift 01, Blue [ddcdfa](Deco)[-]",04034,,plain,forklift,Vehicle,Forklift
agfDecoforkliftGreen,"Forklift 01, Green [ddcdfa](Deco)[-]",04035,,plain,forklift,Vehicle,Forklift
agfDecoforkliftOrange,"Forklift 01, Orange [ddcdfa](Deco)[-]",04036,,plain,forklift,Vehicle,Forklift
agfDecoforkliftRed,"Forklift 01, Red [ddcdfa](Deco)[-]",04037,,plain,forklift,Vehicle,Forklift
agfDecoforkliftWhite,"Forklift 01, White [ddcdfa](Deco)[-]",04038,,plain,forklift,Vehicle,Forklift
agfDecoforkliftYellow,"Forklift 01, Yellow [ddcdfa](Deco)[-]",04039,,plain,forklift,Vehicle,Forklift
agfDecoforklift2Blue,"Forklift 02, Blue [ddcdfa](Deco)[-]",04040,,plain,forklift2,Vehicle,Forklift
agfDecoforklift2Green,"Forklift 02, Green [ddcdfa](Deco)[-]",04041,,plain,forklift2,Vehicle,Forklift
agfDecoforklift2Orange,"Forklift 02, Orange [ddcdfa](Deco)[-]",04042,,plain,forklift2,Vehicle,Forklift
agfDecoforklift2Red,"Forklift 02, Red [ddcdfa](Deco)[-]",04043,,plain,forklift2,Vehicle,Forklift
agfDecoforklift2White,"Forklift 02, White [ddcdfa](Deco)[-]",04044,,plain,forklift2,Vehicle,Forklift
agfDecoforklift2Yellow,"Forklift 02, Yellow [ddcdfa](Deco)[-]",04045,,plain,forklift2,Vehicle,Forklift
agfDecobackhoeBlue,"Backhoe, Blue [c8e6be](Loot)[-]",04046,,loot,backhoe,Vehicle,Backhoe
agfDecobackhoeGreen,"Backhoe, Green [c8e6be](Loot)[-]",04047,,loot,backhoe,Vehicle,Backhoe
agfDecobackhoeGrey,"Backhoe, Grey [c8e6be](Loot)[-]",04048,,loot,backhoe,Vehicle,Backhoe
agfDecobackhoeOrange,"Backhoe, Orange [c8e6be](Loot)[-]",04049,,loot,backhoe,Vehicle,Backhoe
agfDecobackhoeRed,"Backhoe, Red [c8e6be](Loot)[-]",04050,,loot,backhoe,Vehicle,Backhoe
agfDecobackhoeWhite,"Backhoe, White [c8e6be](Loot)[-]",04051,,loot,backhoe,Vehicle,Backhoe
agfDecobackhoeYellow,"Backhoe, Yellow [c8e6be](Loot)[-]",04052,,loot,backhoe,Vehicle,Backhoe
agfDecobicycleStatic,Bicycle Static [ddcdfa](Deco)[-],04053,,plain,bicycleStatic,Vehicle,Parts
agfDecominibikeStatic,Minibike Static [ddcdfa](Deco)[-],04054,,plain,minibikeStatic,Vehicle,Parts
agfDecomotorcycleStatic,Motorcycle Static [ddcdfa](Deco)[-],04055,,plain,motorcycleStatic,Vehicle,Parts
agfDeco4x4Static,"Static, 4x4 [ddcdfa](Deco)[-]",04056,,plain,4x4Static,Vehicle,Parts
agfDecogyrocopterStatic,Gyrocopter Static [ddcdfa](Deco)[-],04057,,plain,gyrocopterStatic,Vehicle,Parts
agfDecohubcapNoMine,Hubcap (No Mine) [ddcdfa](Deco)[-],04058,,plain,hubcapNoMine,Vehicle,Parts
agfDecohubCaps,Hub Caps [ddcdfa](Deco)[-],04059,,plain,hubCaps,Vehicle,Parts
agfDecohubCapsHanging,"Hub Caps, Wall 01 [ddcdfa](Deco)[-]",04060,,plain,hubCapsHanging,Vehicle,Parts
agfDecohubCapsHanging2,"Hub Caps, Wall 02 [ddcdfa](Deco)[-]",04061,,plain,hubCapsHanging,Vehicle,Parts
agfDecodecoCarBackBumperFlipped,Car Back Bumper Flipped [ddcdfa](Deco)[-],04062,,plain,decoCarBackBumper,Vehicle,Parts
agfDecodecoCarBackBumperUpright,Car Back Bumper Upright [ddcdfa](Deco)[-],04063,,plain,decoCarBackBumper,Vehicle,Parts
agfDecodecoCarFenderFlat,Car Fender Flat [ddcdfa](Deco)[-],04064,,plain,decoCarFender,Vehicle,Parts
agfDecodecoCarFenderFlipped,Car Fender Flipped [ddcdfa](Deco)[-],04065,,plain,decoCarFender,Vehicle,Parts
agfDecodecoCarFrontBumperFlat,Car Front Bumper Flat [ddcdfa](Deco)[-],04066,,plain,decoCarFrontBumper,Vehicle,Parts
agfDecodecoCarFrontBumperFlipped,Car Front Bumper Flipped [ddcdfa](Deco)[-],04067,,plain,decoCarFrontBumper,Vehicle,Parts
agfDecodecoCarHoodFlat,Car Hood Flat [ddcdfa](Deco)[-],04068,,plain,decoCarHood,Vehicle,Parts
agfDecodecoCarHoodFlipped,Car Hood Flipped [ddcdfa](Deco)[-],04069,,plain,decoCarHood,Vehicle,Parts
agfDecodecoCarMotorFlat,Car Motor Flat [ddcdfa](Deco)[-],04070,,plain,decoCarMotor,Vehicle,Parts
agfDecodecoCarMotorFlipped,Car Motor Flipped [ddcdfa](Deco)[-],04071,,plain,decoCarMotor,Vehicle,Parts
agfDecodecoCarPartsRamp,Car Parts Ramp [ddcdfa](Deco)[-],04072,,plain,decoCarPartsRamp,Vehicle,Parts
agfDecodecoCarRadiatorFlat,Car Radiator Flat [ddcdfa](Deco)[-],04073,,plain,decoCarRadiator,Vehicle,Parts
agfDecodecoCarRadiatorFlipped,Car Radiator Flipped [ddcdfa](Deco)[-],04074,,plain,decoCarRadiator,Vehicle,Parts
agfDecodecoCarSeatFlipped,Car Seat Flipped [ddcdfa](Deco)[-],04075,,plain,decoCarSeat,Vehicle,Parts
agfDecodecoCarSeatUpright,Car Seat Upright [ddcdfa](Deco)[-],04076,,plain,decoCarSeat,Vehicle,Parts
agfDecodecoCarTireFlat,Car Tire Flat [ddcdfa](Deco)[-],04077,,plain,decoCarTireFlat,Vehicle,Parts
agfDecodecoCarTireFlat02,Car Tire Flat 02 [ddcdfa](Deco)[-],04078,,plain,decoCarTireFlat,Vehicle,Parts
agfDecodecoCarTirePile,Car Tire Pile [ddcdfa](Deco)[-],04079,,plain,decoCarTirePile,Vehicle,Parts
agfDecodecoCarTirePile02,Car Tire Pile 02 [ddcdfa](Deco)[-],04080,,plain,decoCarTirePile,Vehicle,Parts
agfDecodecoCarTireSmallFlat,Car Tire Small Flat [ddcdfa](Deco)[-],04081,,plain,decoCarTireSmallFlat,Vehicle,Parts
agfDecodecoCarTireSmallFlat02,Car Tire Small Flat 02 [ddcdfa](Deco)[-],04082,,plain,decoCarTireSmallFlat,Vehicle,Parts
agfDecodecoCarTireStack,Car Tire Stack [ddcdfa](Deco)[-],04083,,plain,decoCarTireStack,Vehicle,Parts
agfDecodecoCarTireStack02,Car Tire Stack 02 [ddcdfa](Deco)[-],04084,,plain,decoCarTireStack,Vehicle,Parts
agfDecodecoCarTrunkLidFlat,Car Trunk Lid Flat [ddcdfa](Deco)[-],04085,,plain,decoCarTrunkLid,Vehicle,Parts
agfDecodecoCarTrunkLidFlipped,Car Trunk Lid Flipped [ddcdfa](Deco)[-],04086,,plain,decoCarTrunkLid,Vehicle,Parts
agfDecodecoCarWheelFlat,Car Wheel Flat [ddcdfa](Deco)[-],04087,,plain,decoCarWheelFlat,Vehicle,Parts
agfDecodecoCarWheelFlat02,Car Wheel Flat 02 [ddcdfa](Deco)[-],04088,,plain,decoCarWheelFlat,Vehicle,Parts
agfDecodecoCarWheelOffset01,"Car Wheel, Offset [ddcdfa](Deco)[-]",04089,,plain,decoCarWheel,Vehicle,Parts
agfDecoglassBusinessTubePlateCorner,"Glass Tube Plate, Corner, Business [f0cdaa](Structure)[-]",04090,,structure,structureglass,Structure,Glass
agfDecoglassBusinessBlock,"Glass Block, Business [f0cdaa](Structure)[-]",04091,,structure,structureglass,Structure,Glass
agfDecoglassBusinessCTRSheet,"Glass Pane, Business [f0cdaa](Structure)[-]",04092,,structure,structureglass,Structure,Glass
agfDecoglassBusinessPlate,"Glass Plate, Business [f0cdaa](Structure)[-]",04093,,structure,structureglass,Structure,Glass
agfDecoglassBusinessPlateCurved,"Glass Plate, Curved, Business [f0cdaa](Structure)[-]",04094,,structure,structureglass,Structure,Glass
agfDecoglassBusinessSheet,"Glass Pane, Business [f0cdaa](Structure)[-]",04095,,structure,structureglass,Structure,Glass
agfDecoglassBusinessTubePlateCenter,"Glass Tube Plate, Center, Business [f0cdaa](Structure)[-]",04096,,structure,structureglass,Structure,Glass
agfDecoglassIndustrialCTRPlate,"Glass Plate, Centered, Industrial [f0cdaa](Structure)[-]",04097,,structure,structureglass,Structure,Glass
agfDecostainedGlassCTRPlate,"Glass Plate, Centered, Stained [f0cdaa](Structure)[-]",04098,,structure,structureglass,Structure,Glass
agfDecoglassIndustrialPlate,"Glass Plate, Industrial [f0cdaa](Structure)[-]",04099,,structure,structureglass,Structure,Glass
agfDecostainedGlassPlate,"Glass Plate, Stained [f0cdaa](Structure)[-]",04100,,structure,structureglass,Structure,Glass
agfDecoglassBulletproofBlock,"Glass Block, Bulletproof [f0cdaa](Structure)[-]",04101,,structure,structureglass,Structure,Glass
agfDecoglassBulletproofCTRPlate,"Glass Plate, Centered, Bulletproof [f0cdaa](Structure)[-]",04102,,structure,structureglass,Structure,Glass
agfDecoglassBulletproofPlate,"Glass Plate, Bulletproof [f0cdaa](Structure)[-]",04103,,structure,structureglass,Structure,Glass
agfDecoglassBulletproofPlateCurved,"Glass Plate, Curved, Bulletproof [f0cdaa](Structure)[-]",04104,,structure,structureglass,Structure,Glass
agfDecoglassBulletproofRamp,"Glass Ramp, Bulletproof [f0cdaa](Structure)[-]",04105,,structure,structureglass,Structure,Glass
agfDecoglassBulletproofRampSheet,"Glass Ramp Sheet, Bulletproof [f0cdaa](Structure)[-]",04106,,structure,structureglass,Structure,Glass
agfDecoglassRampSheet,Glass Ramp Sheet [f0cdaa](Structure)[-],04107,,structure,structureglass,Structure,Glass
agfDecoglassOpaqueBulletproofCTRPlate,"Glass Plate, Centered, Bulletproof Opaque [f0cdaa](Structure)[-]",04108,,structure,structureglass,Structure,Glass
agfDecoglassOpaqueBulletproofPlate,"Glass Plate, Bulletproof Opaque [f0cdaa](Structure)[-]",04109,,structure,structureglass,Structure,Glass
