Key,File,Type,UsedInMainMenu,NoTranslate,KeepLoaded,english,Context / Alternate Text,german,spanish,french,italian,japanese,koreana,polish,brazilian,russian,turkish,schinese,tchinese
plantedAloe1,blocks,Flora,,,,[FFA94D][Seed][-][dddd02][-][eeee00][-] Aloe Vera,,[FFA94D][Samen][-][dddd02][-][eeee00][-] Aloe Vera,[FFA94D][Semilla][-][dddd02][-][eeee00][-] Aloe vera,[FFA94D][Graine][-][dddd02][-][eeee00][-] Aloe vera,[FFA94D][Seme][-][dddd02][-][eeee00][-] Aloe vera,[FFA94D][種子][-][dddd02][-][eeee00][-] アロエ,[FFA94D][씨앗][-][dddd02][-][eeee00][-] 알로에베라,[FFA94D][Nasiono][-][dddd02][-][eeee00][-] Aloes,[FFA94D][Semente][-][dddd02][-][eeee00][-] Babosa,[FFA94D][Семя][-][dddd02][-][eeee00][-] Алоэ вера,[FFA94D][Tohum][-][dddd02][-][eeee00][-] Aloe Vera,[FFA94D][种子][-][dddd02][-][eeee00][-] 芦荟（种子）,[FFA94D][種子][-][dddd02][-][eeee00][-] 蘆薈
plantedAloe2,blocks,Flora,,,,[aa0002][-][DECEA3]Growing[-] Aloe Vera,,[aa0002][-][DECEA3]Anbau[-] Aloe Vera,[aa0002][-][DECEA3]Creciendo[-] Aloe vera,[aa0002][-][DECEA3]Pousse[-] Aloe vera,[aa0002][-][DECEA3]In crescita[-] Aloe vera,[aa0002][-][DECEA3]生育中[-] アロエ,[aa0002][-][DECEA3]성장 중[-] 알로에베라,[aa0002][-][DECEA3]Rosnący[-] Aloes,[aa0002][-][DECEA3]Cultivo[-] Babosa,[aa0002][-][DECEA3]Растет[-] Алоэ вера,[aa0002][-][DECEA3]Yetişen[-] Aloe Vera,[aa0002][-][DECEA3]生长中[-] 芦荟,[aa0002][-][DECEA3]生長中[-] 蘆薈
plantedAloe3HarvestDesc,blocks,Flora,,,,[aa0003][-][00ff00]Harvest[-] Aloe Vera,,[aa0003][-][00ff00]Sammeln[-] Aloe-Vera-Pflanze,[aa0003][-][00ff00]Cosechar[-] Planta de aloe vera,[aa0003][-][00ff00]Récolter[-] Plant d'aloe vera,[aa0003][-][00ff00]Raccogli[-] Pianta di aloe vera,[aa0003][-][00ff00]採取[-] アロエ,[aa0003][-][00ff00]수확[-] 알로에베라,[aa0003][-][00ff00]Pozyskaj[-] Aloes — roślina,[aa0003][-][00ff00]Colher[-] Planta de babosa,[aa0003][-][00ff00]Добыть[-] Растение «Алоэ вера»,[aa0003][-][00ff00]Topla[-] Aloe Vera Bitkisi,[aa0003][-][00ff00]收集[-] 芦荟植株,[aa0003][-][00ff00]收穫[-] 蘆薈植株
plantedBlueberry1,blocks,Flora,,,,[FFA94D][Seed][-][dddd02][-][eeee00][-] Blueberry,,[FFA94D][Samen][-][dddd02][-][eeee00][-] Heidelbeeren,[FFA94D][Semilla][-][dddd02][-][eeee00][-] Mora,[FFA94D][Graine][-][dddd02][-][eeee00][-] Myrtille,[FFA94D][Seme][-][dddd02][-][eeee00][-] Mirtilli,[FFA94D][種子][-][dddd02][-][eeee00][-] ブルーベリー,[FFA94D][씨앗][-][dddd02][-][eeee00][-] 블루베리,[FFA94D][Nasiono][-][dddd02][-][eeee00][-] Czarna jagoda,[FFA94D][Semente][-][dddd02][-][eeee00][-] Mirtilo,[FFA94D][Семя][-][dddd02][-][eeee00][-] Черника,[FFA94D][Tohum][-][dddd02][-][eeee00][-] Yabanmersini,[FFA94D][种子][-][dddd02][-][eeee00][-] 蓝莓（种子）,[FFA94D][種子][-][dddd02][-][eeee00][-] 藍莓
plantedBlueberry2,blocks,Flora,,,,[aa0002][-][DECEA3]Growing[-] Blueberry,,[aa0002][-][DECEA3]Anbau[-] Heidelbeeren,[aa0002][-][DECEA3]Creciendo[-] Mora,[aa0002][-][DECEA3]Pousse[-] Myrtille,[aa0002][-][DECEA3]In crescita[-] Mirtilli,[aa0002][-][DECEA3]生育中[-] ブルーベリー,[aa0002][-][DECEA3]성장 중[-] 블루베리,[aa0002][-][DECEA3]Rosnący[-] Czarna jagoda,[aa0002][-][DECEA3]Cultivo[-] Mirtilo,[aa0002][-][DECEA3]Растет[-] Черника,[aa0002][-][DECEA3]Yetişen[-] Yabanmersini,[aa0002][-][DECEA3]生长中[-] 蓝莓,[aa0002][-][DECEA3]生長中[-] 藍莓
plantedBlueberry3HarvestDesc,blocks,Flora,,,,[aa0003][-][00ff00]Harvest[-] Blueberry,,[aa0003][-][00ff00]Sammeln[-] Heidelbeerpflanze,[aa0003][-][00ff00]Cosechar[-] Planta de moras,[aa0003][-][00ff00]Récolter[-] Plant de myrtille,[aa0003][-][00ff00]Raccogli[-] Pianta di mirtilli,[aa0003][-][00ff00]採取[-] ブルーベリー,[aa0003][-][00ff00]수확[-] 블루베리,[aa0003][-][00ff00]Pozyskaj[-] Czarna jagoda — roślina,[aa0003][-][00ff00]Colher[-] Planta de mirtilo,[aa0003][-][00ff00]Добыть[-] Растение «Черника»,[aa0003][-][00ff00]Topla[-] Yabanmersini Bitkisi,[aa0003][-][00ff00]收集[-] 蓝莓植株,[aa0003][-][00ff00]收穫[-] 藍莓植株
plantedChrysanthemum1,blocks,Flora,,,,[FFA94D][Seed][-][dddd02][-][eeee00][-] Chrysanthemum,,[FFA94D][Samen][-][dddd02][-][eeee00][-] Chrysantheme,[FFA94D][Semilla][-][dddd02][-][eeee00][-] Crisantemo,[FFA94D][Graine][-][dddd02][-][eeee00][-] Chrysanthème,[FFA94D][Seme][-][dddd02][-][eeee00][-] Crisantemo,[FFA94D][種子][-][dddd02][-][eeee00][-] 菊,[FFA94D][씨앗][-][dddd02][-][eeee00][-] 국화,[FFA94D][Nasiono][-][dddd02][-][eeee00][-] Chryzantema,[FFA94D][Semente][-][dddd02][-][eeee00][-] Crisântemo,[FFA94D][Семя][-][dddd02][-][eeee00][-] Хризантема,[FFA94D][Tohum][-][dddd02][-][eeee00][-] Krizantem,[FFA94D][种子][-][dddd02][-][eeee00][-] 菊花（种子）,[FFA94D][種子][-][dddd02][-][eeee00][-] 菊花
plantedChrysanthemum2,blocks,Flora,,,,[aa0002][-][DECEA3]Growing[-] Chrysanthemum,,[aa0002][-][DECEA3]Anbau[-] Chrysantheme,[aa0002][-][DECEA3]Creciendo[-] Crisantemo,[aa0002][-][DECEA3]Pousse[-] Chrysanthème,[aa0002][-][DECEA3]In crescita[-] Crisantemo,[aa0002][-][DECEA3]生育中[-] 菊,[aa0002][-][DECEA3]성장 중[-] 국화,[aa0002][-][DECEA3]Rosnący[-] Chryzantema,[aa0002][-][DECEA3]Cultivo[-] Crisântemo,[aa0002][-][DECEA3]Растет[-] Хризантема,[aa0002][-][DECEA3]Yetişen[-] Krizantem,[aa0002][-][DECEA3]生长中[-] 菊花,[aa0002][-][DECEA3]生長中[-] 菊花
plantedChrysanthemum3HarvestDesc,blocks,Flora,,,,[aa0003][-][00ff00]Harvest[-] Chrysanthemum,,[aa0003][-][00ff00]Sammeln[-] Chrysantheme,[aa0003][-][00ff00]Cosechar[-] Crisantemo,[aa0003][-][00ff00]Récolter[-] Chrysanthème,[aa0003][-][00ff00]Raccogli[-] Crisantemo,[aa0003][-][00ff00]採取[-] 菊,[aa0003][-][00ff00]수확[-] 국화,[aa0003][-][00ff00]Pozyskaj[-] Chryzantema,[aa0003][-][00ff00]Colher[-] Crisântemo,[aa0003][-][00ff00]Добыть[-] Хризантема,[aa0003][-][00ff00]Topla[-] Krizantem,[aa0003][-][00ff00]收集[-] 菊花,[aa0003][-][00ff00]收穫[-] 菊花
plantedCoffee1,blocks,Flora,,,,[FFA94D][Seed][-][dddd02][-][eeee00][-] Coffee,,[FFA94D][Samen][-][dddd02][-][eeee00][-] Kaffee,[FFA94D][Semilla][-][dddd02][-][eeee00][-] Café,[FFA94D][Graine][-][dddd02][-][eeee00][-] Café,[FFA94D][Seme][-][dddd02][-][eeee00][-] Caffè,[FFA94D][種子][-][dddd02][-][eeee00][-] コーヒー,[FFA94D][씨앗][-][dddd02][-][eeee00][-] 커피,[FFA94D][Nasiono][-][dddd02][-][eeee00][-] Kawa,[FFA94D][Semente][-][dddd02][-][eeee00][-] Café,[FFA94D][Семя][-][dddd02][-][eeee00][-] Кофейное дерево,[FFA94D][Tohum][-][dddd02][-][eeee00][-] Kahve,[FFA94D][种子][-][dddd02][-][eeee00][-] 咖啡（种子）,[FFA94D][種子][-][dddd02][-][eeee00][-] 咖啡
plantedCoffee2,blocks,Flora,,,,[aa0002][-][DECEA3]Growing[-] Coffee,,[aa0002][-][DECEA3]Anbau[-] Kaffee,[aa0002][-][DECEA3]Creciendo[-] Café,[aa0002][-][DECEA3]Pousse[-] Café,[aa0002][-][DECEA3]In crescita[-] Caffè,[aa0002][-][DECEA3]生育中[-] コーヒー,[aa0002][-][DECEA3]성장 중[-] 커피,[aa0002][-][DECEA3]Rosnący[-] Kawa,[aa0002][-][DECEA3]Cultivo[-] Café,[aa0002][-][DECEA3]Растет[-] Кофейное дерево,[aa0002][-][DECEA3]Yetişen[-] Kahve,[aa0002][-][DECEA3]生长中[-] 咖啡,[aa0002][-][DECEA3]生長中[-] 咖啡
plantedCoffee3HarvestDesc,blocks,Flora,,,,[aa0003][-][00ff00]Harvest[-] Coffee,,[aa0003][-][00ff00]Sammeln[-] Kaffeepflanze,[aa0003][-][00ff00]Cosechar[-] Planta de café,[aa0003][-][00ff00]Récolter[-] Plant de café,[aa0003][-][00ff00]Raccogli[-] Pianta di caffè,[aa0003][-][00ff00]採取[-] コーヒー,[aa0003][-][00ff00]수확[-] 커피,[aa0003][-][00ff00]Pozyskaj[-] Kawa — roślina,[aa0003][-][00ff00]Colher[-] Planta de café,[aa0003][-][00ff00]Добыть[-] Растение «Кофейное дерево»,[aa0003][-][00ff00]Topla[-] Kahve Bitkisi,[aa0003][-][00ff00]收集[-] 咖啡植株,[aa0003][-][00ff00]收穫[-] 咖啡樹
plantedCorn1,blocks,Flora,,,,[FFA94D][Seed][-][dddd02][-][eeee00][-] Corn,,[FFA94D][Samen][-][dddd02][-][eeee00][-] Mais,[FFA94D][Semilla][-][dddd02][-][eeee00][-] Maíz,[FFA94D][Graine][-][dddd02][-][eeee00][-] Maïs,[FFA94D][Seme][-][dddd02][-][eeee00][-] Granoturco,[FFA94D][種子][-][dddd02][-][eeee00][-] トウモロコシ,[FFA94D][씨앗][-][dddd02][-][eeee00][-] 옥수수,[FFA94D][Nasiono][-][dddd02][-][eeee00][-] Kukurydza,[FFA94D][Semente][-][dddd02][-][eeee00][-] Milho,[FFA94D][Семя][-][dddd02][-][eeee00][-] Кукуруза,[FFA94D][Tohum][-][dddd02][-][eeee00][-] Mısır,[FFA94D][种子][-][dddd02][-][eeee00][-] 玉米（种子）,[FFA94D][種子][-][dddd02][-][eeee00][-] 玉米
plantedCorn2,blocks,Flora,,,,[aa0002][-][DECEA3]Growing[-] Corn,,[aa0002][-][DECEA3]Anbau[-] Mais,[aa0002][-][DECEA3]Creciendo[-] Maíz,[aa0002][-][DECEA3]Pousse[-] Maïs,[aa0002][-][DECEA3]In crescita[-] Granoturco,[aa0002][-][DECEA3]生育中[-] トウモロコシ,[aa0002][-][DECEA3]성장 중[-] 옥수수,[aa0002][-][DECEA3]Rosnący[-] Kukurydza,[aa0002][-][DECEA3]Cultivo[-] Milho,[aa0002][-][DECEA3]Растет[-] Кукуруза,[aa0002][-][DECEA3]Yetişen[-] Mısır,[aa0002][-][DECEA3]生长中[-] 玉米,[aa0002][-][DECEA3]生長中[-] 玉米
plantedCorn3HarvestDesc,blocks,Flora,,,,[aa0003][-][00ff00]Harvest[-] Corn,,[aa0003][-][00ff00]Sammeln[-] Maispflanze,[aa0003][-][00ff00]Cosechar[-] Planta de maíz,[aa0003][-][00ff00]Récolter[-] Plant de maïs,[aa0003][-][00ff00]Raccogli[-] Pianta di granoturco,[aa0003][-][00ff00]採取[-] トウモロコシ,[aa0003][-][00ff00]수확[-] 옥수수,[aa0003][-][00ff00]Pozyskaj[-] Kukurydza — roślina,[aa0003][-][00ff00]Colher[-] Planta de milho,[aa0003][-][00ff00]Добыть[-] Растение «Кукуруза»,[aa0003][-][00ff00]Topla[-] Mısır Bitkisi,[aa0003][-][00ff00]收集[-] 玉米植株,[aa0003][-][00ff00]收穫[-] 玉米植株
plantedCotton1,blocks,Flora,,,,[FFA94D][Seed][-][dddd02][-][eeee00][-] Cotton,,[FFA94D][Samen][-][dddd02][-][eeee00][-] Baumwolle,[FFA94D][Semilla][-][dddd02][-][eeee00][-] Algodón,[FFA94D][Graine][-][dddd02][-][eeee00][-] Coton,[FFA94D][Seme][-][dddd02][-][eeee00][-] Cotone,[FFA94D][種子][-][dddd02][-][eeee00][-] 綿花,[FFA94D][씨앗][-][dddd02][-][eeee00][-] 목화,[FFA94D][Nasiono][-][dddd02][-][eeee00][-] Bawełna,[FFA94D][Semente][-][dddd02][-][eeee00][-] Algodão,[FFA94D][Семя][-][dddd02][-][eeee00][-] Хлопок,[FFA94D][Tohum][-][dddd02][-][eeee00][-] Pamuk,[FFA94D][种子][-][dddd02][-][eeee00][-] 棉花（种子）,[FFA94D][種子][-][dddd02][-][eeee00][-] 棉花
plantedCotton2,blocks,Flora,,,,[aa0002][-][DECEA3]Growing[-] Cotton,,[aa0002][-][DECEA3]Anbau[-] Baumwolle,[aa0002][-][DECEA3]Creciendo[-] Algodón,[aa0002][-][DECEA3]Pousse[-] Coton,[aa0002][-][DECEA3]In crescita[-] Cotone,[aa0002][-][DECEA3]生育中[-] 綿花,[aa0002][-][DECEA3]성장 중[-] 목화,[aa0002][-][DECEA3]Rosnący[-] Bawełna,[aa0002][-][DECEA3]Cultivo[-] Algodão,[aa0002][-][DECEA3]Растет[-] Хлопок,[aa0002][-][DECEA3]Yetişen[-] Pamuk,[aa0002][-][DECEA3]生长中[-] 棉花,[aa0002][-][DECEA3]生長中[-] 棉花
plantedCotton3HarvestDesc,blocks,Flora,,,,[aa0003][-][00ff00]Harvest[-] Cotton,,[aa0003][-][00ff00]Sammeln[-] Baumwollpflanze,[aa0003][-][00ff00]Cosechar[-] Planta de algodón,[aa0003][-][00ff00]Récolter[-] Plant de coton,[aa0003][-][00ff00]Raccogli[-] Pianta di cotone,[aa0003][-][00ff00]採取[-] 綿花,[aa0003][-][00ff00]수확[-] 목화,[aa0003][-][00ff00]Pozyskaj[-] Bawełna — roślina,[aa0003][-][00ff00]Colher[-] Planta de algodão,[aa0003][-][00ff00]Добыть[-] Растение «Хлопок»,[aa0003][-][00ff00]Topla[-] Pamuk Bitkisi,[aa0003][-][00ff00]收集[-] 棉花植株,[aa0003][-][00ff00]收穫[-] 棉花植株
plantedGoldenrod1,blocks,Flora,,,,[FFA94D][Seed][-][dddd02][-][eeee00][-] Goldenrod,,[FFA94D][Samen][-][dddd02][-][eeee00][-] Goldrute,[FFA94D][Semilla][-][dddd02][-][eeee00][-] Vara de oro,[FFA94D][Graine][-][dddd02][-][eeee00][-] Gerbe d'or,[FFA94D][Seme][-][dddd02][-][eeee00][-] Verga d'oro,[FFA94D][種子][-][dddd02][-][eeee00][-] アキノキリンソウ,[FFA94D][씨앗][-][dddd02][-][eeee00][-] 미역취,[FFA94D][Nasiono][-][dddd02][-][eeee00][-] Nawłoć,[FFA94D][Semente][-][dddd02][-][eeee00][-] Solidago,[FFA94D][Семя][-][dddd02][-][eeee00][-] Золотарник,[FFA94D][Tohum][-][dddd02][-][eeee00][-] Altınbaşak,[FFA94D][种子][-][dddd02][-][eeee00][-] 秋麒麟（种子）,[FFA94D][種子][-][dddd02][-][eeee00][-] 麒麟草
plantedGoldenrod2,blocks,Flora,,,,[aa0002][-][DECEA3]Growing[-] Goldenrod,,[aa0002][-][DECEA3]Anbau[-] Goldrute,[aa0002][-][DECEA3]Creciendo[-] Vara de oro,[aa0002][-][DECEA3]Pousse[-] Gerbe d'or,[aa0002][-][DECEA3]In crescita[-] Verga d'oro,[aa0002][-][DECEA3]生育中[-] アキノキリンソウ,[aa0002][-][DECEA3]성장 중[-] 미역취,[aa0002][-][DECEA3]Rosnący[-] Nawłoć,[aa0002][-][DECEA3]Cultivo[-] Solidago,[aa0002][-][DECEA3]Растет[-] Золотарник,[aa0002][-][DECEA3]Yetişen[-] Altınbaşak,[aa0002][-][DECEA3]生长中[-] 秋麒麟,[aa0002][-][DECEA3]生長中[-] 麒麟草
plantedGoldenrod3HarvestDesc,blocks,Flora,,,,[aa0003][-][00ff00]Harvest[-] Goldenrod,,[aa0003][-][00ff00]Sammeln[-] Goldrutenpflanze,[aa0003][-][00ff00]Cosechar[-] Flor de vara de oro,[aa0003][-][00ff00]Récolter[-] Fleur de gerbe d'or,[aa0003][-][00ff00]Raccogli[-] Fiore di verga d'oro,[aa0003][-][00ff00]採取[-] アキノキリンソウの花,[aa0003][-][00ff00]수확[-] 미역취 꽃,[aa0003][-][00ff00]Pozyskaj[-] Nawłoć — kwiat,[aa0003][-][00ff00]Colher[-] Flor de solidago,[aa0003][-][00ff00]Добыть[-] Цветок золотарника,[aa0003][-][00ff00]Topla[-] Altınbaşak Çiçeği,[aa0003][-][00ff00]收集[-] 秋麒麟花,[aa0003][-][00ff00]收穫[-] 麒麟草花
plantedGraceCorn1,blocks,Flora,,,,[FFA94D][Seed][-][dddd02][-][eeee00][-] Super Corn,,[FFA94D][Samen][-][dddd02][-][eeee00][-] Super-Mais,[FFA94D][Semilla][-][dddd02][-][eeee00][-] Supermaíz,[FFA94D][Graine][-][dddd02][-][eeee00][-] Super maïs,[FFA94D][Seme][-][dddd02][-][eeee00][-] Granoturco super,[FFA94D][種子][-][dddd02][-][eeee00][-] スーパーコーン,[FFA94D][씨앗][-][dddd02][-][eeee00][-] 슈퍼 옥수수,[FFA94D][Nasiono][-][dddd02][-][eeee00][-] Super kukurydza,[FFA94D][Semente][-][dddd02][-][eeee00][-] Supermilho,[FFA94D][Семя][-][dddd02][-][eeee00][-] Суперкукуруза,[FFA94D][Tohum][-][dddd02][-][eeee00][-] Süper Mısır,[FFA94D][种子][-][dddd02][-][eeee00][-] 超级玉米（种子）,[FFA94D][種子][-][dddd02][-][eeee00][-] 超級玉米
plantedGraceCorn2,blocks,Flora,,,,[aa0002][-][DECEA3]Growing[-] Super Corn,,[aa0002][-][DECEA3]Anbau[-] Super-Mais,[aa0002][-][DECEA3]Creciendo[-] Supermaíz,[aa0002][-][DECEA3]Pousse[-] Super maïs,[aa0002][-][DECEA3]In crescita[-] Granoturco super,[aa0002][-][DECEA3]生育中[-] スーパーコーン,[aa0002][-][DECEA3]성장 중[-] 슈퍼 옥수수,[aa0002][-][DECEA3]Rosnący[-] Super kukurydza,[aa0002][-][DECEA3]Cultivo[-] Supermilho,[aa0002][-][DECEA3]Растет[-] Суперкукуруза,[aa0002][-][DECEA3]Yetişen[-] Süper Mısır,[aa0002][-][DECEA3]生长中[-] 超级玉米,[aa0002][-][DECEA3]生長中[-] 超級玉米
plantedGraceCorn3HarvestDesc,blocks,Flora,,,,[aa0003][-][00ff00]Harvest[-] Super Corn,,[aa0003][-][00ff00]Sammeln[-] Super-Mais,[aa0003][-][00ff00]Cosechar[-] Supermaíz,[aa0003][-][00ff00]Récolter[-] Super maïs,[aa0003][-][00ff00]Raccogli[-] Granoturco super,[aa0003][-][00ff00]採取[-] スーパーコーン,[aa0003][-][00ff00]수확[-] 슈퍼 옥수수,[aa0003][-][00ff00]Pozyskaj[-] Super kukurydza,[aa0003][-][00ff00]Colher[-] Supermilho,[aa0003][-][00ff00]Добыть[-] Суперкукуруза,[aa0003][-][00ff00]Topla[-] Süper Mısır,[aa0003][-][00ff00]收集[-] 超级玉米,[aa0003][-][00ff00]收穫[-] 超級玉米
plantedHop1,blocks,Flora,,,,[FFA94D][Seed][-][dddd02][-][eeee00][-] Hop,,[FFA94D][Samen][-][dddd02][-][eeee00][-] Hopfen,[FFA94D][Semilla][-][dddd02][-][eeee00][-] Lúpulo,[FFA94D][Graine][-][dddd02][-][eeee00][-] Houblon,[FFA94D][Seme][-][dddd02][-][eeee00][-] Luppolo,[FFA94D][種子][-][dddd02][-][eeee00][-] ホップ,[FFA94D][씨앗][-][dddd02][-][eeee00][-] 홉,[FFA94D][Nasiono][-][dddd02][-][eeee00][-] Chmiel,[FFA94D][Semente][-][dddd02][-][eeee00][-] Lúpulo,[FFA94D][Семя][-][dddd02][-][eeee00][-] Хмель,[FFA94D][Tohum][-][dddd02][-][eeee00][-] Şerbetçiotu,[FFA94D][种子][-][dddd02][-][eeee00][-] 啤酒花（种子）,[FFA94D][種子][-][dddd02][-][eeee00][-] 啤酒花
plantedHop2,blocks,Flora,,,,[aa0002][-][DECEA3]Growing[-] Hop,,[aa0002][-][DECEA3]Anbau[-] Hopfen,[aa0002][-][DECEA3]Creciendo[-] Lúpulo,[aa0002][-][DECEA3]Pousse[-] Houblon,[aa0002][-][DECEA3]In crescita[-] Luppolo,[aa0002][-][DECEA3]生育中[-] ホップ,[aa0002][-][DECEA3]성장 중[-] 홉,[aa0002][-][DECEA3]Rosnący[-] Chmiel,[aa0002][-][DECEA3]Cultivo[-] Lúpulo,[aa0002][-][DECEA3]Растет[-] Хмель,[aa0002][-][DECEA3]Yetişen[-] Şerbetçiotu,[aa0002][-][DECEA3]生长中[-] 啤酒花,[aa0002][-][DECEA3]生長中[-] 啤酒花
plantedHop3HarvestDesc,blocks,Flora,,,,[aa0003][-][00ff00]Harvest[-] Hop,,[aa0003][-][00ff00]Sammeln[-] Hopfenpflanze,[aa0003][-][00ff00]Cosechar[-] Planta de lúpulo,[aa0003][-][00ff00]Récolter[-] Plant de houblon,[aa0003][-][00ff00]Raccogli[-] Pianta di luppolo,[aa0003][-][00ff00]採取[-] ホップ,[aa0003][-][00ff00]수확[-] 홉,[aa0003][-][00ff00]Pozyskaj[-] Chmiel — roślina,[aa0003][-][00ff00]Colher[-] Planta de lúpulo,[aa0003][-][00ff00]Добыть[-] Растение «Хмель»,[aa0003][-][00ff00]Topla[-] Şerbetçiotu Bitkisi,[aa0003][-][00ff00]收集[-] 啤酒花植株,[aa0003][-][00ff00]收穫[-] 啤酒花植株
plantedMushroom1,blocks,Flora,,,,[FFA94D][Seed][-][dddd02][-][eeee00][-] Mushrooms,,[FFA94D][Samen][-][dddd02][-][eeee00][-] Pilzsporen,[FFA94D][Semilla][-][dddd02][-][eeee00][-] Esporas de seta,[FFA94D][Graine][-][dddd02][-][eeee00][-] Spores de champignon,[FFA94D][Seme][-][dddd02][-][eeee00][-] Spore di fungo,[FFA94D][種子][-][dddd02][-][eeee00][-] キノコ胞子,[FFA94D][씨앗][-][dddd02][-][eeee00][-] 버섯 포자,[FFA94D][Nasiono][-][dddd02][-][eeee00][-] Zarodniki grzybów,[FFA94D][Semente][-][dddd02][-][eeee00][-] Esporos de cogumelos,[FFA94D][Семя][-][dddd02][-][eeee00][-] Споры гриба,[FFA94D][Tohum][-][dddd02][-][eeee00][-] Mantar Sporları,[FFA94D][种子][-][dddd02][-][eeee00][-] 蘑菇孢子（种子）,[FFA94D][種子][-][dddd02][-][eeee00][-] 蘑菇孢子
plantedMushroom2,blocks,Flora,,,,[aa0002][-][DECEA3]Growing[-] Mushrooms,,[aa0002][-][DECEA3]Anbau[-] Pilze,[aa0002][-][DECEA3]Creciendo[-] Setas,[aa0002][-][DECEA3]Pousse[-] Champignons,[aa0002][-][DECEA3]In crescita[-] Funghi,[aa0002][-][DECEA3]生育中[-] キノコ,[aa0002][-][DECEA3]성장 중[-] 버섯,[aa0002][-][DECEA3]Rosnący[-] Grzyby,[aa0002][-][DECEA3]Cultivo[-] Cogumelos,[aa0002][-][DECEA3]Растет[-] Грибы,[aa0002][-][DECEA3]Yetişen[-] Mantarlar,[aa0002][-][DECEA3]生长中[-] 蘑菇,[aa0002][-][DECEA3]生長中[-] 蘑菇
plantedMushroom3HarvestDesc,blocks,Flora,,,,[aa0003][-][00ff00]Harvest[-] Mushrooms,,[aa0003][-][00ff00]Sammeln[-] Pilze,[aa0003][-][00ff00]Cosechar[-] Setas,[aa0003][-][00ff00]Récolter[-] Champignons,[aa0003][-][00ff00]Raccogli[-] Funghi,[aa0003][-][00ff00]採取[-] キノコ,[aa0003][-][00ff00]수확[-] 버섯,[aa0003][-][00ff00]Pozyskaj[-] Grzyby,[aa0003][-][00ff00]Colher[-] Cogumelos,[aa0003][-][00ff00]Добыть[-] Грибы,[aa0003][-][00ff00]Topla[-] Mantarlar,[aa0003][-][00ff00]收集[-] 蘑菇,[aa0003][-][00ff00]收穫[-] 蘑菇
plantedPotato1,blocks,Flora,,,,[FFA94D][Seed][-][dddd02][-][eeee00][-] Potato,,[FFA94D][Samen][-][dddd02][-][eeee00][-] Kartoffel,[FFA94D][Semilla][-][dddd02][-][eeee00][-] Patata,[FFA94D][Graine][-][dddd02][-][eeee00][-] Pomme de terre,[FFA94D][Seme][-][dddd02][-][eeee00][-] Patata,[FFA94D][種子][-][dddd02][-][eeee00][-] ジャガイモ,[FFA94D][씨앗][-][dddd02][-][eeee00][-] 감자,[FFA94D][Nasiono][-][dddd02][-][eeee00][-] Ziemniak,[FFA94D][Semente][-][dddd02][-][eeee00][-] Batata,[FFA94D][Семя][-][dddd02][-][eeee00][-] Картофель,[FFA94D][Tohum][-][dddd02][-][eeee00][-] Patates,[FFA94D][种子][-][dddd02][-][eeee00][-] 土豆（种子）,[FFA94D][種子][-][dddd02][-][eeee00][-] 土豆
plantedPotato2,blocks,Flora,,,,[aa0002][-][DECEA3]Growing[-] Potato,,[aa0002][-][DECEA3]Anbau[-] Kartoffel,[aa0002][-][DECEA3]Creciendo[-] Patata,[aa0002][-][DECEA3]Pousse[-] Pomme de terre,[aa0002][-][DECEA3]In crescita[-] Patata,[aa0002][-][DECEA3]生育中[-] ジャガイモ,[aa0002][-][DECEA3]성장 중[-] 감자,[aa0002][-][DECEA3]Rosnący[-] Ziemniak,[aa0002][-][DECEA3]Cultivo[-] Batata,[aa0002][-][DECEA3]Растет[-] Картофель,[aa0002][-][DECEA3]Yetişen[-] Patates,[aa0002][-][DECEA3]生长中[-] 土豆,[aa0002][-][DECEA3]生長中[-] 土豆
plantedPotato3HarvestDesc,blocks,Flora,,,,[aa0003][-][00ff00]Harvest[-] Potato,,[aa0003][-][00ff00]Sammeln[-] Kartoffelpflanze,[aa0003][-][00ff00]Cosechar[-] Planta de patata,[aa0003][-][00ff00]Récolter[-] Plant de pomme de terre,[aa0003][-][00ff00]Raccogli[-] Pianta di patata,[aa0003][-][00ff00]採取[-] ジャガイモ,[aa0003][-][00ff00]수확[-] 감자,[aa0003][-][00ff00]Pozyskaj[-] Ziemniak — roślina,[aa0003][-][00ff00]Colher[-] Planta da batata,[aa0003][-][00ff00]Добыть[-] Растение «Картофель»,[aa0003][-][00ff00]Topla[-] Patates Bitkisi,[aa0003][-][00ff00]收集[-] 土豆植株,[aa0003][-][00ff00]收穫[-] 土豆植株
plantedPumpkin1,blocks,Flora,,,,[FFA94D][Seed][-][dddd02][-][eeee00][-] Pumpkin,,[FFA94D][Samen][-][dddd02][-][eeee00][-] Kürbis,[FFA94D][Semilla][-][dddd02][-][eeee00][-] Calabaza,[FFA94D][Graine][-][dddd02][-][eeee00][-] Citrouille,[FFA94D][Seme][-][dddd02][-][eeee00][-] Zucca,[FFA94D][種子][-][dddd02][-][eeee00][-] カボチャ,[FFA94D][씨앗][-][dddd02][-][eeee00][-] 호박,[FFA94D][Nasiono][-][dddd02][-][eeee00][-] Dynia,[FFA94D][Semente][-][dddd02][-][eeee00][-] Abóbora,[FFA94D][Семя][-][dddd02][-][eeee00][-] Тыква,[FFA94D][Tohum][-][dddd02][-][eeee00][-] Bal Kabağı,[FFA94D][种子][-][dddd02][-][eeee00][-] 南瓜（种子）,[FFA94D][種子][-][dddd02][-][eeee00][-] 南瓜
plantedPumpkin2,blocks,Flora,,,,[aa0002][-][DECEA3]Growing[-] Pumpkin,,[aa0002][-][DECEA3]Anbau[-] Kürbis,[aa0002][-][DECEA3]Creciendo[-] Calabaza,[aa0002][-][DECEA3]Pousse[-] Citrouille,[aa0002][-][DECEA3]In crescita[-] Zucca,[aa0002][-][DECEA3]生育中[-] カボチャ,[aa0002][-][DECEA3]성장 중[-] 호박,[aa0002][-][DECEA3]Rosnący[-] Dynia,[aa0002][-][DECEA3]Cultivo[-] Abóbora,[aa0002][-][DECEA3]Растет[-] Тыква,[aa0002][-][DECEA3]Yetişen[-] Bal Kabağı,[aa0002][-][DECEA3]生长中[-] 南瓜,[aa0002][-][DECEA3]生長中[-] 南瓜
plantedPumpkin3HarvestDesc,blocks,Flora,,,,[aa0003][-][00ff00]Harvest[-] Pumpkin,,[aa0003][-][00ff00]Sammeln[-] Kürbispflanze,[aa0003][-][00ff00]Cosechar[-] Planta de calabaza,[aa0003][-][00ff00]Récolter[-] Plant de citrouille,[aa0003][-][00ff00]Raccogli[-] Pianta di zucca,[aa0003][-][00ff00]採取[-] カボチャ,[aa0003][-][00ff00]수확[-] 호박,[aa0003][-][00ff00]Pozyskaj[-] Dynia — roślina,[aa0003][-][00ff00]Colher[-] Planta de Abóbora,[aa0003][-][00ff00]Добыть[-] Растение «Тыква»,[aa0003][-][00ff00]Topla[-] Bal Kabağı Bitkisi,[aa0003][-][00ff00]收集[-] 南瓜植株,[aa0003][-][00ff00]收穫[-] 南瓜植株
plantedYucca1,blocks,Flora,,,,[FFA94D][Seed][-][dddd02][-][eeee00][-] Yucca,,[FFA94D][Samen][-][dddd02][-][eeee00][-] Yucca,[FFA94D][Semilla][-][dddd02][-][eeee00][-] Yuca,[FFA94D][Graine][-][dddd02][-][eeee00][-] Yucca,[FFA94D][Seme][-][dddd02][-][eeee00][-] Yucca,[FFA94D][種子][-][dddd02][-][eeee00][-] ユッカ,[FFA94D][씨앗][-][dddd02][-][eeee00][-] 유카,[FFA94D][Nasiono][-][dddd02][-][eeee00][-] Jukka,[FFA94D][Semente][-][dddd02][-][eeee00][-] Yucca,[FFA94D][Семя][-][dddd02][-][eeee00][-] Юкка,[FFA94D][Tohum][-][dddd02][-][eeee00][-] Avize Ağacı,[FFA94D][种子][-][dddd02][-][eeee00][-] 丝兰（种子）,[FFA94D][種子][-][dddd02][-][eeee00][-] 絲蘭
plantedYucca2,blocks,Flora,,,,[aa0002][-][DECEA3]Growing[-] Yucca,,[aa0002][-][DECEA3]Anbau[-] Yucca,[aa0002][-][DECEA3]Creciendo[-] Yuca,[aa0002][-][DECEA3]Pousse[-] Yucca,[aa0002][-][DECEA3]In crescita[-] Yucca,[aa0002][-][DECEA3]生育中[-] ユッカ,[aa0002][-][DECEA3]성장 중[-] 유카,[aa0002][-][DECEA3]Rosnący[-] Jukka,[aa0002][-][DECEA3]Cultivo[-] Yucca,[aa0002][-][DECEA3]Растет[-] Юкка,[aa0002][-][DECEA3]Yetişen[-] Avize Ağacı,[aa0002][-][DECEA3]生长中[-] 丝兰,[aa0002][-][DECEA3]生長中[-] 絲蘭
plantedYucca3HarvestDesc,blocks,Flora,,,,[aa0003][-][00ff00]Harvest[-] Yucca,,[aa0003][-][00ff00]Sammeln[-] Yucca-Pflanze,[aa0003][-][00ff00]Cosechar[-] Planta de yuca,[aa0003][-][00ff00]Récolter[-] Plant de yucca,[aa0003][-][00ff00]Raccogli[-] Pianta di yucca,[aa0003][-][00ff00]採取[-] ユッカ,[aa0003][-][00ff00]수확[-] 유카,[aa0003][-][00ff00]Pozyskaj[-] Jukka — roślina,[aa0003][-][00ff00]Colher[-] Planta de Yucca,[aa0003][-][00ff00]Добыть[-] Растение «Юкка»,[aa0003][-][00ff00]Topla[-] Avize Ağacı Bitkisi,[aa0003][-][00ff00]收集[-] 丝兰植株,[aa0003][-][00ff00]收穫[-] 絲蘭植株
plantedAloe3Harvest,blocks,Flora,,,,[aa0003][-][00ff00]Harvest[-] Aloe Vera,,[aa0003][-][00ff00]Sammeln[-] Aloe Vera,[aa0003][-][00ff00]Cosechar[-] Aloe vera,[aa0003][-][00ff00]Récolter[-] Aloe vera,[aa0003][-][00ff00]Raccogli[-] Aloe vera,[aa0003][-][00ff00]採取[-] アロエ,[aa0003][-][00ff00]수확[-] 알로에베라,[aa0003][-][00ff00]Pozyskaj[-] Aloes,[aa0003][-][00ff00]Colher[-] Babosa,[aa0003][-][00ff00]Добыть[-] Алоэ вера,[aa0003][-][00ff00]Topla[-] Aloe Vera,[aa0003][-][00ff00]收集[-] 芦荟（种子）,[aa0003][-][00ff00]收穫[-] 蘆薈
plantedBlueberry3Harvest,blocks,Flora,,,,[aa0003][-][00ff00]Harvest[-] Blueberry,,[aa0003][-][00ff00]Sammeln[-] Heidelbeeren,[aa0003][-][00ff00]Cosechar[-] Mora,[aa0003][-][00ff00]Récolter[-] Myrtille,[aa0003][-][00ff00]Raccogli[-] Mirtilli,[aa0003][-][00ff00]採取[-] ブルーベリー,[aa0003][-][00ff00]수확[-] 블루베리,[aa0003][-][00ff00]Pozyskaj[-] Czarna jagoda,[aa0003][-][00ff00]Colher[-] Mirtilo,[aa0003][-][00ff00]Добыть[-] Черника,[aa0003][-][00ff00]Topla[-] Yabanmersini,[aa0003][-][00ff00]收集[-] 蓝莓（种子）,[aa0003][-][00ff00]收穫[-] 藍莓
plantedChrysanthemum3Harvest,blocks,Flora,,,,[aa0003][-][00ff00]Harvest[-] Chrysanthemum,,[aa0003][-][00ff00]Sammeln[-] Chrysantheme,[aa0003][-][00ff00]Cosechar[-] Crisantemo,[aa0003][-][00ff00]Récolter[-] Chrysanthème,[aa0003][-][00ff00]Raccogli[-] Crisantemo,[aa0003][-][00ff00]採取[-] 菊,[aa0003][-][00ff00]수확[-] 국화,[aa0003][-][00ff00]Pozyskaj[-] Chryzantema,[aa0003][-][00ff00]Colher[-] Crisântemo,[aa0003][-][00ff00]Добыть[-] Хризантема,[aa0003][-][00ff00]Topla[-] Krizantem,[aa0003][-][00ff00]收集[-] 菊花（种子）,[aa0003][-][00ff00]收穫[-] 菊花
plantedCoffee3Harvest,blocks,Flora,,,,[aa0003][-][00ff00]Harvest[-] Coffee,,[aa0003][-][00ff00]Sammeln[-] Kaffee,[aa0003][-][00ff00]Cosechar[-] Café,[aa0003][-][00ff00]Récolter[-] Café,[aa0003][-][00ff00]Raccogli[-] Caffè,[aa0003][-][00ff00]採取[-] コーヒー,[aa0003][-][00ff00]수확[-] 커피,[aa0003][-][00ff00]Pozyskaj[-] Kawa,[aa0003][-][00ff00]Colher[-] Café,[aa0003][-][00ff00]Добыть[-] Кофейное дерево,[aa0003][-][00ff00]Topla[-] Kahve,[aa0003][-][00ff00]收集[-] 咖啡（种子）,[aa0003][-][00ff00]收穫[-] 咖啡
plantedCorn3Harvest,blocks,Flora,,,,[aa0003][-][00ff00]Harvest[-] Corn,,[aa0003][-][00ff00]Sammeln[-] Mais,[aa0003][-][00ff00]Cosechar[-] Maíz,[aa0003][-][00ff00]Récolter[-] Maïs,[aa0003][-][00ff00]Raccogli[-] Granoturco,[aa0003][-][00ff00]採取[-] トウモロコシ,[aa0003][-][00ff00]수확[-] 옥수수,[aa0003][-][00ff00]Pozyskaj[-] Kukurydza,[aa0003][-][00ff00]Colher[-] Milho,[aa0003][-][00ff00]Добыть[-] Кукуруза,[aa0003][-][00ff00]Topla[-] Mısır,[aa0003][-][00ff00]收集[-] 玉米（种子）,[aa0003][-][00ff00]收穫[-] 玉米
plantedCotton3Harvest,blocks,Flora,,,,[aa0003][-][00ff00]Harvest[-] Cotton,,[aa0003][-][00ff00]Sammeln[-] Baumwolle,[aa0003][-][00ff00]Cosechar[-] Algodón,[aa0003][-][00ff00]Récolter[-] Coton,[aa0003][-][00ff00]Raccogli[-] Cotone,[aa0003][-][00ff00]採取[-] 綿花,[aa0003][-][00ff00]수확[-] 목화,[aa0003][-][00ff00]Pozyskaj[-] Bawełna,[aa0003][-][00ff00]Colher[-] Algodão,[aa0003][-][00ff00]Добыть[-] Хлопок,[aa0003][-][00ff00]Topla[-] Pamuk,[aa0003][-][00ff00]收集[-] 棉花（种子）,[aa0003][-][00ff00]收穫[-] 棉花
plantedGoldenrod3Harvest,blocks,Flora,,,,[aa0003][-][00ff00]Harvest[-] Goldenrod,,[aa0003][-][00ff00]Sammeln[-] Goldrute,[aa0003][-][00ff00]Cosechar[-] Vara de oro,[aa0003][-][00ff00]Récolter[-] Gerbe d'or,[aa0003][-][00ff00]Raccogli[-] Verga d'oro,[aa0003][-][00ff00]採取[-] アキノキリンソウ,[aa0003][-][00ff00]수확[-] 미역취,[aa0003][-][00ff00]Pozyskaj[-] Nawłoć,[aa0003][-][00ff00]Colher[-] Solidago,[aa0003][-][00ff00]Добыть[-] Золотарник,[aa0003][-][00ff00]Topla[-] Altınbaşak,[aa0003][-][00ff00]收集[-] 秋麒麟（种子）,[aa0003][-][00ff00]收穫[-] 麒麟草
plantedGraceCorn3Harvest,blocks,Flora,,,,[aa0003][-][00ff00]Harvest[-] Super Corn,,[aa0003][-][00ff00]Sammeln[-] Super-Mais,[aa0003][-][00ff00]Cosechar[-] Supermaíz,[aa0003][-][00ff00]Récolter[-] Super maïs,[aa0003][-][00ff00]Raccogli[-] Granoturco super,[aa0003][-][00ff00]採取[-] スーパーコーン,[aa0003][-][00ff00]수확[-] 슈퍼 옥수수,[aa0003][-][00ff00]Pozyskaj[-] Super kukurydza,[aa0003][-][00ff00]Colher[-] Supermilho,[aa0003][-][00ff00]Добыть[-] Суперкукуруза,[aa0003][-][00ff00]Topla[-] Süper Mısır,[aa0003][-][00ff00]收集[-] 超级玉米（种子）,[aa0003][-][00ff00]收穫[-] 超級玉米
plantedHop3Harvest,blocks,Flora,,,,[aa0003][-][00ff00]Harvest[-] Hop,,[aa0003][-][00ff00]Sammeln[-] Hopfen,[aa0003][-][00ff00]Cosechar[-] Lúpulo,[aa0003][-][00ff00]Récolter[-] Houblon,[aa0003][-][00ff00]Raccogli[-] Luppolo,[aa0003][-][00ff00]採取[-] ホップ,[aa0003][-][00ff00]수확[-] 홉,[aa0003][-][00ff00]Pozyskaj[-] Chmiel,[aa0003][-][00ff00]Colher[-] Lúpulo,[aa0003][-][00ff00]Добыть[-] Хмель,[aa0003][-][00ff00]Topla[-] Şerbetçiotu,[aa0003][-][00ff00]收集[-] 啤酒花（种子）,[aa0003][-][00ff00]收穫[-] 啤酒花
plantedMushroom3Harvest,blocks,Flora,,,,[aa0003][-][00ff00]Harvest[-] Mushrooms,,[aa0003][-][00ff00]Sammeln[-] Pilzsporen,[aa0003][-][00ff00]Cosechar[-] Esporas de seta,[aa0003][-][00ff00]Récolter[-] Spores de champignon,[aa0003][-][00ff00]Raccogli[-] Spore di fungo,[aa0003][-][00ff00]採取[-] キノコ胞子,[aa0003][-][00ff00]수확[-] 버섯 포자,[aa0003][-][00ff00]Pozyskaj[-] Zarodniki grzybów,[aa0003][-][00ff00]Colher[-] Esporos de cogumelos,[aa0003][-][00ff00]Добыть[-] Споры гриба,[aa0003][-][00ff00]Topla[-] Mantar Sporları,[aa0003][-][00ff00]收集[-] 蘑菇孢子（种子）,[aa0003][-][00ff00]收穫[-] 蘑菇孢子
plantedPotato3Harvest,blocks,Flora,,,,[aa0003][-][00ff00]Harvest[-] Potato,,[aa0003][-][00ff00]Sammeln[-] Kartoffel,[aa0003][-][00ff00]Cosechar[-] Patata,[aa0003][-][00ff00]Récolter[-] Pomme de terre,[aa0003][-][00ff00]Raccogli[-] Patata,[aa0003][-][00ff00]採取[-] ジャガイモ,[aa0003][-][00ff00]수확[-] 감자,[aa0003][-][00ff00]Pozyskaj[-] Ziemniak,[aa0003][-][00ff00]Colher[-] Batata,[aa0003][-][00ff00]Добыть[-] Картофель,[aa0003][-][00ff00]Topla[-] Patates,[aa0003][-][00ff00]收集[-] 土豆（种子）,[aa0003][-][00ff00]收穫[-] 土豆
plantedPumpkin3Harvest,blocks,Flora,,,,[aa0003][-][00ff00]Harvest[-] Pumpkin,,[aa0003][-][00ff00]Sammeln[-] Kürbis,[aa0003][-][00ff00]Cosechar[-] Calabaza,[aa0003][-][00ff00]Récolter[-] Citrouille,[aa0003][-][00ff00]Raccogli[-] Zucca,[aa0003][-][00ff00]採取[-] カボチャ,[aa0003][-][00ff00]수확[-] 호박,[aa0003][-][00ff00]Pozyskaj[-] Dynia,[aa0003][-][00ff00]Colher[-] Abóbora,[aa0003][-][00ff00]Добыть[-] Тыква,[aa0003][-][00ff00]Topla[-] Bal Kabağı,[aa0003][-][00ff00]收集[-] 南瓜（种子）,[aa0003][-][00ff00]收穫[-] 南瓜
plantedYucca3Harvest,blocks,Flora,,,,[aa0003][-][00ff00]Harvest[-] Yucca,,[aa0003][-][00ff00]Sammeln[-] Yucca,[aa0003][-][00ff00]Cosechar[-] Yuca,[aa0003][-][00ff00]Récolter[-] Yucca,[aa0003][-][00ff00]Raccogli[-] Yucca,[aa0003][-][00ff00]採取[-] ユッカ,[aa0003][-][00ff00]수확[-] 유카,[aa0003][-][00ff00]Pozyskaj[-] Jukka,[aa0003][-][00ff00]Colher[-] Yucca,[aa0003][-][00ff00]Добыть[-] Юкка,[aa0003][-][00ff00]Topla[-] Avize Ağacı,[aa0003][-][00ff00]收集[-] 丝兰（种子）,[aa0003][-][00ff00]收穫[-] 絲蘭
mushroom01,blocks,Flora,,,,[aa0003][-][00ff00]Harvest[-] Mushrooms,,[aa0003][-][00ff00]Sammeln[-] Mushrooms,[aa0003][-][00ff00]Cosechar[-] Mushrooms,[aa0003][-][00ff00]Récolter[-] Mushrooms,[aa0003][-][00ff00]Raccogli[-] Mushrooms,[aa0003][-][00ff00]採取[-] Mushrooms,[aa0003][-][00ff00]수확[-] Mushrooms,[aa0003][-][00ff00]Pozyskaj[-] Mushrooms,[aa0003][-][00ff00]Colher[-] Mushrooms,[aa0003][-][00ff00]Добыть[-] Mushrooms,[aa0003][-][00ff00]Topla[-] Mushrooms,[aa0003][-][00ff00]收集[-] Mushrooms,[aa0003][-][00ff00]收穫[-] Mushrooms
mushroom02,blocks,Flora,,,,[aa0003][-][00ff00]Harvest[-] Mushrooms,,[aa0003][-][00ff00]Sammeln[-] Mushrooms,[aa0003][-][00ff00]Cosechar[-] Mushrooms,[aa0003][-][00ff00]Récolter[-] Mushrooms,[aa0003][-][00ff00]Raccogli[-] Mushrooms,[aa0003][-][00ff00]採取[-] Mushrooms,[aa0003][-][00ff00]수확[-] Mushrooms,[aa0003][-][00ff00]Pozyskaj[-] Mushrooms,[aa0003][-][00ff00]Colher[-] Mushrooms,[aa0003][-][00ff00]Добыть[-] Mushrooms,[aa0003][-][00ff00]Topla[-] Mushrooms,[aa0003][-][00ff00]收集[-] Mushrooms,[aa0003][-][00ff00]收穫[-] Mushrooms
mushroom01Desc,blocks,Flora,,,,[aa0003][-][00ff00]Harvest[-] Mushrooms,,[aa0003][-][00ff00]Sammeln[-] Mushrooms,[aa0003][-][00ff00]Cosechar[-] Mushrooms,[aa0003][-][00ff00]Récolter[-] Mushrooms,[aa0003][-][00ff00]Raccogli[-] Mushrooms,[aa0003][-][00ff00]採取[-] Mushrooms,[aa0003][-][00ff00]수확[-] Mushrooms,[aa0003][-][00ff00]Pozyskaj[-] Mushrooms,[aa0003][-][00ff00]Colher[-] Mushrooms,[aa0003][-][00ff00]Добыть[-] Mushrooms,[aa0003][-][00ff00]Topla[-] Mushrooms,[aa0003][-][00ff00]收集[-] Mushrooms,[aa0003][-][00ff00]收穫[-] Mushrooms
mushroomBiome2,blocks,Flora,,,,[aa0003][-][00ff00]Harvest[-] Mushrooms,,[aa0003][-][00ff00]Sammeln[-] Mushrooms,[aa0003][-][00ff00]Cosechar[-] Mushrooms,[aa0003][-][00ff00]Récolter[-] Mushrooms,[aa0003][-][00ff00]Raccogli[-] Mushrooms,[aa0003][-][00ff00]採取[-] Mushrooms,[aa0003][-][00ff00]수확[-] Mushrooms,[aa0003][-][00ff00]Pozyskaj[-] Mushrooms,[aa0003][-][00ff00]Colher[-] Mushrooms,[aa0003][-][00ff00]Добыть[-] Mushrooms,[aa0003][-][00ff00]Topla[-] Mushrooms,[aa0003][-][00ff00]收集[-] Mushrooms,[aa0003][-][00ff00]收穫[-] Mushrooms
mushroomBiome4,blocks,Flora,,,,[aa0003][-][00ff00]Harvest[-] Mushrooms,,[aa0003][-][00ff00]Sammeln[-] Mushrooms,[aa0003][-][00ff00]Cosechar[-] Mushrooms,[aa0003][-][00ff00]Récolter[-] Mushrooms,[aa0003][-][00ff00]Raccogli[-] Mushrooms,[aa0003][-][00ff00]採取[-] Mushrooms,[aa0003][-][00ff00]수확[-] Mushrooms,[aa0003][-][00ff00]Pozyskaj[-] Mushrooms,[aa0003][-][00ff00]Colher[-] Mushrooms,[aa0003][-][00ff00]Добыть[-] Mushrooms,[aa0003][-][00ff00]Topla[-] Mushrooms,[aa0003][-][00ff00]收集[-] Mushrooms,[aa0003][-][00ff00]收穫[-] Mushrooms
mushroomRadiated02,blocks,Flora,,,,[aa0003][-][00ff00]Harvest[-] Radiated Mushrooms,,[aa0003][-][00ff00]Sammeln[-] Radiated Mushrooms,[aa0003][-][00ff00]Cosechar[-] Radiated Mushrooms,[aa0003][-][00ff00]Récolter[-] Radiated Mushrooms,[aa0003][-][00ff00]Raccogli[-] Radiated Mushrooms,[aa0003][-][00ff00]採取[-] Radiated Mushrooms,[aa0003][-][00ff00]수확[-] Radiated Mushrooms,[aa0003][-][00ff00]Pozyskaj[-] Radiated Mushrooms,[aa0003][-][00ff00]Colher[-] Radiated Mushrooms,[aa0003][-][00ff00]Добыть[-] Radiated Mushrooms,[aa0003][-][00ff00]Topla[-] Radiated Mushrooms,[aa0003][-][00ff00]收集[-] Radiated Mushrooms,[aa0003][-][00ff00]收穫[-] Radiated Mushrooms
mushroomRadiated04,blocks,Flora,,,,[aa0003][-][00ff00]Harvest[-] Radiated Mushrooms,,[aa0003][-][00ff00]Sammeln[-] Radiated Mushrooms,[aa0003][-][00ff00]Cosechar[-] Radiated Mushrooms,[aa0003][-][00ff00]Récolter[-] Radiated Mushrooms,[aa0003][-][00ff00]Raccogli[-] Radiated Mushrooms,[aa0003][-][00ff00]採取[-] Radiated Mushrooms,[aa0003][-][00ff00]수확[-] Radiated Mushrooms,[aa0003][-][00ff00]Pozyskaj[-] Radiated Mushrooms,[aa0003][-][00ff00]Colher[-] Radiated Mushrooms,[aa0003][-][00ff00]Добыть[-] Radiated Mushrooms,[aa0003][-][00ff00]Topla[-] Radiated Mushrooms,[aa0003][-][00ff00]收集[-] Radiated Mushrooms,[aa0003][-][00ff00]收穫[-] Radiated Mushrooms
treePlantedMountainPine1m,blocks,Flora,,,,[FFA94D][Seed][-][dddd01][-][eeee03][-] Pine,,[FFA94D][Samen][-][dddd01][-][eeee03][-] Kiefernsamen,[FFA94D][Semilla][-][dddd01][-][eeee03][-] Semilla de pino,[FFA94D][Graine][-][dddd01][-][eeee03][-] Graine de pin,[FFA94D][Seme][-][dddd01][-][eeee03][-] Pigna di pino montano,[FFA94D][種子][-][dddd01][-][eeee03][-] 松の種,[FFA94D][씨앗][-][dddd01][-][eeee03][-] 소나무,[FFA94D][Nasiono][-][dddd01][-][eeee03][-] Nasiono sosny,[FFA94D][Semente][-][dddd01][-][eeee03][-] Semente de Pinheiro,[FFA94D][Семя][-][dddd01][-][eeee03][-] Семя сосны,[FFA94D][Tohum][-][dddd01][-][eeee03][-] Çam Tohumu,[FFA94D][种子][-][dddd01][-][eeee03][-] 松树种子,[FFA94D][種子][-][dddd01][-][eeee03][-] 松子
treePlantedOak1m,blocks,Flora,,,,[FFA94D][Seed][-][dddd01][-][eeee02][-] Oak,,[FFA94D][Samen][-][dddd01][-][eeee02][-] Eichensamen,[FFA94D][Semilla][-][dddd01][-][eeee02][-] Semilla de roble,[FFA94D][Graine][-][dddd01][-][eeee02][-] Graine de chêne,[FFA94D][Seme][-][dddd01][-][eeee02][-] Ghianda di quercia,[FFA94D][種子][-][dddd01][-][eeee02][-] オークの種,[FFA94D][씨앗][-][dddd01][-][eeee02][-] 오크나무,[FFA94D][Nasiono][-][dddd01][-][eeee02][-] Nasiono dębu,[FFA94D][Semente][-][dddd01][-][eeee02][-] Semente de Carvalho,[FFA94D][Семя][-][dddd01][-][eeee02][-] Семя дуба,[FFA94D][Tohum][-][dddd01][-][eeee02][-] Meşe Tohumu,[FFA94D][种子][-][dddd01][-][eeee02][-] 橡树种子,[FFA94D][種子][-][dddd01][-][eeee02][-] 橡樹種子
treePlantedWinterPine1m,blocks,Flora,,,,[FFA94D][Seed][-][dddd01][-][eeee01][-] Blue Spruce,,[FFA94D][Samen][-][dddd01][-][eeee01][-] Blaufichtensamen,[FFA94D][Semilla][-][dddd01][-][eeee01][-] Semilla de pícea azul,[FFA94D][Graine][-][dddd01][-][eeee01][-] Graine d'épicéa bleu,[FFA94D][Seme][-][dddd01][-][eeee01][-] Pigna di abete del Colorado,[FFA94D][種子][-][dddd01][-][eeee01][-] 銀葉コロラド唐檜の種,[FFA94D][씨앗][-][dddd01][-][eeee01][-] 가문비나무,[FFA94D][Nasiono][-][dddd01][-][eeee01][-] Nasiono świerku kłującego,[FFA94D][Semente][-][dddd01][-][eeee01][-] Semente de Abeto Azul,[FFA94D][Семя][-][dddd01][-][eeee01][-] Семя голубой ели,[FFA94D][Tohum][-][dddd01][-][eeee01][-] Mavi Ladin Tohumu,[FFA94D][种子][-][dddd01][-][eeee01][-] 蓝云杉种子,[FFA94D][種子][-][dddd01][-][eeee01][-] 藍雲杉種子
treePlantedMountainPine12m,blocks,Flora,,,,[a00002][-][DECEA3]Growing (2/5)[-] Pine,,[a00002][-][DECEA3]Anbau (2/5)[-] Kiefern,[a00002][-][DECEA3]Creciendo (2/5)[-] pino,[a00002][-][DECEA3]Pousse (2/5)[-] pin,[a00002][-][DECEA3]In crescita (2/5)[-] pino montano,[a00002][-][DECEA3]生育中 (2/5)[-] 松の種,[a00002][-][DECEA3]성장 중 (2/5)[-] 소나무,[a00002][-][DECEA3]Rosnący (2/5)[-] sosny,[a00002][-][DECEA3]Cultivo (2/5)[-] Pinheiro,[a00002][-][DECEA3]Растет (2/5)[-] сосны,[a00002][-][DECEA3]Yetişen (2/5)[-] Çam,[a00002][-][DECEA3]生长中 (2/5)[-] 松树,[a00002][-][DECEA3]生長中 (2/5)[-] 松子
treePlantedMountainPine19m,blocks,Flora,,,,[a00003][-][DECEA3]Growing (3/5)[-] Pine,,[a00003][-][DECEA3]Anbau (3/5)[-] Kiefern,[a00003][-][DECEA3]Creciendo (3/5)[-] pino,[a00003][-][DECEA3]Pousse (3/5)[-] pin,[a00003][-][DECEA3]In crescita (3/5)[-] pino montano,[a00003][-][DECEA3]生育中 (3/5)[-] 松の種,[a00003][-][DECEA3]성장 중 (3/5)[-] 소나무,[a00003][-][DECEA3]Rosnący (3/5)[-] sosny,[a00003][-][DECEA3]Cultivo (3/5)[-] Pinheiro,[a00003][-][DECEA3]Растет (3/5)[-] сосны,[a00003][-][DECEA3]Yetişen (3/5)[-] Çam,[a00003][-][DECEA3]生长中 (3/5)[-] 松树,[a00003][-][DECEA3]生長中 (3/5)[-] 松子
treePlantedMountainPine27m,blocks,Flora,,,,[a00004][-][DECEA3]Growing (4/5)[-] Pine,,[a00004][-][DECEA3]Anbau (4/5)[-] Kiefern,[a00004][-][DECEA3]Creciendo (4/5)[-] pino,[a00004][-][DECEA3]Pousse (4/5)[-] pin,[a00004][-][DECEA3]In crescita (4/5)[-] pino montano,[a00004][-][DECEA3]生育中 (4/5)[-] 松の種,[a00004][-][DECEA3]성장 중 (4/5)[-] 소나무,[a00004][-][DECEA3]Rosnący (4/5)[-] sosny,[a00004][-][DECEA3]Cultivo (4/5)[-] Pinheiro,[a00004][-][DECEA3]Растет (4/5)[-] сосны,[a00004][-][DECEA3]Yetişen (4/5)[-] Çam,[a00004][-][DECEA3]生长中 (4/5)[-] 松树,[a00004][-][DECEA3]生長中 (4/5)[-] 松子
treePlantedMountainPine41m,blocks,Flora,,,,[a00005][-][00ff00]Harvest (5/5)[-] Pine,,[a00005][-][00ff00]Sammeln (5/5)[-] Kiefern,[a00005][-][00ff00]Cosechar (5/5)[-] pino,[a00005][-][00ff00]Récolter (5/5)[-] pin,[a00005][-][00ff00]Raccogli (5/5)[-] pino montano,[a00005][-][00ff00]採取 (5/5)[-] 松の種,[a00005][-][00ff00]수확 (5/5)[-] 소나무,[a00005][-][00ff00]Pozyskaj (5/5)[-] sosny,[a00005][-][00ff00]Colher (5/5)[-] Pinheiro,[a00005][-][00ff00]Добыть (5/5)[-] сосны,[a00005][-][00ff00]Topla (5/5)[-] Çam,[a00005][-][00ff00]收集 (5/5)[-] 松树,[a00005][-][00ff00]收穫 (5/5)[-] 松子
treePlantedOak08m,blocks,Flora,,,,[a00002][-][DECEA3]Growing (2/5)[-] Oak,,[a00002][-][DECEA3]Anbau (2/5)[-] Eichen,[a00002][-][DECEA3]Creciendo (2/5)[-] roble,[a00002][-][DECEA3]Pousse (2/5)[-] chêne,[a00002][-][DECEA3]In crescita (2/5)[-] quercia,[a00002][-][DECEA3]生育中 (2/5)[-] オークの種,[a00002][-][DECEA3]성장 중 (2/5)[-] 오크나무,[a00002][-][DECEA3]Rosnący (2/5)[-] dębu,[a00002][-][DECEA3]Cultivo (2/5)[-] Carvalho,[a00002][-][DECEA3]Растет (2/5)[-] дуба,[a00002][-][DECEA3]Yetişen (2/5)[-] Meşe,[a00002][-][DECEA3]生长中 (2/5)[-] 橡树,[a00002][-][DECEA3]生長中 (2/5)[-] 橡樹
treePlantedOak16m,blocks,Flora,,,,[a00003][-][DECEA3]Growing (3/5)[-] Oak,,[a00003][-][DECEA3]Anbau (3/5)[-] Eichen,[a00003][-][DECEA3]Creciendo (3/5)[-] roble,[a00003][-][DECEA3]Pousse (3/5)[-] chêne,[a00003][-][DECEA3]In crescita (3/5)[-] quercia,[a00003][-][DECEA3]生育中 (3/5)[-] オークの種,[a00003][-][DECEA3]성장 중 (3/5)[-] 오크나무,[a00003][-][DECEA3]Rosnący (3/5)[-] dębu,[a00003][-][DECEA3]Cultivo (3/5)[-] Carvalho,[a00003][-][DECEA3]Растет (3/5)[-] дуба,[a00003][-][DECEA3]Yetişen (3/5)[-] Meşe,[a00003][-][DECEA3]生长中 (3/5)[-] 橡树,[a00003][-][DECEA3]生長中 (3/5)[-] 橡樹
treePlantedOak27m,blocks,Flora,,,,[a00004][-][DECEA3]Growing (4/5)[-] Oak,,[a00004][-][DECEA3]Anbau (4/5)[-] Eichen,[a00004][-][DECEA3]Creciendo (4/5)[-] roble,[a00004][-][DECEA3]Pousse (4/5)[-] chêne,[a00004][-][DECEA3]In crescita (4/5)[-] quercia,[a00004][-][DECEA3]生育中 (4/5)[-] オークの種,[a00004][-][DECEA3]성장 중 (4/5)[-] 오크나무,[a00004][-][DECEA3]Rosnący (4/5)[-] dębu,[a00004][-][DECEA3]Cultivo (4/5)[-] Carvalho,[a00004][-][DECEA3]Растет (4/5)[-] дуба,[a00004][-][DECEA3]Yetişen (4/5)[-] Meşe,[a00004][-][DECEA3]生长中 (4/5)[-] 橡树,[a00004][-][DECEA3]生長中 (4/5)[-] 橡樹
treePlantedOak41m,blocks,Flora,,,,[a00005][-][00ff00]Harvest (5/5)[-] Oak,,[a00005][-][00ff00]Sammeln (5/5)[-] Eichen,[a00005][-][00ff00]Cosechar (5/5)[-] roble,[a00005][-][00ff00]Récolter (5/5)[-] chêne,[a00005][-][00ff00]Raccogli (5/5)[-] quercia,[a00005][-][00ff00]採取 (5/5)[-] オークの種,[a00005][-][00ff00]수확 (5/5)[-] 오크나무,[a00005][-][00ff00]Pozyskaj (5/5)[-] dębu,[a00005][-][00ff00]Colher (5/5)[-] Carvalho,[a00005][-][00ff00]Добыть (5/5)[-] дуба,[a00005][-][00ff00]Topla (5/5)[-] Meşe,[a00005][-][00ff00]收集 (5/5)[-] 橡树,[a00005][-][00ff00]收穫 (5/5)[-] 橡樹
treePlantedWinterPine6m,blocks,Flora,,,,[a00002][-][DECEA3]Growing (2/5)[-] Blue Spruce,,[a00002][-][DECEA3]Anbau (2/5)[-] Blaufichten,[a00002][-][DECEA3]Creciendo (2/5)[-] pícea azul,[a00002][-][DECEA3]Pousse (2/5)[-] épicéa bleu,[a00002][-][DECEA3]In crescita (2/5)[-] abete del Colorado,[a00002][-][DECEA3]生育中 (2/5)[-] 銀葉コロラド唐檜の種,[a00002][-][DECEA3]성장 중 (2/5)[-] 가문비나무,[a00002][-][DECEA3]Rosnący (2/5)[-] świerku kłującego,[a00002][-][DECEA3]Cultivo (2/5)[-] Abeto Azul,[a00002][-][DECEA3]Растет (2/5)[-] голубой ели,[a00002][-][DECEA3]Yetişen (2/5)[-] Mavi Ladin,[a00002][-][DECEA3]生长中 (2/5)[-] 蓝云杉,[a00002][-][DECEA3]生長中 (2/5)[-] 藍雲杉
treePlantedWinterPine13m,blocks,Flora,,,,[a00003][-][DECEA3]Growing (3/5)[-] Blue Spruce,,[a00003][-][DECEA3]Anbau (3/5)[-] Blaufichten,[a00003][-][DECEA3]Creciendo (3/5)[-] pícea azul,[a00003][-][DECEA3]Pousse (3/5)[-] épicéa bleu,[a00003][-][DECEA3]In crescita (3/5)[-] abete del Colorado,[a00003][-][DECEA3]生育中 (3/5)[-] 銀葉コロラド唐檜の種,[a00003][-][DECEA3]성장 중 (3/5)[-] 가문비나무,[a00003][-][DECEA3]Rosnący (3/5)[-] świerku kłującego,[a00003][-][DECEA3]Cultivo (3/5)[-] Abeto Azul,[a00003][-][DECEA3]Растет (3/5)[-] голубой ели,[a00003][-][DECEA3]Yetişen (3/5)[-] Mavi Ladin,[a00003][-][DECEA3]生长中 (3/5)[-] 蓝云杉,[a00003][-][DECEA3]生長中 (3/5)[-] 藍雲杉
treePlantedWinterPine19m,blocks,Flora,,,,[a00004][-][DECEA3]Growing (4/5)[-] Blue Spruce,,[a00004][-][DECEA3]Anbau (4/5)[-] Blaufichten,[a00004][-][DECEA3]Creciendo (4/5)[-] pícea azul,[a00004][-][DECEA3]Pousse (4/5)[-] épicéa bleu,[a00004][-][DECEA3]In crescita (4/5)[-] abete del Colorado,[a00004][-][DECEA3]生育中 (4/5)[-] 銀葉コロラド唐檜の種,[a00004][-][DECEA3]성장 중 (4/5)[-] 가문비나무,[a00004][-][DECEA3]Rosnący (4/5)[-] świerku kłującego,[a00004][-][DECEA3]Cultivo (4/5)[-] Abeto Azul,[a00004][-][DECEA3]Растет (4/5)[-] голубой ели,[a00004][-][DECEA3]Yetişen (4/5)[-] Mavi Ladin,[a00004][-][DECEA3]生长中 (4/5)[-] 蓝云杉,[a00004][-][DECEA3]生長中 (4/5)[-] 藍雲杉
treePlantedWinterPine28m,blocks,Flora,,,,[a00005][-][00ff00]Harvest (5/5)[-] Blue Spruce,,[a00005][-][00ff00]Sammeln (5/5)[-] Blaufichten,[a00005][-][00ff00]Cosechar (5/5)[-] pícea azul,[a00005][-][00ff00]Récolter (5/5)[-] épicéa bleu,[a00005][-][00ff00]Raccogli (5/5)[-] abete del Colorado,[a00005][-][00ff00]採取 (5/5)[-] 銀葉コロラド唐檜の種,[a00005][-][00ff00]수확 (5/5)[-] 가문비나무,[a00005][-][00ff00]Pozyskaj (5/5)[-] świerku kłującego,[a00005][-][00ff00]Colher (5/5)[-] Abeto Azul,[a00005][-][00ff00]Добыть (5/5)[-] голубой ели,[a00005][-][00ff00]Topla (5/5)[-] Mavi Ladin,[a00005][-][00ff00]收集 (5/5)[-] 蓝云杉,[a00005][-][00ff00]收穫 (5/5)[-] 藍雲杉
modArmorAdvancedMuffledConnectors,item_modifiers,Mod-Armor,,,,"[FFA94D][Mod-Armor][-][dddd02][-][eeee00][-] Muffled Connectors, Advanced",,[FFA94D][Mod-Rüstung][-][dddd02][-][eeee00][-] Fortgeschrittene gedämpfte Verbindungs,[FFA94D][Mod-Armadura][-][dddd02][-][eeee00][-] Modificación de conectores de amortiguación avanzados,[FFA94D][Mod-Armure][-][dddd02][-][eeee00][-] Modification de connecteurs étouffés avancés,[FFA94D][Mod-Armatura][-][dddd02][-][eeee00][-] Modifica avanzata dei connettori attutiti,[FFA94D][MOD-アーマー][-][dddd02][-][eeee00][-] 高性能静音コネクター,[FFA94D][모드-방어구][-][dddd02][-][eeee00][-] 고급 소음 방지 연결 장치,[FFA94D][Modyfikacja-Pancerz][-][dddd02][-][eeee00][-] Zaawansowane wytłumione połączenia,[FFA94D][Mod-Armadura][-][dddd02][-][eeee00][-] Modificação de Conectores Abafados Avançados,[FFA94D][Мод-Броня][-][dddd02][-][eeee00][-] Модификация «Улучш. бесшумные соединения»,[FFA94D][Mod-Zırh][-][dddd02][-][eeee00][-] Gelişmiş Sessiz Bağlantı Modu,[FFA94D][模组-护甲][-][dddd02][-][eeee00][-] 高级消音连接器,[FFA94D][模組-護甲][-][dddd02][-][eeee00][-] 高級消音器
modArmorBandolier,item_modifiers,Mod-Armor,,,,[FFA94D][Mod-Armor][-][dddd02][-][eeee00][-] Bandolier,,[FFA94D][Mod-Rüstung][-][dddd02][-][eeee00][-] Patronengurt,[FFA94D][Mod-Armadura][-][dddd02][-][eeee00][-] Modificación de bandolera,[FFA94D][Mod-Armure][-][dddd02][-][eeee00][-] Modification de bandoulière,[FFA94D][Mod-Armatura][-][dddd02][-][eeee00][-] Modifica della bandoliera,[FFA94D][MOD-アーマー][-][dddd02][-][eeee00][-] 弾帯,[FFA94D][모드-방어구][-][dddd02][-][eeee00][-] 탄띠,[FFA94D][Modyfikacja-Pancerz][-][dddd02][-][eeee00][-] Pas na naboje,[FFA94D][Mod-Armadura][-][dddd02][-][eeee00][-] Modificação de Bandoleira,[FFA94D][Мод-Броня][-][dddd02][-][eeee00][-] Модификация «Патронташ»,[FFA94D][Mod-Zırh][-][dddd02][-][eeee00][-] Kayış Modu,[FFA94D][模组-护甲][-][dddd02][-][eeee00][-] 弹药带,[FFA94D][模組-護甲][-][dddd02][-][eeee00][-] 彈夾
modArmorCustomizedFittings,item_modifiers,Mod-Armor,,,,"[FFA94D][Mod-Armor][-][dddd02][-][eeee00][-] Fittings, Advanced",,[FFA94D][Mod-Rüstung][-][dddd02][-][eeee00][-] Fortgeschrittene Rüstung-Fittings,[FFA94D][Mod-Armadura][-][dddd02][-][eeee00][-] Modificación de ajuste de armadura avanzada,[FFA94D][Mod-Armure][-][dddd02][-][eeee00][-] Modification de raccords d'armure avancée,[FFA94D][Mod-Armatura][-][dddd02][-][eeee00][-] Modifica delle finiture per armatura avanzata,[FFA94D][MOD-アーマー][-][dddd02][-][eeee00][-] 上級接合部,[FFA94D][모드-방어구][-][dddd02][-][eeee00][-] 고급 방어구 피팅,[FFA94D][Modyfikacja-Pancerz][-][dddd02][-][eeee00][-] Zaawansowane połączenia pancerza,[FFA94D][Mod-Armadura][-][dddd02][-][eeee00][-] Modificação de Encaixes de Armadura Avançados,[FFA94D][Мод-Броня][-][dddd02][-][eeee00][-] Модификация «Улучшенные соединения брони»,[FFA94D][Mod-Zırh][-][dddd02][-][eeee00][-] Gelişmiş Zırh Donanım Modu,[FFA94D][模组-护甲][-][dddd02][-][eeee00][-] 高级护甲配件,[FFA94D][模組-護甲][-][dddd02][-][eeee00][-] 高級護甲配件
modArmorDoubleStoragePocket,item_modifiers,Mod-Armor,,,,[FFA94D][Mod-Armor][-][dddd02][-][eeee00][-] Pocket x2,,[FFA94D][Mod-Rüstung][-][dddd02][-][eeee00][-] Doppeltaschen-Mod für Rüstung,[FFA94D][Mod-Armadura][-][dddd02][-][eeee00][-] Modificación de bolsillo doble para armadura,[FFA94D][Mod-Armure][-][dddd02][-][eeee00][-] Modification de double poche d'armure,[FFA94D][Mod-Armatura][-][dddd02][-][eeee00][-] Modifica della doppia tasca armatura,[FFA94D][MOD-アーマー][-][dddd02][-][eeee00][-] アーマーダブルポケット,[FFA94D][모드-방어구][-][dddd02][-][eeee00][-] 방어구 2배 주머니,[FFA94D][Modyfikacja-Pancerz][-][dddd02][-][eeee00][-] Dwukrotnie większa kieszeń na pancerzu,[FFA94D][Mod-Armadura][-][dddd02][-][eeee00][-] Modificação de bolso duplo de armadura,[FFA94D][Мод-Броня][-][dddd02][-][eeee00][-] Модификация «Сдвоенная бронированная сумка»,[FFA94D][Mod-Zırh][-][dddd02][-][eeee00][-] Zırh İki Kat Cep Modu,[FFA94D][模组-护甲][-][dddd02][-][eeee00][-] 护甲双收纳口袋,[FFA94D][模組-護甲][-][dddd02][-][eeee00][-] 護甲雙層收納袋
modArmorImpactBracing,item_modifiers,Mod-Armor,,,,[FFA94D][Mod-Armor][-][dddd02][-][eeee00][-] Impact Bracing,,[FFA94D][Mod-Rüstung][-][dddd02][-][eeee00][-] Schlag-Abwehr,[FFA94D][Mod-Armadura][-][dddd02][-][eeee00][-] Modificación de reducción de impacto,[FFA94D][Mod-Armure][-][dddd02][-][eeee00][-] Modification d'amorti d'impact,[FFA94D][Mod-Armatura][-][dddd02][-][eeee00][-] Modifica dell'impalcatura,[FFA94D][MOD-アーマー][-][dddd02][-][eeee00][-] 衝撃ブレーシング,[FFA94D][모드-방어구][-][dddd02][-][eeee00][-] 낙법,[FFA94D][Modyfikacja-Pancerz][-][dddd02][-][eeee00][-] Amortyzator upadku,[FFA94D][Mod-Armadura][-][dddd02][-][eeee00][-] Modificação de Proteção de Impacto,[FFA94D][Мод-Броня][-][dddd02][-][eeee00][-] Модификация «Ударный амортизатор»,[FFA94D][Mod-Zırh][-][dddd02][-][eeee00][-] Darbeye Hazırlanma Modu,[FFA94D][模组-护甲][-][dddd02][-][eeee00][-] 冲击支撑,[FFA94D][模組-護甲][-][dddd02][-][eeee00][-] 防衝擊背帶
modArmorImprovedFittings,item_modifiers,Mod-Armor,,,,[FFA94D][Mod-Armor][-][dddd02][-][eeee00][-] Fittings,,[FFA94D][Mod-Rüstung][-][dddd02][-][eeee00][-] Rüstung-Fittings,[FFA94D][Mod-Armadura][-][dddd02][-][eeee00][-] Modificación de ajuste de armadura,[FFA94D][Mod-Armure][-][dddd02][-][eeee00][-] Modification de raccords d'armure,[FFA94D][Mod-Armatura][-][dddd02][-][eeee00][-] Modifica delle finiture per armatura,[FFA94D][MOD-アーマー][-][dddd02][-][eeee00][-] 接合部,[FFA94D][모드-방어구][-][dddd02][-][eeee00][-] 방어구 피팅,[FFA94D][Modyfikacja-Pancerz][-][dddd02][-][eeee00][-] Połączenia pancerza,[FFA94D][Mod-Armadura][-][dddd02][-][eeee00][-] Modificação de Encaixes de Armadura,[FFA94D][Мод-Броня][-][dddd02][-][eeee00][-] Модификация «Соединения брони»,[FFA94D][Mod-Zırh][-][dddd02][-][eeee00][-] Zırh Donanım Modu,[FFA94D][模组-护甲][-][dddd02][-][eeee00][-] 护甲配件,[FFA94D][模組-護甲][-][dddd02][-][eeee00][-] 護甲配件
modArmorMuffledConnectors,item_modifiers,Mod-Armor,,,,[FFA94D][Mod-Armor][-][dddd02][-][eeee00][-] Muffled Connectors,,[FFA94D][Mod-Rüstung][-][dddd02][-][eeee00][-] Gedämpfte Verbindungs,[FFA94D][Mod-Armadura][-][dddd02][-][eeee00][-] Modificación de conectores de amortiguación,[FFA94D][Mod-Armure][-][dddd02][-][eeee00][-] Modification de connecteurs étouffés,[FFA94D][Mod-Armatura][-][dddd02][-][eeee00][-] Modifica dei connettori attutiti,[FFA94D][MOD-アーマー][-][dddd02][-][eeee00][-] 静音コネクター,[FFA94D][모드-방어구][-][dddd02][-][eeee00][-] 소음 방지 연결 장치,[FFA94D][Modyfikacja-Pancerz][-][dddd02][-][eeee00][-] Wytłumione połączenia,[FFA94D][Mod-Armadura][-][dddd02][-][eeee00][-] Modificação de Conectores Abafados,[FFA94D][Мод-Броня][-][dddd02][-][eeee00][-] Модификация «Бесшумные соединения»,[FFA94D][Mod-Zırh][-][dddd02][-][eeee00][-] Sessiz Bağlantı Modu,[FFA94D][模组-护甲][-][dddd02][-][eeee00][-] 消音连接器,[FFA94D][模組-護甲][-][dddd02][-][eeee00][-] 消音器
modArmorPlatingBasic,item_modifiers,Mod-Armor,,,,[FFA94D][Mod-Armor][-][dddd02][-][eeee00][-] Plating,,[FFA94D][Mod-Rüstung][-][dddd02][-][eeee00][-] Panzerplatten,[FFA94D][Mod-Armadura][-][dddd02][-][eeee00][-] Modificación de placas de armadura,[FFA94D][Mod-Armure][-][dddd02][-][eeee00][-] Modification de blindage d'armure,[FFA94D][Mod-Armatura][-][dddd02][-][eeee00][-] Modifica delle piastre per armatura,[FFA94D][MOD-アーマー][-][dddd02][-][eeee00][-] アーマープレーティング,[FFA94D][모드-방어구][-][dddd02][-][eeee00][-] 갑옷 플레이트 추가,[FFA94D][Modyfikacja-Pancerz][-][dddd02][-][eeee00][-] Dodatkowe płyty,[FFA94D][Mod-Armadura][-][dddd02][-][eeee00][-] Modificação de Blindagem de Armadura,[FFA94D][Мод-Броня][-][dddd02][-][eeee00][-] Модификация «Бронепластины»,[FFA94D][Mod-Zırh][-][dddd02][-][eeee00][-] Zırh Plakası Modu,[FFA94D][模组-护甲][-][dddd02][-][eeee00][-] 装甲板,[FFA94D][模組-護甲][-][dddd02][-][eeee00][-] 裝甲防護板
modArmorPlatingReinforced,item_modifiers,Mod-Armor,,,,"[FFA94D][Mod-Armor][-][dddd02][-][eeee00][-] Plating, Advanced",,[FFA94D][Mod-Rüstung][-][dddd02][-][eeee00][-] Fortgeschrittene Panzerplatten,[FFA94D][Mod-Armadura][-][dddd02][-][eeee00][-] Modificación de placas de armadura avanzada,[FFA94D][Mod-Armure][-][dddd02][-][eeee00][-] Modification de blindage d'armure avancée,[FFA94D][Mod-Armatura][-][dddd02][-][eeee00][-] Modifica delle piastre per armatura avanzata,[FFA94D][MOD-アーマー][-][dddd02][-][eeee00][-] 上級アーマープレーティング,[FFA94D][모드-방어구][-][dddd02][-][eeee00][-] 고급 방어구 플레이트,[FFA94D][Modyfikacja-Pancerz][-][dddd02][-][eeee00][-] Zaawansowane dodatkowe płyty,[FFA94D][Mod-Armadura][-][dddd02][-][eeee00][-] Modificação de Placa de Armadura Avançada,[FFA94D][Мод-Броня][-][dddd02][-][eeee00][-] Модификация «Улучшенные бронепластины»,[FFA94D][Mod-Zırh][-][dddd02][-][eeee00][-] Gelişmiş Zırh Plakası Modu,[FFA94D][模组-护甲][-][dddd02][-][eeee00][-] 高级护甲镀层,[FFA94D][模組-護甲][-][dddd02][-][eeee00][-] 高級護甲防護板
modArmorStoragePocket,item_modifiers,Mod-Armor,,,,[FFA94D][Mod-Armor][-][dddd02][-][eeee00][-] Pocket x1,,[FFA94D][Mod-Rüstung][-][dddd02][-][eeee00][-] Taschen-Mod für Rüstung,[FFA94D][Mod-Armadura][-][dddd02][-][eeee00][-] Modificación de bolsillo para armadura,[FFA94D][Mod-Armure][-][dddd02][-][eeee00][-] Modification de poche d'armure,[FFA94D][Mod-Armatura][-][dddd02][-][eeee00][-] Modifica della tasca armatura,[FFA94D][MOD-アーマー][-][dddd02][-][eeee00][-] アーマーポケット,[FFA94D][모드-방어구][-][dddd02][-][eeee00][-] 방어구 주머니,[FFA94D][Modyfikacja-Pancerz][-][dddd02][-][eeee00][-] Kieszeń na pancerzu,[FFA94D][Mod-Armadura][-][dddd02][-][eeee00][-] Modificação de bolso de armadura,[FFA94D][Мод-Броня][-][dddd02][-][eeee00][-] Модификация «Бронированная сумка»,[FFA94D][Mod-Zırh][-][dddd02][-][eeee00][-] Zırh Cep Modu,[FFA94D][模组-护甲][-][dddd02][-][eeee00][-] 护甲收纳口袋,[FFA94D][模組-護甲][-][dddd02][-][eeee00][-] 護甲收納袋
modArmorTripleStoragePocket,item_modifiers,Mod-Armor,,,,[FFA94D][Mod-Armor][-][dddd02][-][eeee00][-] Pocket x3,,[FFA94D][Mod-Rüstung][-][dddd02][-][eeee00][-] Dreifachtaschen-Mod für Rüstung,[FFA94D][Mod-Armadura][-][dddd02][-][eeee00][-] Modificación de bolsillo triple para armadura,[FFA94D][Mod-Armure][-][dddd02][-][eeee00][-] Modification de triple poche d'armure,[FFA94D][Mod-Armatura][-][dddd02][-][eeee00][-] Modifica della tripla tasca armatura,[FFA94D][MOD-アーマー][-][dddd02][-][eeee00][-] アーマートリプルポケット,[FFA94D][모드-방어구][-][dddd02][-][eeee00][-] 방어구 3배 주머니,[FFA94D][Modyfikacja-Pancerz][-][dddd02][-][eeee00][-] Trzykrotnie większa kieszeń na pancerzu,[FFA94D][Mod-Armadura][-][dddd02][-][eeee00][-] Modificação de bolso triplo de armadura,[FFA94D][Мод-Броня][-][dddd02][-][eeee00][-] Модификация «Тройная бронированная сумка»,[FFA94D][Mod-Zırh][-][dddd02][-][eeee00][-] Zırh Üç Kat Cep Modu,[FFA94D][模组-护甲][-][dddd02][-][eeee00][-] 护甲三收纳口袋,[FFA94D][模組-護甲][-][dddd02][-][eeee00][-] 護甲三層收納袋
modArmorWaterPurifier,item_modifiers,Mod-Armor,,,,[FFA94D][Mod-Armor][-][dddd01][-][eeee08][-] Water Purifier,,[FFA94D][Mod-Rüstung][-][dddd01][-][eeee08][-] Wasserreinigungs,[FFA94D][Mod-Armadura][-][dddd01][-][eeee08][-] Modificación de purificador de agua,[FFA94D][Mod-Armure][-][dddd01][-][eeee08][-] Modification de purificateur d'eau,[FFA94D][Mod-Armatura][-][dddd01][-][eeee08][-] Modifica del depuratore d'acqua,[FFA94D][MOD-アーマー][-][dddd01][-][eeee08][-] 浄水器,[FFA94D][모드-방어구][-][dddd01][-][eeee08][-] 정수기,[FFA94D][Modyfikacja-Pancerz][-][dddd01][-][eeee08][-] Oczyszczacz wody,[FFA94D][Mod-Armadura][-][dddd01][-][eeee08][-] Modificação de Purificador de Água,[FFA94D][Мод-Броня][-][dddd01][-][eeee08][-] Модификация «Очиститель воды»,[FFA94D][Mod-Zırh][-][dddd01][-][eeee08][-] Su Arıtma Modu,[FFA94D][模组-护甲][-][dddd01][-][eeee08][-] 净水器,[FFA94D][模組-護甲][-][dddd01][-][eeee08][-] 淨水器
modArmorQuadStoragePocket,item_modifiers,Mod-Armor,,,,[FFA94D][Mod-Armor][-][dddd02][-][eeee00][-] Pocket x4,,[FFA94D][Mod-Rüstung][-][dddd02][-][eeee00][-] Vierfachtaschen-Mod für Rüstung,[FFA94D][Mod-Armadura][-][dddd02][-][eeee00][-] Modificación de bolsillo cuádruple para armadura,[FFA94D][Mod-Armure][-][dddd02][-][eeee00][-] Modification de quadruple poche d'armure,[FFA94D][Mod-Armatura][-][dddd02][-][eeee00][-] Modifica della tasca quadrupla armatura,[FFA94D][MOD-アーマー][-][dddd02][-][eeee00][-] アーマークアッドポケット,[FFA94D][모드-방어구][-][dddd02][-][eeee00][-] 방어구 4배 주머니 모드,[FFA94D][Modyfikacja-Pancerz][-][dddd02][-][eeee00][-] Czterokrotnie większa kieszeń na pancerzu,[FFA94D][Mod-Armadura][-][dddd02][-][eeee00][-] Modificação de bolso quádruplo de armadura,[FFA94D][Мод-Броня][-][dddd02][-][eeee00][-] Модификация «Четверная бронированная сумка»,[FFA94D][Mod-Zırh][-][dddd02][-][eeee00][-] Zırh Dört Cep Modu,[FFA94D][模组-护甲][-][dddd02][-][eeee00][-] 护甲四收纳口袋,[FFA94D][模組-護甲][-][dddd02][-][eeee00][-] 護甲四層收納袋
modFuelTankLarge,item_modifiers,Mod,,,,[FFA94D][Mod][-][dddd09][-][eeee02][-] Large Tank,,[FFA94D][Mod][-][dddd09][-][eeee02][-] Großer-Motorwerkzeugtank,[FFA94D][Mod][-][dddd09][-][eeee02][-] Modificación de herramienta con motor de tanque grande,[FFA94D][Modification][-][dddd09][-][eeee02][-] Modification de grand réservoir d'outils motorisés,[FFA94D][Mod][-][dddd09][-][eeee02][-] Modifica del serbatoio dell'utensile a motore grande,[FFA94D][MOD][-][dddd09][-][eeee02][-] 動力ツール大容量タンク,[FFA94D][모드][-][dddd09][-][eeee02][-] 모터 도구 대형 탱크,"[FFA94D][Modyfikacja][-][dddd09][-][eeee02][-] Narzędzia spalinowe — duży zbiornik,",[FFA94D][Mod][-][dddd09][-][eeee02][-] Modificação de Ferramenta de Motor de Tanque Grande,[FFA94D][Модификация][-][dddd09][-][eeee02][-] Модификация «Большой бак бензоинструмента»,[FFA94D][Mod][-][dddd09][-][eeee02][-] Motorlu Alet Büyük Hazne Modu,[FFA94D][模组][-][dddd09][-][eeee02][-] 电动工具大油箱,[FFA94D][模組][-][dddd09][-][eeee02][-] 大電機工具箱
modFuelTankSmall,item_modifiers,Mod,,,,[FFA94D][Mod][-][dddd09][-][eeee01][-] Small Tank,,[FFA94D][Mod][-][dddd09][-][eeee01][-] Kleiner-Motorwerkzeugtank,[FFA94D][Mod][-][dddd09][-][eeee01][-] Modificación de herramienta con motor de tanque pequeño,[FFA94D][Modification][-][dddd09][-][eeee01][-] Modification de petit réservoir d'outils motorisés,[FFA94D][Mod][-][dddd09][-][eeee01][-] Modifica del serbatoio dell'utensile a motore piccolo,[FFA94D][MOD][-][dddd09][-][eeee01][-] 動力ツール小容量タンク,[FFA94D][모드][-][dddd09][-][eeee01][-] 모터 도구 소형 탱크,"[FFA94D][Modyfikacja][-][dddd09][-][eeee01][-] Narzędzia spalinowe — mały zbiornik,",[FFA94D][Mod][-][dddd09][-][eeee01][-] Modificação de Ferramenta de Motor de Tanque Pequena,[FFA94D][Модификация][-][dddd09][-][eeee01][-] Модификация «Малый бак бензоинструмента»,[FFA94D][Mod][-][dddd09][-][eeee01][-] Motorlu Alet Küçük Hazne Modu,[FFA94D][模组][-][dddd09][-][eeee01][-] 电动工具小油箱,[FFA94D][模組][-][dddd09][-][eeee01][-] 小電機工具箱
modGunBarrelExtender,item_modifiers,Mod,,,,"[FFA94D][Mod][-][dddd07][-][eeee01][-] Barrel, Extender",,[FFA94D][Mod][-][dddd07][-][eeee01][-] Vergrößerter-Gewehrlauf,[FFA94D][Mod][-][dddd07][-][eeee01][-] Modificación de ampliación de cañón,[FFA94D][Modification][-][dddd07][-][eeee01][-] Modification de prolongement de canon,[FFA94D][Mod][-][dddd07][-][eeee01][-] Modifica dell'espansione della canna,[FFA94D][MOD][-][dddd07][-][eeee01][-] バレル拡張,[FFA94D][모드][-][dddd07][-][eeee01][-] 총열 확장,[FFA94D][Modyfikacja][-][dddd07][-][eeee01][-] Przedłużenie lufy,[FFA94D][Mod][-][dddd07][-][eeee01][-] Modificação de Extensor de Cano,[FFA94D][Модификация][-][dddd07][-][eeee01][-] Модификация «Удлиненный ствол»,[FFA94D][Mod][-][dddd07][-][eeee01][-] Namlu Uzatıcı,[FFA94D][模组][-][dddd07][-][eeee01][-] 枪管延伸,[FFA94D][模組][-][dddd07][-][eeee01][-] 機槽
modGunBipod,item_modifiers,Mod,,,,[FFA94D][Mod][-][dddd05][-][eeee03][-] Bipod,,[FFA94D][Mod][-][dddd05][-][eeee03][-] Gewehrzweibein,[FFA94D][Mod][-][dddd05][-][eeee03][-] Modificación de estabilizador,[FFA94D][Modification][-][dddd05][-][eeee03][-] Modification de bipied,[FFA94D][Mod][-][dddd05][-][eeee03][-] Modifica del bipiede,[FFA94D][MOD][-][dddd05][-][eeee03][-] 二脚,[FFA94D][모드][-][dddd05][-][eeee03][-] 2각대,[FFA94D][Modyfikacja][-][dddd05][-][eeee03][-] Dwójnóg,[FFA94D][Mod][-][dddd05][-][eeee03][-] Modificação de Bipé,[FFA94D][Модификация][-][dddd05][-][eeee03][-] Модификация «Сошка»,[FFA94D][Mod][-][dddd05][-][eeee03][-] Çatal Ayak Modu,[FFA94D][模组][-][dddd05][-][eeee03][-] 双脚支架,[FFA94D][模組][-][dddd05][-][eeee03][-] 兩足支架
modGunBowArrowRest,item_modifiers,Mod,,,,[FFA94D][Mod][-][dddd05][-][eeee01][-] Arrow Rest,,[FFA94D][Mod][-][dddd05][-][eeee01][-] Pfeilauflage,[FFA94D][Mod][-][dddd05][-][eeee01][-] Modificación de apoyo para flecha,[FFA94D][Modification][-][dddd05][-][eeee01][-] Modification d'appuie-flèche,[FFA94D][Mod][-][dddd05][-][eeee01][-] Modifica dell'appoggiafreccia,[FFA94D][MOD][-][dddd05][-][eeee01][-] アローレスト,[FFA94D][모드][-][dddd05][-][eeee01][-] 화살 받침,[FFA94D][Modyfikacja][-][dddd05][-][eeee01][-] Podstawka pod strzałę,[FFA94D][Mod][-][dddd05][-][eeee01][-] Modificação de Apoio para Flechas,[FFA94D][Модификация][-][dddd05][-][eeee01][-] Модификация «Полка для стрельбы»,[FFA94D][Mod][-][dddd05][-][eeee01][-] Ok Yatağı Modu,[FFA94D][模组][-][dddd05][-][eeee01][-] 箭托,[FFA94D][模組][-][dddd05][-][eeee01][-] 箭託
modGunBowPolymerString,item_modifiers,Mod,,,,[FFA94D][Mod][-][dddd05][-][eeee02][-] Polymer String,,[FFA94D][Mod][-][dddd05][-][eeee02][-] Kunststoffsehne,[FFA94D][Mod][-][dddd05][-][eeee02][-] Modificación de cadena de polímeros,[FFA94D][Modification][-][dddd05][-][eeee02][-] Modification de ficelle en polymère,[FFA94D][Mod][-][dddd05][-][eeee02][-] Modifica della sequenza di polimeri,[FFA94D][MOD][-][dddd05][-][eeee02][-] ポリマーストリング,[FFA94D][모드][-][dddd05][-][eeee02][-] 중합체 끈,[FFA94D][Modyfikacja][-][dddd05][-][eeee02][-] Cięciwa z polimeru,[FFA94D][Mod][-][dddd05][-][eeee02][-] Modificação de Corda de Polímero,[FFA94D][Модификация][-][dddd05][-][eeee02][-] Модификация «Синтетическая тетива»,[FFA94D][Mod][-][dddd05][-][eeee02][-] Polimer İp Modu,[FFA94D][模组][-][dddd05][-][eeee02][-] 聚合物弓弦,[FFA94D][模組][-][dddd05][-][eeee02][-] 聚合綫
modGunChoke,item_modifiers,Mod,,,,"[FFA94D][Mod][-][dddd08][-][eeee01][-] Shotgun Barrel, Choke",,[FFA94D][Mod][-][dddd08][-][eeee01][-] Schrotflintendrossel,[FFA94D][Mod][-][dddd08][-][eeee01][-] Modificación estrangulador de escopeta,[FFA94D][Modification][-][dddd08][-][eeee01][-] Modification d'étranglement de fusil à pompe,[FFA94D][Mod][-][dddd08][-][eeee01][-] Modifica dello strozzatore per fucile,[FFA94D][MOD][-][dddd08][-][eeee01][-] ショットガンチョーク,[FFA94D][모드][-][dddd08][-][eeee01][-] 샷건 총구,[FFA94D][Modyfikacja][-][dddd08][-][eeee01][-] Czok strzelby,[FFA94D][Mod][-][dddd08][-][eeee01][-] Modificação de Estrangulador de Espingarda,[FFA94D][Модификация][-][dddd08][-][eeee01][-] Модификация «Чок для дробовика»,[FFA94D][Mod][-][dddd08][-][eeee01][-] Pompalı Tüfek Şok Modu,[FFA94D][模组][-][dddd08][-][eeee01][-] 霰弹枪喉缩,[FFA94D][模組][-][dddd08][-][eeee01][-] 散彈獵槍縮口
modGunCrippleEm,item_modifiers,Mod,,,,[FFA94D][Mod][-][dddd04][-][eeee01][-] Cripple 'Em,,[FFA94D][Mod][-][dddd04][-][eeee01][-] Lähm-sie,[FFA94D][Mod][-][dddd04][-][eeee01][-] Modificación mutílalos a todos,[FFA94D][Modification][-][dddd04][-][eeee01][-] Modification de paralysie,[FFA94D][Mod][-][dddd04][-][eeee01][-] Modifica dello zoppo,[FFA94D][MOD][-][dddd04][-][eeee01][-] 歩行困難化,[FFA94D][모드][-][dddd04][-][eeee01][-] 불구,[FFA94D][Modyfikacja][-][dddd04][-][eeee01][-] Stopostop,[FFA94D][Mod][-][dddd04][-][eeee01][-] Modificação Aleijadora,[FFA94D][Модификация][-][dddd04][-][eeee01][-] Модификация «Разрывные пули»,[FFA94D][Mod][-][dddd04][-][eeee01][-] Topal Modu,[FFA94D][模组][-][dddd04][-][eeee01][-] 致残,[FFA94D][模組][-][dddd04][-][eeee01][-] 瘸腿
modGunDrumMagazineExtender,item_modifiers,Mod,,,,[FFA94D][Mod][-][dddd05][-][eeee09][-] Drum Magazine,,[FFA94D][Mod][-][dddd05][-][eeee09][-] Trommelmagazin,[FFA94D][Mod][-][dddd05][-][eeee09][-] Modificación de tambor de cargador,[FFA94D][Modification][-][dddd05][-][eeee09][-] Modification de magasin camembert,[FFA94D][Mod][-][dddd05][-][eeee09][-] Modifica del caricatore a tamburo,[FFA94D][MOD][-][dddd05][-][eeee09][-] ドラム型弾倉,[FFA94D][모드][-][dddd05][-][eeee09][-] 드럼 탄창,[FFA94D][Modyfikacja][-][dddd05][-][eeee09][-] Magazynek bębnowy,[FFA94D][Mod][-][dddd05][-][eeee09][-] Modificação de Carregadores Cilíndricos,[FFA94D][Модификация][-][dddd05][-][eeee09][-] Модификация «Барабанный магазин»,[FFA94D][Mod][-][dddd05][-][eeee09][-] Tambur Şarjör Modu,[FFA94D][模组][-][dddd05][-][eeee09][-] 弹鼓,[FFA94D][模組][-][dddd05][-][eeee09][-] 彈鼓
modGunDuckbill,item_modifiers,Mod,,,,"[FFA94D][Mod][-][dddd08][-][eeee02][-] Shotgun Barrel, Duckbill",,[FFA94D][Mod][-][dddd08][-][eeee02][-] Schrotflinten-Entenschnabel,[FFA94D][Mod][-][dddd08][-][eeee02][-] Modificación estrangulador Duckbill de escopeta,[FFA94D][Modification][-][dddd08][-][eeee02][-] Modification de bec de canard de fusil à pompe,[FFA94D][Mod][-][dddd08][-][eeee02][-] Modifica del fucile ornitorinco,[FFA94D][MOD][-][dddd08][-][eeee02][-] ショットガンダックビル,[FFA94D][모드][-][dddd08][-][eeee02][-] 샷건 덕빌,[FFA94D][Modyfikacja][-][dddd08][-][eeee02][-] Duckbill strzelby,[FFA94D][Mod][-][dddd08][-][eeee02][-] Modificação de Estrangulador Bico de Pato de Espingarda,[FFA94D][Модификация][-][dddd08][-][eeee02][-] Модификация «Веерная дульная насадка»,[FFA94D][Mod][-][dddd08][-][eeee02][-] Pompalı Tüfek Duckbill Modu,[FFA94D][模组][-][dddd08][-][eeee02][-] 霰弹枪鸭嘴枪口,[FFA94D][模組][-][dddd08][-][eeee02][-] 散彈獵槍鴨嘴槍口
modGunFlashlight,item_modifiers,Mod,,,,[FFA94D][Mod][-][dddd05][-][eeee06][-] Weapon Flashlight,,[FFA94D][Mod][-][dddd05][-][eeee06][-] Waffen-Taschenlampe,[FFA94D][Mod][-][dddd05][-][eeee06][-] Modificación linterna de arma,[FFA94D][Modification][-][dddd05][-][eeee06][-] Modification de lampe d'arme,[FFA94D][Mod][-][dddd05][-][eeee06][-] Modifica della torcia per armi,[FFA94D][MOD][-][dddd05][-][eeee06][-] 武器用フラッシュライト,[FFA94D][모드][-][dddd05][-][eeee06][-] 무기 손전등,[FFA94D][Modyfikacja][-][dddd05][-][eeee06][-] Latarka do broni,[FFA94D][Mod][-][dddd05][-][eeee06][-] Modificação de Lanterna de Arma,[FFA94D][Модификация][-][dddd05][-][eeee06][-] Модификация «Тактический фонарь»,[FFA94D][Mod][-][dddd05][-][eeee06][-] Silah Feneri Modu,[FFA94D][模组][-][dddd05][-][eeee06][-] 武器照明,[FFA94D][模組][-][dddd05][-][eeee06][-] 武器閃光燈
modGunForegrip,item_modifiers,Mod,,,,[FFA94D][Mod][-][dddd05][-][eeee04][-] Fore Grip,,[FFA94D][Mod][-][dddd05][-][eeee04][-] Handgriff,[FFA94D][Mod][-][dddd05][-][eeee04][-] Modificación empuñadura frontal,[FFA94D][Modification][-][dddd05][-][eeee04][-] Modification de poignée,[FFA94D][Mod][-][dddd05][-][eeee04][-] Modifica della presa anteriore,[FFA94D][MOD][-][dddd05][-][eeee04][-] フォアグリップ,[FFA94D][모드][-][dddd05][-][eeee04][-] 전방 손잡이,[FFA94D][Modyfikacja][-][dddd05][-][eeee04][-] Uchwyt przedni,[FFA94D][Mod][-][dddd05][-][eeee04][-] Modificação de Empunhadura Frontal,[FFA94D][Модификация][-][dddd05][-][eeee04][-] Модификация «Передняя рукоятка»,[FFA94D][Mod][-][dddd05][-][eeee04][-] Önden Tutma Modu,[FFA94D][模组][-][dddd05][-][eeee04][-] 前握把,[FFA94D][模組][-][dddd05][-][eeee04][-] 握把
modGunLaserSight,item_modifiers,Mod,,,,[FFA94D][Mod][-][dddd05][-][eeee07][-] Laser Sight,,[FFA94D][Mod][-][dddd05][-][eeee07][-] Laser-Zielhilfe,[FFA94D][Mod][-][dddd05][-][eeee07][-] Modificación mira láser,[FFA94D][Modification][-][dddd05][-][eeee07][-] Modification de viseur laser,[FFA94D][Mod][-][dddd05][-][eeee07][-] Modifica del mirino laser,[FFA94D][MOD][-][dddd05][-][eeee07][-] レーザー照準,[FFA94D][모드][-][dddd05][-][eeee07][-] 레이저 조준기,[FFA94D][Modyfikacja][-][dddd05][-][eeee07][-] Celownik laserowy,[FFA94D][Mod][-][dddd05][-][eeee07][-] Modificação de Mira à Laser,[FFA94D][Модификация][-][dddd05][-][eeee07][-] Модификация «Лазерный целеуказатель»,[FFA94D][Mod][-][dddd05][-][eeee07][-] Lazerli Nişangâh Modu,[FFA94D][模组][-][dddd05][-][eeee07][-] 激光瞄准器,[FFA94D][模組][-][dddd05][-][eeee07][-] 激光瞄準器
modGunMagazineExtender,item_modifiers,Mod,,,,[FFA94D][Mod][-][dddd05][-][eeee08][-] Magazine Extender,,[FFA94D][Mod][-][dddd05][-][eeee08][-] Magazinvergrößerungs,[FFA94D][Mod][-][dddd05][-][eeee08][-] Modificación de ampliación de cargador,[FFA94D][Modification][-][dddd05][-][eeee08][-] Modification de magasin XXL,[FFA94D][Mod][-][dddd05][-][eeee08][-] Modifica dell'estensione del caricatore,[FFA94D][MOD][-][dddd05][-][eeee08][-] 弾倉拡張,[FFA94D][모드][-][dddd05][-][eeee08][-] 탄창 확장,[FFA94D][Modyfikacja][-][dddd05][-][eeee08][-] Przedłużenie magazynka,[FFA94D][Mod][-][dddd05][-][eeee08][-] Modificação de Extensor de Pente,[FFA94D][Модификация][-][dddd05][-][eeee08][-] Модификация «Увеличенный магазин»,[FFA94D][Mod][-][dddd05][-][eeee08][-] Şarjör Uzatıcı,[FFA94D][模组][-][dddd05][-][eeee08][-] 弹匣扩充,[FFA94D][模組][-][dddd05][-][eeee08][-] 彈藥擴展
modGunMeleeRadRemover,item_modifiers,Mod,,,,[FFA94D][Mod][-][dddd04][-][eeee02][-] Rad Remover,,[FFA94D][Mod][-][dddd04][-][eeee02][-] Strahlungsentferner,[FFA94D][Mod][-][dddd04][-][eeee02][-] Modificación eliminación de irradiados,[FFA94D][Modification][-][dddd04][-][eeee02][-] Modification d'élimination des radiations,[FFA94D][Mod][-][dddd04][-][eeee02][-] Modifica del togli-radiazioni,[FFA94D][MOD][-][dddd04][-][eeee02][-] 放射能除去装置,[FFA94D][모드][-][dddd04][-][eeee02][-] 방사능 제거,[FFA94D][Modyfikacja][-][dddd04][-][eeee02][-] Neutralizator promieniowania,[FFA94D][Mod][-][dddd04][-][eeee02][-] Modificação Remove-radiação,[FFA94D][Модификация][-][dddd04][-][eeee02][-] Модификация «Подавитель радиации»,[FFA94D][Mod][-][dddd04][-][eeee02][-] Radyasyon Yok Edici Modu,[FFA94D][模组][-][dddd04][-][eeee02][-] 辐射去除,[FFA94D][模組][-][dddd04][-][eeee02][-] 輻射去除劑
modGunMeleeTheHunter,item_modifiers,Mod,,,,[FFA94D][Mod][-][dddd04][-][eeee03][-] The Hunter,,[FFA94D][Mod][-][dddd04][-][eeee03][-] Die Jäger,[FFA94D][Mod][-][dddd04][-][eeee03][-] Modificación cazador,[FFA94D][Modification][-][dddd04][-][eeee03][-] Modification du chasseur,[FFA94D][Mod][-][dddd04][-][eeee03][-] Modifica del cacciatore,[FFA94D][MOD][-][dddd04][-][eeee03][-] ハンター,[FFA94D][모드][-][dddd04][-][eeee03][-] 사냥꾼,[FFA94D][Modyfikacja][-][dddd04][-][eeee03][-] Łowca,[FFA94D][Mod][-][dddd04][-][eeee03][-] Modificação O Caçador,[FFA94D][Модификация][-][dddd04][-][eeee03][-] Модификация «Охотник»,[FFA94D][Mod][-][dddd04][-][eeee03][-] Avcı Modu,[FFA94D][模组][-][dddd04][-][eeee03][-] 猎人,[FFA94D][模組][-][dddd04][-][eeee03][-] 獵人
modGunMuzzleBrake,item_modifiers,Mod,,,,"[FFA94D][Mod][-][dddd07][-][eeee02][-] Barrel, Muzzle Brake",,[FFA94D][Mod][-][dddd07][-][eeee02][-] Mündungsbremse,[FFA94D][Mod][-][dddd07][-][eeee02][-] Modificación freno de mordaza,[FFA94D][Modification][-][dddd07][-][eeee02][-] Modification de frein de bouche,[FFA94D][Mod][-][dddd07][-][eeee02][-] Modifica del compensatore,[FFA94D][MOD][-][dddd07][-][eeee02][-] マズルブレーキ,[FFA94D][모드][-][dddd07][-][eeee02][-] 소염기,[FFA94D][Modyfikacja][-][dddd07][-][eeee02][-] Hamulec wylotowy,[FFA94D][Mod][-][dddd07][-][eeee02][-] Modificação de Freio de Boca,[FFA94D][Модификация][-][dddd07][-][eeee02][-] Модификация «Дульный тормоз»,[FFA94D][Mod][-][dddd07][-][eeee02][-] Namlu Ağız Baskısı Modu,[FFA94D][模组][-][dddd07][-][eeee02][-] 枪口制动,[FFA94D][模組][-][dddd07][-][eeee02][-] 炮口制退器
modGunReflexSight,item_modifiers,Mod,,,,"[FFA94D][Mod][-][dddd06][-][eeee04][-] Scope, Reflex Sight",,[FFA94D][Mod][-][dddd06][-][eeee04][-] Reflexzielen,[FFA94D][Mod][-][dddd06][-][eeee04][-] Modificación mira holográfica,[FFA94D][Modification][-][dddd06][-][eeee04][-] Modification de viseur point rouge,[FFA94D][Mod][-][dddd06][-][eeee04][-] Modifica del mirino red dot,[FFA94D][MOD][-][dddd06][-][eeee04][-] リフレックス照準,[FFA94D][모드][-][dddd06][-][eeee04][-] 반사조준경,[FFA94D][Modyfikacja][-][dddd06][-][eeee04][-] Celownik kolimatorowy,[FFA94D][Mod][-][dddd06][-][eeee04][-] Modificação de Mira Reflexiva,[FFA94D][Модификация][-][dddd06][-][eeee04][-] Модификация «Коллиматорный прицел»,[FFA94D][Mod][-][dddd06][-][eeee04][-] Yansımalı Nişangâh Modu,[FFA94D][模组][-][dddd06][-][eeee04][-] 反射式瞄准镜,[FFA94D][模組][-][dddd06][-][eeee04][-] 反射式瞄準器
modGunRetractingStock,item_modifiers,Mod,,,,[FFA94D][Mod][-][dddd05][-][eeee05][-] Retracting Stock,,[FFA94D][Mod][-][dddd05][-][eeee05][-] Einziehbarer-Schaft,[FFA94D][Mod][-][dddd05][-][eeee05][-] Modificación culata retráctil,[FFA94D][Modification][-][dddd05][-][eeee05][-] Modification de crosse rétractable,[FFA94D][Mod][-][dddd05][-][eeee05][-] Modifica del calcio retrattile,[FFA94D][MOD][-][dddd05][-][eeee05][-] リトラクタブルストック,[FFA94D][모드][-][dddd05][-][eeee05][-] 수축식 개머리판,[FFA94D][Modyfikacja][-][dddd05][-][eeee05][-] Wysuwana kolba,[FFA94D][Mod][-][dddd05][-][eeee05][-] Modificação de Coronha Retrátil,[FFA94D][Модификация][-][dddd05][-][eeee05][-] Модификация «Складной приклад»,[FFA94D][Mod][-][dddd05][-][eeee05][-] Geri Çekilebilen Dipçik Modu,[FFA94D][模组][-][dddd05][-][eeee05][-] 收缩枪托,[FFA94D][模組][-][dddd05][-][eeee05][-] 伸縮式槍託
modGunScopeLarge,item_modifiers,Mod,,,,[FFA94D][Mod][-][dddd06][-][eeee03][-] Scope 8x,,[FFA94D][Mod][-][dddd06][-][eeee03][-] Sichtbereich-8x,[FFA94D][Mod][-][dddd06][-][eeee03][-] Modificación mira x8,[FFA94D][Modification][-][dddd06][-][eeee03][-] Modification de lunette x8,[FFA94D][Mod][-][dddd06][-][eeee03][-] Modifica del mirino 8x,[FFA94D][MOD][-][dddd06][-][eeee03][-] 8xスコープ,[FFA94D][모드][-][dddd06][-][eeee03][-] 8배 스코프,[FFA94D][Modyfikacja][-][dddd06][-][eeee03][-] Luneta 8x,[FFA94D][Mod][-][dddd06][-][eeee03][-] Modificação de Mira 8x,[FFA94D][Модификация][-][dddd06][-][eeee03][-] Модификация «8-кратный оптический прицел»,[FFA94D][Mod][-][dddd06][-][eeee03][-] Dürbün 8x Modu,[FFA94D][模组][-][dddd06][-][eeee03][-] 8倍镜,[FFA94D][模組][-][dddd06][-][eeee03][-] 瞄準 8x
modGunScopeMedium,item_modifiers,Mod,,,,[FFA94D][Mod][-][dddd06][-][eeee02][-] Scope 4x,,[FFA94D][Mod][-][dddd06][-][eeee02][-] Sichtbereich-4x,[FFA94D][Mod][-][dddd06][-][eeee02][-] Modificación mira x4,[FFA94D][Modification][-][dddd06][-][eeee02][-] Modification de lunette x4,[FFA94D][Mod][-][dddd06][-][eeee02][-] Modifica del mirino 4x,[FFA94D][MOD][-][dddd06][-][eeee02][-] 4xスコープ,[FFA94D][모드][-][dddd06][-][eeee02][-] 4배 스코프,[FFA94D][Modyfikacja][-][dddd06][-][eeee02][-] Luneta 4x,[FFA94D][Mod][-][dddd06][-][eeee02][-] Modificação de Mira 4x,[FFA94D][Модификация][-][dddd06][-][eeee02][-] Модификация «4-кратный оптический прицел»,[FFA94D][Mod][-][dddd06][-][eeee02][-] Dürbün 4x Modu,[FFA94D][模组][-][dddd06][-][eeee02][-] 4倍镜,[FFA94D][模組][-][dddd06][-][eeee02][-] 瞄準 4x
modGunScopeSmall,item_modifiers,Mod,,,,[FFA94D][Mod][-][dddd06][-][eeee01][-] Scope 2x,,[FFA94D][Mod][-][dddd06][-][eeee01][-] Sichtbereich-2x,[FFA94D][Mod][-][dddd06][-][eeee01][-] Modificación mira x2,[FFA94D][Modification][-][dddd06][-][eeee01][-] Modification de lunette x2,[FFA94D][Mod][-][dddd06][-][eeee01][-] Modifica del mirino 2x,[FFA94D][MOD][-][dddd06][-][eeee01][-] 2xスコープ,[FFA94D][모드][-][dddd06][-][eeee01][-] 2배 스코프,[FFA94D][Modyfikacja][-][dddd06][-][eeee01][-] Luneta 2x,[FFA94D][Mod][-][dddd06][-][eeee01][-] Modificação de Mira 2x,[FFA94D][Модификация][-][dddd06][-][eeee01][-] Модификация «2-кратный оптический прицел»,[FFA94D][Mod][-][dddd06][-][eeee01][-] Dürbün 2x Modu,[FFA94D][模组][-][dddd06][-][eeee01][-] 2倍镜,[FFA94D][模組][-][dddd06][-][eeee01][-] 瞄準 2x
modGunShotgunTubeExtenderMagazine,item_modifiers,Mod,,,,[FFA94D][Mod][-][dddd08][-][eeee04][-] Shotgun Tube Extender,,[FFA94D][Mod][-][dddd08][-][eeee04][-] Schrotflintenmagazinvergrößerungs,[FFA94D][Mod][-][dddd08][-][eeee04][-] Modificación ampliación del tubo de escopeta,[FFA94D][Modification][-][dddd08][-][eeee04][-] Modification de culasse de fusil à pompe XXL,[FFA94D][Mod][-][dddd08][-][eeee04][-] Modifica dell'estensione tubolare dei fucili,[FFA94D][MOD][-][dddd08][-][eeee04][-] チューブ拡張ショットガン,[FFA94D][모드][-][dddd08][-][eeee04][-] 샷건 튜브 확장,[FFA94D][Modyfikacja][-][dddd08][-][eeee04][-] Przedłużenie magazynka strzelby,[FFA94D][Mod][-][dddd08][-][eeee04][-] Modificação de Extensor de Tubo de Espingarda,[FFA94D][Модификация][-][dddd08][-][eeee04][-] Модификация ствола «Увеличенный магазин»,[FFA94D][Mod][-][dddd08][-][eeee04][-] Pompalı Tüfek Tüpü Uzatıcı,[FFA94D][模组][-][dddd08][-][eeee04][-] 霰弹枪管扩充,[FFA94D][模組][-][dddd08][-][eeee04][-] 散彈獵槍身管擴展
modGunSoundSuppressorSilencer,item_modifiers,Mod,,,,"[FFA94D][Mod][-][dddd07][-][eeee03][-] Barrel, Silencer",,[FFA94D][Mod][-][dddd07][-][eeee03][-] Schalldämpfer,[FFA94D][Mod][-][dddd07][-][eeee03][-] Modificación silenciador,[FFA94D][Modification][-][dddd07][-][eeee03][-] Modification de silencieux,[FFA94D][Mod][-][dddd07][-][eeee03][-] Modifica del silenziatore,[FFA94D][MOD][-][dddd07][-][eeee03][-] サイレンサー,[FFA94D][모드][-][dddd07][-][eeee03][-] 소음기,[FFA94D][Modyfikacja][-][dddd07][-][eeee03][-] Tłumik,[FFA94D][Mod][-][dddd07][-][eeee03][-] Modificação de Silenciador,[FFA94D][Модификация][-][dddd07][-][eeee03][-] Модификация «Глушитель»,[FFA94D][Mod][-][dddd07][-][eeee03][-] Susturucu Modu,[FFA94D][模组][-][dddd07][-][eeee03][-] 消声器,[FFA94D][模組][-][dddd07][-][eeee03][-] 消音器
modGunTriggerGroupAutomatic,item_modifiers,Mod,,,,[FFA94D][Mod][-][dddd05][-][eeee10][-] Trigger Group: Full Auto,,[FFA94D][Mod][-][dddd05][-][eeee10][-] Auslösergruppe: Vollautomatik,[FFA94D][Mod][-][dddd05][-][eeee10][-] Conjunto del gatillo: Modificación todo automático,[FFA94D][Modification][-][dddd05][-][eeee10][-] Corps de la gâchette : modification automatique,[FFA94D][Mod][-][dddd05][-][eeee10][-] Gruppo scatto: Modifica delle armi automatiche,[FFA94D][MOD][-][dddd05][-][eeee10][-] 引き金式武器グループ:フルオート,[FFA94D][모드][-][dddd05][-][eeee10][-] 방아쇠 그룹: 완전 자동 모드,[FFA94D][Modyfikacja][-][dddd05][-][eeee10][-] Mechanizm spustowy: W pełni automatyczny,[FFA94D][Mod][-][dddd05][-][eeee10][-] Classe de Gatilho: Modificação de Modo Automático Total,[FFA94D][Модификация][-][dddd05][-][eeee10][-] Спусковой механизм: Модификация «Автоматический»,[FFA94D][Mod][-][dddd05][-][eeee10][-] Tetik Grubu: Tam Otomatik,[FFA94D][模组][-][dddd05][-][eeee10][-] 触发器组：全自动,[FFA94D][模組][-][dddd05][-][eeee10][-] 扳機集合：全自動
modGunTriggerGroupBurst3,item_modifiers,Mod,,,,[FFA94D][Mod][-][dddd05][-][eeee11][-] Trigger Group: Burst,,[FFA94D][Mod][-][dddd05][-][eeee11][-] Auslösergruppe: Feuerstoß,[FFA94D][Mod][-][dddd05][-][eeee11][-] Conjunto del gatillo: Modificación ráfagas,[FFA94D][Modification][-][dddd05][-][eeee11][-] Corps de la gâchette : modification rafale,[FFA94D][Mod][-][dddd05][-][eeee11][-] Gruppo scatto: Modifica della raffica,[FFA94D][MOD][-][dddd05][-][eeee11][-] 引き金式武器グループ:バースト,[FFA94D][모드][-][dddd05][-][eeee11][-] 방아쇠 그룹: 파열,[FFA94D][Modyfikacja][-][dddd05][-][eeee11][-] Mechanizm spustowy: Seryjny,[FFA94D][Mod][-][dddd05][-][eeee11][-] Classe de Gatilho: Modificação de Explosão,[FFA94D][Модификация][-][dddd05][-][eeee11][-] Спусковой механизм: Модификация «Очередь с отсечкой»,[FFA94D][Mod][-][dddd05][-][eeee11][-] Tetik Grubu: Seri Atış Modu,[FFA94D][模组][-][dddd05][-][eeee11][-] 触发器组：三发点放,[FFA94D][模組][-][dddd05][-][eeee11][-] 扳機集合：點射
modGunTriggerGroupSemi,item_modifiers,Mod,,,,[FFA94D][Mod][-][dddd05][-][eeee12][-] Trigger Group: Semi,,[FFA94D][Mod][-][dddd05][-][eeee12][-] Auslösergruppe: Halbautomatik,[FFA94D][Mod][-][dddd05][-][eeee12][-] Conjunto del gatillo: Modificación semi,[FFA94D][Modification][-][dddd05][-][eeee12][-] Corps de la gâchette : modification semi-automatique,[FFA94D][Mod][-][dddd05][-][eeee12][-] Gruppo scatto: Modifica delle armi semiautomatiche,[FFA94D][MOD][-][dddd05][-][eeee12][-] 引き金式武器グループ:セミ,[FFA94D][모드][-][dddd05][-][eeee12][-] 방아쇠 그룹: 반자동,[FFA94D][Modyfikacja][-][dddd05][-][eeee12][-] Mechanizm spustowy: Półautomatyczny,[FFA94D][Mod][-][dddd05][-][eeee12][-] Classe de Gatilho: Modificação de Modo Semiautomático,[FFA94D][Модификация][-][dddd05][-][eeee12][-] Спусковой механизм: Модификация «Полуавтоматический»,[FFA94D][Mod][-][dddd05][-][eeee12][-] Tetik Grubu: Yarı Otomatik Modu,[FFA94D][模组][-][dddd05][-][eeee12][-] 触发器组：半自动,[FFA94D][模組][-][dddd05][-][eeee12][-] 扳機集合：半自動
modMeleeBunkerBuster,item_modifiers,Mod,,,,[FFA94D][Mod][-][dddd02][-][eeee05][-] Bunker Buster,,[FFA94D][Mod][-][dddd02][-][eeee05][-] Bunkerknacker,[FFA94D][Mod][-][dddd02][-][eeee05][-] Modificación destrucción de búnkeres,[FFA94D][Modification][-][dddd02][-][eeee05][-] Modification de concasseur,[FFA94D][Mod][-][dddd02][-][eeee05][-] Modifica della punta dorata,[FFA94D][MOD][-][dddd02][-][eeee05][-] バンカーバスター,[FFA94D][모드][-][dddd02][-][eeee05][-] 벙커 버스터,[FFA94D][Modyfikacja][-][dddd02][-][eeee05][-] Niszczyciel bunkrów,[FFA94D][Mod][-][dddd02][-][eeee05][-] Modificação de Antibunker,[FFA94D][Модификация][-][dddd02][-][eeee05][-] Модификация «Подрывник»,[FFA94D][Mod][-][dddd02][-][eeee05][-] Sığınak Patlatıcı,[FFA94D][模组][-][dddd02][-][eeee05][-] 掩体炸弹,[FFA94D][模組][-][dddd02][-][eeee05][-] 掩體炸彈
modMeleeClubBarbedWire,item_modifiers,Mod,,,,"[FFA94D][Mod][-][dddd03][-][eeee01][-] Club, Barbed Wire",,[FFA94D][Mod][-][dddd03][-][eeee01][-] Stacheldraht,[FFA94D][Mod][-][dddd03][-][eeee01][-] Modificación cable con pinchos,[FFA94D][Modification][-][dddd03][-][eeee01][-] Modification de barbelé,[FFA94D][Mod][-][dddd03][-][eeee01][-] Modifica del filo spinato,[FFA94D][MOD][-][dddd03][-][eeee01][-] 有刺鉄線,[FFA94D][모드][-][dddd03][-][eeee01][-] 가시철사,[FFA94D][Modyfikacja][-][dddd03][-][eeee01][-] Drut kolczasty,[FFA94D][Mod][-][dddd03][-][eeee01][-] Modificação de Arame Farpado,[FFA94D][Модификация][-][dddd03][-][eeee01][-] Модификация «Колючая проволока»,[FFA94D][Mod][-][dddd03][-][eeee01][-] Dikenli Tel Modu,[FFA94D][模组][-][dddd03][-][eeee01][-] 铁丝网,[FFA94D][模組][-][dddd03][-][eeee01][-] 帶刺鐵絲網
modMeleeClubBurningShaft,item_modifiers,Mod,,,,[FFA94D][Mod][-][dddd01][-][eeee01][-] Burning Shaft,,[FFA94D][Mod][-][dddd01][-][eeee01][-] Brennender-Schaft,[FFA94D][Mod][-][dddd01][-][eeee01][-] Modificación pozo de combustión,[FFA94D][Modification][-][dddd01][-][eeee01][-] Modification de tige enflammée,[FFA94D][Mod][-][dddd01][-][eeee01][-] Modifica dell'asta incandescente,[FFA94D][MOD][-][dddd01][-][eeee01][-] バーニングシャフト,[FFA94D][모드][-][dddd01][-][eeee01][-] 화염 자루,[FFA94D][Modyfikacja][-][dddd01][-][eeee01][-] Płonący drąg,[FFA94D][Mod][-][dddd01][-][eeee01][-] Modificação de Setas Flamejantes,[FFA94D][Модификация][-][dddd01][-][eeee01][-] Модификация «Пылающий прут»,[FFA94D][Mod][-][dddd01][-][eeee01][-] Yanan Değnek Modu,[FFA94D][模组][-][dddd01][-][eeee01][-] 燃烧杆,[FFA94D][模組][-][dddd01][-][eeee01][-] 燃燒桿
modMeleeClubMetalChain,item_modifiers,Mod,,,,"[FFA94D][Mod][-][dddd03][-][eeee02][-] Club, Metal Chain",,[FFA94D][Mod][-][dddd03][-][eeee02][-] Metallketten,[FFA94D][Mod][-][dddd03][-][eeee02][-] Modificación cadena de metal,[FFA94D][Modification][-][dddd03][-][eeee02][-] Modification de chaîne en métal,[FFA94D][Mod][-][dddd03][-][eeee02][-] Modifica della catena di metallo,[FFA94D][MOD][-][dddd03][-][eeee02][-] メタルチェーン,[FFA94D][모드][-][dddd03][-][eeee02][-] 금속 체인,[FFA94D][Modyfikacja][-][dddd03][-][eeee02][-] Metalowy łańcuch,[FFA94D][Mod][-][dddd03][-][eeee02][-] Modificação de Corrente de Metal,[FFA94D][Модификация][-][dddd03][-][eeee02][-] Модификация «Стальная цепь»,[FFA94D][Mod][-][dddd03][-][eeee02][-] Metal Zincir Modu,[FFA94D][模组][-][dddd03][-][eeee02][-] 金属链,[FFA94D][模組][-][dddd03][-][eeee02][-] 金屬鏈
modMeleeClubMetalSpikes,item_modifiers,Mod,,,,"[FFA94D][Mod][-][dddd03][-][eeee03][-] Club, Metal Spikes",,[FFA94D][Mod][-][dddd03][-][eeee03][-] Metallstachel,[FFA94D][Mod][-][dddd03][-][eeee03][-] Modificación pinchos de metal,[FFA94D][Modification][-][dddd03][-][eeee03][-] Modification de piques en métal,[FFA94D][Mod][-][dddd03][-][eeee03][-] Modifica degli spuntoni di metallo,[FFA94D][MOD][-][dddd03][-][eeee03][-] メタルスパイク,[FFA94D][모드][-][dddd03][-][eeee03][-] 금속 스파이크,[FFA94D][Modyfikacja][-][dddd03][-][eeee03][-] Metalowe kolce,[FFA94D][Mod][-][dddd03][-][eeee03][-] Modificação de Cravos de Metal,[FFA94D][Модификация][-][dddd03][-][eeee03][-] Модификация «Металлические шипы»,[FFA94D][Mod][-][dddd03][-][eeee03][-] Metal Diken Modu,[FFA94D][模组][-][dddd03][-][eeee03][-] 金属长钉,[FFA94D][模組][-][dddd03][-][eeee03][-] 金屬釘
modMeleeDiamondTip,item_modifiers,Mod,,,,[FFA94D][Mod][-][dddd01][-][eeee04][-] Diamond Blade Tip,,[FFA94D][Mod][-][dddd01][-][eeee04][-] Diamantenspitzenklinge,[FFA94D][Mod][-][dddd01][-][eeee04][-] Modificación punta de hoja de diamante,[FFA94D][Modification][-][dddd01][-][eeee04][-] Modification de lame à pointe en diamant,[FFA94D][Mod][-][dddd01][-][eeee04][-] Modifica della punta affilata di diamante,[FFA94D][MOD][-][dddd01][-][eeee04][-] ダイヤモンドブレードチップ,[FFA94D][모드][-][dddd01][-][eeee04][-] 다이아몬드 칼날 끝,[FFA94D][Modyfikacja][-][dddd01][-][eeee04][-] Diamentowa powłoka końcówki,[FFA94D][Mod][-][dddd01][-][eeee04][-] Modificação de Ponta de Lâmina de Diamante,[FFA94D][Модификация][-][dddd01][-][eeee04][-] Модификация «Алмазное напыление»,[FFA94D][Mod][-][dddd01][-][eeee04][-] Kesici Elmas Uç Modu,[FFA94D][模组][-][dddd01][-][eeee04][-] 金刚石刀刃,[FFA94D][模組][-][dddd01][-][eeee04][-] 鑽石刃尖
modMeleeErgonomicGrip,item_modifiers,Mod,,,,[FFA94D][Mod][-][dddd01][-][eeee06][-] Ergonomic Grip,,[FFA94D][Mod][-][dddd01][-][eeee06][-] Ergonomischer-Griff,[FFA94D][Mod][-][dddd01][-][eeee06][-] Modificación de empuñadura ergonómica,[FFA94D][Modification][-][dddd01][-][eeee06][-] Modification de poignée ergonomique,[FFA94D][Mod][-][dddd01][-][eeee06][-] Modifica della presa ergonomica,[FFA94D][MOD][-][dddd01][-][eeee06][-] エルゴグリップ,[FFA94D][모드][-][dddd01][-][eeee06][-] 인체 공학 손잡이,[FFA94D][Modyfikacja][-][dddd01][-][eeee06][-] Ergonomiczny uchwyt,[FFA94D][Mod][-][dddd01][-][eeee06][-] Modificação de Empunhadura Ergonômica,[FFA94D][Модификация][-][dddd01][-][eeee06][-] Модификация «Эргономичная рукоять»,[FFA94D][Mod][-][dddd01][-][eeee06][-] Ergonomik Tutuş Modu,[FFA94D][模组][-][dddd01][-][eeee06][-] 人体工学握把,[FFA94D][模組][-][dddd01][-][eeee06][-] 符合人體工程學的握把
modMeleeFiremansAxeMod,item_modifiers,Mod,,,,[FFA94D][Mod][-][dddd02][-][eeee02][-] Fireman's Axe,,[FFA94D][Mod][-][dddd02][-][eeee02][-] Feuerwehraxt,[FFA94D][Mod][-][dddd02][-][eeee02][-] Modificación de hacha de bombero,[FFA94D][Modification][-][dddd02][-][eeee02][-] Modification de hache de pompier,[FFA94D][Mod][-][dddd02][-][eeee02][-] Modifica dell'ascia del pompiere,[FFA94D][MOD][-][dddd02][-][eeee02][-] 消防士の斧,[FFA94D][모드][-][dddd02][-][eeee02][-] 소방관의 도끼,[FFA94D][Modyfikacja][-][dddd02][-][eeee02][-] Lepsza siekiera strażacka,[FFA94D][Mod][-][dddd02][-][eeee02][-] Modificação de Machado de Bombeiro,[FFA94D][Модификация][-][dddd02][-][eeee02][-] Модификация «Пожарный топор»,[FFA94D][Mod][-][dddd02][-][eeee02][-] İtfaiyeci Baltası Modu,[FFA94D][模组][-][dddd02][-][eeee02][-] 消防斧,[FFA94D][模組][-][dddd02][-][eeee02][-] 消防員之斧
modMeleeFortifyingGrip,item_modifiers,Mod,,,,[FFA94D][Mod][-][dddd01][-][eeee07][-] Fortifying Grip,,[FFA94D][Mod][-][dddd01][-][eeee07][-] Bekräftigender-Griff,[FFA94D][Mod][-][dddd01][-][eeee07][-] Modificación empuñadura robusta,[FFA94D][Modification][-][dddd01][-][eeee07][-] Modification de poignée revigorante,[FFA94D][Mod][-][dddd01][-][eeee07][-] Modifica della presa vigorosa,[FFA94D][MOD][-][dddd01][-][eeee07][-] 防備グリップ,[FFA94D][모드][-][dddd01][-][eeee07][-] 강화 손잡이,[FFA94D][Modyfikacja][-][dddd01][-][eeee07][-] Wzmacniający uchwyt,[FFA94D][Mod][-][dddd01][-][eeee07][-] Modificação de Empunhadura Fortificante,[FFA94D][Модификация][-][dddd01][-][eeee07][-] Модификация «Усиленная рукоять»,[FFA94D][Mod][-][dddd01][-][eeee07][-] Güçlü Tutma Modu,[FFA94D][模组][-][dddd01][-][eeee07][-] 强化握把,[FFA94D][模組][-][dddd01][-][eeee07][-] 強化握把
modMeleeGraveDigger,item_modifiers,Mod,,,,[FFA94D][Mod][-][dddd02][-][eeee04][-] Grave Digger,,[FFA94D][Mod][-][dddd02][-][eeee04][-] Totengräber,[FFA94D][Mod][-][dddd02][-][eeee04][-] Modificación enterrador,[FFA94D][Modification][-][dddd02][-][eeee04][-] Modification du fossoyeur,[FFA94D][Mod][-][dddd02][-][eeee04][-] Modifica del necroforo,[FFA94D][MOD][-][dddd02][-][eeee04][-] 墓守,[FFA94D][모드][-][dddd02][-][eeee04][-] 무덤 굴착,[FFA94D][Modyfikacja][-][dddd02][-][eeee04][-] Grabarz,[FFA94D][Mod][-][dddd02][-][eeee04][-] Modificação Cava-tumbas,[FFA94D][Модификация][-][dddd02][-][eeee04][-] Модификация «Расхититель могил»,[FFA94D][Mod][-][dddd02][-][eeee04][-] Mezar Kazıcı Modu,[FFA94D][模组][-][dddd02][-][eeee04][-] 掘墓者,[FFA94D][模組][-][dddd02][-][eeee04][-] 盜墓者
modMeleeIronBreaker,item_modifiers,Mod,,,,[FFA94D][Mod][-][dddd02][-][eeee06][-] Iron Breaker,,[FFA94D][Mod][-][dddd02][-][eeee06][-] Eisenbrecher,[FFA94D][Mod][-][dddd02][-][eeee06][-] Modificación rompehierros,[FFA94D][Modification][-][dddd02][-][eeee06][-] Modification du brise-fer,[FFA94D][Mod][-][dddd02][-][eeee06][-] Modifica dello spaccaferro,[FFA94D][MOD][-][dddd02][-][eeee06][-] アイアンブレーカー,[FFA94D][모드][-][dddd02][-][eeee06][-] 강철제 브레이커,[FFA94D][Modyfikacja][-][dddd02][-][eeee06][-] Żelazołamacz,[FFA94D][Mod][-][dddd02][-][eeee06][-] Modificação Quebra-ferro,[FFA94D][Модификация][-][dddd02][-][eeee06][-] Модификация «Железолом»,[FFA94D][Mod][-][dddd02][-][eeee06][-] Demir Kırıcı Modu,[FFA94D][模组][-][dddd02][-][eeee06][-] 铁见愁,[FFA94D][模組][-][dddd02][-][eeee06][-] 碎鐵戰士
modMeleeSerratedBlade,item_modifiers,Mod,,,,[FFA94D][Mod][-][dddd01][-][eeee05][-] Serrated Blade,,[FFA94D][Mod][-][dddd01][-][eeee05][-] Gezähnte-Klinge,[FFA94D][Mod][-][dddd01][-][eeee05][-] Modificación hoja dentada,[FFA94D][Modification][-][dddd01][-][eeee05][-] Modification de lame en dents de scie,[FFA94D][Mod][-][dddd01][-][eeee05][-] Modifica della lama seghettata,[FFA94D][MOD][-][dddd01][-][eeee05][-] ノコギリブレード,[FFA94D][모드][-][dddd01][-][eeee05][-] 톱날,[FFA94D][Modyfikacja][-][dddd01][-][eeee05][-] Ząbkowane ostrze,[FFA94D][Mod][-][dddd01][-][eeee05][-] Modificação de Lâmina Serrilhada,[FFA94D][Модификация][-][dddd01][-][eeee05][-] Модификация «Зазубренное лезвие»,[FFA94D][Mod][-][dddd01][-][eeee05][-] Dişli Kılıç Modu,[FFA94D][模组][-][dddd01][-][eeee05][-] 锯齿刀片,[FFA94D][模組][-][dddd01][-][eeee05][-] 鋸齒利刃
modMeleeStructuralBrace,item_modifiers,Mod,,,,[FFA94D][Mod][-][dddd01][-][eeee03][-] Structural Brace,,[FFA94D][Mod][-][dddd01][-][eeee03][-] Strukturelle-Klammer,[FFA94D][Mod][-][dddd01][-][eeee03][-] Modificación soporte estructural,[FFA94D][Modification][-][dddd01][-][eeee03][-] Modification de structure renforcée,[FFA94D][Mod][-][dddd01][-][eeee03][-] Modifica del tutore strutturale,[FFA94D][MOD][-][dddd01][-][eeee03][-] 構造ブレース,[FFA94D][모드][-][dddd01][-][eeee03][-] 구조적 죔쇠,[FFA94D][Modyfikacja][-][dddd01][-][eeee03][-] Wzmocnienie struktury,[FFA94D][Mod][-][dddd01][-][eeee03][-] Modificação de Braçadeira de Estrutura,[FFA94D][Модификация][-][dddd01][-][eeee03][-] Модификация «Конструктивное усиление»,[FFA94D][Mod][-][dddd01][-][eeee03][-] İnşaat Teli Modu,[FFA94D][模组][-][dddd01][-][eeee03][-] 结构支撑,[FFA94D][模組][-][dddd01][-][eeee03][-] 結構支撐
modMeleeStunBatonRepulsor,item_modifiers,Mod,,,,[FFA94D][Mod][-][dddd04][-][eeee04][-] Stun Baton Repulsor,,[FFA94D][Mod][-][dddd04][-][eeee04][-] Schockstab-Repulsor,[FFA94D][Mod][-][dddd04][-][eeee04][-] Modificación de repulsor de porra de aturdimiento,[FFA94D][Modification][-][dddd04][-][eeee04][-] Modification de répulseur de matraque électrique,[FFA94D][Mod][-][dddd04][-][eeee04][-] Modalità Respingitore per manganello elettrico.,[FFA94D][MOD][-][dddd04][-][eeee04][-] スタンバトンリパルサー,[FFA94D][모드][-][dddd04][-][eeee04][-] 스턴 배턴 리펄서,"[FFA94D][Modyfikacja][-][dddd04][-][eeee04][-] Paralizator — repulsor,",[FFA94D][Mod][-][dddd04][-][eeee04][-] Modificação de repelente de cassetete atordoante,[FFA94D][Модификация][-][dddd04][-][eeee04][-] Модификация «Репульсор оглушающего жезла»,[FFA94D][Mod][-][dddd04][-][eeee04][-] Elektroşok Cihazı Geri Püskürtücü Modu,[FFA94D][模组][-][dddd04][-][eeee04][-] 电击棒冲击波,[FFA94D][模組][-][dddd04][-][eeee04][-] 致暈棍衝擊波部件
modMeleeTemperedBlade,item_modifiers,Mod,,,,[FFA94D][Mod][-][dddd02][-][eeee03][-] Tempered Blade,,[FFA94D][Mod][-][dddd02][-][eeee03][-] Temperierte-Klinge,[FFA94D][Mod][-][dddd02][-][eeee03][-] Modificación hoja templada,[FFA94D][Modification][-][dddd02][-][eeee03][-] Modification de lame trempée,[FFA94D][Mod][-][dddd02][-][eeee03][-] Modifica della lama temperata,[FFA94D][MOD][-][dddd02][-][eeee03][-] 焼き入れブレード,[FFA94D][모드][-][dddd02][-][eeee03][-] 강화 칼날,[FFA94D][Modyfikacja][-][dddd02][-][eeee03][-] Hartowane ostrze,[FFA94D][Mod][-][dddd02][-][eeee03][-] Modificação de Lâmina Temperada,[FFA94D][Модификация][-][dddd02][-][eeee03][-] Модификация «Закаленная сталь»,[FFA94D][Mod][-][dddd02][-][eeee03][-] Tavlı Kılıç Modu,[FFA94D][模组][-][dddd02][-][eeee03][-] 钢化刀片,[FFA94D][模組][-][dddd02][-][eeee03][-] 強化刀片
modMeleeWeightedHead,item_modifiers,Mod,,,,[FFA94D][Mod][-][dddd01][-][eeee02][-] Weighted Head,,[FFA94D][Mod][-][dddd01][-][eeee02][-] Beschwerter-Kopf,[FFA94D][Mod][-][dddd01][-][eeee02][-] Modificación cabeza ponderada,[FFA94D][Modification][-][dddd01][-][eeee02][-] Modification de tête lestée,[FFA94D][Mod][-][dddd01][-][eeee02][-] Modifica della testa appesantita,[FFA94D][MOD][-][dddd01][-][eeee02][-] おもりヘッド,[FFA94D][모드][-][dddd01][-][eeee02][-] 무거운 헤드,[FFA94D][Modyfikacja][-][dddd01][-][eeee02][-] Wyważona głownia,[FFA94D][Mod][-][dddd01][-][eeee02][-] Modificação Cabeça Pesada,[FFA94D][Модификация][-][dddd01][-][eeee02][-] Модификация «Утяжелитель»,[FFA94D][Mod][-][dddd01][-][eeee02][-] Ağır Topuz Modu,[FFA94D][模组][-][dddd01][-][eeee02][-] 重头,[FFA94D][模組][-][dddd01][-][eeee02][-] 頭部加重
modMeleeWoodSplitter,item_modifiers,Mod,,,,[FFA94D][Mod][-][dddd02][-][eeee01][-] Wood Splitter,,[FFA94D][Mod][-][dddd02][-][eeee01][-] Holzsplitter,[FFA94D][Mod][-][dddd02][-][eeee01][-] Modificación cortamaderas,[FFA94D][Modification][-][dddd02][-][eeee01][-] Modification de fendeur,[FFA94D][Mod][-][dddd02][-][eeee01][-] Modifica dello spaccalegna,[FFA94D][MOD][-][dddd02][-][eeee01][-] ウッドスプリッター,[FFA94D][모드][-][dddd02][-][eeee01][-] 목재 절삭기,[FFA94D][Modyfikacja][-][dddd02][-][eeee01][-] Rozłupywarka drewna — schemat,[FFA94D][Mod][-][dddd02][-][eeee01][-] Modificação Racha Madeira,[FFA94D][Модификация][-][dddd02][-][eeee01][-] Модификация «Колун»,[FFA94D][Mod][-][dddd02][-][eeee01][-] Tahta Bölücü Modu,[FFA94D][模组][-][dddd02][-][eeee01][-] 劈木,[FFA94D][模組][-][dddd02][-][eeee01][-] 伐木機
modRoboticDroneArmorPlatingMod,item_modifiers,Mod-Drone,,,,[FFA94D][Mod-Drone][-] Armor Plating,,[FFA94D][Mod-Drohne][-] Robotik-Drohne-Panzerplatten,[FFA94D][Mod-Dron][-] Modificación de placas de armaduras de dron robótico,[FFA94D][Mod-Drone][-] Modification de blindage d'armure pour drone robotique,[FFA94D][Mod-Drone][-] Modifica piastre per armatura Drone robotico,[FFA94D][MOD-ドローン][-] ロボットドローンアーマープレーティング,[FFA94D][모드-드론][-] 로보틱 드론 갑옷 플레이트,[FFA94D][Modyfikacja-Dron][-] Pancerz płytowy robotycznego drona,[FFA94D][Mod-Drone][-] Modificação de Placa de Blindagem de Drone Robótico,[FFA94D][Мод-Дрон][-] Модификация роботизированного дрона «Бронепластины»,[FFA94D][Mod-Drone][-] Robot Drone Zırh Plakası Modu,[FFA94D][模组-无人机][-] 机器人无人机装甲板,[FFA94D][模組-無人機][-] 機器人無人機護甲防護板
modRoboticDroneCargoMod,item_modifiers,Mod-Drone,,,,[FFA94D][Mod-Drone][-] Cargo,,[FFA94D][Mod-Drohne][-] Robotik-Drohne-Fracht,[FFA94D][Mod-Dron][-] Modificación de cargamento de dron robótico,[FFA94D][Mod-Drone][-] Modification cargo pour drone robotique,[FFA94D][Mod-Drone][-] Modifica carico del drone robotico,[FFA94D][MOD-ドローン][-] ロボットドローンカーゴ,[FFA94D][모드-드론][-] 로보틱 드론 화물,[FFA94D][Modyfikacja-Dron][-] Bagażnik robotycznego drona,[FFA94D][Mod-Drone][-] Modificação de Carga de Drone Robótico,[FFA94D][Мод-Дрон][-] Модификация роботизированного дрона «Грузоподъемность»,[FFA94D][Mod-Drone][-] Robot Drone Kargo Modu,[FFA94D][模组-无人机][-] 机器人无人机储物,[FFA94D][模組-無人機][-] 機器人無人機儲物
modRoboticDroneHeadlampMod,item_modifiers,Mod-Drone,,,,[FFA94D][Mod-Drone][-] Headlamp,,[FFA94D][Mod-Drohne][-] Robotik-Drohne-Scheinwerfer,[FFA94D][Mod-Dron][-] Modificación de linterna de dron robótico,[FFA94D][Mod-Drone][-] Modification de lampe frontale pour drone robotique,[FFA94D][Mod-Drone][-] Modifica luce frontale del drone robotico,[FFA94D][MOD-ドローン][-] ロボットドローンヘッドランプ,[FFA94D][모드-드론][-] 로보틱 헤드램프,[FFA94D][Modyfikacja-Dron][-] Lampa robotycznego drona,[FFA94D][Mod-Drone][-] Modificação de Farol de Drone Robótico,[FFA94D][Мод-Дрон][-] Модификация роботизированного дрона «Прожектор»,[FFA94D][Mod-Drone][-] Robot Drone Far Modu,[FFA94D][模组-无人机][-] 机器人无人机头灯,[FFA94D][模組-無人機][-] 機器人無人機頭燈
modRoboticDroneMedicMod,item_modifiers,Mod-Drone,,,,[FFA94D][Mod-Drone][-] Medic,,[FFA94D][Mod-Drohne][-] Robotik-Drohne-Medizin,[FFA94D][Mod-Dron][-] Modificación médica de dron robótico,[FFA94D][Mod-Drone][-] Modification médicale pour drone robotique,[FFA94D][Mod-Drone][-] Modifica medica del drone robotico,[FFA94D][MOD-ドローン][-] ロボットドローン医療,[FFA94D][모드-드론][-] 로보틱 드론 의료,[FFA94D][Modyfikacja-Dron][-] Robotyczny dron medyk,[FFA94D][Mod-Drone][-] Modificação de Médico de Drone Robótico,[FFA94D][Мод-Дрон][-] Модификация роботизированного дрона «Медик»,[FFA94D][Mod-Drone][-] Robot Drone Sıhhiye Modu,[FFA94D][模组-无人机][-] 机器人无人机医疗,[FFA94D][模組-無人機][-] 機器人無人機醫療
modRoboticDroneMoraleBoosterMod,item_modifiers,Mod-Drone,,,,[FFA94D][Mod-Drone][-] Morale Booster,,[FFA94D][Mod-Drohne][-] Robotik-Drohne-Booster,[FFA94D][Mod-Dron][-] Modificación de apoyo moral de dron robótico,[FFA94D][Mod-Drone][-] Modification de boost de moral pour drone robotique,[FFA94D][Mod-Drone][-] Modifica rinforzo morale del drone robotico,[FFA94D][MOD-ドローン][-] ロボットドローン士気ブースター,[FFA94D][모드-드론][-] 로보틱 드론 사기 증진,[FFA94D][Modyfikacja-Dron][-] Dopalenie morale robotycznego drona,[FFA94D][Mod-Drone][-] Modificação de Incentivo de Moral de Drone Robótico,[FFA94D][Мод-Дрон][-] Модификация роботизированного дрона «Поддержка»,[FFA94D][Mod-Drone][-] Robot Drone Moral Desteği Modu,[FFA94D][模组-无人机][-] 机器人无人机鼓舞士气,[FFA94D][模組-無人機][-] 機器人無人機鼓舞士氣
modShotgunSawedOffBarrel,item_modifiers,Mod,,,,"[FFA94D][Mod][-][dddd08][-][eeee03][-] Shotgun Barrel, Sawed-Off",,[FFA94D][Mod][-][dddd08][-][eeee03][-] Abgesägte-Schrotflinte,[FFA94D][Mod][-][dddd08][-][eeee03][-] Modificación escopeta serrada,[FFA94D][Modification][-][dddd08][-][eeee03][-] Modification de fusil à canon scié,[FFA94D][Mod][-][dddd08][-][eeee03][-] Modifica del fucile a canne segate,[FFA94D][MOD][-][dddd08][-][eeee03][-] ソードオフ・ショットガン,[FFA94D][모드][-][dddd08][-][eeee03][-] 총신 절단 샷건,[FFA94D][Modyfikacja][-][dddd08][-][eeee03][-] Obrzyn,[FFA94D][Mod][-][dddd08][-][eeee03][-] Modificação de Espingarda de Cano Serrado,[FFA94D][Модификация][-][dddd08][-][eeee03][-] Модификация «Обрез»,[FFA94D][Mod][-][dddd08][-][eeee03][-] Namlusu Kesik Pompalı Tüfek Modu,[FFA94D][模组][-][dddd08][-][eeee03][-] 削短型霰弹枪,[FFA94D][模組][-][dddd08][-][eeee03][-] 短管散彈獵槍
modVehicleExpandedSeat,item_modifiers,Mod-Vehicle,,,,[FFA94D][Mod-Vehicle][-] Expanded Seating,,[FFA94D][Mod-Fahrzeug][-] Fahrzeug-Sitzplatz,[FFA94D][Mod-Vehículo][-] Modificación de más asientos para vehículos,[FFA94D][Mod-Véhicule][-] Modification de capacité assise augmentée de véhicule,[FFA94D][Mod-Veicolo][-] Modifica aggiunta posti a sedere del veicolo,[FFA94D][MOD-車両][-] 車両用座席拡大,[FFA94D][모드-차량][-] 차량 좌석 확장,[FFA94D][Modyfikacja-Pojazd][-] Dodatkowe siedzenia w pojeździe,[FFA94D][Mod-Veículo][-] Modificação de Assento Expandido de Veículo,[FFA94D][Мод-Транспорт][-] Модификация транспорта «Пассажировместимость»,[FFA94D][Mod-Araç][-] Araç Fazladan Koltuk Modu,[FFA94D][模组-载具][-] 载具扩展座椅,[FFA94D][模組-車輛][-] 車輛加大座椅
modVehicleFuelSaver,item_modifiers,Mod-Vehicle,,,,[FFA94D][Mod-Vehicle][-] Fuel Saver,,[FFA94D][Mod-Fahrzeug][-] Fahrzeug-Brennstoffsparer,[FFA94D][Mod-Vehículo][-] Modificación ahorro de combustible de vehículos,[FFA94D][Mod-Véhicule][-] Modification de véhicule économe en carburant,[FFA94D][Mod-Veicolo][-] Modifica del risparmio di carburante,[FFA94D][MOD-車両][-] 車両用省燃料,[FFA94D][모드-차량][-] 차량 연료 절감,[FFA94D][Modyfikacja-Pojazd][-] Zestaw redukujący spalanie,[FFA94D][Mod-Veículo][-] Modificação Economiza Combustível,[FFA94D][Мод-Транспорт][-] Модификация транспорта «Ограничитель расхода топлива»,[FFA94D][Mod-Araç][-] Araç Yakıt Tasarrufu Modu,[FFA94D][模组-载具][-] 载具节油器,[FFA94D][模組-車輛][-] 車輛節油器
modVehicleOffRoadHeadlights,item_modifiers,Mod-Vehicle,,,,[FFA94D][Mod-Vehicle][-] Off Road Headlights,,[FFA94D][Mod-Fahrzeug][-] Gelände-Fahrzeugscheinwerfer,[FFA94D][Mod-Vehículo][-] Modificación de luces todo terreno para vehículos,[FFA94D][Mod-Véhicule][-] Modification de phares hors-pistes de véhicule,[FFA94D][Mod-Veicolo][-] Modifica fari fuoristrada del veicolo,[FFA94D][MOD-車両][-] 車両用オフロードヘッドライト,[FFA94D][모드-차량][-] 차량 오프로드 헤드라이트,[FFA94D][Modyfikacja-Pojazd][-] Reflektory terenowe pojazdu,[FFA94D][Mod-Veículo][-] Modificação de Farol Veicular Fora de Estrada,[FFA94D][Мод-Транспорт][-] Модификация транспорта «Внедорожные фары»,[FFA94D][Mod-Araç][-] Araç Arazi Farları Modu,[FFA94D][模组-载具][-] 载具越野头灯,[FFA94D][模組-車輛][-] 車輛越野車頭燈
modVehicleReserveFuelTank,item_modifiers,Mod-Vehicle,,,,[FFA94D][Mod-Vehicle][-] Reserve Fuel Tank,,[FFA94D][Mod-Fahrzeug][-] Fahrzeug-Reservetank,[FFA94D][Mod-Vehículo][-] Modificación de tanque de combustible de reserva para vehículos,[FFA94D][Mod-Véhicule][-] Modification du réservoir d'appoint de carburant de véhicule,[FFA94D][Mod-Veicolo][-] Modifica riserva di carburante del veicolo,[FFA94D][MOD-車両][-] 車両用予備燃料タンク,[FFA94D][모드-차량][-] 차량 예비 연료 탱크,[FFA94D][Modyfikacja-Pojazd][-] Zapasowy bak pojazdu,[FFA94D][Mod-Veículo][-] Modificação de Tanque de Gasolina Reserva de Veículo,[FFA94D][Мод-Транспорт][-] Модификация транспорта «Резервный бак»,[FFA94D][Mod-Araç][-] Araç Yedek Yakıt Deposu Modu,[FFA94D][模组-载具][-] 载具备用油箱,[FFA94D][模組-車輛][-] 車輛儲量油箱
modVehicleSuperCharger,item_modifiers,Mod-Vehicle,,,,[FFA94D][Mod-Vehicle][-] Super Charger,,[FFA94D][Mod-Fahrzeug][-] Fahrzeug-Superlader,[FFA94D][Mod-Vehículo][-] Modificación de supercarga para vehículos,[FFA94D][Mod-Véhicule][-] Modification du compresseur de véhicule,[FFA94D][Mod-Veicolo][-] Modifica super ricarica del veicolo,[FFA94D][MOD-車両][-] 車両スーパーチャージャー,[FFA94D][모드-차량][-] 차량 슈퍼 차저,[FFA94D][Modyfikacja-Pojazd][-] Turbodoładowanie pojazdu,[FFA94D][Mod-Veículo][-] Modificação de Supercarregador de Veículo,[FFA94D][Мод-Транспорт][-] Модификация транспорта «Заряженный»,[FFA94D][Mod-Araç][-] Araç Kompresör Modu,[FFA94D][模组-载具][-] 载具增压器,[FFA94D][模組-車輛][-] 車輛超級充電器
modVehiclePlow,item_modifiers,Mod-Vehicle,,,,[FFA94D][Mod-Vehicle][-] Plow,,[FFA94D][Mod-Fahrzeug][-] Fahrzeugpflug,[FFA94D][Mod-Vehículo][-] Modificación de arado vehicular,[FFA94D][Mod-Véhicule][-] Modification de charrue de véhicule,[FFA94D][Mod-Veicolo][-] Modifica aratro,[FFA94D][MOD-車両][-] 車両用プラウ,[FFA94D][모드-차량][-] 차량 가래 모드,[FFA94D][Modyfikacja-Pojazd][-] Pług pojazdu,[FFA94D][Mod-Veículo][-] Modificação de charrua de veículo,[FFA94D][Мод-Транспорт][-] Модификация транспорта «Ковш»,[FFA94D][Mod-Araç][-] Araç Pulluk Modu,[FFA94D][模组-载具][-] 载具犁,[FFA94D][模組-車輛][-] 車輛犁地
modVehicleArmor,item_modifiers,Mod-Vehicle,,,,[FFA94D][Mod-Vehicle][-] Armor,,[FFA94D][Mod-Fahrzeug][-] Fahrzeugrüstung,[FFA94D][Mod-Vehículo][-] Modificación de vehículo blindado,[FFA94D][Mod-Véhicule][-] Modification d'armure de véhicule,[FFA94D][Mod-Veicolo][-] Modifica dell'armatura del veicolo,[FFA94D][MOD-車両][-] 車両用アーマー,[FFA94D][모드-차량][-] 차량 방어구 모드,[FFA94D][Modyfikacja-Pojazd][-] Pancerz pojazdu,[FFA94D][Mod-Veículo][-] Modificação de armadura de veículo,[FFA94D][Мод-Транспорт][-] Модификация транспорта «Броня»,[FFA94D][Mod-Araç][-] Araç Zırh Modu,[FFA94D][模组-载具][-] 载具护甲,[FFA94D][模組-車輛][-] 車輛護甲
modVehicleStorage,item_modifiers,Mod-Vehicle,,,,[FFA94D][Mod-Vehicle][-] Storage,,[FFA94D][Mod-Fahrzeug][-] Fahrzeuglager,[FFA94D][Mod-Vehículo][-] Modificación de almacenamiento de vehículos,[FFA94D][Mod-Véhicule][-] Modification de stockage du véhicule,[FFA94D][Mod-Veicolo][-] Modifica della cassa veicolo,[FFA94D][MOD-車両][-] 車両用ストレージ,[FFA94D][모드-차량][-] 차량 보관함,[FFA94D][Modyfikacja-Pojazd][-] Modyfikacja bagażnika pojazdu,[FFA94D][Mod-Veículo][-] Modificação de Armazenamento Veicular,[FFA94D][Мод-Транспорт][-] Модификация гаража,[FFA94D][Mod-Araç][-] Araç Bagajı Modu,[FFA94D][模组-载具][-] 载具储物,[FFA94D][模組-車輛][-] 車輛存儲
modArmorInsulatedLinerT1,item_modifiers,Mod-Armor,,,,"[FFA94D][Mod-Armor][-][dddd02][-][eeee00][-] Insulated Armor T1, Cloth",,[FFA94D][Mod-Rüstung][-][dddd02][-][eeee00][-] Stoffisolierende Rüstungs,[FFA94D][Mod-Armadura][-][dddd02][-][eeee00][-] Modificación de armadura aislante de tela,[FFA94D][Mod-Armure][-][dddd02][-][eeee00][-] Modification d'armure isolante en tissu,[FFA94D][Mod-Armatura][-][dddd02][-][eeee00][-] Modifica dell'armatura di tessuto isolante,[FFA94D][MOD-アーマー][-][dddd02][-][eeee00][-] 布製断熱アーマー,[FFA94D][모드-방어구][-][dddd02][-][eeee00][-] 천 절연 방어구 모드,[FFA94D][Modyfikacja-Pancerz][-][dddd02][-][eeee00][-] Izolowany pancerz z tkaniny,[FFA94D][Mod-Armadura][-][dddd02][-][eeee00][-] Modificação de armadura com isolamento de tecido,[FFA94D][Мод-Броня][-][dddd02][-][eeee00][-] Cloth Insulated Armor,[FFA94D][Mod-Zırh][-][dddd02][-][eeee00][-] Kumaş Yalıtımlı Zırh Modu,[FFA94D][模组-护甲][-][dddd02][-][eeee00][-] 布料绝缘装甲,[FFA94D][模組-護甲][-][dddd02][-][eeee00][-] 布質絕緣護甲
modArmorInsulatedLinerT2,item_modifiers,Mod-Armor,,,,"[FFA94D][Mod-Armor][-][dddd02][-][eeee00][-] Insulated Armor T2, Padded",,[FFA94D][Mod-Rüstung][-][dddd02][-][eeee00][-] Polsterisolierende Rüstungs,[FFA94D][Mod-Armadura][-][dddd02][-][eeee00][-] Modificación de armadura aislante acolchada,[FFA94D][Mod-Armure][-][dddd02][-][eeee00][-] Modification d'armure isolante rembourrée,[FFA94D][Mod-Armatura][-][dddd02][-][eeee00][-] Modifica dell'armatura imbottita isolante,[FFA94D][MOD-アーマー][-][dddd02][-][eeee00][-] パッド入り断熱アーマー,[FFA94D][모드-방어구][-][dddd02][-][eeee00][-] 패딩 절연 방어구 모드,[FFA94D][Modyfikacja-Pancerz][-][dddd02][-][eeee00][-] Podszyty izolowany pancerz,[FFA94D][Mod-Armadura][-][dddd02][-][eeee00][-] Modificação de armadura com isolamento acolchoado,[FFA94D][Мод-Броня][-][dddd02][-][eeee00][-] Padded Insulated Armor,[FFA94D][Mod-Zırh][-][dddd02][-][eeee00][-] Padded Insulated Armor,[FFA94D][模组-护甲][-][dddd02][-][eeee00][-] 衬垫绝缘装甲,[FFA94D][模組-護甲][-][dddd02][-][eeee00][-] 填充絕緣護甲
modArmorInsulatedLinerT3,item_modifiers,Mod-Armor,,,,"[FFA94D][Mod-Armor][-][dddd02][-][eeee00][-] Insulated Armor T3, Advanced",,[FFA94D][Mod-Rüstung][-][dddd02][-][eeee00][-] Fortgeschrittene isolierende Rüstungs,[FFA94D][Mod-Armadura][-][dddd02][-][eeee00][-] Modificación de armadura aislante avanzada,[FFA94D][Mod-Armure][-][dddd02][-][eeee00][-] Modification d'armure isolante avancée,[FFA94D][Mod-Armatura][-][dddd02][-][eeee00][-] Modifica dell'armatura avanzata isolante,[FFA94D][MOD-アーマー][-][dddd02][-][eeee00][-] 高性能断熱アーマー,[FFA94D][모드-방어구][-][dddd02][-][eeee00][-] 고급 패딩 절연 방어구 모드,[FFA94D][Modyfikacja-Pancerz][-][dddd02][-][eeee00][-] Zaawansowany izolowany pancerz,[FFA94D][Mod-Armadura][-][dddd02][-][eeee00][-] Modificação de armadura com isolamento avançado,[FFA94D][Мод-Броня][-][dddd02][-][eeee00][-] Advanced Insulated Armor,[FFA94D][Mod-Zırh][-][dddd02][-][eeee00][-] Advanced Insulated Armor,[FFA94D][模组-护甲][-][dddd02][-][eeee00][-] 高级绝缘装甲,[FFA94D][模組-護甲][-][dddd02][-][eeee00][-] 進階絕緣護甲
modArmorAgility,item_modifiers,Mod-Armor,,,,[FFA94D][Mod-Armor][-][dddd01][-][eeee01][-] Agility,,[FFA94D][Mod-Rüstung][-][dddd01][-][eeee01][-] Beweglichkeit,[FFA94D][Mod-Armadura][-][dddd01][-][eeee01][-] Modificación de agilidad,[FFA94D][Mod-Armure][-][dddd01][-][eeee01][-] Modification d'agilité,[FFA94D][Mod-Armatura][-][dddd01][-][eeee01][-] Modifica agilità,[FFA94D][MOD-アーマー][-][dddd01][-][eeee01][-] 素早さ,[FFA94D][모드-방어구][-][dddd01][-][eeee01][-] 민첩성 모드,[FFA94D][Modyfikacja-Pancerz][-][dddd01][-][eeee01][-] Zwinność,[FFA94D][Mod-Armadura][-][dddd01][-][eeee01][-] Modificação de agilidade,[FFA94D][Мод-Броня][-][dddd01][-][eeee01][-] Модификация «Ловкость»,[FFA94D][Mod-Zırh][-][dddd01][-][eeee01][-] Atiklik Modu,[FFA94D][模组-护甲][-][dddd01][-][eeee01][-] 敏捷,[FFA94D][模組-護甲][-][dddd01][-][eeee01][-] 敏捷
modArmorCigar,item_modifiers,Mod-Armor,,,,[FFA94D][Mod-Armor][-][dddd01][-][eeee06][-] Cigar,,[FFA94D][Mod-Rüstung][-][dddd01][-][eeee06][-] Zigarre,[FFA94D][Mod-Armadura][-][dddd01][-][eeee06][-] Puro,[FFA94D][Mod-Armure][-][dddd01][-][eeee06][-] Cigare,[FFA94D][Mod-Armatura][-][dddd01][-][eeee06][-] Sigaro,[FFA94D][MOD-アーマー][-][dddd01][-][eeee06][-] 葉巻,[FFA94D][모드-방어구][-][dddd01][-][eeee06][-] 시가,[FFA94D][Modyfikacja-Pancerz][-][dddd01][-][eeee06][-] Cygaro,[FFA94D][Mod-Armadura][-][dddd01][-][eeee06][-] Charuto,[FFA94D][Мод-Броня][-][dddd01][-][eeee06][-] Сигара,[FFA94D][Mod-Zırh][-][dddd01][-][eeee06][-] Puro,[FFA94D][模组-护甲][-][dddd01][-][eeee06][-] 雪茄,[FFA94D][模組-護甲][-][dddd01][-][eeee06][-] 雪茄
modArmorFortitude,item_modifiers,Mod-Armor,,,,[FFA94D][Mod-Armor][-][dddd01][-][eeee02][-] Fortitude,,[FFA94D][Mod-Rüstung][-][dddd01][-][eeee02][-] Standhaftigkeit,[FFA94D][Mod-Armadura][-][dddd01][-][eeee02][-] Modificación de fortaleza,[FFA94D][Mod-Armure][-][dddd01][-][eeee02][-] Modification de courage,[FFA94D][Mod-Armatura][-][dddd01][-][eeee02][-] Modifica resilienza,[FFA94D][MOD-アーマー][-][dddd01][-][eeee02][-] 忍耐,[FFA94D][모드-방어구][-][dddd01][-][eeee02][-] 불굴의 정신 모드,[FFA94D][Modyfikacja-Pancerz][-][dddd01][-][eeee02][-] Hart,[FFA94D][Mod-Armadura][-][dddd01][-][eeee02][-] Modificação de robustez,[FFA94D][Мод-Броня][-][dddd01][-][eeee02][-] Модификация «Стойкость»,[FFA94D][Mod-Zırh][-][dddd01][-][eeee02][-] Dayanma Modu,[FFA94D][模组-护甲][-][dddd01][-][eeee02][-] 强健,[FFA94D][模組-護甲][-][dddd01][-][eeee02][-] 堅韌
modArmorHelmetLight,item_modifiers,Mod-Armor,,,,[FFA94D][Mod-Armor][-][dddd01][-][eeee09][-] Helmet Light,,[FFA94D][Mod-Rüstung][-][dddd01][-][eeee09][-] Helmlicht,[FFA94D][Mod-Armadura][-][dddd01][-][eeee09][-] Modificación de casco con luz,[FFA94D][Mod-Armure][-][dddd01][-][eeee09][-] Modification de lampe de casque,[FFA94D][Mod-Armatura][-][dddd01][-][eeee09][-] Modifica della luce da elmetto,[FFA94D][MOD-アーマー][-][dddd01][-][eeee09][-] ヘルメットライト,[FFA94D][모드-방어구][-][dddd01][-][eeee09][-] 헬멧 조명,[FFA94D][Modyfikacja-Pancerz][-][dddd01][-][eeee09][-] Lampka na hełm,[FFA94D][Mod-Armadura][-][dddd01][-][eeee09][-] Modificação de Luz de Capacete,[FFA94D][Мод-Броня][-][dddd01][-][eeee09][-] Модификация «Налобный фонарь»,[FFA94D][Mod-Zırh][-][dddd01][-][eeee09][-] Kask Işığı Modu,[FFA94D][模组-护甲][-][dddd01][-][eeee09][-] 头盔灯,[FFA94D][模組-護甲][-][dddd01][-][eeee09][-] 頭盔燈
modArmorIntellect,item_modifiers,Mod-Armor,,,,[FFA94D][Mod-Armor][-][dddd01][-][eeee03][-] Intellect,,[FFA94D][Mod-Rüstung][-][dddd01][-][eeee03][-] Intelligenz,[FFA94D][Mod-Armadura][-][dddd01][-][eeee03][-] Modificación de intelecto,[FFA94D][Mod-Armure][-][dddd01][-][eeee03][-] Modification d'intelligence,[FFA94D][Mod-Armatura][-][dddd01][-][eeee03][-] Modifica intelletto,[FFA94D][MOD-アーマー][-][dddd01][-][eeee03][-] 知能,[FFA94D][모드-방어구][-][dddd01][-][eeee03][-] 지능 모드,[FFA94D][Modyfikacja-Pancerz][-][dddd01][-][eeee03][-] Intelekt,[FFA94D][Mod-Armadura][-][dddd01][-][eeee03][-] Modificação de intelecto,[FFA94D][Мод-Броня][-][dddd01][-][eeee03][-] Модификация «Интеллект»,[FFA94D][Mod-Zırh][-][dddd01][-][eeee03][-] Zeka Modu,[FFA94D][模组-护甲][-][dddd01][-][eeee03][-] 智慧,[FFA94D][模組-護甲][-][dddd01][-][eeee03][-] 智力
modArmorJumpJets,item_modifiers,Admin,,,,[FF5555][Admin][-] Jump Jets Mod,,[FF5555][Administrator][-] Sprungdüsen-Mod,[FF5555][Admin][-] Modificación de propulsores de salto.,[FF5555][Admin][-] Modification de propulseurs,[FF5555][Amministratore][-] Modifica dei propulsori,[FF5555][管理][-] ジャンプジェット改造パーツ,[FF5555][관리][-] 점프 제트 개조,[FF5555][Administrator][-] Wyrzutnie skoczka — modyfikacja,[FF5555][Administrador][-] Modificação de Propulsores,[FF5555][Администратор][-] Модификация «Прыжковые ускорители»,[FF5555][Yönetici][-] Zıplama Jetleri Modu,[FF5555][管理员][-] 喷气式飞机模组,[FF5555][管理員][-] 噴射器模組
modArmorNightVision,item_modifiers,Mod-Armor,,,,[FFA94D][Mod-Armor][-][dddd01][-][eeee10][-] Night Vision,,[FFA94D][Mod-Rüstung][-][dddd01][-][eeee10][-] Nachtsicht,[FFA94D][Mod-Armadura][-][dddd01][-][eeee10][-] Modificación de gafas de visión nocturna,[FFA94D][Mod-Armure][-][dddd01][-][eeee10][-] Modification de vision nocturne,[FFA94D][Mod-Armatura][-][dddd01][-][eeee10][-] Modifica visore notturno,[FFA94D][MOD-アーマー][-][dddd01][-][eeee10][-] 暗視,[FFA94D][모드-방어구][-][dddd01][-][eeee10][-] 야간 투시 모드,[FFA94D][Modyfikacja-Pancerz][-][dddd01][-][eeee10][-] Noktowizja,[FFA94D][Mod-Armadura][-][dddd01][-][eeee10][-] Modificação de visão noturna,[FFA94D][Мод-Броня][-][dddd01][-][eeee10][-] Модификация «Ночное видение»,[FFA94D][Mod-Zırh][-][dddd01][-][eeee10][-] Gece Görüşü Modu,[FFA94D][模组-护甲][-][dddd01][-][eeee10][-] 夜视,[FFA94D][模組-護甲][-][dddd01][-][eeee10][-] 夜視
modArmorPerception,item_modifiers,Mod-Armor,,,,[FFA94D][Mod-Armor][-][dddd01][-][eeee04][-] Perception,,[FFA94D][Mod-Rüstung][-][dddd01][-][eeee04][-] Wahrnehmung,[FFA94D][Mod-Armadura][-][dddd01][-][eeee04][-] Modificación de percepción,[FFA94D][Mod-Armure][-][dddd01][-][eeee04][-] Modification de perception,[FFA94D][Mod-Armatura][-][dddd01][-][eeee04][-] Modifica percezione,[FFA94D][MOD-アーマー][-][dddd01][-][eeee04][-] 知覚,[FFA94D][모드-방어구][-][dddd01][-][eeee04][-] 관찰력 모드,[FFA94D][Modyfikacja-Pancerz][-][dddd01][-][eeee04][-] Percepcja,[FFA94D][Mod-Armadura][-][dddd01][-][eeee04][-] Modificação de percepção,[FFA94D][Мод-Броня][-][dddd01][-][eeee04][-] Модификация «Восприятие»,[FFA94D][Mod-Zırh][-][dddd01][-][eeee04][-] Algı Modu,[FFA94D][模组-护甲][-][dddd01][-][eeee04][-] 感知,[FFA94D][模組-護甲][-][dddd01][-][eeee04][-] 感知
modArmorStealthBoots,item_modifiers,Mod-Armor,,,,[FFA94D][Mod-Armor][-][dddd02][-][eeee00][-] Stealth Boots,,[FFA94D][Mod-Rüstung][-][dddd02][-][eeee00][-] Tarnstiefel,[FFA94D][Mod-Armadura][-][dddd02][-][eeee00][-] Modificación de botas de sigilo,[FFA94D][Mod-Armure][-][dddd02][-][eeee00][-] Modification de bottes furtives,[FFA94D][Mod-Armatura][-][dddd02][-][eeee00][-] Modifica stivali furtivi,[FFA94D][MOD-アーマー][-][dddd02][-][eeee00][-] ステルスブーツ,[FFA94D][모드-방어구][-][dddd02][-][eeee00][-] 잠행 부츠 모드,[FFA94D][Modyfikacja-Pancerz][-][dddd02][-][eeee00][-] Modyfikacja butów szpiegowskich,[FFA94D][Mod-Armadura][-][dddd02][-][eeee00][-] Modificação das botas furtivas,[FFA94D][Мод-Броня][-][dddd02][-][eeee00][-] Модификация «Бесшумные ботинки»,[FFA94D][Mod-Zırh][-][dddd02][-][eeee00][-] Sessiz Çizme Modu,[FFA94D][模组-护甲][-][dddd02][-][eeee00][-] 潜行靴,[FFA94D][模組-護甲][-][dddd02][-][eeee00][-] 隱形軍靴
modArmorStrength,item_modifiers,Mod-Armor,,,,[FFA94D][Mod-Armor][-][dddd01][-][eeee05][-] Strength,,[FFA94D][Mod-Rüstung][-][dddd01][-][eeee05][-] Stärke,[FFA94D][Mod-Armadura][-][dddd01][-][eeee05][-] Modificación de fuerza,[FFA94D][Mod-Armure][-][dddd01][-][eeee05][-] Modification de force,[FFA94D][Mod-Armatura][-][dddd01][-][eeee05][-] Modifica forza,[FFA94D][MOD-アーマー][-][dddd01][-][eeee05][-] 力,[FFA94D][모드-방어구][-][dddd01][-][eeee05][-] 힘 모드,[FFA94D][Modyfikacja-Pancerz][-][dddd01][-][eeee05][-] Siła,[FFA94D][Mod-Armadura][-][dddd01][-][eeee05][-] Modificação de força,[FFA94D][Мод-Броня][-][dddd01][-][eeee05][-] Модификация «Сила»,[FFA94D][Mod-Zırh][-][dddd01][-][eeee05][-] Kuvvet Modu,[FFA94D][模组-护甲][-][dddd01][-][eeee05][-] 力量,[FFA94D][模組-護甲][-][dddd01][-][eeee05][-] 力量
modArmorTreasureHunter,item_modifiers,Mod-Armor,,,,[FFA94D][Mod-Armor][-][dddd01][-][eeee07][-] Treasure Hunter's,,[FFA94D][Mod-Rüstung][-][dddd01][-][eeee07][-] Schatzsucher,[FFA94D][Mod-Armadura][-][dddd01][-][eeee07][-] Modificación cazador de tesoro,[FFA94D][Mod-Armure][-][dddd01][-][eeee07][-] Modification de chasseur de trésors,[FFA94D][Mod-Armatura][-][dddd01][-][eeee07][-] Modifica cacciatore di tesori,[FFA94D][MOD-アーマー][-][dddd01][-][eeee07][-] 宝ハンター,[FFA94D][모드-방어구][-][dddd01][-][eeee07][-] 보물 사냥꾼 모드,[FFA94D][Modyfikacja-Pancerz][-][dddd01][-][eeee07][-] Poszukiwacz skarbów,[FFA94D][Mod-Armadura][-][dddd01][-][eeee07][-] Modificação de caçador de tesouros,[FFA94D][Мод-Броня][-][dddd01][-][eeee07][-] Модификация «Охотник за сокровищами»,[FFA94D][Mod-Zırh][-][dddd01][-][eeee07][-] Hazine Avcısı Modu,[FFA94D][模组-护甲][-][dddd01][-][eeee07][-] 寻宝者,[FFA94D][模組-護甲][-][dddd01][-][eeee07][-] 寶藏獵人
modGunBowAdminArcheryReloadRecovery,item_modifiers,Admin,,,,[FF5555][Admin][-] Dev: Archery Reload & Recovery Mod,,[FF5555][Administrator][-] Dev: Bogenschießen-Nachladen & Bergungs-Mod,[FF5555][Admin][-] Desarrollador: Modificación de recarga y recuperación de arquería,[FF5555][Admin][-] Dév. : Modification de recharge et récupération au tir à l'arc,[FF5555][Amministratore][-] Strumento: Ricarica arco e recupero,[FF5555][管理][-] 開発者用：アーチェリーリロードと回収改造パーツ,[FF5555][관리][-] 개발자: 궁도 재장전 및 회복 모드,[FF5555][Administrator][-] Deweloperskie: przeładunek łuku i odzyskiwanie,[FF5555][Administrador][-] Dev: Modificação de recarregar e recuperação de arquearia,[FF5555][Администратор][-] Разр.: модификация перезарядки и восстановление для стрельбы из лука,[FF5555][Yönetici][-] Geliştirme: Okçuluk Doldurma ve Yenileme Modu,[FF5555][管理员][-] 开发：弓术重新装填与回收模组,[FF5555][管理員][-] 開發：箭術重新載入與恢復模組
modGunButtkick3000,item_modifiers,Admin,,,,[FF5555][Admin][-] Buttkick 3000 Mod,,[FF5555][Administrator][-] Hinterntritt-3000-Mod,[FF5555][Admin][-] Modificación pateador de culos 3000,[FF5555][Admin][-] Modification KCDQ 3000,[FF5555][Amministratore][-] Modifica del Calcio in culo 3000,[FF5555][管理][-] BUTTKICK 3000改造パーツ,[FF5555][관리][-] Buttkick 3000 개조,[FF5555][Administrator][-] Wymiatacz 3000 — modyfikacja,[FF5555][Administrador][-] Modificação Porradeira 3000,[FF5555][Администратор][-] Модификация «Превосходство 3000»,[FF5555][Yönetici][-] Kıç Tekmeleme 3000 Modu,[FF5555][管理员][-] 大快人心3000模组,[FF5555][管理員][-] 痛毆 3000 模組
modGunButtkick4000,item_modifiers,Admin,,,,[FF5555][Admin][-] Buttkick 4000 Mod - Perks,,[FF5555][Administrator][-] Hinterntritt-4000-Mod – Eigenschaften,[FF5555][Admin][-] Beneficios: modificación pateador de culos 4000,[FF5555][Admin][-] Modification KCDQ 4000 - Avantages,[FF5555][Amministratore][-] Modifica del Calcio in culo 4000 - Capacità,[FF5555][管理][-] BUTTKICK 4000改造パーツ - 特殊技能,[FF5555][관리][-] Buttkick 4000 개조 - 특성,"[FF5555][Administrator][-] Wymiatacz 4000 — modyfikacja, profity",[FF5555][Administrador][-] Modificação Porradeira 4000 - Vantagens,[FF5555][Администратор][-] Модификация умений «Превосходство 4000»,[FF5555][Yönetici][-] Kıç Tekmeleme 4000 Modu - Avantajlar,[FF5555][管理员][-] 大快人心4000模组 - 技能点,[FF5555][管理員][-] 痛毆 4000 模組——技能
modGunFoldingStock,item_modifiers,Admin,,,,[FF5555][Admin][-] modGunFoldingStock,,[FF5555][Administrator][-] modGunFoldingStock,[FF5555][Admin][-] modGunFoldingStock,[FF5555][Admin][-] modGunFoldingStock,[FF5555][Amministratore][-] modGunFoldingStock,[FF5555][管理][-] modGunFoldingStock,[FF5555][관리][-] modGunFoldingStock,[FF5555][Administrator][-] modGunFoldingStock,[FF5555][Administrador][-] modGunFoldingStock,[FF5555][Администратор][-] modGunFoldingStock,[FF5555][Yönetici][-] modGunFoldingStock,[FF5555][管理员][-] modGunFoldingStock,[FF5555][管理員][-] modGunFoldingStock
modMeleeGunToolDecapitizer,item_modifiers,Admin,,,,[FF5555][Admin][-] The Decapitizer,,[FF5555][Administrator][-] The Decapitizer,[FF5555][Admin][-] The Decapitizer,[FF5555][Admin][-] The Decapitizer,[FF5555][Amministratore][-] The Decapitizer,[FF5555][管理][-] The Decapitizer,[FF5555][관리][-] The Decapitizer,[FF5555][Administrator][-] The Decapitizer,[FF5555][Administrador][-] The Decapitizer,[FF5555][Администратор][-] The Decapitizer,[FF5555][Yönetici][-] The Decapitizer,[FF5555][管理员][-] The Decapitizer,[FF5555][管理員][-] The Decapitizer
modRadiationReady,item_modifiers,Admin,,,,[FF5555][Admin][-] Radiation Ready Mod,,[FF5555][Administrator][-] Strahlungsbereit-Mod,[FF5555][Admin][-] Modificación preparación contra la radiación,[FF5555][Admin][-] Modification anti-radiations,[FF5555][Amministratore][-] Modifica della protezione da radiazioni,[FF5555][管理][-] 対放射能改造パーツ,[FF5555][관리][-] 방사능 보호 개조,[FF5555][Administrator][-] Zabezpieczenie przed promieniowaniem — modyfikacja,[FF5555][Administrador][-] Modificação Antirradiação,[FF5555][Администратор][-] Модификация «Радиационная защита»,[FF5555][Yönetici][-] Radyasyona Hazır Modu,[FF5555][管理员][-] 辐射就绪模组,[FF5555][管理員][-] 輻射就緒模組
modRoboticDroneStunWeaponMod,item_modifiers,Admin,,,,[FF5555][Admin][-] Robotic Drone Stun Mod,,[FF5555][Administrator][-] Robotik-Drohne-Betäuben-Mod,[FF5555][Admin][-] Modificación de aturdimiento para dron robótico,[FF5555][Admin][-] Modification étourdissante pour drone robotique,[FF5555][Amministratore][-] Modifica stordimento drone robotico,[FF5555][管理][-] ロボットドローンスタン改造パーツ,[FF5555][관리][-] 로보틱 드론 기절 개조,[FF5555][Administrator][-] Modyfikacja drona: paralizator,[FF5555][Administrador][-] Modificação atordoante para Drone Robótico,[FF5555][Администратор][-] Модификация роботизированного дрона «Оглушение»,[FF5555][Yönetici][-] Robot Drone Sersemletme Modu,[FF5555][管理员][-] 机器人无人机眩晕模组,[FF5555][管理員][-] 機器無人機致暈模組
modRoboticDroneWeaponMod,item_modifiers,Admin,,,,[FF5555][Admin][-] Robotic Drone Weapon Mod,,[FF5555][Administrator][-] Robotik-Drohne-Waffen-Mod,[FF5555][Admin][-] Modificación de arma de dron robótico,[FF5555][Admin][-] Modification d'arme pour drone robotique,[FF5555][Amministratore][-] Modifica armi del drone robotico,[FF5555][管理][-] ロボットドローン武器改造パーツ,[FF5555][관리][-] 로보틱 드론 무기 개조,[FF5555][Administrator][-] Broń robotycznego drona – modyfikacja,[FF5555][Administrador][-] Modificação de Arma de Drone Robótico,[FF5555][Администратор][-] Модификация роботизированного дрона «Оружие»,[FF5555][Yönetici][-] Robot Drone Silah Modu,[FF5555][管理员][-] 机器人无人机武器模组,[FF5555][管理員][-] 機器人無人機武器模組
modVehicleMega,item_modifiers,Admin,,,,[FF5555][Admin][-] Vehicle Mega Mod,,[FF5555][Administrator][-] Fahrzeug-Mega-Mod,[FF5555][Admin][-] Modificación de megavehículos,[FF5555][Admin][-] Méga-modification de véhicule,[FF5555][Amministratore][-] Modifica del veicolo mega,[FF5555][管理][-] 車両用メガ改造パーツ,[FF5555][관리][-] 차량 메가 개조,[FF5555][Administrator][-] Mega pojazd — modyfikacja,[FF5555][Administrador][-] Modificação de Mega Veículo,[FF5555][Администратор][-] Модификация транспорта «Полный фарш»,[FF5555][Yönetici][-] Araç Mega Modu,[FF5555][管理员][-] 超级载具模组,[FF5555][管理員][-] 車輛增大模組
adminAssassinQualityArmorBundle,items,Admin,,,,[FF5555][Admin][-] Dev: Assassin Quality Armor Bundle,,[FF5555][Administrator][-] Dev: Rüstungspaket in Assassinen-Qualität,[FF5555][Admin][-] Desarrollador: conjunto de armadura de calidad de asesino,[FF5555][Admin][-] Dév : paquet armure de qualité d'assassin,[FF5555][Amministratore][-] Strumento: Pacchetto Armatura di qualità assassino,[FF5555][管理][-] 開発: アサシン品質アーマーバンドル,[FF5555][관리][-] 개발자: 어쌔신 품질 방어구 번들,[FF5555][Administrator][-] Deweloperskie: pakiet – pancerz skrytobójcy dobrej jakości,[FF5555][Administrador][-] Des: Conjunto de Armadura de Qualidade de Assassino,[FF5555][Администратор][-] Разраб: комплект брони убийцы,[FF5555][Yönetici][-] Geliştirme: Suikastçı Kaliteli Zırh Paketi,[FF5555][管理员][-] 开发：刺客质量护甲组合包,[FF5555][管理員][-] 開發：刺客品質護甲捆包
adminAthleticQualityArmorBundle,items,Admin,,,,[FF5555][Admin][-] Dev: Athletic Quality Armor Bundle,,[FF5555][Administrator][-] Dev: Rüstungspaket in Athleten-Qualität,[FF5555][Admin][-] Desarrollador: conjunto de armadura de calidad de atleta,[FF5555][Admin][-] Dév : paquet armure de qualité d'athlète,[FF5555][Amministratore][-] Strumento: Pacchetto Armatura di qualità atleta,[FF5555][管理][-] 開発: アスリート品質アーマーバンドル,[FF5555][관리][-] 개발자: 운동선수 품질 방어구 번들,[FF5555][Administrator][-] Deweloperskie: pakiet – pancerz sportowca dobrej jakości,[FF5555][Administrador][-] Des: Conjunto de Armadura de Qualidade de Atleta,[FF5555][Администратор][-] Разраб: комплект брони спортсмена,[FF5555][Yönetici][-] Geliştirme: Atletik Kaliteli Zırh Paketi,[FF5555][管理员][-] 开发：运动员质量护甲组合包,[FF5555][管理員][-] 開發：運動員品質護甲捆包
adminBikerQualityArmorBundle,items,Admin,,,,[FF5555][Admin][-] Dev: Biker Quality Armor Bundle,,[FF5555][Administrator][-] Dev: Rüstungspaket in Biker-Qualität,[FF5555][Admin][-] Desarrollador: conjunto de armadura de calidad de motociclista,[FF5555][Admin][-] Dév : paquet armure de qualité de motard,[FF5555][Amministratore][-] Strumento: Pacchetto Armatura di qualità motociclista,[FF5555][管理][-] 開発: バイカー品質アーマーバンドル,[FF5555][관리][-] 개발자: 바이커 품질 방어구 번들,[FF5555][Administrator][-] Deweloperskie: pakiet – pancerz motocyklisty dobrej jakości,[FF5555][Administrador][-] Des: Conjunto de Armadura de Qualidade de Ciclista,[FF5555][Администратор][-] Разраб: комплект брони байкера,[FF5555][Yönetici][-] Geliştirme: Motorcu Kaliteli Zırh Paketi,[FF5555][管理员][-] 开发：摩托车手质量护甲组合包,[FF5555][管理員][-] 開發：騎士品質護甲捆包
adminCommandoQualityArmorBundle,items,Admin,,,,[FF5555][Admin][-] Dev: Commando Quality Armor Bundle,,[FF5555][Administrator][-] Dev: Rüstungspaket in Kommando-Qualität,[FF5555][Admin][-] Desarrollador: conjunto de armadura de calidad de comando,[FF5555][Admin][-] Dév : paquet armure de qualité de commando,[FF5555][Amministratore][-] Strumento: Pacchetto Armatura di qualità commando,[FF5555][管理][-] 開発: コマンド―品質アーマーバンドル,[FF5555][관리][-] 개발자: 특공대 품질 방어구 번들,[FF5555][Administrator][-] Deweloperskie: pakiet – pancerz komandosa dobrej jakości,[FF5555][Administrador][-] Des: Conjunto de Armadura de Qualidade de Fuzileiro,[FF5555][Администратор][-] Разраб: комплект брони спецназовца,[FF5555][Yönetici][-] Geliştirme: Komando Kaliteli Zırh Paketi,[FF5555][管理员][-] 开发：突击队员质量护甲组合包,[FF5555][管理員][-] 開發：突擊隊員品質護甲捆包
adminEnforcerQualityArmorBundle,items,Admin,,,,[FF5555][Admin][-] Dev: Enforcer Quality Armor Bundle,,[FF5555][Administrator][-] Dev: Rüstungspaket in Vollstrecker-Qualität,[FF5555][Admin][-] Desarrollador: conjunto de armadura de calidad de sicario,[FF5555][Admin][-] Dév : paquet armure de qualité d'agent,[FF5555][Amministratore][-] Strumento: Pacchetto Armatura di qualità sicario,[FF5555][管理][-] 開発: 執行者品質アーマーバンドル,[FF5555][관리][-] 개발자: 집행자 품질 방어구 번들,[FF5555][Administrator][-] Deweloperskie: pakiet – pancerz strażnika prawa dobrej jakości,[FF5555][Administrador][-] Des: Conjunto de Armadura de Qualidade de Executor,[FF5555][Администратор][-] Разраб: комплект брони блюстителя закона,[FF5555][Yönetici][-] Geliştirme: Memur Kaliteli Zırh Paketi,[FF5555][管理员][-] 开发：警官质量护甲组合包,[FF5555][管理員][-] 開發：警官品質護甲捆包
adminFarmerQualityArmorBundle,items,Admin,,,,[FF5555][Admin][-] Dev: Farmer Quality Armor Bundle,,[FF5555][Administrator][-] Dev: Rüstungspaket in Landwirt-Qualität,[FF5555][Admin][-] Desarrollador: conjunto de armadura de calidad de granjero,[FF5555][Admin][-] Dév : paquet armure de qualité de fermier,[FF5555][Amministratore][-] Strumento: Pacchetto Armatura di qualità contadino,[FF5555][管理][-] 開発: 農夫品質アーマーバンドル,[FF5555][관리][-] 개발자: 농부 품질 방어구 번들,[FF5555][Administrator][-] Deweloperskie: pakiet – pancerz rolnika dobrej jakości,[FF5555][Administrador][-] Des: Conjunto de Armadura de Qualidade de Fazendeiro,[FF5555][Администратор][-] Разраб: комплект брони фермера,[FF5555][Yönetici][-] Geliştirme: Çiftçi Kaliteli Zırh Paketi,[FF5555][管理员][-] 开发：农夫质量护甲组合包,[FF5555][管理員][-] 開發：農民品質護甲捆包
adminLumberjackQualityArmorBundle,items,Admin,,,,[FF5555][Admin][-] Dev: Lumberjack Quality Armor Bundle,,[FF5555][Administrator][-] Dev: Rüstungspaket in Holzfäller-Qualität,[FF5555][Admin][-] Desarrollador: conjunto de armadura de calidad de leñador,[FF5555][Admin][-] Dév : paquet armure de qualité de bûcheron,[FF5555][Amministratore][-] Strumento: Pacchetto Armatura di qualità boscaiolo,[FF5555][管理][-] 開発: 木こり品質アーマーバンドル,[FF5555][관리][-] 개발자: 벌목꾼 품질 방어구 번들,[FF5555][Administrator][-] Deweloperskie: pakiet – pancerz drwala dobrej jakości,[FF5555][Administrador][-] Des: Conjunto de Armadura de Qualidade de Lenhador,[FF5555][Администратор][-] Разраб: комплект брони лесоруба,[FF5555][Yönetici][-] Geliştirme: Oduncu Kaliteli Zırh Paketi,[FF5555][管理员][-] 开发：伐木工质量护甲组合包,[FF5555][管理員][-] 開發：伐木工品質護甲捆包
adminMinerQualityArmorBundle,items,Admin,,,,[FF5555][Admin][-] Dev: Miner Quality Armor Bundle,,[FF5555][Administrator][-] Dev: Rüstungspaket in Bergarbeiter-Qualität,[FF5555][Admin][-] Desarrollador: conjunto de armadura de calidad de minero,[FF5555][Admin][-] Dév : paquet armure de qualité de mineur,[FF5555][Amministratore][-] Strumento: Pacchetto Armatura di qualità minatore,[FF5555][管理][-] 開発: 鉱夫品質アーマーバンドル,[FF5555][관리][-] 개발자: 광부 품질 방어구 번들,[FF5555][Administrator][-] Deweloperskie: pakiet – pancerz górnika dobrej jakości,[FF5555][Administrador][-] Des: Conjunto de Armadura de Qualidade de Minerador,[FF5555][Администратор][-] Разраб: комплект брони шахтера,[FF5555][Yönetici][-] Geliştirme: Madenci Kaliteli Zırh Paketi,[FF5555][管理员][-] 开发：矿工质量护甲组合包,[FF5555][管理員][-] 開發：礦工品質護甲捆包
adminNerdQualityArmorBundle,items,Admin,,,,[FF5555][Admin][-] Dev: Nerd Quality Armor Bundle,,[FF5555][Administrator][-] Dev: Rüstungspaket in Nerd-Qualität,[FF5555][Admin][-] Desarrollador: conjunto de armadura de calidad de nerd,[FF5555][Admin][-] Dév : paquet armure de qualité de geek,[FF5555][Amministratore][-] Strumento: Pacchetto Armatura di qualità nerd,[FF5555][管理][-] 開発: オタク品質アーマーバンドル,[FF5555][관리][-] 개발자: 너드 품질 방어구 번들,[FF5555][Administrator][-] Deweloperskie: pakiet – pancerz nerda dobrej jakości,[FF5555][Administrador][-] Des: Conjunto de Armadura de Qualidade de Nerd,[FF5555][Администратор][-] Разраб: комплект брони ботана,[FF5555][Yönetici][-] Geliştirme: İnek Öğrenci Kaliteli Zırh Paketi,[FF5555][管理员][-] 开发：学霸质量护甲组合包,[FF5555][管理員][-] 開發：書呆子品質護甲捆包
adminNomadQualityArmorBundle,items,Admin,,,,[FF5555][Admin][-] Dev: Nomad Quality Armor Bundle,,[FF5555][Administrator][-] Dev: Rüstungspaket in Nomaden-Qualität,[FF5555][Admin][-] Desarrollador: conjunto de armadura de calidad de nómada,[FF5555][Admin][-] Dév : paquet armure de qualité de nomade,[FF5555][Amministratore][-] Strumento: Pacchetto Armatura di qualità nomade,[FF5555][管理][-] 開発: 遊牧民品質アーマーバンドル,[FF5555][관리][-] 개발자: 유목민 품질 방어구 번들,[FF5555][Administrator][-] Deweloperskie: pakiet – pancerz koczownika dobrej jakości,[FF5555][Administrador][-] Des: Conjunto de Armadura de Qualidade de Nômade,[FF5555][Администратор][-] Разраб: комплект брони бродяги,[FF5555][Yönetici][-] Geliştirme: Göçebe Kaliteli Zırh Paketi,[FF5555][管理员][-] 开发：游牧民质量护甲组合包,[FF5555][管理員][-] 開發：流浪者品質護甲捆包
adminPreacherQualityArmorBundle,items,Admin,,,,[FF5555][Admin][-] Dev: Preacher Quality Armor Bundle,,[FF5555][Administrator][-] Dev: Rüstungspaket in Prediger-Qualität,[FF5555][Admin][-] Desarrollador: conjunto de armadura de calidad de predicador,[FF5555][Admin][-] Dév : paquet armure de qualité d'évangéliste,[FF5555][Amministratore][-] Strumento: Pacchetto Armatura di qualità predicatore,[FF5555][管理][-] 開発: 説教者品質アーマーバンドル,[FF5555][관리][-] 개발자: 설교자 품질 방어구 번들,[FF5555][Administrator][-] Deweloperskie: pakiet – pancerz kaznodziei dobrej jakości,[FF5555][Administrador][-] Des: Conjunto de Armadura de Qualidade de Sacerdote,[FF5555][Администратор][-] Разраб: комплект брони священника,[FF5555][Yönetici][-] Geliştirme: Vaiz Kaliteli Zırh Paketi,[FF5555][管理员][-] 开发：传道者质量护甲组合包,[FF5555][管理員][-] 開發：傳教士品質護甲捆包
adminPrimitiveQualityArmorBundle,items,Admin,,,,[FF5555][Admin][-] Dev: Primitive Quality Armor Bundle,,[FF5555][Administrator][-] Dev: Rüstungspaket in primitiver Qualität,[FF5555][Admin][-] Desarrollador: conjunto de armadura de calidad primitiva,[FF5555][Admin][-] Dév : paquet armure de qualité primitive,[FF5555][Amministratore][-] Strumento: Pacchetto Armatura di qualità primitivo,[FF5555][管理][-] 開発: 粗末品質アーマーバンドル,[FF5555][관리][-] 개발자: 원시 품질 방어구 번들,[FF5555][Administrator][-] Deweloperskie: pakiet – pancerz prymitywnej jakości,[FF5555][Administrador][-] Des: Conjunto de Armadura de Qualidade de Primitivo,[FF5555][Администратор][-] Разраб: комплект простейшей брони,[FF5555][Yönetici][-] Geliştirme: İlkel Kaliteli Zırh Paketi,[FF5555][管理员][-] 开发：粗糙质量护甲组合包,[FF5555][管理員][-] 開發：原始品質護甲捆包
adminRaiderQualityArmorBundle,items,Admin,,,,[FF5555][Admin][-] Dev: Raider Quality Armor Bundle,,[FF5555][Administrator][-] Dev: Rüstungspaket in Räuber-Qualität,[FF5555][Admin][-] Desarrollador: conjunto de armadura de calidad de asaltante,[FF5555][Admin][-] Dév : paquet armure de qualité de voyou,[FF5555][Amministratore][-] Strumento: Pacchetto Armatura di qualità razziatore,[FF5555][管理][-] 開発: レイダー品質アーマーバンドル,[FF5555][관리][-] 개발자: 레이더 품질 방어구 번들,[FF5555][Administrator][-] Deweloperskie: pakiet – pancerz pirata dobrej jakości,[FF5555][Administrador][-] Des: Conjunto de Armadura de Qualidade de Atacante,[FF5555][Администратор][-] Разраб: комплект брони налетчика,[FF5555][Yönetici][-] Geliştirme: Akıncı Kaliteli Zırh Paketi,[FF5555][管理员][-] 开发：袭击者质量护甲组合包,[FF5555][管理員][-] 開發：掠奪者品質護甲捆包
adminRangerQualityArmorBundle,items,Admin,,,,[FF5555][Admin][-] Dev: Ranger Quality Armor Bundle,,[FF5555][Administrator][-] Dev: Rüstungspaket in Ranger-Qualität,[FF5555][Admin][-] Desarrollador: conjunto de armadura de calidad de cazador,[FF5555][Admin][-] Dév : paquet armure de qualité de rôdeur,[FF5555][Amministratore][-] Strumento: Pacchetto Armatura di qualità ranger,[FF5555][管理][-] 開発: レンジャー品質アーマーバンドル,[FF5555][관리][-] 개발자: 레인저 품질 방어구 번들,[FF5555][Administrator][-] Deweloperskie: pakiet – pancerz leśnika dobrej jakości,[FF5555][Administrador][-] Des: Conjunto de Armadura de Qualidade de Patrulheiro,[FF5555][Администратор][-] Разраб: комплект брони егеря,[FF5555][Yönetici][-] Geliştirme: Korucu Kaliteli Zırh Paketi,[FF5555][管理员][-] 开发：护林员质量护甲组合包,[FF5555][管理員][-] 開發：遊俠品質護甲捆包
adminRogueQualityArmorBundle,items,Admin,,,,[FF5555][Admin][-] Dev: Rogue Quality Armor Bundle,,[FF5555][Administrator][-] Dev: Rüstungspaket in Schurken-Qualität,[FF5555][Admin][-] Desarrollador: conjunto de armadura de calidad de bribón,[FF5555][Admin][-] Dév : paquet armure de qualité de fripouille,[FF5555][Amministratore][-] Strumento: Pacchetto Armatura di qualità furfante,[FF5555][管理][-] 開発: ローグ品質アーマーバンドル,[FF5555][관리][-] 개발자: 로그 품질 방어구 번들,[FF5555][Administrator][-] Deweloperskie: pakiet – pancerz łotra dobrej jakości,[FF5555][Administrador][-] Des: Conjunto de Armadura de Qualidade de Ladino,[FF5555][Администратор][-] Разраб: комплект брони разбойника,[FF5555][Yönetici][-] Geliştirme: Haydut Kaliteli Zırh Paketi,[FF5555][管理员][-] 开发：盗贼质量护甲组合包,[FF5555][管理員][-] 開發：盜賊品品質護甲捆包
adminScavengerQualityArmorBundle,items,Admin,,,,[FF5555][Admin][-] Dev: Scavenger Quality Armor Bundle,,[FF5555][Administrator][-] Dev: Rüstungspaket in Plünderer-Qualität,[FF5555][Admin][-] Desarrollador: conjunto de armadura de calidad de carroñero,[FF5555][Admin][-] Dév : paquet armure de qualité de glaneur,[FF5555][Amministratore][-] Strumento: Pacchetto Armatura di qualità spazzino,[FF5555][管理][-] 開発: スカベンジャー品質アーマーバンドル,[FF5555][관리][-] 개발자: 청소부 품질 방어구 번들,[FF5555][Administrator][-] Deweloperskie: pakiet – pancerz śmieciarza dobrej jakości,[FF5555][Administrador][-] Des: Conjunto de Armadura de Qualidade de Catador,[FF5555][Администратор][-] Разраб: комплект брони мусорщика,[FF5555][Yönetici][-] Geliştirme: Çöpçü Kaliteli Zırh Paketi,[FF5555][管理员][-] 开发：拾荒者质量护甲组合包,[FF5555][管理員][-] 開發：清道夫品質護甲捆包
armorLumberjackHelmetDemo,items,Admin,,,,[FF5555][Admin][-] Lumberjack Hat,,[FF5555][Administrator][-] Holzfällerhut,[FF5555][Admin][-] Sombrero de leñador,[FF5555][Admin][-] Chapeau de bûcheron,[FF5555][Amministratore][-] Cappello da boscaiolo,[FF5555][管理][-] 木こり帽子,[FF5555][관리][-] 벌목꾼 모자,[FF5555][Administrator][-] Czapka drwala,[FF5555][Administrador][-] Chapéu de Lenhador,[FF5555][Администратор][-] Шапка лесоруба,[FF5555][Yönetici][-] Oduncu Şapkası,[FF5555][管理员][-] 伐木工帽子,[FF5555][管理員][-] 伐木工帽
drugBluePillAdmin,items,Admin,,,,[FF5555][Admin][-] Blue Pill,,[FF5555][Administrator][-] Blaue Pille,[FF5555][Admin][-] Pastilla azul,[FF5555][Admin][-] Pilule bleue,[FF5555][Amministratore][-] Pillola blu,[FF5555][管理][-] ブルーピル,[FF5555][관리][-] 파란 알약,[FF5555][Administrator][-] Niebieska pigułka,[FF5555][Administrador][-] Pílula azul,[FF5555][Администратор][-] Синяя таблетка,[FF5555][Yönetici][-] Mavi Hap,[FF5555][管理员][-] 蓝色药丸,[FF5555][管理員][-] 藍色藥丸
drugHealthBar,items,Candy,,,,[f00006][-][FFA94D][Candy][-][fa0005][-][fe1000][-] Health Bar,,[f00006][-][FFA94D][Süßigkeit][-][fa0005][-][fe1000][-] Gesundheitsbalken,[f00006][-][FFA94D][Dulce][-][fa0005][-][fe1000][-] Barrita de salud,[f00006][-][FFA94D][Bonbon][-][fa0005][-][fe1000][-] Barre de santé,[f00006][-][FFA94D][Caramella][-][fa0005][-][fe1000][-] Barretta energetica,[f00006][-][FFA94D][キャンディ][-][fa0005][-][fe1000][-] ヘルスバー,[f00006][-][FFA94D][사탕][-][fa0005][-][fe1000][-] 건강 바,[f00006][-][FFA94D][Słodycze][-][fa0005][-][fe1000][-] Zdrowy Baton,[f00006][-][FFA94D][Doce][-][fa0005][-][fe1000][-] Barra de Vida,[f00006][-][FFA94D][Сладость][-][fa0005][-][fe1000][-] Целительный батончик,[f00006][-][FFA94D][Şeker][-][fa0005][-][fe1000][-] Sağlık Çubuğu,[f00006][-][FFA94D][糖果][-][fa0005][-][fe1000][-] 能量棒,[f00006][-][FFA94D][糖果][-][fa0005][-][fe1000][-] 能量棒
drugRedPillAdmin,items,Admin,,,,[FF5555][Admin][-] Red Pill,,[FF5555][Administrator][-] Rote Pille,[FF5555][Admin][-] Pastilla roja,[FF5555][Admin][-] Pilule rouge,[FF5555][Amministratore][-] Pillola rossa,[FF5555][管理][-] レッドピル,[FF5555][관리][-] 빨간 알약,[FF5555][Administrator][-] Czerwona pigułka,[FF5555][Administrador][-] Pílula vermelha,[FF5555][Администратор][-] Красная таблетка,[FF5555][Yönetici][-] Kırmızı Hap,[FF5555][管理员][-] 红色药丸,[FF5555][管理員][-] 紅色藥丸
meleeToolBlockReplaceTool,items,Admin,,,,[FF5555][Admin][-] Dev: Admin Block Replace Tool,,[FF5555][Administrator][-] Entwickler: Administrator-Blockwechsler,[FF5555][Admin][-] Dev: Herramienta de administrador para reemplazo de bloques,[FF5555][Admin][-] Dev : outil de remplacement de blocs admin,[FF5555][Amministratore][-] Sviluppo: strumento di sostituzione dei blocchi amministratore,[FF5555][管理][-] 開発者用：管理者ブロック交換ツール,[FF5555][관리][-] 개발자: 관리자 블록 교체 도구,[FF5555][Administrator][-] Dev: narzędzie do wymiany bloków administratora,[FF5555][Administrador][-] Desenvolvedor: Ferramenta de substituição de bloco,[FF5555][Администратор][-] Разр.: инструмент для перемещения административных блоков,[FF5555][Yönetici][-] Geliştirilen: Yönetici Blok Yerleştirme Aleti,[FF5555][管理员][-] 开发：管理员砖块替换工具,[FF5555][管理員][-] 開發：管理員模塊替換工具
qtest_nextTraderAdmin,items,Admin,,,,[FF5555][Admin][-] Dev: Find Trader Quest,,[FF5555][Administrator][-] Entwickler: Händler-Quest finden,[FF5555][Admin][-] Desarrollador: Misión para encontrar vendedor,[FF5555][Admin][-] Dév. : quête menant au marchand,[FF5555][Amministratore][-] Sviluppo: missione trova negoziante,[FF5555][管理][-] 開発者用: トレーダークエスト要発見,[FF5555][관리][-] 개발: 상인 테스트 찾기,[FF5555][Administrator][-] Deweloperskie: Znajdź zadanie handlarza,[FF5555][Administrador][-] Des: Missão Encontre o Comerciante,[FF5555][Администратор][-] Разраб: Задание по поиску торговца,[FF5555][Yönetici][-] Glş.: Tüccar Görevi Bul,[FF5555][管理员][-] 开发团队：找到商人任务,[FF5555][管理員][-] 開發：找到商人任務
adminT1QuestTicket,items,Admin,,,,[FF5555][Admin][-] Dev: T1 Quest Ticket,,[FF5555][Administrator][-] Dev: T1-Quest-Ticket,[FF5555][Admin][-] Desarrollador: Pase de misión de T1,[FF5555][Admin][-] Dév. : Ticket de quête T1,[FF5555][Amministratore][-] Strumento: Biglietto missione G1,[FF5555][管理][-] 開発者用：ティア1クエストチケット,[FF5555][관리][-] 개발: T1 퀘스트 티켓,[FF5555][Administrator][-] Deweloperskie: bilet zadaniowy – P1,[FF5555][Administrador][-] Dev: Bilhete de missão C1,[FF5555][Администратор][-] Разраб.: билет задания T1,[FF5555][Yönetici][-] Geliştirme: T1 Görev Bileti,[FF5555][管理员][-] 开发：T1任务票,[FF5555][管理員][-] 開發：T1 任務券
adminT2QuestTicket,items,Admin,,,,[FF5555][Admin][-] Dev: T2 Quest Ticket,,[FF5555][Administrator][-] Dev: T2-Quest-Ticket,[FF5555][Admin][-] Desarrollador: Pase de misión de T2,[FF5555][Admin][-] Dév. : Ticket de quête T2,[FF5555][Amministratore][-] Strumento: Biglietto missione G2,[FF5555][管理][-] 開発者用：ティア2クエストチケット,[FF5555][관리][-] 개발: T2 퀘스트 티켓,[FF5555][Administrator][-] Deweloperskie: bilet zadaniowy – P2,[FF5555][Administrador][-] Dev: Bilhete de missão C2,[FF5555][Администратор][-] Разраб.: билет задания T2,[FF5555][Yönetici][-] Geliştirme: T2 Görev Bileti,[FF5555][管理员][-] 开发：T2任务票,[FF5555][管理員][-] 開發：T2 任務券
adminT3QuestTicket,items,Admin,,,,[FF5555][Admin][-] Dev: T3 Quest Ticket,,[FF5555][Administrator][-] Dev: T3-Quest-Ticket,[FF5555][Admin][-] Desarrollador: Pase de misión de T3,[FF5555][Admin][-] Dév. : Ticket de quête T3,[FF5555][Amministratore][-] Strumento: Biglietto missione G3,[FF5555][管理][-] 開発者用：ティア3クエストチケット,[FF5555][관리][-] 개발: T3 퀘스트 티켓,[FF5555][Administrator][-] Deweloperskie: bilet zadaniowy – P3,[FF5555][Administrador][-] Dev: Bilhete de missão C3,[FF5555][Администратор][-] Разраб.: билет задания T3,[FF5555][Yönetici][-] Geliştirme: T3 Görev Bileti,[FF5555][管理员][-] 开发：T3任务票,[FF5555][管理員][-] 開發：T3 任務券
adminT4QuestTicket,items,Admin,,,,[FF5555][Admin][-] Dev: T4 Quest Ticket,,[FF5555][Administrator][-] Dev: T4-Quest-Ticket,[FF5555][Admin][-] Desarrollador: Pase de misión de T4,[FF5555][Admin][-] Dév. : Ticket de quête T4,[FF5555][Amministratore][-] Strumento: Biglietto missione G4,[FF5555][管理][-] 開発者用：ティア4クエストチケット,[FF5555][관리][-] 개발: T4 퀘스트 티켓,[FF5555][Administrator][-] Deweloperskie: bilet zadaniowy – P4,[FF5555][Administrador][-] Dev: Bilhete de missão C4,[FF5555][Администратор][-] Разраб.: билет задания T4,[FF5555][Yönetici][-] Geliştirme: T4 Görev Bileti,[FF5555][管理员][-] 开发：T4任务票,[FF5555][管理員][-] 開發：T4 任務券
adminT5QuestTicket,items,Admin,,,,[FF5555][Admin][-] Dev: T5 Quest Ticket,,[FF5555][Administrator][-] Dev: T5-Quest-Ticket,[FF5555][Admin][-] Desarrollador: Pase de misión de T5,[FF5555][Admin][-] Dév. : Ticket de quête T5,[FF5555][Amministratore][-] Strumento: Biglietto missione G5,[FF5555][管理][-] 開発者用：ティア5クエストチケット,[FF5555][관리][-] 개발: T5 퀘스트 티켓,[FF5555][Administrator][-] Deweloperskie: bilet zadaniowy – P5,[FF5555][Administrador][-] Dev: Bilhete de missão C5,[FF5555][Администратор][-] Разраб.: билет задания T5,[FF5555][Yönetici][-] Geliştirme: T5 Görev Bileti,[FF5555][管理员][-] 开发：T5任务票,[FF5555][管理員][-] 開發：T5 任務券
adminT6QuestTicket,items,Admin,,,,[FF5555][Admin][-] Dev: T6 Quest Ticket,,[FF5555][Administrator][-] Dev: T6-Quest-Ticket,[FF5555][Admin][-] Desarrollador: Pase de misión de T6,[FF5555][Admin][-] Dév. : Ticket de quête T6,[FF5555][Amministratore][-] Strumento: Biglietto missione G6,[FF5555][管理][-] 開発者用：ティア6クエストチケット,[FF5555][관리][-] 개발: T6 퀘스트 티켓,[FF5555][Administrator][-] Deweloperskie: bilet zadaniowy – P6,[FF5555][Administrador][-] Dev: Bilhete de missão C6,[FF5555][Администратор][-] Разраб.: билет задания T6,[FF5555][Yönetici][-] Geliştirme: T6 Görev Bileti,[FF5555][管理员][-] 开发：T6任务票,[FF5555][管理員][-] 開發：T6 任務券
meleeToolPaintToolAdmin,items,Admin,,,,[FF5555][Admin][-] Dev: Paint Brush,,[FF5555][Administrator][-] Entwickler: Malerpinsel,[FF5555][Admin][-] Desarrollador: Pincel,[FF5555][Admin][-] Dév. : pinceau,[FF5555][Amministratore][-] Sviluppo: Pennello,[FF5555][管理][-] 開発者用:はけ,[FF5555][관리][-] 개발: 페인트 브러시,[FF5555][Administrator][-] Deweloperskie: Pędzel,[FF5555][Administrador][-] Des: Pincel,[FF5555][Администратор][-] Разраб: Кисточка,[FF5555][Yönetici][-] Geliştirilen: Boya Fırçası,[FF5555][管理员][-] 开发：油漆刷,[FF5555][管理員][-] 開發：填色刷
meleeToolSalvageWrenchAdmin,items,Admin,,,,[FF5555][Admin][-] Dev: Super Wrench,,[FF5555][Administrator][-] Entwickler: Super-Schraubenschlüssel,[FF5555][Admin][-] Desarrollador: Superllave inglesa,[FF5555][Admin][-] Dév. : super clé à molette,[FF5555][Amministratore][-] Sviluppo: Chiave inglese super,[FF5555][管理][-] 開発者用:スーパーレンチ,[FF5555][관리][-] 개발: 슈퍼 렌치,[FF5555][Administrator][-] Deweloperskie: Super Klucz,[FF5555][Administrador][-] Des: Super Chave Inglesa,[FF5555][Администратор][-] Разраб: Суперинструмент,[FF5555][Yönetici][-] Geliştirilen: Süper İngiliz Anahtarı,[FF5555][管理员][-] 开发：超级扳手,[FF5555][管理員][-] 開發：超級扳手
gunToolDiggerAdmin,items,Admin,,,,[FF5555][Admin][-] Dev: Super Digger,,[FF5555][Administrator][-] Entwickler: Super-Gräber,[FF5555][Admin][-] Desarrollador: Superexcavadora,[FF5555][Admin][-] Dév. : super creuseuse,[FF5555][Amministratore][-] Sviluppo: Super escavatrice,[FF5555][管理][-] 開発者用:スーパーディガー,[FF5555][관리][-] 개발: 최고의 굴착,[FF5555][Administrator][-] Deweloperskie: Super Kopacz,[FF5555][Administrador][-] Des: Super Escavadora,[FF5555][Администратор][-] Разраб: Суперкопатель,[FF5555][Yönetici][-] Geliştirilen: Süper Kazıcı,[FF5555][管理员][-] 开发：超级挖掘者,[FF5555][管理員][-] 開發：超級挖掘機
gunHandgunPistolAdmin,items,Admin,,,,[FF5555][Admin][-] Dev: Instant Death Pistol,,[FF5555][Administrator][-] Entwickler: Soforttod-Pistole,[FF5555][Admin][-] Desarrollador: Pistola de muerte instantánea,[FF5555][Admin][-] Dév. : pistolet de la faucheuse,[FF5555][Amministratore][-] Sviluppo: Pistola a uccisione istantanea,[FF5555][管理][-] 開発者用:即死ピストル,[FF5555][관리][-] 개발: 즉사 피스톨,[FF5555][Administrator][-] Deweloperskie: Pistolet Nagłej Śmierci,[FF5555][Administrador][-] Des: Pistola Morta Instantânea,[FF5555][Администратор][-] Разраб: Пистолет мгновенной смерти,[FF5555][Yönetici][-] Geliştirilen: Anında Ölüm Tabancası,[FF5555][管理员][-] 开发：秒杀手枪,[FF5555][管理員][-] 開發：秒死手槍
meleeToolHammerOfGodAdmin,items,Admin,,,,[FF5555][Admin][-] Dev: Hammer Of God,,[FF5555][Administrator][-] Entwickler: Hammer Gottes,[FF5555][Admin][-] Desarrollador: Martillo divino,[FF5555][Admin][-] Dév. : marteau de Dieu,[FF5555][Amministratore][-] Sviluppo: Martello di Dio,[FF5555][管理][-] 開発者用:神のトンカチ,[FF5555][관리][-] 개발: 신의 망치,[FF5555][Administrator][-] Deweloperskie: Młot Boga,[FF5555][Administrador][-] Des: Martelo do deus,[FF5555][Администратор][-] Разраб: Молот Бога,[FF5555][Yönetici][-] Geliştirilen: Tanrı'nın Çekici,[FF5555][管理员][-] 开发：上帝之锤,[FF5555][管理員][-] 開發：神之錘
pimpMiningHelmetAdmin,items,Admin,,,,[FF5555][Admin][-] Dev: Pimp Mining Helmet,,[FF5555][Administrator][-] Entwickler: Aufgemotzter Bergbauhelm,[FF5555][Admin][-] Desarrollador: Casco de minero chulo,[FF5555][Admin][-] Dév. : Casque de mineur personnalisé,[FF5555][Amministratore][-] Sviluppo: Casco da estrazione mineraria potenziato,[FF5555][管理][-] 開発者用:ピンプ採掘ヘルメット,[FF5555][관리][-] 개발: 개조한 광부 안전모,[FF5555][Administrator][-] Deweloperskie: Hełm Górnika-Alfonsa,[FF5555][Administrador][-] Des: Capacete de Mineração Iluminado,[FF5555][Администратор][-] Разраб: Прокачанная шахтерская каска,[FF5555][Yönetici][-] Geliştirilen: Şık Madenci Kaskı,[FF5555][管理员][-] 开发：炫酷矿帽,[FF5555][管理員][-] 開發：皮條客採礦頭盔
toughGuyShirtAdmin,items,Admin,,,,[FF5555][Admin][-] Dev: Tough Guy Shirt,,[FF5555][Administrator][-] Entwickler: Harter-Kerl-Hemd,[FF5555][Admin][-] Desarrollador: Camisa de tipo rudo,[FF5555][Admin][-] Dév. : chemise de dur à cuire,[FF5555][Amministratore][-] Sviluppo: maglietta del tipo tosto,[FF5555][管理][-] 開発者用： タフガイのシャツ,[FF5555][관리][-] 개발자: 터프가이 셔츠,[FF5555][Administrator][-] Deweloperskie: koszulka twardziela,[FF5555][Administrador][-] Des: camisa de cara durão,[FF5555][Администратор][-] Разраб: Рубаха крепыша,[FF5555][Yönetici][-] Geliştirilen: Sert Çocuk Gömleği,[FF5555][管理员][-] 开发：悍将衬衫,[FF5555][管理員][-] 開發：硬漢襯衫
ringOfFireAdmin,items,Admin,,,,[FF5555][Admin][-] Dev: Ring of Fire,,[FF5555][Administrator][-] Entwickler: Feuerring,[FF5555][Admin][-] Desarrollador: Anillo de fuego,[FF5555][Admin][-] Dév. : Cercle de feu,[FF5555][Amministratore][-] Sviluppo: Cintura di fuoco,[FF5555][管理][-] 開発者用:リングオブファイヤー,[FF5555][관리][-] 개발: 불의 고리,[FF5555][Administrator][-] Deweloperskie: Morze Ognia,[FF5555][Administrador][-] Des: Anel de Fogo,[FF5555][Администратор][-] Разраб: Кольцо Пламени,[FF5555][Yönetici][-] Geliştirilen: Alev Çemberi,[FF5555][管理员][-] 开发：火焰环,[FF5555][管理員][-] 開發：火環
staminaBootsAdmin,items,Admin,,,,[FF5555][Admin][-] Dev: Stamina Boots,,[FF5555][Administrator][-] Dev: Ausdauerstiefel,[FF5555][Admin][-] Desarrollador: botas de resistencia,[FF5555][Admin][-] Dév. : bottes d'endurance,[FF5555][Amministratore][-] Strumento: stivali del vigore,[FF5555][管理][-] 開発者用： スタミナブーツ,[FF5555][관리][-] 개발자: 스태미너 부츠,[FF5555][Administrator][-] Deweloperskie: Buty wytrzymałości,[FF5555][Administrador][-] Dev: Botas de Vigor,[FF5555][Администратор][-] Разраб: Обувь выносливости,[FF5555][Yönetici][-] Geliştirme: Dayanıklılık Çizmesi,[FF5555][管理员][-] 开发：体力靴,[FF5555][管理員][-] 開發：耐力靴
staminaOnlyBootsAdmin,items,Admin,,,,[FF5555][Admin][-] Dev: Stamina Only Boots,,[FF5555][Administrator][-] Dev: nur Ausdauerstiefel,[FF5555][Admin][-] Desarrollador: botas solo de resistencia,[FF5555][Admin][-] Dév. : bottes d'endurance uniquement,[FF5555][Amministratore][-] Strumento: stivali del solo vigore,[FF5555][管理][-] 開発者用：スタミナブーツ,[FF5555][관리][-] 개발자: 스태미너만 있는 부츠,[FF5555][Administrator][-] Deweloperskie: buty wytrzymałości,[FF5555][Administrador][-] Dev: Botas de Apenas Vigor,[FF5555][Администратор][-] Разработчик: обувь только с выносливостью,[FF5555][Yönetici][-] Geliştirme: Sadece Dayanıklılık Çizmesi,[FF5555][管理员][-] 开发：只有体力靴子,[FF5555][管理員][-] 開發：無限耐力長靴
rocketBootsAdmin,items,Admin,,,,[FF5555][Admin][-] Dev: Rocket Boots,,[FF5555][Administrator][-] Entwickler: Raketenstiefel,[FF5555][Admin][-] Desarrollador: Botas de cohete,[FF5555][Admin][-] Dév. : Bottes à propulsion,[FF5555][Amministratore][-] Sviluppo: Razzo-stivali,[FF5555][管理][-] 開発者用:ロケットブーツ,[FF5555][관리][-] 개발: 로켓 부츠,[FF5555][Administrator][-] Deweloperskie: Rakietowe Buty,[FF5555][Administrador][-] Des: Botas de Foguete,[FF5555][Администратор][-] Разраб: Реактивные ботинки,[FF5555][Yönetici][-] Geliştirilen: Roket Çizmeler,[FF5555][管理员][-] 开发：火箭靴,[FF5555][管理員][-] 開發：火箭靴
drinkJarFullRespecAdmin,items,Admin,,,,[FF5555][Admin][-] Dev: Full Respec,,[FF5555][Administrator][-] Entwickler: Voller Respec,[FF5555][Admin][-] Desarrollador: Respeto absoluto,[FF5555][Admin][-] Dév. : respécialisation totale,[FF5555][Amministratore][-] Sviluppo: Rispecializzazione totale,[FF5555][管理][-] 開発者用:フルリスペック,[FF5555][관리][-] 개발: 완전 재분배,[FF5555][Administrator][-] Deweloperskie: Przebranżowienie,[FF5555][Administrador][-] Des: Redefinição Total,[FF5555][Администратор][-] Разраб: Полная переподготовка,[FF5555][Yönetici][-] Geliştirilen: Tam Respec,[FF5555][管理员][-] 开发：重置,[FF5555][管理員][-] 開發：完整規格
drinkJarFullRespecWithPointsAdmin,items,Admin,,,,[FF5555][Admin][-] Dev: Full Respec with XP,,[FF5555][Administrator][-] Dev: Voller Respec mit EP,[FF5555][Admin][-] Desarrollador: Reasignación completa con EXP,[FF5555][Admin][-] Dév. : respécialisation totale avec EXP,[FF5555][Amministratore][-] Sviluppo: Rispecializzazione totale con PE,[FF5555][管理][-] 開発者用： フルリスペックとXP,[FF5555][관리][-] 데브: 경험치 완전 재분배,[FF5555][Administrator][-] Deweloperskie: Pełny reset wraz z PD,[FF5555][Administrador][-] Dev: Redefinição Total com EXP,[FF5555][Администратор][-] Разработчик: полная переподготовка и выдача опыта,[FF5555][Yönetici][-] Geliştirme: DP ile Tam Respec,[FF5555][管理员][-] 开发：重置经验值,[FF5555][管理員][-] 開發：完全重置（附帶經驗值）
noteTestersDelightAdmin,items,Admin,,,,[FF5555][Admin][-] Dev: Note to Testers,,[FF5555][Administrator][-] Entwickler: Hinweis für Tester,[FF5555][Admin][-] Desarrollador: Nota a los testers,[FF5555][Admin][-] Dév. : note aux testeurs,[FF5555][Amministratore][-] Sviluppo: Nota per i tester,[FF5555][管理][-] 開発者用:テスター用メモ,[FF5555][관리][-] 개발: 테스터를 위한 메모,[FF5555][Administrator][-] Deweloperskie: Wiadomość do Testerów,[FF5555][Administrador][-] Des: Aviso aos testers,[FF5555][Администратор][-] Разраб: Заметка для тестировщиков,[FF5555][Yönetici][-] Geliştirilen: Testçilere Not,[FF5555][管理员][-] 开发：测试者注意事项,[FF5555][管理員][-] 開發：測試者須知
noteTestersElectricityAdmin,items,Admin,,,,[FF5555][Admin][-] Dev: Electricity Test Note,,[FF5555][Administrator][-] Entwickler: Elektrizitätstest-Hinweis,[FF5555][Admin][-] Desarrollador: Nota de prueba de electricidad,[FF5555][Admin][-] Dév. : Note de test de l'électricité,[FF5555][Amministratore][-] Sviluppo: Nota test elettrico,[FF5555][管理][-] 開発者用:電気テストメモ,[FF5555][관리][-] 개발: 전기 테스트 메모,[FF5555][Administrator][-] Deweloperskie: Etykietka testowa prądu,[FF5555][Administrador][-] Des: Nota de teste elétrico,[FF5555][Администратор][-] Разраб: Заметка по проверке электричества,[FF5555][Yönetici][-] Geliştirilen: Elektrik Test Notu,[FF5555][管理员][-] 开发：电气测试注意事项,[FF5555][管理員][-] 開發：電力測試須知
upgradeResourcesPackAdmin,items,Admin,,,,[FF5555][Admin][-] Dev: Upgrade Resources Pack,,[FF5555][Administrator][-] Entwickler: Rohstoff-Aufwertungspaket,[FF5555][Admin][-] Desarrollador: Pack de recursos de mejora,[FF5555][Admin][-] Dev : pack d'amélioration de ressources,[FF5555][Amministratore][-] Sviluppo: migliora pacchetto risorse,[FF5555][管理][-] 開発: アップグレード素材パック,[FF5555][관리][-] 개발: 업그레이드 자원 팩,[FF5555][Administrator][-] Dev: pakiet ulepszeń zasobów,[FF5555][Administrador][-] Dev: pacote de melhoria de recursos,[FF5555][Администратор][-] Разр.: набор ресурсов для улучшения,[FF5555][Yönetici][-] Geliştirilen: Yükseltme Kaynakları Paketi,[FF5555][管理员][-] 开发：升级资源包,[FF5555][管理員][-] 開發：升級資源包
craftingResourcesPackAdmin,items,Admin,,,,[FF5555][Admin][-] Dev: Crafting Resources Pack,,[FF5555][Administrator][-] Entwickler: Fertigungsrohstoffpaket,[FF5555][Admin][-] Desarrollador: Pack de recursos de fabricación,[FF5555][Admin][-] Dev : pack de ressources de fabrication,[FF5555][Amministratore][-] Sviluppo: pacchetto risorse per creazione,[FF5555][管理][-] 開発:クラフト素材パック,[FF5555][관리][-] 개발: 제작 자원 팩,[FF5555][Administrator][-] Dev: pakiet zasobów do wytwarzania,[FF5555][Administrador][-] Desenvolvedores: pacote de fabricação de recursos,[FF5555][Администратор][-] Разр.: набор ресурсов для создания предметов,[FF5555][Yönetici][-] Geliştirilen: Kaynak Üretimi Paketi,[FF5555][管理员][-] 开发：制作资源包,[FF5555][管理員][-] 開發：製作資源包
workstationsPackAdmin,items,Admin,,,,[FF5555][Admin][-] Dev: Workstations and Tools Pack,,[FF5555][Administrator][-] Dev: Arbeitsstationen- und Werkzeugpaket,[FF5555][Admin][-] Desarrollador: paquete de estaciones de trabajo y herramientas,[FF5555][Admin][-] Dév : postes de travail et pack d'outils,[FF5555][Amministratore][-] Strumento: Pacchetto postazioni di lavoro e attrezzi,[FF5555][管理][-] 開発者用：作業場と道具パック,[FF5555][관리][-] 개발자: 작업장 및 도구 팩,[FF5555][Administrator][-] Deweloperskie: pakiet stacji roboczych i narzędzi,[FF5555][Administrador][-] Dev: Estações de trabalho e pacotes de ferramentas,[FF5555][Администратор][-] Разраб.: пакет «Рабочие станции и инструменты»,[FF5555][Yönetici][-] Geliştirme: Çalışma İstasyonları ve Aletler Paketi,[FF5555][管理员][-] 开发：工作站和工具包,[FF5555][管理員][-] 開發：工作站與工具包
levelDesignToolsAdmin,items,Admin,,,,[FF5555][Admin][-] Dev: Level Design Tools,,[FF5555][Administrator][-] Entwickler: Level-Aufbau-Tools,[FF5555][Admin][-] Desarrollador: Herramientas de diseño de niveles,[FF5555][Admin][-] Dev : outils de conception de niveau,[FF5555][Amministratore][-] Sviluppo: strumenti design livello,[FF5555][管理][-] 開発：レベルデザインツール,[FF5555][관리][-] 개발: 레벨 디자인 툴,[FF5555][Administrator][-] Dev: narzędzia projektowania poziomu,[FF5555][Administrador][-] Dev: ferramentas de design de nível,[FF5555][Администратор][-] Разр.: инструменты создания уровня,[FF5555][Yönetici][-] Geliştirilen: Seviye Tasarım Araçları,[FF5555][管理员][-] 开发：等级设计工具,[FF5555][管理員][-] 開發：關卡設計工具
toolTerrainModelerAdmin,items,Admin,,,,[FF5555][Admin][-] Dev: Terrain Modeling Tool,,[FF5555][Administrator][-] Entwickler: Geländemodifizier-Werkzeug,[FF5555][Admin][-] Desarrollador: Herramienta de modelado de terreno,[FF5555][Admin][-] Dév. : Outil de modélisation de terrain,[FF5555][Amministratore][-] Sviluppo: Strumento di modellamento del terreno,[FF5555][管理][-] 開発者用:地形モデリングツール,[FF5555][관리][-] 개발: 지형 모델링 도구,[FF5555][Administrator][-] Deweloperskie: Narzędzie Modelowania Terenu,[FF5555][Administrador][-] Des: Ferramenta de remodelação de terreno,[FF5555][Администратор][-] Разраб: Инструмент моделирования поверхности,[FF5555][Yönetici][-] Geliştirilen: Arazi Modelleme Aleti,[FF5555][管理员][-] 开发：地形塑造工具,[FF5555][管理員][-] 開發：地形建模工具
thrownGrenadeNukeAdmin,items,Admin,,,,[FF5555][Admin][-] Dev: Nuke Grenade,,[FF5555][Administrator][-] Dev: Nuke-Granate,[FF5555][Admin][-] Desarrollador: granada nuclear,[FF5555][Admin][-] Dév. : grenade nucléaire,[FF5555][Amministratore][-] Strumento: Granata atomica,[FF5555][管理][-] 開発者用：核の手榴弾,[FF5555][관리][-] 개발자: 핵 수류탄,[FF5555][Administrator][-] Deweloperskie: granat atomowy,[FF5555][Administrador][-] Dev: Granada nuclear,[FF5555][Администратор][-] Разраб.: ядерная граната,[FF5555][Yönetici][-] Geliştirme: Nükleer El Bombası,[FF5555][管理员][-] 开发：核手榴弹,[FF5555][管理員][-] 開發：核手榴彈
adminPerkBook,items,Admin,,,,[FF5555][Admin][-] Dev: All Perks Book,,[FF5555][Administrator][-] Dev: Buch aller Eigenschaften,[FF5555][Admin][-] Desarrollador: Libro de todos los beneficios,[FF5555][Admin][-] Dév. : Tous les livres d'avantages,[FF5555][Amministratore][-] Strumento: Il libro delle capacità,[FF5555][管理][-] 開発者用：全特殊技能の本,[FF5555][관리][-] 개발자: 모든 능력 책,[FF5555][Administrator][-] Deweloperskie: wszystkie książki z profitami,[FF5555][Administrador][-] Dev: Todos os livros de vantagens,[FF5555][Администратор][-] Разр.: книга всех умений,[FF5555][Yönetici][-] Geliştirme: Tüm Avantajlar Kitabı,[FF5555][管理员][-] 开发：所有技能书,[FF5555][管理員][-] 開發：所有技能書籍
adminSkillMagazine,items,Admin,,,,[FF5555][Admin][-] Dev: All Crafting Skills Magazine,,[FF5555][Administrator][-] Dev: Magazin für alle Fertigungs-Fertigkeiten,[FF5555][Admin][-] Desarrollador: conjunto de todas las habilidades de fabricación,[FF5555][Admin][-] Dév. : magasin de toutes les compétences de fabrication,[FF5555][Amministratore][-] Strumento: Rivista delle abilità di creazione,[FF5555][管理][-] 開発者用：全クラフトスキル誌,[FF5555][관리][-] 개발자: 모든 제작 스킬 잡지,[FF5555][Administrator][-] Deweloperskie: wszystkie czasopisma o wytwórstwie,[FF5555][Administrador][-] Dev: All Crafting Skills Magazine,[FF5555][Администратор][-] Разраб.: журнал «Все навыки изготовления»,[FF5555][Yönetici][-] Geliştirme: Tüm Üretim Becerileri Dergisi,[FF5555][管理员][-] 开发：所有制作技能杂志,[FF5555][管理員][-] 開發：所有製作技能雜誌
adminModSchematic,items,Admin,,,,[FF5555][Admin][-] Dev: All Mods Schematic,,[FF5555][Administrator][-] Dev: Bauplan aller Mods,[FF5555][Admin][-] Desarrollador: Todos los esquemas de modificaciones,[FF5555][Admin][-] Dév. : Tous les schémas de modification,[FF5555][Amministratore][-] Strumento: schemi di tutte le modifiche,[FF5555][管理][-] 開発者用：全改造パーツ設計図,[FF5555][관리][-] 개발자: 모든 모드 도면,[FF5555][Administrator][-] Deweloperskie: wszystkie schematy modyfikacji,[FF5555][Administrador][-] Dev: Todos os diagramas de modificação,[FF5555][Администратор][-] Разр.: все схемы модификаций,[FF5555][Yönetici][-] Geliştirme: Tüm Mod Şemaları,[FF5555][管理员][-] 开发：所有模组设计图,[FF5555][管理員][-] 開發：所有模組原理圖
giveXP_T1_admin,items,Admin,,,,[FF5555][Admin][-] Dev: Give XP - T1,,[FF5555][Administrator][-] Dev: Gibt EP - T1,[FF5555][Admin][-] Desarrollador: dar EXP - T1,[FF5555][Admin][-] Dév. : don d'EXP - P1,[FF5555][Amministratore][-] Strumento: Conferisce PE - G1,[FF5555][管理][-] 開発者用：経験値付与 - ティア1,[FF5555][관리][-] 개발자: 경험치 획득 - T1,[FF5555][Administrator][-] Deweloperskie: dodaj PD – P1,[FF5555][Administrador][-] Dev: Dá EXP - C1,[FF5555][Администратор][-] Разраб.: дать опыт — T1,[FF5555][Yönetici][-] Geliştirme: DP Ver - T1,[FF5555][管理员][-] 开发：给予经验值 - T1,[FF5555][管理員][-] 開發：給予經驗值 - T1
giveXP_T2_admin,items,Admin,,,,[FF5555][Admin][-] Dev: Give XP - T2,,[FF5555][Administrator][-] Dev: Gibt EP - T2,[FF5555][Admin][-] Desarrollador: dar EXP - T2,[FF5555][Admin][-] Dév. : don d'EXP - P2,[FF5555][Amministratore][-] Strumento: Conferisce PE - G2,[FF5555][管理][-] 開発者用：経験値付与 - ティア2,[FF5555][관리][-] 개발자: 경험치 획득 - T2,[FF5555][Administrator][-] Deweloperskie: dodaj PD – P2,[FF5555][Administrador][-] Dev: Dá EXP - C2,[FF5555][Администратор][-] Разраб.: дать опыт — T2,[FF5555][Yönetici][-] Geliştirme: DP Ver - T2,[FF5555][管理员][-] 开发：给予经验值 - T2,[FF5555][管理員][-] 開發：給予經驗值 - T2
giveXP_T3_admin,items,Admin,,,,[FF5555][Admin][-] Dev: Give XP - T3,,[FF5555][Administrator][-] Dev: Gibt EP - T3,[FF5555][Admin][-] Desarrollador: dar EXP - T3,[FF5555][Admin][-] Dév. : don d'EXP - P3,[FF5555][Amministratore][-] Strumento: Conferisce PE - G3,[FF5555][管理][-] 開発者用：経験値付与 - ティア3,[FF5555][관리][-] 개발자: 경험치 획득 - T3,[FF5555][Administrator][-] Deweloperskie: dodaj PD – P3,[FF5555][Administrador][-] Dev: Dá EXP - C3,[FF5555][Администратор][-] Разраб.: дать опыт — T3,[FF5555][Yönetici][-] Geliştirme: DP Ver - T3,[FF5555][管理员][-] 开发：给予经验值 - T3,[FF5555][管理員][-] 開發：給予經驗值 - T3
giveXP_T4_admin,items,Admin,,,,[FF5555][Admin][-] Dev: Give XP - T4,,[FF5555][Administrator][-] Dev: Gibt EP - T4,[FF5555][Admin][-] Desarrollador: dar EXP - T4,[FF5555][Admin][-] Dév. : don d'EXP - P4,[FF5555][Amministratore][-] Strumento: Conferisce PE - G4,[FF5555][管理][-] 開発者用：経験値付与 - ティア4,[FF5555][관리][-] 개발자: 경험치 획득 - T4,[FF5555][Administrator][-] Deweloperskie: dodaj PD – P4,[FF5555][Administrador][-] Dev: Dá EXP - C4,[FF5555][Администратор][-] Разраб.: дать опыт — T4,[FF5555][Yönetici][-] Geliştirme: DP Ver - T4,[FF5555][管理员][-] 开发：给予经验值 - T4,[FF5555][管理員][-] 開發：給予經驗值 - T4
giveXP_T5_admin,items,Admin,,,,[FF5555][Admin][-] Dev: Give XP - T5,,[FF5555][Administrator][-] Dev: Gibt EP - T5,[FF5555][Admin][-] Desarrollador: dar EXP - T5,[FF5555][Admin][-] Dév. : don d'EXP - P5,[FF5555][Amministratore][-] Strumento: Conferisce PE - G5,[FF5555][管理][-] 開発者用：経験値付与 - ティア5,[FF5555][관리][-] 개발자: 경험치 획득 - T5,[FF5555][Administrator][-] Deweloperskie: dodaj PD – P5,[FF5555][Administrador][-] Dev: Dá EXP - C5,[FF5555][Администратор][-] Разраб.: дать опыт — T5,[FF5555][Yönetici][-] Geliştirme: DP Ver - T5,[FF5555][管理员][-] 开发：给予经验值 - T5,[FF5555][管理員][-] 開發：給予經驗值 - T5
giveXP_T6_admin,items,Admin,,,,[FF5555][Admin][-] Dev: Give XP - T6,,[FF5555][Administrator][-] Dev: Gibt EP - T6,[FF5555][Admin][-] Desarrollador: dar EXP - T6,[FF5555][Admin][-] Dév. : don d'EXP - P6,[FF5555][Amministratore][-] Strumento: Conferisce PE - G6,[FF5555][管理][-] 開発者用：経験値付与 - ティア6,[FF5555][관리][-] 개발자: 경험치 획득 - T6,[FF5555][Administrator][-] Deweloperskie: dodaj PD – P6,[FF5555][Administrador][-] Dev: Dá EXP - C6,[FF5555][Администратор][-] Разраб.: дать опыт — T6,[FF5555][Yönetici][-] Geliştirme: DP Ver - T6,[FF5555][管理员][-] 开发：给予经验值 - T6,[FF5555][管理員][-] 開發：給予經驗值 - T6
adminGiveBuffInfection,items,Admin,,,,[FF5555][Admin][-] Dev: Buff Infection,,[FF5555][Administrator][-] Dev: Infektion-Buff,[FF5555][Admin][-] Desarrollador: potenciador de infección,[FF5555][Admin][-] Dév : buff Infection légère,[FF5555][Amministratore][-] Strumento: Buff Infezione,[FF5555][管理][-] 開発者用：バフ「感染症」,[FF5555][관리][-] 개발: 감염 버프,[FF5555][Administrator][-] Deweloperskie: premia infekcji,[FF5555][Administrador][-] Dev: aplicação de “Infecção”,[FF5555][Администратор][-] Разраб.: эффект «Легкая инфекция»,[FF5555][Yönetici][-] Geliştirme: Enfeksiyon Güçlendirmesi,[FF5555][管理员][-] 开发：增益 - 感染,[FF5555][管理員][-] 開發：感染效果
adminGiveBuffAbrasion,items,Admin,,,,[FF5555][Admin][-] Dev: Buff Abrasion 600,,[FF5555][Administrator][-] Dev: Schürfwunden-Buff 600,[FF5555][Admin][-] Desarrollador: potenciador de abrasión 600,[FF5555][Admin][-] Dév : bonus Égratignure 600,[FF5555][Amministratore][-] Strumento: Buff Abrasione 600,[FF5555][管理][-] 開発者用：バフ「擦り傷600」,[FF5555][관리][-] 개발: 찰과상 버프 600,[FF5555][Administrator][-] Deweloperskie: premia stłuczenia 600,[FF5555][Administrador][-] Dev: bônus de Raladura 600,[FF5555][Администратор][-] Разраб.: эффект «Ссадины» 600,[FF5555][Yönetici][-] Geliştirme: Sıyrık Güçlendirmesi 600,[FF5555][管理员][-] 开发：增益 - 擦伤 600,[FF5555][管理員][-] 開發：擦傷效果 600
adminGiveBuffAbrasion1800,items,Admin,,,,[FF5555][Admin][-] Dev: Buff Abrasion 1800,,[FF5555][Administrator][-] Dev: Schürfwunden-Buff 1800,[FF5555][Admin][-] Desarrollador: potenciador de abrasión 1800,[FF5555][Admin][-] Dév : bonus Égratignure 1 800,[FF5555][Amministratore][-] Strumento: Buff Abrasione 1800,[FF5555][管理][-] 開発者用：バフ「擦り傷1800」,[FF5555][관리][-] 개발: 찰과상 버프 1800,[FF5555][Administrator][-] Deweloperskie: premia stłuczenia 1800,[FF5555][Administrador][-] Dev: bônus de Raladura 1800,[FF5555][Администратор][-] Разраб.: эффект «Ссадины» 1800,[FF5555][Yönetici][-] Geliştirme: Sıyrık Güçlendirmesi 1800,[FF5555][管理员][-] 开发：增益 - 擦伤 1800,[FF5555][管理員][-] 開發：擦傷效果 1800
adminGiveBuffAbrasion2400,items,Admin,,,,[FF5555][Admin][-] Dev: Buff Abrasion 2400,,[FF5555][Administrator][-] Dev: Schürfwunden-Buff 2400,[FF5555][Admin][-] Desarrollador: potenciador de abrasión 2400,[FF5555][Admin][-] Dév : bonus Égratignure 2 400,[FF5555][Amministratore][-] Strumento: Buff Abrasione 2400,[FF5555][管理][-] 開発者用：バフ「擦り傷2400」,[FF5555][관리][-] 개발: 찰과상 버프 2400,[FF5555][Administrator][-] Deweloperskie: premia stłuczenia 2400,[FF5555][Administrador][-] Dev: bônus de Raladura 2400,[FF5555][Администратор][-] Разраб.: эффект «Ссадины» 2400,[FF5555][Yönetici][-] Geliştirme: Sıyrık Güçlendirmesi 2400,[FF5555][管理员][-] 开发：增益 - 擦伤 2400,[FF5555][管理員][-] 開發：擦傷效果 2400
adminGiveBuffAbrasion3200,items,Admin,,,,[FF5555][Admin][-] Dev: Buff Abrasion 3200,,[FF5555][Administrator][-] Dev: Schürfwunden-Buff 3200,[FF5555][Admin][-] Desarrollador: potenciador de abrasión 3200,[FF5555][Admin][-] Dév : bonus Égratignure 3 200,[FF5555][Amministratore][-] Strumento: Buff Abrasione 3200,[FF5555][管理][-] 開発者用：バフ「擦り傷3200」,[FF5555][관리][-] 개발: 찰과상 버프 3200,[FF5555][Administrator][-] Deweloperskie: premia stłuczenia 3200,[FF5555][Administrador][-] Dev: bônus de Raladura 3200,[FF5555][Администратор][-] Разраб.: эффект «Ссадины» 3200,[FF5555][Yönetici][-] Geliştirme: Sıyrık Güçlendirmesi 3200,[FF5555][管理员][-] 开发：增益 - 擦伤 3200,[FF5555][管理員][-] 開發：擦傷效果 3200
adminGiveBuffFatigued,items,Admin,,,,[FF5555][Admin][-] Dev: Buff Fatigued,,[FF5555][Administrator][-] Dev: Erschöpft-Buff,[FF5555][Admin][-] Desarrollador: potenciador de fatiga,[FF5555][Admin][-] Dév : buff Fatigue,[FF5555][Amministratore][-] Strumento: Buff Affaticato,[FF5555][管理][-] 開発者用：バフ「疲労」,[FF5555][관리][-] 개발: 피로함 버프,[FF5555][Administrator][-] Deweloperskie: premia zmęczenia,[FF5555][Administrador][-] Dev: aplicação de “Fadiga”,[FF5555][Администратор][-] Разраб.: эффект «Усталость»,[FF5555][Yönetici][-] Geliştirme: Yorgunluk Güçlendirmesi,[FF5555][管理员][-] 开发：增益 - 疲劳,[FF5555][管理員][-] 開發：疲勞效果
adminGiveBuffLaceration,items,Admin,,,,[FF5555][Admin][-] Dev: Buff Laceration,,[FF5555][Administrator][-] Dev: Schnittwunden-Buff,[FF5555][Admin][-] Desarrollador: potenciador de laceración,[FF5555][Admin][-] Dév : buff Lacération,[FF5555][Amministratore][-] Strumento: Buff Lacerazione,[FF5555][管理][-] 開発者用：バフ「裂傷」,[FF5555][관리][-] 개발: 열상 버프,[FF5555][Administrator][-] Deweloperskie: premia rany szarpanej,[FF5555][Administrador][-] Dev: aplicação de “Laceração”,[FF5555][Администратор][-] Разраб.: эффект «Глубокая рана»,[FF5555][Yönetici][-] Geliştirme: Kesik Güçlendirmesi,[FF5555][管理员][-] 开发：增益 - 裂伤,[FF5555][管理員][-] 開發：裂傷效果
adminGiveBuffConcussion,items,Admin,,,,[FF5555][Admin][-] Dev: Buff Concussion,,[FF5555][Administrator][-] Dev: Gehirnerschütterung-Buff,[FF5555][Admin][-] Desarrollador: potenciador de traumatismo,[FF5555][Admin][-] Dév : buff Commotion cérébrale,[FF5555][Amministratore][-] Strumento: Buff Commozione cerebrale,[FF5555][管理][-] 開発者用：バフ「脳震盪」,[FF5555][관리][-] 개발: 뇌진탕 버프,[FF5555][Administrator][-] Deweloperskie: premia wstrząsu,[FF5555][Administrador][-] Dev: aplicação de “Concussão”,[FF5555][Администратор][-] Разраб.: эффект «Сотрясение»,[FF5555][Yönetici][-] Geliştirme: Sarsıntı Güçlendirmesi,[FF5555][管理员][-] 开发：增益 - 脑震荡,[FF5555][管理員][-] 開發：腦震盪效果
adminGiveBuffDysentery,items,Admin,,,,[FF5555][Admin][-] Dev: Buff Dysentery,,[FF5555][Administrator][-] Dev: Ruhr-Buff,[FF5555][Admin][-] Desarrollador: potenciador de disentería,[FF5555][Admin][-] Dév : buff Dysenterie,[FF5555][Amministratore][-] Strumento: Buff Dissenteria,[FF5555][管理][-] 開発者用：バフ「赤痢」,[FF5555][관리][-] 개발: 이질 버프,[FF5555][Administrator][-] Deweloperskie: premia dyzenterii,[FF5555][Administrador][-] Dev: aplicação de “Disenteria”,[FF5555][Администратор][-] Разраб.: эффект «Дизентерия»,[FF5555][Yönetici][-] Geliştirme: Dizanteri Güçlendirmesi,[FF5555][管理员][-] 开发：增益 - 痢疾,[FF5555][管理員][-] 開發：痢疾效果
adminGiveBuffSprainedLeg,items,Admin,,,,[FF5555][Admin][-] Dev: Buff Sprained Leg,,[FF5555][Administrator][-] Dev: „Verstauchtes Bein“-Buff,[FF5555][Admin][-] Desarrollador: potenciador de esguince,[FF5555][Admin][-] Dév : buff Entorse à la jambe,[FF5555][Amministratore][-] Strumento: Buff Gamba slogata,[FF5555][管理][-] 開発者用：バフ「脚部捻挫」,[FF5555][관리][-] 개발: 다리 접질림 버프,[FF5555][Administrator][-] Deweloperskie: premia skręconej nogi,[FF5555][Administrador][-] Dev: aplicação de “Perna torcida”,[FF5555][Администратор][-] Разраб.: эффект «Вывих ноги»,[FF5555][Yönetici][-] Geliştirme: Burkulmuş Ayak Güçlendirmesi,[FF5555][管理员][-] 开发：增益 - 扭伤的腿,[FF5555][管理員][-] 開發：腿扭傷效果
adminGiveBuffBrokenLeg,items,Admin,,,,[FF5555][Admin][-] Dev: Buff Broken Leg,,[FF5555][Administrator][-] Dev: „Gebrochenes Bein“-Buff,[FF5555][Admin][-] Desarrollador: potenciador de pierna fracturada,[FF5555][Admin][-] Dév : buff Jambe cassée,[FF5555][Amministratore][-] Strumento: Buff Gamba rotta,[FF5555][管理][-] 開発者用：バフ「脚部骨折」,[FF5555][관리][-] 개발: 다리 부러짐 버프,[FF5555][Administrator][-] Deweloperskie: premia złamanej nogi,[FF5555][Administrador][-] Dev: aplicação de “Perna quebrada”,[FF5555][Администратор][-] Разраб.: эффект «Сломанная нога»,[FF5555][Yönetici][-] Geliştirme: Kırık Bacak Güçlendirmesi,[FF5555][管理员][-] 开发：增益 - 断腿,[FF5555][管理員][-] 開發：腿斷效果
adminGiveBuffSprainedArm,items,Admin,,,,[FF5555][Admin][-] Dev: Buff Sprained Arm,,[FF5555][Administrator][-] Dev: „Verstauchter Arm“-Buff,[FF5555][Admin][-] Desarrollador: potenciador de esguince de brazo,[FF5555][Admin][-] Dév : buff Bras foulé,[FF5555][Amministratore][-] Strumento: Buff Braccio slogato,[FF5555][管理][-] 開発者用：バフ「腕部捻挫」,[FF5555][관리][-] 개발: 팔 접질림 버프,[FF5555][Administrator][-] Deweloperskie: premia skręconego ramienia,[FF5555][Administrador][-] Dev: aplicação de “Braço torcido”,[FF5555][Администратор][-] Разраб.: эффект «Вывих руки»,[FF5555][Yönetici][-] Geliştirme: Burkulmuş Kol Güçlendirmesi,[FF5555][管理员][-] 开发：增益 - 扭伤的手臂,[FF5555][管理員][-] 開發：手臂扭傷效果
adminGiveBuffBrokenArm,items,Admin,,,,[FF5555][Admin][-] Dev: Buff Broken Arm,,[FF5555][Administrator][-] Dev: „Gebrochener Arm“-Buff,[FF5555][Admin][-] Desarrollador: potenciador de brazo fracturado,[FF5555][Admin][-] Dév : buff Bras cassé,[FF5555][Amministratore][-] Strumento: Buff Braccio rotto,[FF5555][管理][-] 開発者用：バフ「腕部骨折」,[FF5555][관리][-] 개발: 팔 부러짐 버프,[FF5555][Administrator][-] Deweloperskie: premia złamanego ramienia,[FF5555][Administrador][-] Dev: aplicação de “Braço quebrado”,[FF5555][Администратор][-] Разраб.: эффект «Сломанная рука»,[FF5555][Yönetici][-] Geliştirme: Kırık Kol Güçlendirmesi,[FF5555][管理员][-] 开发：增益 - 断臂,[FF5555][管理員][-] 開發：手臂斷折效果
modArmorAdminToughGuyShirt,item_modifiers,Admin,,,,[FF5555][Admin][-] Dev: Tough Guy Mod,,[FF5555][Administrator][-] Dev: Harter-Kerl-Mod,[FF5555][Admin][-] Desarrollador: modificación de tipo rudo,[FF5555][Admin][-] Dév. : modification de dur à cuire,[FF5555][Amministratore][-] Strumento: mod tipo tosto,[FF5555][管理][-] 開発者用: タフガイ改造パーツ,[FF5555][관리][-] 개발자: 터프가이 모드,[FF5555][Administrator][-] Deweloperskie: modyfikacja twardziela,[FF5555][Administrador][-] Des: modificação de cara durão,[FF5555][Администратор][-] Разраб: модификация «Крепыш»,[FF5555][Yönetici][-] Geliştirme: Sert Çocuk Modu,[FF5555][管理员][-] 开发：悍将模组,[FF5555][管理員][-] 開發：硬漢模組
ammo44MagnumBulletAP,items,Ammo,,,,"[dddd01][-][eeee03][-][FFA94D][Ammo][-] .44 Magnum, AP",,[dddd01][-][eeee03][-][FFA94D][Munition][-] Panzerbrechende .44-Magnum-Munition,[dddd01][-][eeee03][-][FFA94D][Municiones][-] Munición con perforación de armadura de Magnum 0.44,[dddd01][-][eeee03][-][FFA94D][Munitions][-] Munition AP .44 Magnum,[dddd01][-][eeee03][-][FFA94D][Munizioni][-] Munizioni perforanti per .44 Magnum,[dddd01][-][eeee03][-][FFA94D][弾薬][-] AP.44マグナム弾,[dddd01][-][eeee03][-][FFA94D][탄약][-] AP .44 매그넘 탄약,[dddd01][-][eeee03][-][FFA94D][Amunicja][-] Przeciwpancerna amunicja Magnum .44,[dddd01][-][eeee03][-][FFA94D][Munição][-] Munição de .44 Magnum AP,[dddd01][-][eeee03][-][FFA94D][Боеприпасы][-] Бронебойные патроны .44 Magnum,[dddd01][-][eeee03][-][FFA94D][Mühimmat][-] AP .44 Magnum Mühimmatı,[dddd01][-][eeee03][-][FFA94D][弹药][-] .44马格南穿甲弹,[dddd01][-][eeee03][-][FFA94D][彈藥][-] AP .44 馬格南彈藥
ammo44MagnumBulletBall,items,Ammo,,,,[dddd01][-][eeee01][-][FFA94D][Ammo][-] .44 Magnum,,[dddd01][-][eeee01][-][FFA94D][Munition][-] .44-Magnum-Munition,[dddd01][-][eeee01][-][FFA94D][Municiones][-] Munición de Magnum 0.44,[dddd01][-][eeee01][-][FFA94D][Munitions][-] Munition .44 Magnum,[dddd01][-][eeee01][-][FFA94D][Munizioni][-] Munizioni per .44 Magnum,[dddd01][-][eeee01][-][FFA94D][弾薬][-] .44マグナム弾,[dddd01][-][eeee01][-][FFA94D][탄약][-] .44 매그넘 탄약,[dddd01][-][eeee01][-][FFA94D][Amunicja][-] Amunicja Magnum .44,[dddd01][-][eeee01][-][FFA94D][Munição][-] Munição de .44 Magnum,[dddd01][-][eeee01][-][FFA94D][Боеприпасы][-] Патроны .44 Magnum,[dddd01][-][eeee01][-][FFA94D][Mühimmat][-] .44 Magnum Mühimmatı,[dddd01][-][eeee01][-][FFA94D][弹药][-] .44马格南弹药,[dddd01][-][eeee01][-][FFA94D][彈藥][-] .44 馬格南彈藥
ammo44MagnumBulletHP,items,Ammo,,,,"[dddd01][-][eeee02][-][FFA94D][Ammo][-] .44 Magnum, HiPower",,[dddd01][-][eeee02][-][FFA94D][Munition][-] HiPower-.44-Magnum-Munition,[dddd01][-][eeee02][-][FFA94D][Municiones][-] Munición expansiva de Magnum 0.44,[dddd01][-][eeee02][-][FFA94D][Munitions][-] Munition HtePuissance .44 Magnum,[dddd01][-][eeee02][-][FFA94D][Munizioni][-] Munizioni HiPower per .44 Magnum,[dddd01][-][eeee02][-][FFA94D][弾薬][-] ハイパワー.44マグナム弾,[dddd01][-][eeee02][-][FFA94D][탄약][-] 하이파워 .44 매그넘 탄약,[dddd01][-][eeee02][-][FFA94D][Amunicja][-] Wzmocniona amunicja Magnum .44,[dddd01][-][eeee02][-][FFA94D][Munição][-] Munição .44 Magnum de alto desempenho,[dddd01][-][eeee02][-][FFA94D][Боеприпасы][-] Усиленные патроны .44 Magnum,[dddd01][-][eeee02][-][FFA94D][Mühimmat][-] HiPower .44 Magnum Mühimmatı,[dddd01][-][eeee02][-][FFA94D][弹药][-] .44马格南空心弹,[dddd01][-][eeee02][-][FFA94D][彈藥][-] HiPower .44馬格南彈藥
ammo762mmBulletAP,items,Ammo,,,,"[dddd02][-][eeee03][-][FFA94D][Ammo][-] 7.62mm, AP",,"[dddd02][-][eeee03][-][FFA94D][Munition][-] Panzerbrechende 7,62-mm-Munition","[dddd02][-][eeee03][-][FFA94D][Municiones][-] Munición con perforación de armadura de 7,62 mm","[dddd02][-][eeee03][-][FFA94D][Munitions][-] Munition AP cal. 7,62 mm","[dddd02][-][eeee03][-][FFA94D][Munizioni][-] Munizioni perforanti per una 7,62 mm",[dddd02][-][eeee03][-][FFA94D][弾薬][-] AP 7.62mm弾,[dddd02][-][eeee03][-][FFA94D][탄약][-] AP 7.62mm 탄약,"[dddd02][-][eeee03][-][FFA94D][Amunicja][-] Przeciwpancerna amunicja 7,62 mm",[dddd02][-][eeee03][-][FFA94D][Munição][-] Munição 7.62 mm AP,"[dddd02][-][eeee03][-][FFA94D][Боеприпасы][-] Бронебойные патроны 7,62 мм","[dddd02][-][eeee03][-][FFA94D][Mühimmat][-] AP 7,62 mm Mühimmat",[dddd02][-][eeee03][-][FFA94D][弹药][-] 7.62毫米穿甲弹,[dddd02][-][eeee03][-][FFA94D][彈藥][-] AP 7.62 毫米彈藥
ammo762mmBulletBall,items,Ammo,,,,[dddd02][-][eeee01][-][FFA94D][Ammo][-] 7.62mm,,"[dddd02][-][eeee01][-][FFA94D][Munition][-] 7,62-mm-Munition","[dddd02][-][eeee01][-][FFA94D][Municiones][-] Munición de 7,62 mm","[dddd02][-][eeee01][-][FFA94D][Munitions][-] Munition cal. 7,62 mm","[dddd02][-][eeee01][-][FFA94D][Munizioni][-] Munizioni per una 7,62 mm",[dddd02][-][eeee01][-][FFA94D][弾薬][-] 7.62mm弾,[dddd02][-][eeee01][-][FFA94D][탄약][-] 7.62mm 탄약,"[dddd02][-][eeee01][-][FFA94D][Amunicja][-] Amunicja 7,62 mm",[dddd02][-][eeee01][-][FFA94D][Munição][-] Munição 7.62 mm,"[dddd02][-][eeee01][-][FFA94D][Боеприпасы][-] Патроны 7,62 мм","[dddd02][-][eeee01][-][FFA94D][Mühimmat][-] 7,62 mm Mühimmat",[dddd02][-][eeee01][-][FFA94D][弹药][-] 7.62毫米弹药,[dddd02][-][eeee01][-][FFA94D][彈藥][-] 7.62 毫米彈藥
ammo762mmBulletHP,items,Ammo,,,,"[dddd02][-][eeee02][-][FFA94D][Ammo][-] 7.62mm, HiPower",,"[dddd02][-][eeee02][-][FFA94D][Munition][-] HiPower-7,62-mm-Munition",[dddd02][-][eeee02][-][FFA94D][Municiones][-] Munición expansiva de 7.62 mm,"[dddd02][-][eeee02][-][FFA94D][Munitions][-] Munition HtePuissance cal. 7,62 mm","[dddd02][-][eeee02][-][FFA94D][Munizioni][-] Munizioni HiPower per 7,62 mm",[dddd02][-][eeee02][-][FFA94D][弾薬][-] ハイパワー7.62mm弾,[dddd02][-][eeee02][-][FFA94D][탄약][-] 하이파워 7.62mm 탄약,"[dddd02][-][eeee02][-][FFA94D][Amunicja][-] Wzmocniona amunicja 7,62 mm",[dddd02][-][eeee02][-][FFA94D][Munição][-] Munição 7.62 mm de alto desempenho,"[dddd02][-][eeee02][-][FFA94D][Боеприпасы][-] Усиленные патроны 7,62 мм","[dddd02][-][eeee02][-][FFA94D][Mühimmat][-] HiPower 7,62 mm Mühimmatı",[dddd02][-][eeee02][-][FFA94D][弹药][-] 7.62毫米马格南空心弹,[dddd02][-][eeee02][-][FFA94D][彈藥][-] HiPower 7.62毫米彈藥
ammo9mmBulletAP,items,Ammo,,,,"[dddd03][-][eeee03][-][FFA94D][Ammo][-] 9mm, AP",,[dddd03][-][eeee03][-][FFA94D][Munition][-] Panzerbrechende 9-mm-Munition,[dddd03][-][eeee03][-][FFA94D][Municiones][-] Munición con perforación de armadura de 9 mm,[dddd03][-][eeee03][-][FFA94D][Munitions][-] Munition AP cal. 9 mm,[dddd03][-][eeee03][-][FFA94D][Munizioni][-] Munizioni perforanti per 9 mm,[dddd03][-][eeee03][-][FFA94D][弾薬][-] AP 9mm弾,[dddd03][-][eeee03][-][FFA94D][탄약][-] AP 9mm 탄약,[dddd03][-][eeee03][-][FFA94D][Amunicja][-] Przeciwpancerna amunicja 9 mm,[dddd03][-][eeee03][-][FFA94D][Munição][-] Munição 9 mm AP,[dddd03][-][eeee03][-][FFA94D][Боеприпасы][-] Бронебойные патроны 9 мм,[dddd03][-][eeee03][-][FFA94D][Mühimmat][-] AP 9 mm Mühimmat,[dddd03][-][eeee03][-][FFA94D][弹药][-] 9毫米穿甲弹,[dddd03][-][eeee03][-][FFA94D][彈藥][-] AP 9 毫米彈藥
ammo9mmBulletBall,items,Ammo,,,,[dddd03][-][eeee01][-][FFA94D][Ammo][-] 9mm,,[dddd03][-][eeee01][-][FFA94D][Munition][-] 9-mm-Munition,[dddd03][-][eeee01][-][FFA94D][Municiones][-] Munición de 9 mm,[dddd03][-][eeee01][-][FFA94D][Munitions][-] Munition cal. 9 mm,[dddd03][-][eeee01][-][FFA94D][Munizioni][-] Munizioni per 9 mm,[dddd03][-][eeee01][-][FFA94D][弾薬][-] 9mm弾,[dddd03][-][eeee01][-][FFA94D][탄약][-] 9mm 탄약,[dddd03][-][eeee01][-][FFA94D][Amunicja][-] Amunicja 9 mm,[dddd03][-][eeee01][-][FFA94D][Munição][-] Munição 9 mm,[dddd03][-][eeee01][-][FFA94D][Боеприпасы][-] Патроны 9 мм,[dddd03][-][eeee01][-][FFA94D][Mühimmat][-] 9 mm Mühimmat,[dddd03][-][eeee01][-][FFA94D][弹药][-] 9毫米弹药,[dddd03][-][eeee01][-][FFA94D][彈藥][-] 9 毫米彈藥
ammo9mmBulletHP,items,Ammo,,,,"[dddd03][-][eeee02][-][FFA94D][Ammo][-] 9mm, HiPower",,[dddd03][-][eeee02][-][FFA94D][Munition][-] HiPower-9-mm-Munition,[dddd03][-][eeee02][-][FFA94D][Municiones][-] Munición expansiva de 9 mm,[dddd03][-][eeee02][-][FFA94D][Munitions][-] Munition HtePuissance cal. 9 mm,[dddd03][-][eeee02][-][FFA94D][Munizioni][-] Munizioni HiPower per 9 mm,[dddd03][-][eeee02][-][FFA94D][弾薬][-] ハイパワー9mm弾,[dddd03][-][eeee02][-][FFA94D][탄약][-] 하이파워 9mm 탄약,[dddd03][-][eeee02][-][FFA94D][Amunicja][-] Wzmocniona amunicja 9 mm,[dddd03][-][eeee02][-][FFA94D][Munição][-] Munição 9 mm de alto desempenho,[dddd03][-][eeee02][-][FFA94D][Боеприпасы][-] Усиленные патроны 9 мм,[dddd03][-][eeee02][-][FFA94D][Mühimmat][-] HiPower 9 mm Mühimmatı,[dddd03][-][eeee02][-][FFA94D][弹药][-] 9毫米空心弹,[dddd03][-][eeee02][-][FFA94D][彈藥][-] HiPower 9毫米彈藥
ammoArrowExploding,items,Ammo,,,,"[dddd04][-][eeee05][-][FFA94D][Ammo][-] Arrow, Exploding",,[dddd04][-][eeee05][-][FFA94D][Munition][-] Sprengpfeil (Munition),[dddd04][-][eeee05][-][FFA94D][Municiones][-] Flecha explosiva (munición),[dddd04][-][eeee05][-][FFA94D][Munitions][-] Flèche explosive (munition),[dddd04][-][eeee05][-][FFA94D][Munizioni][-] Freccia esplosiva (Munizioni),[dddd04][-][eeee05][-][FFA94D][弾薬][-] 爆発矢（弾薬）,[dddd04][-][eeee05][-][FFA94D][탄약][-] 폭발 화살 (탄약),[dddd04][-][eeee05][-][FFA94D][Amunicja][-] Wybuchowa strzała (amunicja),[dddd04][-][eeee05][-][FFA94D][Munição][-] Flecha Explosiva (Munição),[dddd04][-][eeee05][-][FFA94D][Боеприпасы][-] Взрывная стрела (боеприпасы),[dddd04][-][eeee05][-][FFA94D][Mühimmat][-] Patlayan Ok (Mühimmat),[dddd04][-][eeee05][-][FFA94D][弹药][-] 爆炸箭（弹药）,[dddd04][-][eeee05][-][FFA94D][彈藥][-] 爆炸箭（彈藥）
ammoArrowFlaming,items,Ammo,,,,"[dddd04][-][eeee04][-][FFA94D][Ammo][-] Arrow, Flaming",,[dddd04][-][eeee04][-][FFA94D][Munition][-] Feuerpfeil (Munition),[dddd04][-][eeee04][-][FFA94D][Municiones][-] Flecha en llamas (munición),[dddd04][-][eeee04][-][FFA94D][Munitions][-] Flèche enflammée (munition),[dddd04][-][eeee04][-][FFA94D][Munizioni][-] Freccia di fuoco (Munizioni),[dddd04][-][eeee04][-][FFA94D][弾薬][-] 燃焼矢（弾薬）,[dddd04][-][eeee04][-][FFA94D][탄약][-] 불화살 (탄약),[dddd04][-][eeee04][-][FFA94D][Amunicja][-] Płonąca strzała (amunicja),[dddd04][-][eeee04][-][FFA94D][Munição][-] Flecha Flamejante (Munição),[dddd04][-][eeee04][-][FFA94D][Боеприпасы][-] Зажигательная стрела (боеприпасы),[dddd04][-][eeee04][-][FFA94D][Mühimmat][-] Alevli Ok (Mühimmat),[dddd04][-][eeee04][-][FFA94D][弹药][-] 燃烧箭（弹药）,[dddd04][-][eeee04][-][FFA94D][彈藥][-] 燃燒箭（彈藥）
ammoArrowIron,items,Ammo,,,,"[dddd04][-][eeee02][-][FFA94D][Ammo][-] Arrow, Iron",,[dddd04][-][eeee02][-][FFA94D][Munition][-] Eisenpfeil (Munition),[dddd04][-][eeee02][-][FFA94D][Municiones][-] Flecha de hierro (munición),[dddd04][-][eeee02][-][FFA94D][Munitions][-] Flèche en fer (munition),[dddd04][-][eeee02][-][FFA94D][Munizioni][-] Freccia di ferro (Munizioni),[dddd04][-][eeee02][-][FFA94D][弾薬][-] 鉄矢（弾薬）,[dddd04][-][eeee02][-][FFA94D][탄약][-] 철제 화살 (탄약),[dddd04][-][eeee02][-][FFA94D][Amunicja][-] Żelazna strzała (amunicja),[dddd04][-][eeee02][-][FFA94D][Munição][-] Flecha de Ferro (Munição),[dddd04][-][eeee02][-][FFA94D][Боеприпасы][-] Железная стрела (боеприпасы),[dddd04][-][eeee02][-][FFA94D][Mühimmat][-] Demir Ok (Mühimmat),[dddd04][-][eeee02][-][FFA94D][弹药][-] 铁箭（弹药）,[dddd04][-][eeee02][-][FFA94D][彈藥][-] 鐵箭（彈藥）
ammoArrowSteelAP,items,Ammo,,,,"[dddd04][-][eeee03][-][FFA94D][Ammo][-] Arrow, Steel",,[dddd04][-][eeee03][-][FFA94D][Munition][-] Stahlpfeil (Munition),[dddd04][-][eeee03][-][FFA94D][Municiones][-] Flecha de acero (munición),[dddd04][-][eeee03][-][FFA94D][Munitions][-] Flèche en acier (munition),[dddd04][-][eeee03][-][FFA94D][Munizioni][-] Freccia di acciaio (Munizioni),[dddd04][-][eeee03][-][FFA94D][弾薬][-] 鉄鋼矢（弾薬）,[dddd04][-][eeee03][-][FFA94D][탄약][-] 강철 화살 (탄약),[dddd04][-][eeee03][-][FFA94D][Amunicja][-] Stalowa strzała (amunicja),[dddd04][-][eeee03][-][FFA94D][Munição][-] Flecha de Aço (Munição),[dddd04][-][eeee03][-][FFA94D][Боеприпасы][-] Стальная стрела (боеприпасы),[dddd04][-][eeee03][-][FFA94D][Mühimmat][-] Çelik Ok (Mühimmat),[dddd04][-][eeee03][-][FFA94D][弹药][-] 钢箭（弹药）,[dddd04][-][eeee03][-][FFA94D][彈藥][-] 鋼箭（彈藥）
ammoArrowStone,items,Ammo,,,,"[dddd04][-][eeee01][-][FFA94D][Ammo][-] Arrow, Stone",,[dddd04][-][eeee01][-][FFA94D][Munition][-] Steinpfeil (Munition),[dddd04][-][eeee01][-][FFA94D][Municiones][-] Flecha de piedra (munición),[dddd04][-][eeee01][-][FFA94D][Munitions][-] Flèche en pierre (munition),[dddd04][-][eeee01][-][FFA94D][Munizioni][-] Freccia di pietra (Munizioni),[dddd04][-][eeee01][-][FFA94D][弾薬][-] 石矢（弾薬）,[dddd04][-][eeee01][-][FFA94D][탄약][-] 돌 화살 (탄약),[dddd04][-][eeee01][-][FFA94D][Amunicja][-] Kamienna strzała (amunicja),[dddd04][-][eeee01][-][FFA94D][Munição][-] Flecha de Pedra (Munição),[dddd04][-][eeee01][-][FFA94D][Боеприпасы][-] Каменная стрела (боеприпасы),[dddd04][-][eeee01][-][FFA94D][Mühimmat][-] Taş Ok (Mühimmat),[dddd04][-][eeee01][-][FFA94D][弹药][-] 石箭（弹药）,[dddd04][-][eeee01][-][FFA94D][彈藥][-] 石箭（彈藥）
ammoCrossbowBoltExploding,items,Ammo,,,,"[dddd05][-][eeee05][-][FFA94D][Ammo][-] Bolt, Exploding",,[dddd05][-][eeee05][-][FFA94D][Munition][-] Sprengbolzen für Armbrüste,[dddd05][-][eeee05][-][FFA94D][Municiones][-] Saetas explosiva para ballesta,[dddd05][-][eeee05][-][FFA94D][Munitions][-] Carreaux d'arbalète explosifs,[dddd05][-][eeee05][-][FFA94D][Munizioni][-] Dardi per balestra esplosivi,[dddd05][-][eeee05][-][FFA94D][弾薬][-] クロスボウ用爆発ボルト,[dddd05][-][eeee05][-][FFA94D][탄약][-] 폭발 석궁 볼트,[dddd05][-][eeee05][-][FFA94D][Amunicja][-] Wybuchowe bełty,[dddd05][-][eeee05][-][FFA94D][Munição][-] Virotes de Besta Explosivos,[dddd05][-][eeee05][-][FFA94D][Боеприпасы][-] Взрывные болты для арбалета,[dddd05][-][eeee05][-][FFA94D][Mühimmat][-] Patlayan Arbalet Oku,[dddd05][-][eeee05][-][FFA94D][弹药][-] 爆炸弩箭,[dddd05][-][eeee05][-][FFA94D][彈藥][-] 爆炸十字弓箭
ammoCrossbowBoltFlaming,items,Ammo,,,,"[dddd05][-][eeee04][-][FFA94D][Ammo][-] Bolt, Flaming",,[dddd05][-][eeee04][-][FFA94D][Munition][-] Feuerbolzen für Armbrüste (Munition),[dddd05][-][eeee04][-][FFA94D][Municiones][-] Saeta en llamas para ballesta (munición),[dddd05][-][eeee04][-][FFA94D][Munitions][-] Carreau d'arbalète enflammé (munition),[dddd05][-][eeee04][-][FFA94D][Munizioni][-] Dardo per balestra infuocato (Munizioni),[dddd05][-][eeee04][-][FFA94D][弾薬][-] クロスボウ用燃焼ボルト（弾薬）,[dddd05][-][eeee04][-][FFA94D][탄약][-] 불 석궁 볼트 (탄약),[dddd05][-][eeee04][-][FFA94D][Amunicja][-] Płonący bełt (amunicja),[dddd05][-][eeee04][-][FFA94D][Munição][-] Virotes de Besta Flamejantes (Munição),[dddd05][-][eeee04][-][FFA94D][Боеприпасы][-] Зажигательный болт для арбалета (боеприпасы),[dddd05][-][eeee04][-][FFA94D][Mühimmat][-] Alevli Arbalet Oku (Mühimmat),[dddd05][-][eeee04][-][FFA94D][弹药][-] 燃烧弩箭（弹药）,[dddd05][-][eeee04][-][FFA94D][彈藥][-] 燃燒十字弓箭（彈藥）
ammoCrossbowBoltIron,items,Ammo,,,,"[dddd05][-][eeee02][-][FFA94D][Ammo][-] Bolt, Iron",,[dddd05][-][eeee02][-][FFA94D][Munition][-] Eisenbolzen für Armbrüste (Munition),[dddd05][-][eeee02][-][FFA94D][Municiones][-] Saeta de hierro para ballesta (munición),[dddd05][-][eeee02][-][FFA94D][Munitions][-] Carreau d'arbalète en fer (munition),[dddd05][-][eeee02][-][FFA94D][Munizioni][-] Dardo per balestra di ferro (Munizioni),[dddd05][-][eeee02][-][FFA94D][弾薬][-] クロスボウ用鉄ボルト（弾薬）,[dddd05][-][eeee02][-][FFA94D][탄약][-] 철제 석궁 볼트 (탄약),[dddd05][-][eeee02][-][FFA94D][Amunicja][-] Żelazny bełt (amunicja),[dddd05][-][eeee02][-][FFA94D][Munição][-] Virotes de Besta de Ferro (Munição),[dddd05][-][eeee02][-][FFA94D][Боеприпасы][-] Железный болт для арбалета (боеприпасы),[dddd05][-][eeee02][-][FFA94D][Mühimmat][-] Demir Arbalet Oku (Mühimmat),[dddd05][-][eeee02][-][FFA94D][弹药][-] 铁弩箭（弹药）,[dddd05][-][eeee02][-][FFA94D][彈藥][-] 鐵十字弓箭（彈藥）
ammoCrossbowBoltSteelAP,items,Ammo,,,,"[dddd05][-][eeee03][-][FFA94D][Ammo][-] Bolt, Steel",,[dddd05][-][eeee03][-][FFA94D][Munition][-] Stahlbolzen für Armbrüste (Munition),[dddd05][-][eeee03][-][FFA94D][Municiones][-] Saeta de acero para ballesta (munición),[dddd05][-][eeee03][-][FFA94D][Munitions][-] Carreau d'arbalète en acier (munition),[dddd05][-][eeee03][-][FFA94D][Munizioni][-] Dardo per balestra d'acciaio (Munizioni),[dddd05][-][eeee03][-][FFA94D][弾薬][-] クロスボウ用鉄鋼ボルト（弾薬）,[dddd05][-][eeee03][-][FFA94D][탄약][-] 강철 석궁 볼트 (탄약),[dddd05][-][eeee03][-][FFA94D][Amunicja][-] Stalowy bełt (amunicja),[dddd05][-][eeee03][-][FFA94D][Munição][-] Virotes de Besta de Aço (Munição),[dddd05][-][eeee03][-][FFA94D][Боеприпасы][-] Стальной болт для арбалета (боеприпасы),[dddd05][-][eeee03][-][FFA94D][Mühimmat][-] Çelik Arbalet Oku (Mühimmat),[dddd05][-][eeee03][-][FFA94D][弹药][-] 钢弩箭（弹药）,[dddd05][-][eeee03][-][FFA94D][彈藥][-] 鋼十字弓箭（彈藥）
ammoCrossbowBoltStone,items,Ammo,,,,"[dddd05][-][eeee01][-][FFA94D][Ammo][-] Bolt, Stone",,[dddd05][-][eeee01][-][FFA94D][Munition][-] Steinbolzen für Armbrüste (Munition),[dddd05][-][eeee01][-][FFA94D][Municiones][-] Saeta de piedra para ballesta (munición),[dddd05][-][eeee01][-][FFA94D][Munitions][-] Carreau d'arbalète en pierre (munition),[dddd05][-][eeee01][-][FFA94D][Munizioni][-] Dardo per balestra di pietra (Munizioni),[dddd05][-][eeee01][-][FFA94D][弾薬][-] クロスボウ用石ボルト（弾薬）,[dddd05][-][eeee01][-][FFA94D][탄약][-] 돌 석궁 볼트 (탄약),[dddd05][-][eeee01][-][FFA94D][Amunicja][-] Kamienny bełt (amunicja),[dddd05][-][eeee01][-][FFA94D][Munição][-] Virotes de Besta de Pedra (Munição),[dddd05][-][eeee01][-][FFA94D][Боеприпасы][-] Каменный болт для арбалета (боеприпасы),[dddd05][-][eeee01][-][FFA94D][Mühimmat][-] Taş Arbalet Oku (Mühimmat),[dddd05][-][eeee01][-][FFA94D][弹药][-] 石头弩箭（弹药）,[dddd05][-][eeee01][-][FFA94D][彈藥][-] 石十字弓箭（彈藥）
ammoDartIron,items,Ammo,,,,"[dddd06][-][eeee01][-][FFA94D][Ammo][-] Dart, Iron",,[dddd06][-][eeee01][-][FFA94D][Munition][-] Eisendart (Munition),[dddd06][-][eeee01][-][FFA94D][Municiones][-] Dardo de hierro (munición),[dddd06][-][eeee01][-][FFA94D][Munitions][-] Fléchette en fer (munition),[dddd06][-][eeee01][-][FFA94D][Munizioni][-] Dardo di ferro (Munizioni),[dddd06][-][eeee01][-][FFA94D][弾薬][-] 鉄ダーツ（弾薬）,[dddd06][-][eeee01][-][FFA94D][탄약][-] 철제 다트 (탄약),[dddd06][-][eeee01][-][FFA94D][Amunicja][-] Żelazna rzutka (amunicja),[dddd06][-][eeee01][-][FFA94D][Munição][-] Dardo de Ferro (Munição),[dddd06][-][eeee01][-][FFA94D][Боеприпасы][-] Железный дротик (боеприпасы),[dddd06][-][eeee01][-][FFA94D][Mühimmat][-] Demir Tuzak Oku (Mühimmat),[dddd06][-][eeee01][-][FFA94D][弹药][-] 铁飞镖（弹药）,[dddd06][-][eeee01][-][FFA94D][彈藥][-] 鐵標槍（彈藥）
ammoJunkTurretAP,items,Ammo,,,,"[dddd08][-][eeee03][-][FFA94D][Ammo][-] Robotic Turret, AP",,[dddd08][-][eeee03][-][FFA94D][Munition][-] Panzerbrechende Robotik-Geschützturm-Munition,[dddd08][-][eeee03][-][FFA94D][Municiones][-] Munición perforante para torretas robóticas,[dddd08][-][eeee03][-][FFA94D][Munitions][-] Munitions AP de tourelle robotique,[dddd08][-][eeee03][-][FFA94D][Munizioni][-] Munizioni perforanti per torretta robotica,[dddd08][-][eeee03][-][FFA94D][弾薬][-] APロボット砲台弾,[dddd08][-][eeee03][-][FFA94D][탄약][-] 로보틱 터렛 철갑탄,[dddd08][-][eeee03][-][FFA94D][Amunicja][-] Amunicja przeciwpancerna do robotycznej wieżyczki,[dddd08][-][eeee03][-][FFA94D][Munição][-] Munição de Torreta Robótica AP,[dddd08][-][eeee03][-][FFA94D][Боеприпасы][-] Бронебойные боеприпасы для роботизированной пушки,[dddd08][-][eeee03][-][FFA94D][Mühimmat][-] Zırh Delici Robot Taret Mühimmatı,[dddd08][-][eeee03][-][FFA94D][弹药][-] 机器人炮塔穿甲弹药,[dddd08][-][eeee03][-][FFA94D][彈藥][-] AP機器人炮塔彈藥
ammoJunkTurretRegular,items,Ammo,,,,[dddd08][-][eeee01][-][FFA94D][Ammo][-] Robotic Turret,,[dddd08][-][eeee01][-][FFA94D][Munition][-] Robotik-Geschützturm-Munition,[dddd08][-][eeee01][-][FFA94D][Municiones][-] Munición de torreta robótica,[dddd08][-][eeee01][-][FFA94D][Munitions][-] Munitions de tourelle robotique,[dddd08][-][eeee01][-][FFA94D][Munizioni][-] Munizioni per torretta robotica,[dddd08][-][eeee01][-][FFA94D][弾薬][-] ロボット砲台用弾薬,[dddd08][-][eeee01][-][FFA94D][탄약][-] 로보틱 터렛 탄약,[dddd08][-][eeee01][-][FFA94D][Amunicja][-] Amunicja do robotycznej wieżyczki,[dddd08][-][eeee01][-][FFA94D][Munição][-] Munição de Torreta Robótica,[dddd08][-][eeee01][-][FFA94D][Боеприпасы][-] Боеприпасы для роботизированной пушки,[dddd08][-][eeee01][-][FFA94D][Mühimmat][-] Robot Taret Mühimmatı,[dddd08][-][eeee01][-][FFA94D][弹药][-] 机器人炮塔弹药,[dddd08][-][eeee01][-][FFA94D][彈藥][-] 機器人炮塔彈藥
ammoJunkTurretShell,items,Ammo,,,,"[dddd08][-][eeee02][-][FFA94D][Ammo][-] Robotic Turret, Shells",,[dddd08][-][eeee02][-][FFA94D][Munition][-] Robotik-Geschützturm-Patronen (Munition),[dddd08][-][eeee02][-][FFA94D][Municiones][-] Cartuchos para torretas robóticas (munición),[dddd08][-][eeee02][-][FFA94D][Munitions][-] Cartouches de tourelle robotique (munitions),[dddd08][-][eeee02][-][FFA94D][Munizioni][-] Bossoli per torretta robotica (Munizioni),[dddd08][-][eeee02][-][FFA94D][弾薬][-] ロボット砲台シェル(弾),[dddd08][-][eeee02][-][FFA94D][탄약][-] 로보틱 터렛 포탄(탄약),[dddd08][-][eeee02][-][FFA94D][Amunicja][-] Naboje ze śrutem do robotycznej wieżyczki (amunicja),[dddd08][-][eeee02][-][FFA94D][Munição][-] Cartuchos de Torreta Robótica (Munição),[dddd08][-][eeee02][-][FFA94D][Боеприпасы][-] Патроны для роботизированной пушки (боеприпасы),[dddd08][-][eeee02][-][FFA94D][Mühimmat][-] Robot Taret Fişeği (Mühimmat),[dddd08][-][eeee02][-][FFA94D][弹药][-] 机器人炮塔霰弹（弹药）,[dddd08][-][eeee02][-][FFA94D][彈藥][-] 機器人炮塔散彈 (彈藥)
ammoRocketFrag,items,Ammo,,,,[dddd09][-][eeee01][-][FFA94D][Ammo][-] Rocket Frag,,[dddd09][-][eeee01][-][FFA94D][Munition][-] Frag-Rakete (Munition),[dddd09][-][eeee01][-][FFA94D][Municiones][-] Cohete de mano (munición),[dddd09][-][eeee01][-][FFA94D][Munitions][-] Roquette à fragmentation (munition),[dddd09][-][eeee01][-][FFA94D][Munizioni][-] Razzo frag (Munizioni),[dddd09][-][eeee01][-][FFA94D][弾薬][-] 破砕ロケット（弾薬）,[dddd09][-][eeee01][-][FFA94D][탄약][-] 로켓 파편 (탄약),[dddd09][-][eeee01][-][FFA94D][Amunicja][-] Rakieta (amunicja),[dddd09][-][eeee01][-][FFA94D][Munição][-] Foguete de Fragmentação (Munição),[dddd09][-][eeee01][-][FFA94D][Боеприпасы][-] Осколочная реактивная граната (боеприпасы),[dddd09][-][eeee01][-][FFA94D][Mühimmat][-] Parçalı Roket (Mühimmat),[dddd09][-][eeee01][-][FFA94D][弹药][-] 火箭弹（弹药）,[dddd09][-][eeee01][-][FFA94D][彈藥][-] 火箭手榴彈（彈藥）
ammoRocketHE,items,Ammo,,,,[dddd09][-][eeee02][-][FFA94D][Ammo][-] Rocket HE,,[dddd09][-][eeee02][-][FFA94D][Munition][-] HE-Rakete (Munition),[dddd09][-][eeee02][-][FFA94D][Municiones][-] Cohete altamente explosivo (munición),[dddd09][-][eeee02][-][FFA94D][Munitions][-] Roquette HE (munition),[dddd09][-][eeee02][-][FFA94D][Munizioni][-] Razzo AE,[dddd09][-][eeee02][-][FFA94D][弾薬][-] 榴弾ロケット（弾薬）,[dddd09][-][eeee02][-][FFA94D][탄약][-] 로켓 HE (탄약),[dddd09][-][eeee02][-][FFA94D][Amunicja][-] Rakieta z dodatkowymi ładunkami wybuchowymi (amunicja),[dddd09][-][eeee02][-][FFA94D][Munição][-] Foguete de Alto Explosivo (Munição),[dddd09][-][eeee02][-][FFA94D][Боеприпасы][-] Фугасная реактивная граната (боеприпасы),[dddd09][-][eeee02][-][FFA94D][Mühimmat][-] Roket HE (Mühimmat),[dddd09][-][eeee02][-][FFA94D][弹药][-] 高爆火箭弹（弹药）,[dddd09][-][eeee02][-][FFA94D][彈藥][-] 火箭高爆彈（彈藥）
ammoShotgunBreachingSlug,items,Ammo,,,,"[dddd07][-][eeee03][-][FFA94D][Ammo][-] Shotgun, Slug, Breaching",,[dddd07][-][eeee03][-][FFA94D][Munition][-] Schrotflinten-Türöffnergeschoss (Munition),[dddd07][-][eeee03][-][FFA94D][Municiones][-] Bala de rotura de escopeta (munición),[dddd07][-][eeee03][-][FFA94D][Munitions][-] Balle brise-porte pour fusil à pompe,[dddd07][-][eeee03][-][FFA94D][Munizioni][-] Cartuccia da irruzione per fucile (Munizioni),[dddd07][-][eeee03][-][FFA94D][弾薬][-] ショットガン用ブリーチング弾（弾薬）,[dddd07][-][eeee03][-][FFA94D][탄약][-] 샷건 돌파 슬러그 (탄약),[dddd07][-][eeee03][-][FFA94D][Amunicja][-] Amunicja do strzelby do wyważania drzwi (amunicja),[dddd07][-][eeee03][-][FFA94D][Munição][-] Projétil Pesado de Espingarda (Munição),[dddd07][-][eeee03][-][FFA94D][Боеприпасы][-] Патроны с разделённым пороховым зарядом для дробовика (боеприпасы),[dddd07][-][eeee03][-][FFA94D][Mühimmat][-] Pompalı Tüfek Savunma Fişeği (Mühimmat),[dddd07][-][eeee03][-][FFA94D][弹药][-] 霰弹枪拆门弹（弹药）,[dddd07][-][eeee03][-][FFA94D][彈藥][-] 散彈獵槍破門彈盒（彈藥）
ammoShotgunShell,items,Ammo,,,,"[dddd07][-][eeee01][-][FFA94D][Ammo][-] Shotgun, Shell",,[dddd07][-][eeee01][-][FFA94D][Munition][-] Schrotflintenpatrone (Munition),[dddd07][-][eeee01][-][FFA94D][Municiones][-] Cartucho de escopeta (munición),[dddd07][-][eeee01][-][FFA94D][Munitions][-] Cartouche de fusil à pompe (munition),[dddd07][-][eeee01][-][FFA94D][Munizioni][-] Bossolo per fucile (Munizioni),[dddd07][-][eeee01][-][FFA94D][弾薬][-] ショットガン用シェル（弾薬）,[dddd07][-][eeee01][-][FFA94D][탄약][-] 샷건 탄약 (탄약),[dddd07][-][eeee01][-][FFA94D][Amunicja][-] Naboje do strzelby (amunicja),[dddd07][-][eeee01][-][FFA94D][Munição][-] Cartucho de Espingarda (Munição),[dddd07][-][eeee01][-][FFA94D][Боеприпасы][-] Патроны для дробовика (боеприпасы),[dddd07][-][eeee01][-][FFA94D][Mühimmat][-] Pompalı Tüfek Fişeği (Mühimmat),[dddd07][-][eeee01][-][FFA94D][弹药][-] 霰弹（弹药）,[dddd07][-][eeee01][-][FFA94D][彈藥][-] 散彈獵槍子彈（彈藥）
ammoShotgunSlug,items,Ammo,,,,"[dddd07][-][eeee02][-][FFA94D][Ammo][-] Shotgun, Slug, AP",,[dddd07][-][eeee02][-][FFA94D][Munition][-] Panzerbrechendes Schrotflintengeschoss (Munition),[dddd07][-][eeee02][-][FFA94D][Municiones][-] Bala con perforación de armadura de escopeta (munición),[dddd07][-][eeee02][-][FFA94D][Munitions][-] Balle AP pour fusil à pompe (munition),[dddd07][-][eeee02][-][FFA94D][Munizioni][-] Cartuccia perforante per fucile (Munizioni),[dddd07][-][eeee02][-][FFA94D][弾薬][-] ショットガン用AP弾（弾薬）,[dddd07][-][eeee02][-][FFA94D][탄약][-] 샷건 AP 슬러그 (탄약),[dddd07][-][eeee02][-][FFA94D][Amunicja][-] Przeciwpancerne naboje kulowe do strzelby (amunicja),[dddd07][-][eeee02][-][FFA94D][Munição][-] Projétil AP de Espingarda (Munição),[dddd07][-][eeee02][-][FFA94D][Боеприпасы][-] Бронебойные патроны для дробовика (боеприпасы),[dddd07][-][eeee02][-][FFA94D][Mühimmat][-] Pompalı Tüfek AP Fişeği (Mühimmat),[dddd07][-][eeee02][-][FFA94D][弹药][-] 霰弹枪穿甲弹（弹药）,[dddd07][-][eeee02][-][FFA94D][彈藥][-] 散彈獵槍穿甲彈（彈藥）
resourceArrowHeadIron,items,Resource,,,,[dddd00][-][eeee07][-][FFA94D][Ammo-I][-] Iron Arrowhead,,[dddd00][-][eeee07][-][FFA94D][Munition-Zutat][-] Pfeilspitze aus Eisen,[dddd00][-][eeee07][-][FFA94D][Municiones-Ingrediente][-] Punta de flecha de hierro,[dddd00][-][eeee07][-][FFA94D][Munitions-Composant][-] Tête de flèche en fer,[dddd00][-][eeee07][-][FFA94D][Munizioni-Ingrediente][-] Punta di freccia di ferro,[dddd00][-][eeee07][-][FFA94D][弾薬-材料][-] 矢尻（鉄）,[dddd00][-][eeee07][-][FFA94D][탄약-요소][-] 철제 화살촉,[dddd00][-][eeee07][-][FFA94D][Amunicja-Składnik][-] Żelazny grot,[dddd00][-][eeee07][-][FFA94D][Munição-Ingrediente][-] Ponta de flecha de ferro,[dddd00][-][eeee07][-][FFA94D][Боеприпасы-Ингредиент][-] Железный наконечник,[dddd00][-][eeee07][-][FFA94D][Mühimmat-Bileşen][-] Demir Ok Başı,[dddd00][-][eeee07][-][FFA94D][弹药-原料][-] 铁箭头,[dddd00][-][eeee07][-][FFA94D][彈藥-配料][-] 鐵箭頭
resourceArrowHeadSteelAP,items,Resource,,,,[dddd00][-][eeee08][-][FFA94D][Ammo-I][-] Steel Arrowhead,,[dddd00][-][eeee08][-][FFA94D][Munition-Zutat][-] Pfeilspitze aus Stahl,[dddd00][-][eeee08][-][FFA94D][Municiones-Ingrediente][-] Punta de flecha de acero,[dddd00][-][eeee08][-][FFA94D][Munitions-Composant][-] Tête de flèche en acier,[dddd00][-][eeee08][-][FFA94D][Munizioni-Ingrediente][-] Punta di freccia d'acciaio,[dddd00][-][eeee08][-][FFA94D][弾薬-材料][-] 矢尻（鉄鋼）,[dddd00][-][eeee08][-][FFA94D][탄약-요소][-] 강철 화살촉,[dddd00][-][eeee08][-][FFA94D][Amunicja-Składnik][-] Stalowy grot,[dddd00][-][eeee08][-][FFA94D][Munição-Ingrediente][-] Ponta de flecha de aço,[dddd00][-][eeee08][-][FFA94D][Боеприпасы-Ингредиент][-] Стальной наконечник,[dddd00][-][eeee08][-][FFA94D][Mühimmat-Bileşen][-] Çelik Ok Başı,[dddd00][-][eeee08][-][FFA94D][弹药-原料][-] 钢箭头,[dddd00][-][eeee08][-][FFA94D][彈藥-配料][-] 鋼箭頭
resourceBuckshot,items,Resource,,,,[dddd00][-][eeee04][-][FFA94D][Ammo-I][-] Buckshot,,[dddd00][-][eeee04][-][FFA94D][Munition-Zutat][-] Grober Schrot,[dddd00][-][eeee04][-][FFA94D][Municiones-Ingrediente][-] Perdigón,[dddd00][-][eeee04][-][FFA94D][Munitions-Composant][-] Chevrotine,[dddd00][-][eeee04][-][FFA94D][Munizioni-Ingrediente][-] Pallettoni,[dddd00][-][eeee04][-][FFA94D][弾薬-材料][-] 鹿玉,[dddd00][-][eeee04][-][FFA94D][탄약-요소][-] 산탄,[dddd00][-][eeee04][-][FFA94D][Amunicja-Składnik][-] Śrut,[dddd00][-][eeee04][-][FFA94D][Munição-Ingrediente][-] Balote,[dddd00][-][eeee04][-][FFA94D][Боеприпасы-Ингредиент][-] Дробь,[dddd00][-][eeee04][-][FFA94D][Mühimmat-Bileşen][-] Saçma,[dddd00][-][eeee04][-][FFA94D][弹药-原料][-] 鹿弹,[dddd00][-][eeee04][-][FFA94D][彈藥-配料][-] 鉛彈
resourceBulletTip,items,Resource,,,,[dddd00][-][eeee03][-][FFA94D][Ammo-I][-] Bullet Tip,,[dddd00][-][eeee03][-][FFA94D][Munition-Zutat][-] Geschossspitze,[dddd00][-][eeee03][-][FFA94D][Municiones-Ingrediente][-] Punta de bala,[dddd00][-][eeee03][-][FFA94D][Munitions-Composant][-] Pointe de balle,[dddd00][-][eeee03][-][FFA94D][Munizioni-Ingrediente][-] Punta di proiettile,[dddd00][-][eeee03][-][FFA94D][弾薬-材料][-] 弾頭,[dddd00][-][eeee03][-][FFA94D][탄약-요소][-] 탄환 촉,[dddd00][-][eeee03][-][FFA94D][Amunicja-Składnik][-] Końcówka pocisku,[dddd00][-][eeee03][-][FFA94D][Munição-Ingrediente][-] Ponta de bala,[dddd00][-][eeee03][-][FFA94D][Боеприпасы-Ингредиент][-] Пули,[dddd00][-][eeee03][-][FFA94D][Mühimmat-Bileşen][-] Mermi Ucu,[dddd00][-][eeee03][-][FFA94D][弹药-原料][-] 弹尖,[dddd00][-][eeee03][-][FFA94D][彈藥-配料][-] 子彈頭
resourceBulletCasing,items,Resource,,,,[dddd00][-][eeee02][-][FFA94D][Ammo-I][-] Bullet Casing,,[dddd00][-][eeee02][-][FFA94D][Munition-Zutat][-] Patronenhülse,[dddd00][-][eeee02][-][FFA94D][Municiones-Ingrediente][-] Cartucho de bala,[dddd00][-][eeee02][-][FFA94D][Munitions-Composant][-] Douille de balle,[dddd00][-][eeee02][-][FFA94D][Munizioni-Ingrediente][-] Bossolo,[dddd00][-][eeee02][-][FFA94D][弾薬-材料][-] 薬莢,[dddd00][-][eeee02][-][FFA94D][탄약-요소][-] 탄피,[dddd00][-][eeee02][-][FFA94D][Amunicja-Składnik][-] Łuska,[dddd00][-][eeee02][-][FFA94D][Munição-Ingrediente][-] Revestimento de balas,[dddd00][-][eeee02][-][FFA94D][Боеприпасы-Ингредиент][-] Гильзы,[dddd00][-][eeee02][-][FFA94D][Mühimmat-Bileşen][-] Mermi Kovanı,[dddd00][-][eeee02][-][FFA94D][弹药-原料][-] 弹壳,[dddd00][-][eeee02][-][FFA94D][彈藥-配料][-] 子彈殼
resourceFeather,items,Resource,,,,[dddd00][-][eeee06][-][FFA94D][Ammo-I][-] Feather,,[dddd00][-][eeee06][-][FFA94D][Munition-Zutat][-] Feder,[dddd00][-][eeee06][-][FFA94D][Municiones-Ingrediente][-] Pluma,[dddd00][-][eeee06][-][FFA94D][Munitions-Composant][-] Plume,[dddd00][-][eeee06][-][FFA94D][Munizioni-Ingrediente][-] Piuma,[dddd00][-][eeee06][-][FFA94D][弾薬-材料][-] 羽根,[dddd00][-][eeee06][-][FFA94D][탄약-요소][-] 깃털,[dddd00][-][eeee06][-][FFA94D][Amunicja-Składnik][-] Pióra,[dddd00][-][eeee06][-][FFA94D][Munição-Ingrediente][-] Pena,[dddd00][-][eeee06][-][FFA94D][Боеприпасы-Ингредиент][-] Перо,[dddd00][-][eeee06][-][FFA94D][Mühimmat-Bileşen][-] Kuş Tüyü,[dddd00][-][eeee06][-][FFA94D][弹药-原料][-] 羽毛,[dddd00][-][eeee06][-][FFA94D][彈藥-配料][-] 羽毛
resourceGunPowder,items,Resource,,,,[dddd00][-][eeee01][-][FFA94D][Ammo-I][-] Gunpowder,,[dddd00][-][eeee01][-][FFA94D][Munition-Zutat][-] Schießpulver,[dddd00][-][eeee01][-][FFA94D][Municiones-Ingrediente][-] Pólvora,[dddd00][-][eeee01][-][FFA94D][Munitions-Composant][-] Poudre à canon,[dddd00][-][eeee01][-][FFA94D][Munizioni-Ingrediente][-] Polvere da sparo,[dddd00][-][eeee01][-][FFA94D][弾薬-材料][-] 火薬,[dddd00][-][eeee01][-][FFA94D][탄약-요소][-] 화약,[dddd00][-][eeee01][-][FFA94D][Amunicja-Składnik][-] Proch strzelniczy,[dddd00][-][eeee01][-][FFA94D][Munição-Ingrediente][-] Pólvora,[dddd00][-][eeee01][-][FFA94D][Боеприпасы-Ингредиент][-] Порох,[dddd00][-][eeee01][-][FFA94D][Mühimmat-Bileşen][-] Barut,[dddd00][-][eeee01][-][FFA94D][弹药-原料][-] 火药,[dddd00][-][eeee01][-][FFA94D][彈藥-配料][-] 火藥
resourcePaper,items,Resource,,,,[dddd00][-][eeee05][-][FFA94D][Ammo-I][-] Paper,,[dddd00][-][eeee05][-][FFA94D][Munition-Zutat][-] Papier,[dddd00][-][eeee05][-][FFA94D][Municiones-Ingrediente][-] Papel,[dddd00][-][eeee05][-][FFA94D][Munitions-Composant][-] Papier,[dddd00][-][eeee05][-][FFA94D][Munizioni-Ingrediente][-] Carta,[dddd00][-][eeee05][-][FFA94D][弾薬-材料][-] 紙,[dddd00][-][eeee05][-][FFA94D][탄약-요소][-] 종이,[dddd00][-][eeee05][-][FFA94D][Amunicja-Składnik][-] Papier,[dddd00][-][eeee05][-][FFA94D][Munição-Ingrediente][-] Papel,[dddd00][-][eeee05][-][FFA94D][Боеприпасы-Ингредиент][-] Бумага,[dddd00][-][eeee05][-][FFA94D][Mühimmat-Bileşen][-] Kâğıt,[dddd00][-][eeee05][-][FFA94D][弹药-原料][-] 纸,[dddd00][-][eeee05][-][FFA94D][彈藥-配料][-] 紙
resourceRocketCasing,items,Resource,,,,[dddd00][-][eeee09][-][FFA94D][Ammo-I][-] Rocket Casing,,[dddd00][-][eeee09][-][FFA94D][Munition-Zutat][-] Raketengehäuse,[dddd00][-][eeee09][-][FFA94D][Municiones-Ingrediente][-] Carcasa de cohete,[dddd00][-][eeee09][-][FFA94D][Munitions-Composant][-] Douille de roquette,[dddd00][-][eeee09][-][FFA94D][Munizioni-Ingrediente][-] Bossolo per razzi,[dddd00][-][eeee09][-][FFA94D][弾薬-材料][-] ロケットケーシング,[dddd00][-][eeee09][-][FFA94D][탄약-요소][-] 로켓탄 탄피,[dddd00][-][eeee09][-][FFA94D][Amunicja-Składnik][-] Korpus rakiety,[dddd00][-][eeee09][-][FFA94D][Munição-Ingrediente][-] Invólucro de  foguete,[dddd00][-][eeee09][-][FFA94D][Боеприпасы-Ингредиент][-] Оболочка реактивной гранаты,[dddd00][-][eeee09][-][FFA94D][Mühimmat-Bileşen][-] Roket Kovanı,[dddd00][-][eeee09][-][FFA94D][弹药-原料][-] 火箭弹壳,[dddd00][-][eeee09][-][FFA94D][彈藥-配料][-] 火箭筒
resourceRocketTip,items,Resource,,,,[dddd00][-][eeee10][-][FFA94D][Ammo-I][-] Rocket Tip,,[dddd00][-][eeee10][-][FFA94D][Munition-Zutat][-] Raketenspitze,[dddd00][-][eeee10][-][FFA94D][Municiones-Ingrediente][-] Punta de cohete,[dddd00][-][eeee10][-][FFA94D][Munitions-Composant][-] Pointe de roquette,[dddd00][-][eeee10][-][FFA94D][Munizioni-Ingrediente][-] Punta per razzi,[dddd00][-][eeee10][-][FFA94D][弾薬-材料][-] ロケット弾頭,[dddd00][-][eeee10][-][FFA94D][탄약-요소][-] 로켓탄촉,[dddd00][-][eeee10][-][FFA94D][Amunicja-Składnik][-] Końcówka rakiety,[dddd00][-][eeee10][-][FFA94D][Munição-Ingrediente][-] Ponta de foguete,[dddd00][-][eeee10][-][FFA94D][Боеприпасы-Ингредиент][-] Капсюль реактивной гранаты,[dddd00][-][eeee10][-][FFA94D][Mühimmat-Bileşen][-] Roket Ucu,[dddd00][-][eeee10][-][FFA94D][弹药-原料][-] 火箭弹尖,[dddd00][-][eeee10][-][FFA94D][彈藥-配料][-] 火箭尖端
thrownAmmoMolotovCocktail,items,Ammo-Thrown,,,,[dddd10][-][eeee03][-][FFA94D][Ammo][-] Molotov Cocktail,,[dddd10][-][eeee03][-][FFA94D][Munition][-] Molotowcocktail (Munition),[dddd10][-][eeee03][-][FFA94D][Municiones][-] Cóctel molotov (munición),[dddd10][-][eeee03][-][FFA94D][Munitions][-] Cocktail Molotov (munition),[dddd10][-][eeee03][-][FFA94D][Munizioni][-] Molotov,[dddd10][-][eeee03][-][FFA94D][弾薬][-] モロトフ・カクテル（弾薬）,[dddd10][-][eeee03][-][FFA94D][탄약][-] 화염병 (탄약),[dddd10][-][eeee03][-][FFA94D][Amunicja][-] Koktajl Mołotowa (amunicja),[dddd10][-][eeee03][-][FFA94D][Munição][-] Coquetel Molotov (munição),[dddd10][-][eeee03][-][FFA94D][Боеприпасы][-] Коктейль Молотова (боеприпасы),[dddd10][-][eeee03][-][FFA94D][Mühimmat][-] Molotof Kokteyli (Mühimmat),[dddd10][-][eeee03][-][FFA94D][弹药][-] 燃烧瓶（弹药）,[dddd10][-][eeee03][-][FFA94D][彈藥][-] 燃燒彈（彈藥）
thrownAmmoPipeBomb,items,Ammo-Thrown,,,,[dddd10][-][eeee04][-][FFA94D][Ammo][-] Pipe Bomb,,[dddd10][-][eeee04][-][FFA94D][Munition][-] Rohrbombe (Munition),[dddd10][-][eeee04][-][FFA94D][Municiones][-] Bomba de Tubo (munición),[dddd10][-][eeee04][-][FFA94D][Munitions][-] Bombe-tuyau (munition),[dddd10][-][eeee04][-][FFA94D][Munizioni][-] Tubo bomba,[dddd10][-][eeee04][-][FFA94D][弾薬][-] パイプ爆弾（弾薬）,[dddd10][-][eeee04][-][FFA94D][탄약][-] 파이프 폭탄 (탄약),[dddd10][-][eeee04][-][FFA94D][Amunicja][-] Rurobomba (amunicja),[dddd10][-][eeee04][-][FFA94D][Munição][-] Bomba caseira (munição),[dddd10][-][eeee04][-][FFA94D][Боеприпасы][-] Самодельная бомба (боеприпасы),[dddd10][-][eeee04][-][FFA94D][Mühimmat][-] Boru Bombası (Mühimmat),[dddd10][-][eeee04][-][FFA94D][弹药][-] 管状炸弹（弹药）,[dddd10][-][eeee04][-][FFA94D][彈藥][-] 管狀炸彈（彈藥）
thrownDynamite,items,Ammo-Thrown,,,,[dddd10][-][eeee05][-][FFA94D][Ammo][-] Stick of Dynamite,,[dddd10][-][eeee05][-][FFA94D][Munition][-] Dynamitstange (Munition),[dddd10][-][eeee05][-][FFA94D][Municiones][-] Cartucho de dinamita (munición),[dddd10][-][eeee05][-][FFA94D][Munitions][-] Bâton de dynamite (munition),[dddd10][-][eeee05][-][FFA94D][Munizioni][-] Candelotto di dinamite,[dddd10][-][eeee05][-][FFA94D][弾薬][-] ダイナマイトスティック（弾薬）,[dddd10][-][eeee05][-][FFA94D][탄약][-] 다이너마이트 한 개,[dddd10][-][eeee05][-][FFA94D][Amunicja][-] Laska dynamitu (amunicja),[dddd10][-][eeee05][-][FFA94D][Munição][-] Banana de dinamite (munição),[dddd10][-][eeee05][-][FFA94D][Боеприпасы][-] Динамитная шашка (боеприпасы),[dddd10][-][eeee05][-][FFA94D][Mühimmat][-] Dinamit Lokumu (Mühimmat),[dddd10][-][eeee05][-][FFA94D][弹药][-] 柱状炸药（弹药）,[dddd10][-][eeee05][-][FFA94D][彈藥][-] 柱狀炸藥包（彈藥）
thrownGrenade,items,Ammo-Thrown,,,,[dddd10][-][eeee01][-][FFA94D][Ammo][-] Grenade,,[dddd10][-][eeee01][-][FFA94D][Munition][-] Granate (Munition),[dddd10][-][eeee01][-][FFA94D][Municiones][-] Granada (munición),[dddd10][-][eeee01][-][FFA94D][Munitions][-] Grenade (munition),[dddd10][-][eeee01][-][FFA94D][Munizioni][-] Granata,[dddd10][-][eeee01][-][FFA94D][弾薬][-] 手榴弾（弾薬）,[dddd10][-][eeee01][-][FFA94D][탄약][-] 수류탄 (탄약),[dddd10][-][eeee01][-][FFA94D][Amunicja][-] Granat (amunicja),[dddd10][-][eeee01][-][FFA94D][Munição][-] Granada (munição),[dddd10][-][eeee01][-][FFA94D][Боеприпасы][-] Граната (боеприпасы),[dddd10][-][eeee01][-][FFA94D][Mühimmat][-] El Bombası (Mühimmat),[dddd10][-][eeee01][-][FFA94D][弹药][-] 手雷（弹药）,[dddd10][-][eeee01][-][FFA94D][彈藥][-] 手榴彈（彈藥）
thrownGrenadeContact,items,Ammo-Thrown,,,,"[dddd10][-][eeee02][-][FFA94D][Ammo][-] Grenade, Contact",,[dddd10][-][eeee02][-][FFA94D][Munition][-] Aufschlagzünder (Munition),[dddd10][-][eeee02][-][FFA94D][Municiones][-] Granada de contacto (munición),[dddd10][-][eeee02][-][FFA94D][Munitions][-] Grenade de contact (munition),[dddd10][-][eeee02][-][FFA94D][Munizioni][-] Granata a percussione,[dddd10][-][eeee02][-][FFA94D][弾薬][-] 接触起爆手榴弾（弾薬）,[dddd10][-][eeee02][-][FFA94D][탄약][-] 접촉 수류탄 (탄약),[dddd10][-][eeee02][-][FFA94D][Amunicja][-] Granat kontaktowy (amunicja),[dddd10][-][eeee02][-][FFA94D][Munição][-] Granada de contato (munição),[dddd10][-][eeee02][-][FFA94D][Боеприпасы][-] Контактная граната (боеприпасы),[dddd10][-][eeee02][-][FFA94D][Mühimmat][-] Temasta Patlayan Bomba (Mühimmat),[dddd10][-][eeee02][-][FFA94D][弹药][-] 触炸手雷（弹药）,[dddd10][-][eeee02][-][FFA94D][彈藥][-] 觸發手榴彈（彈藥）
thrownTimedCharge,items,Ammo-Thrown,,,,[dddd10][-][eeee06][-][FFA94D][Ammo][-] Timed Charge,,[dddd10][-][eeee06][-][FFA94D][Munition][-] Zeitzünder (Munition),[dddd10][-][eeee06][-][FFA94D][Municiones][-] Carga con temporizador (munición),[dddd10][-][eeee06][-][FFA94D][Munitions][-] Charge programmée (munition),[dddd10][-][eeee06][-][FFA94D][Munizioni][-] Bomba a orologeria,[dddd10][-][eeee06][-][FFA94D][弾薬][-] 時限爆弾（弾薬）,[dddd10][-][eeee06][-][FFA94D][탄약][-] 시한 폭탄 (탄약),[dddd10][-][eeee06][-][FFA94D][Amunicja][-] Ładunek z detonatorem czasowym (amunicja),[dddd10][-][eeee06][-][FFA94D][Munição][-] Carga cronometrada (munição),[dddd10][-][eeee06][-][FFA94D][Боеприпасы][-] Взрывчатка с часовым механизмом (боеприпасы),[dddd10][-][eeee06][-][FFA94D][Mühimmat][-] Saatli Bomba (Mühimmat),[dddd10][-][eeee06][-][FFA94D][弹药][-] 定时炸弹（弹药）,[dddd10][-][eeee06][-][FFA94D][彈藥][-] 定時炸彈（彈藥）
armorPrimitiveBoots,items,Armor,,,,[FFA94D][Armor][-] Primitive Shoes,,[FFA94D][Rüstung][-] Primitive Schuhe,[FFA94D][Armadura][-] Zapatos primitivos,[FFA94D][Armure][-] Chaussures primitives,[FFA94D][Armatura][-] Scarpe primitive,[FFA94D][アーマー][-] 原始的な靴,[FFA94D][방어구][-] 원시적 신발,[FFA94D][Pancerz][-] Prymitywne buty,[FFA94D][Armadura][-] Sapatos primitivos,[FFA94D][Броня][-] Простейшая обувь,[FFA94D][Zırh][-] İlkel Ayakkabılar,[FFA94D][护甲][-] 粗糙鞋子,[FFA94D][護甲][-] 原始鞋
armorPrimitiveGloves,items,Armor,,,,[FFA94D][Armor][-] Primitive Gloves,,[FFA94D][Rüstung][-] Primitive Handschuhe,[FFA94D][Armadura][-] Guantes primitivos,[FFA94D][Armure][-] Gants primitifs,[FFA94D][Armatura][-] Guanti primitivi,[FFA94D][アーマー][-] 原始的なグローブ,[FFA94D][방어구][-] 원시적 장갑,[FFA94D][Pancerz][-] Prymitywne rękawice,[FFA94D][Armadura][-] Luvas primitivas,[FFA94D][Броня][-] Простейшие перчатки,[FFA94D][Zırh][-] İlkel Eldiven,[FFA94D][护甲][-] 粗糙手套,[FFA94D][護甲][-] 原始手套
armorPrimitiveHelmet,items,Armor,,,,[FFA94D][Armor][-] Primitive Hood,,[FFA94D][Rüstung][-] Primitive Kapuze,[FFA94D][Armadura][-] Capucha primitiva,[FFA94D][Armure][-] Capuche primitive,[FFA94D][Armatura][-] Cappuccio primitivo,[FFA94D][アーマー][-] 原始的なフード,[FFA94D][방어구][-] 원시적 후드,[FFA94D][Pancerz][-] Prymitywny kaptur,[FFA94D][Armadura][-] Capuz primitivo,[FFA94D][Броня][-] Простейший капюшон,[FFA94D][Zırh][-] İlkel Başlık,[FFA94D][护甲][-] 粗糙兜帽,[FFA94D][護甲][-] 原始兜帽
armorPrimitiveOutfit,items,Armor,,,,[FFA94D][Armor][-] Primitive Outfit,,[FFA94D][Rüstung][-] Primitives Outfit,[FFA94D][Armadura][-] Atuendo primitivo,[FFA94D][Armure][-] Tenue primitive,[FFA94D][Armatura][-] Completo primitivo,[FFA94D][アーマー][-] 原始的な衣装,[FFA94D][방어구][-] 원시적 의상,[FFA94D][Pancerz][-] Prymitywny strój,[FFA94D][Armadura][-] Traje primitivo,[FFA94D][Броня][-] Простейшая одежда,[FFA94D][Zırh][-] İlkel Kıyafet,[FFA94D][护甲][-] 粗糙装束,[FFA94D][護甲][-] 原始裝
armorAssassinBoots,items,Armor,,,,[FFA94D][Armor][-] Assassin Boots,,[FFA94D][Rüstung][-] Assassinenstiefel,[FFA94D][Armadura][-] Botas de asesino,[FFA94D][Armure][-] Bottes d'assassin,[FFA94D][Armatura][-] Stivali da assassino,[FFA94D][アーマー][-] アサシンブーツ,[FFA94D][방어구][-] 어쌔신 부츠,[FFA94D][Pancerz][-] Buty skrytobójcy,[FFA94D][Armadura][-] Botas de Assassino,[FFA94D][Броня][-] Обувь убийцы,[FFA94D][Zırh][-] Suikastçı Çizmeleri,[FFA94D][护甲][-] 刺客靴子,[FFA94D][護甲][-] 刺客靴
armorAssassinGloves,items,Armor,,,,[FFA94D][Armor][-] Assassin Gloves,,[FFA94D][Rüstung][-] Assassinenhandschuhe,[FFA94D][Armadura][-] Guantes de asesino,[FFA94D][Armure][-] Gants d'assassin,[FFA94D][Armatura][-] Guanti da assassino,[FFA94D][アーマー][-] アサシングローブ,[FFA94D][방어구][-] 어쌔신 장갑,[FFA94D][Pancerz][-] Rękawice skrytobójcy,[FFA94D][Armadura][-] Luvas de Assassino,[FFA94D][Броня][-] Перчатки убийцы,[FFA94D][Zırh][-] Suikastçı Eldivenleri,[FFA94D][护甲][-] 刺客手套,[FFA94D][護甲][-] 刺客手套
armorAssassinHelmet,items,Armor,,,,[FFA94D][Armor][-] Assassin Hood,,[FFA94D][Rüstung][-] Assassinenkapuze,[FFA94D][Armadura][-] Capucha de asesino,[FFA94D][Armure][-] Capuche d'assassin,[FFA94D][Armatura][-] Cappuccio da assassino,[FFA94D][アーマー][-] アサシンフード,[FFA94D][방어구][-] 어쌔신 후드,[FFA94D][Pancerz][-] Kaptur skrytobójcy,[FFA94D][Armadura][-] Capuz de Assassino,[FFA94D][Броня][-] Капюшон убийцы,[FFA94D][Zırh][-] Suikastçı Başlığı,[FFA94D][护甲][-] 刺客兜帽,[FFA94D][護甲][-] 刺客兜帽
armorAssassinOutfit,items,Armor,,,,[FFA94D][Armor][-] Assassin Outfit,,[FFA94D][Rüstung][-] Assassinenoutfit,[FFA94D][Armadura][-] Atuendo de asesino,[FFA94D][Armure][-] Tenue d'assassin,[FFA94D][Armatura][-] Completo da assassino,[FFA94D][アーマー][-] アサシン衣装,[FFA94D][방어구][-] 어쌔신 의상,[FFA94D][Pancerz][-] Strój skrytobójcy,[FFA94D][Armadura][-] Traje de Assassino,[FFA94D][Броня][-] Одежда убийцы,[FFA94D][Zırh][-] Suikastçı Kıyafeti,[FFA94D][护甲][-] 刺客装束,[FFA94D][護甲][-] 刺客裝
armorAthleticBoots,items,Armor,,,,[FFA94D][Armor][-] Athletic Shoes,,[FFA94D][Rüstung][-] Athletenschuhe,[FFA94D][Armadura][-] Zapatos de atleta,[FFA94D][Armure][-] Chaussures d'athlète,[FFA94D][Armatura][-] Scarpe da atleta,[FFA94D][アーマー][-] アスリートシューズ,[FFA94D][방어구][-] 운동선수 신발,[FFA94D][Pancerz][-] Buty sportowca,[FFA94D][Armadura][-] Sapatos de Atletismo,[FFA94D][Броня][-] Обувь спортсмена,[FFA94D][Zırh][-] Atletik Ayakkabılar,[FFA94D][护甲][-] 运动员鞋子,[FFA94D][護甲][-] 運動員鞋
armorAthleticGloves,items,Armor,,,,[FFA94D][Armor][-] Athletic Gloves,,[FFA94D][Rüstung][-] Athletenhandschuhe,[FFA94D][Armadura][-] Guantes de atleta,[FFA94D][Armure][-] Gants d'athlète,[FFA94D][Armatura][-] Guanti da atleta,[FFA94D][アーマー][-] アスリートグローブ,[FFA94D][방어구][-] 운동선수 장갑,[FFA94D][Pancerz][-] Rękawice sportowca,[FFA94D][Armadura][-] Luvas de Atletismo,[FFA94D][Броня][-] Перчатки спортсмена,[FFA94D][Zırh][-] Atletik Eldivenler,[FFA94D][护甲][-] 运动员手套,[FFA94D][護甲][-] 運動員手套
armorAthleticHelmet,items,Armor,,,,[FFA94D][Armor][-] Athletic Hat,,[FFA94D][Rüstung][-] Athletenhut,[FFA94D][Armadura][-] Gorro de atleta,[FFA94D][Armure][-] Chapeau d'athlète,[FFA94D][Armatura][-] Cappello da atleta,[FFA94D][アーマー][-] アスリートハット,[FFA94D][방어구][-] 운동선수 모자,[FFA94D][Pancerz][-] Czapka sportowca,[FFA94D][Armadura][-] Chapéu de Atletismo,[FFA94D][Броня][-] Шапка спортсмена,[FFA94D][Zırh][-] Atletik Şapka,[FFA94D][护甲][-] 运动员帽子,[FFA94D][護甲][-] 運動員帽
armorAthleticOutfit,items,Armor,,,,[FFA94D][Armor][-] Athletic Outfit,,[FFA94D][Rüstung][-] Athletenoutfit,[FFA94D][Armadura][-] Atuendo de atleta,[FFA94D][Armure][-] Tenue d'athlète,[FFA94D][Armatura][-] Completo da atleta,[FFA94D][アーマー][-] アスリート衣装,[FFA94D][방어구][-] 운동선수 의상,[FFA94D][Pancerz][-] Strój sportowca,[FFA94D][Armadura][-] Traje de Atletismo,[FFA94D][Броня][-] Одежда спортсмена,[FFA94D][Zırh][-] Atletik Kıyafet,[FFA94D][护甲][-] 运动员装束,[FFA94D][護甲][-] 運動員裝
armorBikerBoots,items,Armor,,,,[FFA94D][Armor][-] Biker Boots,,[FFA94D][Rüstung][-] Biker-Stiefel,[FFA94D][Armadura][-] Botas de motociclista,[FFA94D][Armure][-] Bottes de motard,[FFA94D][Armatura][-] Stivali da motociclista,[FFA94D][アーマー][-] バイカーブーツ,[FFA94D][방어구][-] 바이커 부츠,[FFA94D][Pancerz][-] Buty motocyklisty,[FFA94D][Armadura][-] Botas de motoqueiro,[FFA94D][Броня][-] Байкерские сапоги,[FFA94D][Zırh][-] Motorcu Çizmesi,[FFA94D][护甲][-] 摩托车手靴子,[FFA94D][護甲][-] 騎士靴
armorBikerGloves,items,Armor,,,,[FFA94D][Armor][-] Biker Gloves,,[FFA94D][Rüstung][-] Biker-Handschuhe,[FFA94D][Armadura][-] Guantes de motociclista,[FFA94D][Armure][-] Gants de motard,[FFA94D][Armatura][-] Guanti da motociclista,[FFA94D][アーマー][-] バイカーグローブ,[FFA94D][방어구][-] 바이커 장갑,[FFA94D][Pancerz][-] Rękawice motocyklisty,[FFA94D][Armadura][-] Luvas de motoqueiro,[FFA94D][Броня][-] Байкерские перчатки,[FFA94D][Zırh][-] Motorcu Eldiveni,[FFA94D][护甲][-] 摩托车手手套,[FFA94D][護甲][-] 騎士手套
armorBikerHelmet,items,Armor,,,,[FFA94D][Armor][-] Biker Helmet,,[FFA94D][Rüstung][-] Biker-Helm,[FFA94D][Armadura][-] Casco de motociclista,[FFA94D][Armure][-] Casque de motard,[FFA94D][Armatura][-] Casco da motociclista,[FFA94D][アーマー][-] バイカーヘルメット,[FFA94D][방어구][-] 바이커 헬멧,[FFA94D][Pancerz][-] Kask motocyklisty,[FFA94D][Armadura][-] Capacete de motoqueiro,[FFA94D][Броня][-] Байкерский шлем,[FFA94D][Zırh][-] Motorcu Kaskı,[FFA94D][护甲][-] 摩托车手头盔,[FFA94D][護甲][-] 騎士頭盔
armorBikerOutfit,items,Armor,,,,[FFA94D][Armor][-] Biker Outfit,,[FFA94D][Rüstung][-] Biker-Outfit,[FFA94D][Armadura][-] Atuendo de motociclista,[FFA94D][Armure][-] Tenue de motard,[FFA94D][Armatura][-] Completo da motociclista,[FFA94D][アーマー][-] バイカー衣装,[FFA94D][방어구][-] 바이커 의상,[FFA94D][Pancerz][-] Strój motocyklisty,[FFA94D][Armadura][-] Traje de motoqueiro,[FFA94D][Броня][-] Байкерский прикид,[FFA94D][Zırh][-] Motorcu Kıyafeti,[FFA94D][护甲][-] 摩托车手装束,[FFA94D][護甲][-] 騎士裝
armorCommandoBoots,items,Armor,,,,[FFA94D][Armor][-] Commando Boots,,[FFA94D][Rüstung][-] Kommando-Stiefel,[FFA94D][Armadura][-] Botas de comando,[FFA94D][Armure][-] Bottes de commando,[FFA94D][Armatura][-] Stivali da commando,[FFA94D][アーマー][-] コマンドーブーツ,[FFA94D][방어구][-] 특공대원 부츠,[FFA94D][Pancerz][-] Buty komandosa,[FFA94D][Armadura][-] Botas de fuzileiro,[FFA94D][Броня][-] Спецназовские ботинки,[FFA94D][Zırh][-] Komando Çizmesi,[FFA94D][护甲][-] 指挥官靴子,[FFA94D][護甲][-] 突擊隊員靴
armorCommandoGloves,items,Armor,,,,[FFA94D][Armor][-] Commando Gloves,,[FFA94D][Rüstung][-] Kommando-Handschuhe,[FFA94D][Armadura][-] Guantes de comando,[FFA94D][Armure][-] Gants de commando,[FFA94D][Armatura][-] Guanti da commando,[FFA94D][アーマー][-] コマンドーグローブ,[FFA94D][방어구][-] 특공대원 장갑,[FFA94D][Pancerz][-] Rękawice komandosa,[FFA94D][Armadura][-] Luvas de fuzileiro,[FFA94D][Броня][-] Спецназовские перчатки,[FFA94D][Zırh][-] Komando Eldiveni,[FFA94D][护甲][-] 指挥官手套,[FFA94D][護甲][-] 突擊隊員手套
armorCommandoHelmet,items,Armor,,,,[FFA94D][Armor][-] Commando Helmet,,[FFA94D][Rüstung][-] Kommando-Helm,[FFA94D][Armadura][-] Casco de comando,[FFA94D][Armure][-] Casque de commando,[FFA94D][Armatura][-] Casco da commando,[FFA94D][アーマー][-] コマンドーヘルメット,[FFA94D][방어구][-] 특공대원 헬멧,[FFA94D][Pancerz][-] Hełm komandosa,[FFA94D][Armadura][-] Capacete de fuzileiro,[FFA94D][Броня][-] Спецназовский шлем,[FFA94D][Zırh][-] Komando Kaskı,[FFA94D][护甲][-] 指挥官头盔,[FFA94D][護甲][-] 突擊隊員頭盔
armorCommandoOutfit,items,Armor,,,,[FFA94D][Armor][-] Commando Outfit,,[FFA94D][Rüstung][-] Kommando-Outfit,[FFA94D][Armadura][-] Atuendo de comando,[FFA94D][Armure][-] Tenue de commando,[FFA94D][Armatura][-] Completo da commando,[FFA94D][アーマー][-] コマンドー衣装,[FFA94D][방어구][-] 특공대원 의상,[FFA94D][Pancerz][-] Strój komandosa,[FFA94D][Armadura][-] Traje de fuzileiro,[FFA94D][Броня][-] Спецназовская форма,[FFA94D][Zırh][-] Komando Kıyafeti,[FFA94D][护甲][-] 指挥官装束,[FFA94D][護甲][-] 突擊隊員裝
armorEnforcerBoots,items,Armor,,,,[FFA94D][Armor][-] Enforcer Shoes,,[FFA94D][Rüstung][-] Vollstrecker-Schuhe,[FFA94D][Armadura][-] Zapatos de sicario,[FFA94D][Armure][-] Chaussures d'agent,[FFA94D][Armatura][-] Scarpe da sicario,[FFA94D][アーマー][-] 執行者靴,[FFA94D][방어구][-] 집행자 신발,[FFA94D][Pancerz][-] Buty strażnika prawa,[FFA94D][Armadura][-] Sapatos de Executor,[FFA94D][Броня][-] Обувь блюстителя закона,[FFA94D][Zırh][-] Memur Ayakkabıları,[FFA94D][护甲][-] 警官鞋子,[FFA94D][護甲][-] 警官鞋
armorEnforcerGloves,items,Armor,,,,[FFA94D][Armor][-] Enforcer Gloves,,[FFA94D][Rüstung][-] Vollstrecker-Handschuhe,[FFA94D][Armadura][-] Guantes de sicario,[FFA94D][Armure][-] Gants d'agent,[FFA94D][Armatura][-] Guanti da sicario,[FFA94D][アーマー][-] 執行者グローブ,[FFA94D][방어구][-] 집행자 장갑,[FFA94D][Pancerz][-] Rękawice strażnika prawa,[FFA94D][Armadura][-] Luvas de Executor,[FFA94D][Броня][-] Перчатки блюстителя закона,[FFA94D][Zırh][-] Memur Eldivenleri,[FFA94D][护甲][-] 警官手套,[FFA94D][護甲][-] 警官手套
armorEnforcerHelmet,items,Armor,,,,[FFA94D][Armor][-] Enforcer Sunglasses,,[FFA94D][Rüstung][-] Vollstrecker-Sonnenbrille,[FFA94D][Armadura][-] Gafas de sol de sicario,[FFA94D][Armure][-] Lunettes d'agent,[FFA94D][Armatura][-] Occhiali da sole da sicario,[FFA94D][アーマー][-] 執行者サングラス,[FFA94D][방어구][-] 집행자 선글라스,[FFA94D][Pancerz][-] Okulary przeciwsłoneczne strażnika prawa,[FFA94D][Armadura][-] Óculos escuros do Executor,[FFA94D][Броня][-] Очки блюстителя закона,[FFA94D][Zırh][-] Memur Güneş Gözlüğü,[FFA94D][护甲][-] 警官墨镜,[FFA94D][護甲][-] 警官墨鏡
armorEnforcerOutfit,items,Armor,,,,[FFA94D][Armor][-] Enforcer Outfit,,[FFA94D][Rüstung][-] Vollstrecker-Outfit,[FFA94D][Armadura][-] Atuendo de sicario,[FFA94D][Armure][-] Tenue d'agent,[FFA94D][Armatura][-] Completo da sicario,[FFA94D][アーマー][-] 執行者衣装,[FFA94D][방어구][-] 집행자 의상,[FFA94D][Pancerz][-] Strój strażnika prawa,[FFA94D][Armadura][-] Traje de Executor,[FFA94D][Броня][-] Одежда блюстителя закона,[FFA94D][Zırh][-] Memur Kıyafeti,[FFA94D][护甲][-] 警官装束,[FFA94D][護甲][-] 警官裝
armorFarmerBoots,items,Armor,,,,[FFA94D][Armor][-] Farmer Boots,,[FFA94D][Rüstung][-] Landwirt-Stiefel,[FFA94D][Armadura][-] Botas de granjero,[FFA94D][Armure][-] Bottes de fermier,[FFA94D][Armatura][-] Stivali da contadino,[FFA94D][アーマー][-] 農夫ブーツ,[FFA94D][방어구][-] 농부 부츠,[FFA94D][Pancerz][-] Buty rolnika,[FFA94D][Armadura][-] Botas de Fazendeiro,[FFA94D][Броня][-] Обувь фермера,[FFA94D][Zırh][-] Çiftçi Çizmeleri,[FFA94D][护甲][-] 农夫靴子,[FFA94D][護甲][-] 農民靴
armorFarmerGloves,items,Armor,,,,[FFA94D][Armor][-] Farmer Gloves,,[FFA94D][Rüstung][-] Landwirt-Handschuhe,[FFA94D][Armadura][-] Guantes de granjero,[FFA94D][Armure][-] Gants de fermier,[FFA94D][Armatura][-] Guanti da contadino,[FFA94D][アーマー][-] 農夫グローブ,[FFA94D][방어구][-] 농부 장갑,[FFA94D][Pancerz][-] Rękawice rolnika,[FFA94D][Armadura][-] Luvas de Fazendeiro,[FFA94D][Броня][-] Перчатки фермера,[FFA94D][Zırh][-] Çiftçi Eldivenleri,[FFA94D][护甲][-] 农夫手套,[FFA94D][護甲][-] 農民手套
armorFarmerHelmet,items,Armor,,,,[FFA94D][Armor][-] Farmer Hat,,[FFA94D][Rüstung][-] Landwirt-Hut,[FFA94D][Armadura][-] Gorro de granjero,[FFA94D][Armure][-] Chapeau de fermier,[FFA94D][Armatura][-] Cappello da contadino,[FFA94D][アーマー][-] 農夫ハット,[FFA94D][방어구][-] 농부 모자,[FFA94D][Pancerz][-] Kapelusz rolnika,[FFA94D][Armadura][-] Chapéu de Fazendeiro,[FFA94D][Броня][-] Шляпа фермера,[FFA94D][Zırh][-] Çiftçi Şapkası,[FFA94D][护甲][-] 农夫帽子,[FFA94D][護甲][-] 農民帽
armorFarmerOutfit,items,Armor,,,,[FFA94D][Armor][-] Farmer Outfit,,[FFA94D][Rüstung][-] Landwirt-Outfit,[FFA94D][Armadura][-] Atuendo de granjero,[FFA94D][Armure][-] Tenue de fermier,[FFA94D][Armatura][-] Completo da contadino,[FFA94D][アーマー][-] 農夫衣装,[FFA94D][방어구][-] 농부 의상,[FFA94D][Pancerz][-] Strój rolnika,[FFA94D][Armadura][-] Traje de Fazendeiro,[FFA94D][Броня][-] Одежда фермера,[FFA94D][Zırh][-] Çiftçi Kıyafeti,[FFA94D][护甲][-] 农夫装束,[FFA94D][護甲][-] 農民裝
armorLumberjackBoots,items,Armor,,,,[FFA94D][Armor][-] Lumberjack Boots,,[FFA94D][Rüstung][-] Holzfäller-Stiefel,[FFA94D][Armadura][-] Botas de leñador,[FFA94D][Armure][-] Bottes de bûcheron,[FFA94D][Armatura][-] Stivali da boscaiolo,[FFA94D][アーマー][-] 木こりブーツ,[FFA94D][방어구][-] 벌목꾼 부츠,[FFA94D][Pancerz][-] Buty drwala,[FFA94D][Armadura][-] Botas de Lenhador,[FFA94D][Броня][-] Обувь лесоруба,[FFA94D][Zırh][-] Oduncu Çizmeleri,[FFA94D][护甲][-] 伐木工靴子,[FFA94D][護甲][-] 伐木工靴
armorLumberjackGloves,items,Armor,,,,[FFA94D][Armor][-] Lumberjack Gloves,,[FFA94D][Rüstung][-] Holzfäller-Handschuhe,[FFA94D][Armadura][-] Guantes de leñador,[FFA94D][Armure][-] Gants de bûcheron,[FFA94D][Armatura][-] Guanti da boscaiolo,[FFA94D][アーマー][-] 木こりグローブ,[FFA94D][방어구][-] 벌목꾼 장갑,[FFA94D][Pancerz][-] Rękawice drwala,[FFA94D][Armadura][-] Luvas de Lenhador,[FFA94D][Броня][-] Перчатки лесоруба,[FFA94D][Zırh][-] Oduncu Eldivenleri,[FFA94D][护甲][-] 伐木工手套,[FFA94D][護甲][-] 伐木工手套
armorLumberjackHelmet,items,Armor,,,,[FFA94D][Armor][-] Lumberjack Hat,,[FFA94D][Rüstung][-] Holzfällerhut,[FFA94D][Armadura][-] Sombrero de leñador,[FFA94D][Armure][-] Chapeau de bûcheron,[FFA94D][Armatura][-] Cappello da boscaiolo,[FFA94D][アーマー][-] 木こりハット,[FFA94D][방어구][-] 벌목꾼 모자,[FFA94D][Pancerz][-] Czapka drwala,[FFA94D][Armadura][-] Chapéu de Lenhador,[FFA94D][Броня][-] Шапка лесоруба,[FFA94D][Zırh][-] Oduncu Şapkası,[FFA94D][护甲][-] 伐木工帽子,[FFA94D][護甲][-] 伐木工帽
armorLumberjackOutfit,items,Armor,,,,[FFA94D][Armor][-] Lumberjack Outfit,,[FFA94D][Rüstung][-] Holzfäller-Outfit,[FFA94D][Armadura][-] Atuendo de leñador,[FFA94D][Armure][-] Tenue de bûcheron,[FFA94D][Armatura][-] Completo da boscaiolo,[FFA94D][アーマー][-] 木こり衣装,[FFA94D][방어구][-] 벌목꾼 의상,[FFA94D][Pancerz][-] Strój drwala,[FFA94D][Armadura][-] Traje de Lenhador,[FFA94D][Броня][-] Одежда лесоруба,[FFA94D][Zırh][-] Oduncu Kıyafeti,[FFA94D][护甲][-] 伐木工装束,[FFA94D][護甲][-] 伐木工裝
armorMinerBoots,items,Armor,,,,[FFA94D][Armor][-] Miner Boots,,[FFA94D][Rüstung][-] Bergarbeiterstiefel,[FFA94D][Armadura][-] Botas de minero,[FFA94D][Armure][-] Bottes de mineur,[FFA94D][Armatura][-] Stivali da minatore,[FFA94D][アーマー][-] 鉱夫ブーツ,[FFA94D][방어구][-] 광부 부츠,[FFA94D][Pancerz][-] Buty górnicze,[FFA94D][Armadura][-] Botas de minerador,[FFA94D][Броня][-] Шахтерские ботинки.,[FFA94D][Zırh][-] Madenci Çizmesi,[FFA94D][护甲][-] 矿工靴子,[FFA94D][護甲][-] 礦工靴
armorMinerGloves,items,Armor,,,,[FFA94D][Armor][-] Miner Gloves,,[FFA94D][Rüstung][-] Bergarbeiter-Handschuhe,[FFA94D][Armadura][-] Guantes de minero,[FFA94D][Armure][-] Gants de mineur,[FFA94D][Armatura][-] Guanti da minatore,[FFA94D][アーマー][-] 鉱夫グローブ,[FFA94D][방어구][-] 광부 장갑,[FFA94D][Pancerz][-] Rękawice górnicze,[FFA94D][Armadura][-] Luvas de minerador,[FFA94D][Броня][-] Шахтерские перчатки,[FFA94D][Zırh][-] Madenci Eldiveni,[FFA94D][护甲][-] 矿工手套,[FFA94D][護甲][-] 礦工手套
armorMinerHelmet,items,Armor,,,,[FFA94D][Armor][-] Miner Helmet,,[FFA94D][Rüstung][-] Bergarbeiter-Helm,[FFA94D][Armadura][-] Casco de minero,[FFA94D][Armure][-] Casque de mineur,[FFA94D][Armatura][-] Casco da minatore,[FFA94D][アーマー][-] 鉱夫ヘルメット,[FFA94D][방어구][-] 광부 헬멧,[FFA94D][Pancerz][-] Hełm górniczy,[FFA94D][Armadura][-] Capacete de minerador,[FFA94D][Броня][-] Шахтерская каска,[FFA94D][Zırh][-] Madenci Kaskı,[FFA94D][护甲][-] 矿工头盔,[FFA94D][護甲][-] 礦工頭盔
armorMinerOutfit,items,Armor,,,,[FFA94D][Armor][-] Miner Outfit,,[FFA94D][Rüstung][-] Bergarbeiter-Outfit,[FFA94D][Armadura][-] Atuendo de minero,[FFA94D][Armure][-] Tenue de mineur,[FFA94D][Armatura][-] Completo da minatore,[FFA94D][アーマー][-] 鉱夫衣装,[FFA94D][방어구][-] 광부 의상,[FFA94D][Pancerz][-] Strój górniczy,[FFA94D][Armadura][-] Traje de minerador,[FFA94D][Броня][-] Шахтерская униформа,[FFA94D][Zırh][-] Madenci Kıyafeti,[FFA94D][护甲][-] 矿工装束,[FFA94D][護甲][-] 礦工裝
armorNerdBoots,items,Armor,,,,[FFA94D][Armor][-] Nerd Boots,,[FFA94D][Rüstung][-] Nerd-Stiefel,[FFA94D][Armadura][-] Botas de nerd,[FFA94D][Armure][-] Bottes de geek,[FFA94D][Armatura][-] Stivali da nerd,[FFA94D][アーマー][-] オタクブーツ,[FFA94D][방어구][-] 너드 부츠,[FFA94D][Pancerz][-] Buty nerda,[FFA94D][Armadura][-] Botas de nerd,[FFA94D][Броня][-] Ботинки ботана,[FFA94D][Zırh][-] İnek Öğrenci Çizmesi,[FFA94D][护甲][-] 学霸靴子,[FFA94D][護甲][-] 書呆子靴
armorNerdGloves,items,Armor,,,,[FFA94D][Armor][-] Nerd Gloves,,[FFA94D][Rüstung][-] Nerd-Handschuhe,[FFA94D][Armadura][-] Guantes de nerd,[FFA94D][Armure][-] Gants de geek,[FFA94D][Armatura][-] Guanti da nerd,[FFA94D][アーマー][-] オタクグローブ,[FFA94D][방어구][-] 너드 장갑,[FFA94D][Pancerz][-] Rękawice nerda,[FFA94D][Armadura][-] Luvas de nerd,[FFA94D][Броня][-] Перчатки ботана,[FFA94D][Zırh][-] İnek Öğrenci Eldiveni,[FFA94D][护甲][-] 学霸手套,[FFA94D][護甲][-] 書呆子手套
armorNerdHelmet,items,Armor,,,,[FFA94D][Armor][-] Nerd Goggles,,[FFA94D][Rüstung][-] Nerd-Brille,[FFA94D][Armadura][-] Gafas de nerd,[FFA94D][Armure][-] Lunettes de protection de geek,[FFA94D][Armatura][-] Occhiali da nerd,[FFA94D][アーマー][-] オタクゴーグル,[FFA94D][방어구][-] 너드 고글,[FFA94D][Pancerz][-] Gogle nerda,[FFA94D][Armadura][-] Óculos de nerd,[FFA94D][Броня][-] Очки ботана,[FFA94D][Zırh][-] İnek Öğrenci Gözlüğü,[FFA94D][护甲][-] 学霸护目镜,[FFA94D][護甲][-] 書呆子護目鏡
armorNerdOutfit,items,Armor,,,,[FFA94D][Armor][-] Nerd Outfit,,[FFA94D][Rüstung][-] Nerd-Outfit,[FFA94D][Armadura][-] Atuendo de nerd,[FFA94D][Armure][-] Tenue geek,[FFA94D][Armatura][-] Completo da nerd,[FFA94D][アーマー][-] オタク衣装,[FFA94D][방어구][-] 너드 의상,[FFA94D][Pancerz][-] Stój nerda,[FFA94D][Armadura][-] Traje de nerd,[FFA94D][Броня][-] Прикид ботана,[FFA94D][Zırh][-] İnek Öğrenci Kıyafeti,[FFA94D][护甲][-] 学霸装束,[FFA94D][護甲][-] 書呆子裝
armorNomadBoots,items,Armor,,,,[FFA94D][Armor][-] Nomad Boots,,[FFA94D][Rüstung][-] Nomadenstiefel,[FFA94D][Armadura][-] Botas de nómada,[FFA94D][Armure][-] Bottes de nomade,[FFA94D][Armatura][-] Stivali da nomade,[FFA94D][アーマー][-] 遊牧民ブーツ,[FFA94D][방어구][-] 유목민 부츠,[FFA94D][Pancerz][-] Buty koczownika,[FFA94D][Armadura][-] Botas de nômade,[FFA94D][Броня][-] Обувь бродяги,[FFA94D][Zırh][-] Göçebe Çizmesi,[FFA94D][护甲][-] 游牧民靴子,[FFA94D][護甲][-] 流浪者靴
armorNomadGloves,items,Armor,,,,[FFA94D][Armor][-] Nomad Gloves,,[FFA94D][Rüstung][-] Nomadenhandschuhe,[FFA94D][Armadura][-] Guantes de nómada,[FFA94D][Armure][-] Gants de nomade,[FFA94D][Armatura][-] Guanti da nomade,[FFA94D][アーマー][-] 遊牧民グローブ,[FFA94D][방어구][-] 유목민 장갑,[FFA94D][Pancerz][-] Rękawice koczownika,[FFA94D][Armadura][-] Luvas de nômade,[FFA94D][Броня][-] Перчатки бродяги,[FFA94D][Zırh][-] Göçebe Eldiveni,[FFA94D][护甲][-] 游牧民手套,[FFA94D][護甲][-] 流浪者手套
armorNomadHelmet,items,Armor,,,,[FFA94D][Armor][-] Nomad Headgear,,[FFA94D][Rüstung][-] Nomaden-Kopfbedeckung,[FFA94D][Armadura][-] Gorro de nómada,[FFA94D][Armure][-] Chapeau de nomade,[FFA94D][Armatura][-] Copricapo da nomade,[FFA94D][アーマー][-] 遊牧民ヘッドギア,[FFA94D][방어구][-] 유목민 머리 방어구,[FFA94D][Pancerz][-] Nakrycie głowy koczownika,[FFA94D][Armadura][-] Equipamento para cabeça nômade,[FFA94D][Броня][-] Головной убор бродяги,[FFA94D][Zırh][-] Göçebe Başlığı,[FFA94D][护甲][-] 游牧民头饰,[FFA94D][護甲][-] 流浪者帽子
armorNomadOutfit,items,Armor,,,,[FFA94D][Armor][-] Nomad Outfit,,[FFA94D][Rüstung][-] Nomaden-Outfit,[FFA94D][Armadura][-] Atuendo de nómada,[FFA94D][Armure][-] Tenue de nomade,[FFA94D][Armatura][-] Completo da nomade,[FFA94D][アーマー][-] 遊牧民衣装,[FFA94D][방어구][-] 유목민 의상,[FFA94D][Pancerz][-] Strój koczownika,[FFA94D][Armadura][-] Traje de nômade,[FFA94D][Броня][-] Одежда бродяги,[FFA94D][Zırh][-] Göçebe Kıyafeti,[FFA94D][护甲][-] 游牧民装束,[FFA94D][護甲][-] 流浪者裝
armorPreacherBoots,items,Armor,,,,[FFA94D][Armor][-] Preacher Boots,,[FFA94D][Rüstung][-] Prediger-Stiefel,[FFA94D][Armadura][-] Botas de predicador,[FFA94D][Armure][-] Bottes d'évangéliste,[FFA94D][Armatura][-] Stivali da predicatore,[FFA94D][アーマー][-] 説教者ブーツ,[FFA94D][방어구][-] 설교자 부츠,[FFA94D][Pancerz][-] Buty kaznodziei,[FFA94D][Armadura][-] Botas de Sacerdote,[FFA94D][Броня][-] Обувь священника,[FFA94D][Zırh][-] Vaiz Çizmeleri,[FFA94D][护甲][-] 传道者靴子,[FFA94D][護甲][-] 傳教士靴
armorPreacherGloves,items,Armor,,,,[FFA94D][Armor][-] Preacher Gloves,,[FFA94D][Rüstung][-] Prediger-Handschuhe,[FFA94D][Armadura][-] Guantes de predicador,[FFA94D][Armure][-] Gants d'évangéliste,[FFA94D][Armatura][-] Guanti da predicatore,[FFA94D][アーマー][-] 説教者グローブ,[FFA94D][방어구][-] 설교자 장갑,[FFA94D][Pancerz][-] Rękawice kaznodziei,[FFA94D][Armadura][-] Luvas de Sacerdote,[FFA94D][Броня][-] Перчатки священника,[FFA94D][Zırh][-] Vaiz Eldivenleri,[FFA94D][护甲][-] 传道者手套,[FFA94D][護甲][-] 傳教士手套
armorPreacherHelmet,items,Armor,,,,[FFA94D][Armor][-] Preacher Hat,,[FFA94D][Rüstung][-] Prediger-Hut,[FFA94D][Armadura][-] Gorro de predicador,[FFA94D][Armure][-] Chapeau d'évangéliste,[FFA94D][Armatura][-] Cappello da predicatore,[FFA94D][アーマー][-] 説教者ハット,[FFA94D][방어구][-] 설교자 모자,[FFA94D][Pancerz][-] Czapka kaznodziei,[FFA94D][Armadura][-] Chapéu de Sacerdote,[FFA94D][Броня][-] Шляпа священника,[FFA94D][Zırh][-] Vaiz Şapkası,[FFA94D][护甲][-] 传道者帽子,[FFA94D][護甲][-] 傳教士帽
armorPreacherOutfit,items,Armor,,,,[FFA94D][Armor][-] Preacher Outfit,,[FFA94D][Rüstung][-] Prediger-Outfit,[FFA94D][Armadura][-] Atuendo de predicador,[FFA94D][Armure][-] Tenue d'évangéliste,[FFA94D][Armatura][-] Completo da predicatore,[FFA94D][アーマー][-] 説教者衣装,[FFA94D][방어구][-] 설교자 의상,[FFA94D][Pancerz][-] Strój kaznodziei,[FFA94D][Armadura][-] Traje de Sacerdote,[FFA94D][Броня][-] Одежда священника,[FFA94D][Zırh][-] Vaiz Kıyafeti,[FFA94D][护甲][-] 传道者装束,[FFA94D][護甲][-] 傳教士裝
armorRaiderBoots,items,Armor,,,,[FFA94D][Armor][-] Raider Boots,,[FFA94D][Rüstung][-] Räuber-Stiefel,[FFA94D][Armadura][-] Botas de asaltante,[FFA94D][Armure][-] Bottes de voyou,[FFA94D][Armatura][-] Stivali da razziatore,[FFA94D][アーマー][-] レイダーブーツ,[FFA94D][방어구][-] 레이더 부츠,[FFA94D][Pancerz][-] Buty pirata,[FFA94D][Armadura][-] Botas de Atacante,[FFA94D][Броня][-] Обувь налетчика,[FFA94D][Zırh][-] Akıncı Çizmeleri,[FFA94D][护甲][-] 袭击者靴子,[FFA94D][護甲][-] 掠奪者靴
armorRaiderGloves,items,Armor,,,,[FFA94D][Armor][-] Raider Gloves,,[FFA94D][Rüstung][-] Räuber-Handschuhe,[FFA94D][Armadura][-] Guantes de asaltante,[FFA94D][Armure][-] Gants de voyou,[FFA94D][Armatura][-] Guanti da razziatore,[FFA94D][アーマー][-] レイダーグローブ,[FFA94D][방어구][-] 레이더 장갑,[FFA94D][Pancerz][-] Rękawice pirata,[FFA94D][Armadura][-] Luvas de atacante,[FFA94D][Броня][-] Перчатки налетчика,[FFA94D][Zırh][-] Akıncı Eldiveni,[FFA94D][护甲][-] 袭击者手套,[FFA94D][護甲][-] 掠奪者手套
armorRaiderHelmet,items,Armor,,,,[FFA94D][Armor][-] Raider Helmet,,[FFA94D][Rüstung][-] Räuber-Helm,[FFA94D][Armadura][-] Casco de asaltante,[FFA94D][Armure][-] Casque de voyou,[FFA94D][Armatura][-] Casco da razziatore,[FFA94D][アーマー][-] レイダーヘルメット,[FFA94D][방어구][-] 레이더 헬멧,[FFA94D][Pancerz][-] Hełm pirata,[FFA94D][Armadura][-] Capacete de atacante,[FFA94D][Броня][-] Шлем налетчика,[FFA94D][Zırh][-] Akıncı Kaskı,[FFA94D][护甲][-] 袭击者头盔,[FFA94D][護甲][-] 掠奪者頭盔
armorRaiderOutfit,items,Armor,,,,[FFA94D][Armor][-] Raider Outfit,,[FFA94D][Rüstung][-] Räuber-Outfit,[FFA94D][Armadura][-] Atuendo de asaltante,[FFA94D][Armure][-] Tenue de voyou,[FFA94D][Armatura][-] Completo da razziatore,[FFA94D][アーマー][-] レイダー衣装,[FFA94D][방어구][-] 레이더 의상,[FFA94D][Pancerz][-] Strój pirata,[FFA94D][Armadura][-] Traje de atacante,[FFA94D][Броня][-] Одежда налетчика,[FFA94D][Zırh][-] Akıncı Kıyafeti,[FFA94D][护甲][-] 袭击者装束,[FFA94D][護甲][-] 掠奪者裝
armorRangerBoots,items,Armor,,,,[FFA94D][Armor][-] Ranger Boots,,[FFA94D][Rüstung][-] Ranger-Stiefel,[FFA94D][Armadura][-] Botas de vaquero,[FFA94D][Armure][-] Bottes de rôdeur,[FFA94D][Armatura][-] Stivali da ranger,[FFA94D][アーマー][-] レンジャーブーツ,[FFA94D][방어구][-] 레인저 부츠,[FFA94D][Pancerz][-] Buty leśnika,[FFA94D][Armadura][-] Botas de patrulheiro,[FFA94D][Броня][-] Обувь егеря,[FFA94D][Zırh][-] Korucu Çizmesi,[FFA94D][护甲][-] 护林员靴子,[FFA94D][護甲][-] 遊俠靴
armorRangerGloves,items,Armor,,,,[FFA94D][Armor][-] Ranger Gloves,,[FFA94D][Rüstung][-] Ranger-Handschuhe,[FFA94D][Armadura][-] Guantes de vaquero,[FFA94D][Armure][-] Gants de rôdeur,[FFA94D][Armatura][-] Guanti da ranger,[FFA94D][アーマー][-] レンジャーグローブ,[FFA94D][방어구][-] 레인저 장갑,[FFA94D][Pancerz][-] Rękawice leśnika,[FFA94D][Armadura][-] Luvas de patrulheiro,[FFA94D][Броня][-] Перчатки егеря,[FFA94D][Zırh][-] Korucu Eldiveni,[FFA94D][护甲][-] 护林员手套,[FFA94D][護甲][-] 遊俠手套
armorRangerHelmet,items,Armor,,,,[FFA94D][Armor][-] Ranger Hat,,[FFA94D][Rüstung][-] Ranger-Hut,[FFA94D][Armadura][-] Gorro de vaquero,[FFA94D][Armure][-] Chapeau de rôdeur,[FFA94D][Armatura][-] Cappello da ranger,[FFA94D][アーマー][-] レンジャーハット,[FFA94D][방어구][-] 레인저 모자,[FFA94D][Pancerz][-] Kapelusz leśnika,[FFA94D][Armadura][-] Chapéu de patrulheiro,[FFA94D][Броня][-] Шапка егеря,[FFA94D][Zırh][-] Korucu Şapkası,[FFA94D][护甲][-] 护林员帽子,[FFA94D][護甲][-] 遊俠帽
armorRangerOutfit,items,Armor,,,,[FFA94D][Armor][-] Ranger Outfit,,[FFA94D][Rüstung][-] Ranger-Outfit,[FFA94D][Armadura][-] Atuendo de vaquero,[FFA94D][Armure][-] Tenue de rôdeur,[FFA94D][Armatura][-] Completo da ranger,[FFA94D][アーマー][-] レンジャー衣装,[FFA94D][방어구][-] 레인저 의상,[FFA94D][Pancerz][-] Strój leśnika,[FFA94D][Armadura][-] Traje de patrulheiro,[FFA94D][Броня][-] Одежда егеря,[FFA94D][Zırh][-] Korucu Kıyafeti,[FFA94D][护甲][-] 护林员装束,[FFA94D][護甲][-] 遊俠裝
armorRogueBoots,items,Armor,,,,[FFA94D][Armor][-] Rogue Boots,,[FFA94D][Rüstung][-] Schurkenstiefel,[FFA94D][Armadura][-] Botas de bribón,[FFA94D][Armure][-] Bottes de fripouille,[FFA94D][Armatura][-] Stivali da furfante,[FFA94D][アーマー][-] ローグブーツ,[FFA94D][방어구][-] 로그 부츠,[FFA94D][Pancerz][-] Buty łotra,[FFA94D][Armadura][-] Botas de Ladino,[FFA94D][Броня][-] Обувь разбойника,[FFA94D][Zırh][-] Haydut Çizmeleri,[FFA94D][护甲][-] 盗贼靴子,[FFA94D][護甲][-] 盜賊靴
armorRogueGloves,items,Armor,,,,[FFA94D][Armor][-] Rogue Gloves,,[FFA94D][Rüstung][-] Schurkenhandschuhe,[FFA94D][Armadura][-] Guantes de bribón,[FFA94D][Armure][-] Gants de fripouille,[FFA94D][Armatura][-] Guanti da furfante,[FFA94D][アーマー][-] ローググローブ,[FFA94D][방어구][-] 로그 장갑,[FFA94D][Pancerz][-] Rękawice łotra,[FFA94D][Armadura][-] Luvas de Ladino,[FFA94D][Броня][-] Перчатки разбойника,[FFA94D][Zırh][-] Haydut Eldiveni,[FFA94D][护甲][-] 盗贼手套,[FFA94D][護甲][-] 盜賊手套
armorRogueHelmet,items,Armor,,,,[FFA94D][Armor][-] Rogue Hood,,[FFA94D][Rüstung][-] Schurkenkapuze,[FFA94D][Armadura][-] Capucha de bribón,[FFA94D][Armure][-] Capuche de fripouille,[FFA94D][Armatura][-] Cappuccio da furfante,[FFA94D][アーマー][-] ローグフード,[FFA94D][방어구][-] 로그 후드,[FFA94D][Pancerz][-] Kaptur łotra,[FFA94D][Armadura][-] Capuz de Ladino,[FFA94D][Броня][-] Капюшон разбойника,[FFA94D][Zırh][-] Haydut Başlığı,[FFA94D][护甲][-] 盗贼兜帽,[FFA94D][護甲][-] 盜賊兜帽
armorRogueOutfit,items,Armor,,,,[FFA94D][Armor][-] Rogue Outfit,,[FFA94D][Rüstung][-] Schurkenoutfit,[FFA94D][Armadura][-] Atuendo de bribón,[FFA94D][Armure][-] Tenue de fripouille,[FFA94D][Armatura][-] Completo da furfante,[FFA94D][アーマー][-] ローグ衣装,[FFA94D][방어구][-] 로그 의상,[FFA94D][Pancerz][-] Strój łotra,[FFA94D][Armadura][-] Traje de Ladino,[FFA94D][Броня][-] Одежда разбойника,[FFA94D][Zırh][-] Haydut Kıyafeti,[FFA94D][护甲][-] 盗贼装束,[FFA94D][護甲][-] 盜賊裝
armorScavengerBoots,items,Armor,,,,[FFA94D][Armor][-] Scavenger Boots,,[FFA94D][Rüstung][-] Plünderer-Stiefel,[FFA94D][Armadura][-] Botas de carroñero,[FFA94D][Armure][-] Bottes de glaneur,[FFA94D][Armatura][-] Stivali da spazzino,[FFA94D][アーマー][-] スカベンジャーブーツ,[FFA94D][방어구][-] 청소부 부츠,[FFA94D][Pancerz][-] Buty zbieracza,[FFA94D][Armadura][-] Botas de catador,[FFA94D][Броня][-] Обувь мусорщика,[FFA94D][Zırh][-] Çöpçü Çizmesi,[FFA94D][护甲][-] 拾荒者靴子,[FFA94D][護甲][-] 清道夫靴
armorScavengerGloves,items,Armor,,,,[FFA94D][Armor][-] Scavenger Gloves,,[FFA94D][Rüstung][-] Plünderer-Handschuhe,[FFA94D][Armadura][-] Guantes de carroñero,[FFA94D][Armure][-] Gants de glaneur,[FFA94D][Armatura][-] Guanti da spazzino,[FFA94D][アーマー][-] スカベンジャーグローブ,[FFA94D][방어구][-] 청소부 장갑,[FFA94D][Pancerz][-] Rękawice zbieracza,[FFA94D][Armadura][-] Luvas de catador,[FFA94D][Броня][-] Перчатки мусорщика,[FFA94D][Zırh][-] Çöpçü Eldiveni,[FFA94D][护甲][-] 拾荒者手套,[FFA94D][護甲][-] 清道夫手套
armorScavengerHelmet,items,Armor,,,,[FFA94D][Armor][-] Scavenger Hat,,[FFA94D][Rüstung][-] Plünderer-Hut,[FFA94D][Armadura][-] Sombrero de carroñero,[FFA94D][Armure][-] Chapeau de glaneur,[FFA94D][Armatura][-] Cappello da spazzino,[FFA94D][アーマー][-] スカベンジャーハット,[FFA94D][방어구][-] 청소부 모자,[FFA94D][Pancerz][-] Czapka śmieciarza,[FFA94D][Armadura][-] Chapéu de Catador,[FFA94D][Броня][-] Головной убор мусорщика,[FFA94D][Zırh][-] Çöpçü Şapkası,[FFA94D][护甲][-] 拾荒者帽子,[FFA94D][護甲][-] 清道夫帽
armorScavengerOutfit,items,Armor,,,,[FFA94D][Armor][-] Scavenger Outfit,,[FFA94D][Rüstung][-] Plünderer-Outfit,[FFA94D][Armadura][-] Atuendo de carroñero,[FFA94D][Armure][-] Tenue de glaneur,[FFA94D][Armatura][-] Completo da spazzino,[FFA94D][アーマー][-] スカベンジャー衣装,[FFA94D][방어구][-] 청소부 의상,[FFA94D][Pancerz][-] Strój zbieracza,[FFA94D][Armadura][-] Traje de catador,[FFA94D][Броня][-] Одежда мусорщика,[FFA94D][Zırh][-] Çöpçü Kıyafeti,[FFA94D][护甲][-] 拾荒者装束,[FFA94D][護甲][-] 清道夫裝
bookArtOfMiningAvalanche,items,Book,,,,[ffcc01][-][FFA94D][Book][-] Art of Mining Vol 6,,"[ffcc01][-][FFA94D][Buch][-] Die Kunst des Bergbaus, Bd. 6",[ffcc01][-][FFA94D][Libro][-] El arte de la minería vol. 6,[ffcc01][-][FFA94D][Livre][-] L'art de l'extraction minière : volume 6,[ffcc01][-][FFA94D][Libro][-] L'arte dell'estrazione - vol. 6,[ffcc01][-][FFA94D][本][-] 『採掘の匠 6巻』,[ffcc01][-][FFA94D][책][-] 채광의 예술 6권,"[ffcc01][-][FFA94D][Książka][-] Sztuka górnicza, tom 6",[ffcc01][-][FFA94D][Livro][-] A Arte de Minerar Vol. 6,"[ffcc01][-][FFA94D][Книга][-] Шахтерское ремесло, том 6",[ffcc01][-][FFA94D][Kitap][-] Madencilik Sanatı Cilt 6,[ffcc01][-][FFA94D][书籍][-] 采矿的艺术 第6卷,[ffcc01][-][FFA94D][書籍][-] 採礦藝術第 6 卷
bookArtOfMiningBlackStrap,items,Book,,,,[ffcc01][-][FFA94D][Book][-] Art of Mining Vol 4,,"[ffcc01][-][FFA94D][Buch][-] Die Kunst des Bergbaus, Bd. 4",[ffcc01][-][FFA94D][Libro][-] El arte de la minería vol. 4,[ffcc01][-][FFA94D][Livre][-] L'art de l'extraction minière : volume 4,[ffcc01][-][FFA94D][Libro][-] L'arte dell'estrazione - vol. 4,[ffcc01][-][FFA94D][本][-] 『採掘の匠 4巻』,[ffcc01][-][FFA94D][책][-] 채광의 예술 4권,"[ffcc01][-][FFA94D][Książka][-] Sztuka górnicza, tom 4",[ffcc01][-][FFA94D][Livro][-] A Arte de Minerar Vol. 4,"[ffcc01][-][FFA94D][Книга][-] Шахтерское ремесло, том 4",[ffcc01][-][FFA94D][Kitap][-] Madencilik Sanatı Cilt 4,[ffcc01][-][FFA94D][书籍][-] 采矿的艺术 第4卷,[ffcc01][-][FFA94D][書籍][-] 採礦藝術第 4 卷
bookArtOfMiningCoffee,items,Book,,,,[ffcc01][-][FFA94D][Book][-] Art of Mining Vol 3,,"[ffcc01][-][FFA94D][Buch][-] Die Kunst des Bergbaus, Bd. 3",[ffcc01][-][FFA94D][Libro][-] El arte de la minería vol. 3,[ffcc01][-][FFA94D][Livre][-] L'art de l'extraction minière : volume 3,[ffcc01][-][FFA94D][Libro][-] L'arte dell'estrazione - vol. 3,[ffcc01][-][FFA94D][本][-] 『採掘の匠 3巻』,[ffcc01][-][FFA94D][책][-] 채광의 예술 3권,"[ffcc01][-][FFA94D][Książka][-] Sztuka górnicza, tom 3",[ffcc01][-][FFA94D][Livro][-] A Arte de Minerar Vol. 3,"[ffcc01][-][FFA94D][Книга][-] Шахтерское ремесло, том 3",[ffcc01][-][FFA94D][Kitap][-] Madencilik Sanatı Cilt 3,[ffcc01][-][FFA94D][书籍][-] 采矿的艺术 第3卷,[ffcc01][-][FFA94D][書籍][-] 採礦藝術第 3 卷
bookArtOfMiningDamage,items,Book,,,,[ffcc01][-][FFA94D][Book][-] Art of Mining Vol 7,,"[ffcc01][-][FFA94D][Buch][-] Die Kunst des Bergbaus, Bd. 7",[ffcc01][-][FFA94D][Libro][-] El arte de la minería vol. 7,[ffcc01][-][FFA94D][Livre][-] L'art de l'extraction minière : volume 7,[ffcc01][-][FFA94D][Libro][-] L'arte dell'estrazione - vol. 7,[ffcc01][-][FFA94D][本][-] 『採掘の匠 7巻』,[ffcc01][-][FFA94D][책][-] 채광의 예술 7권,"[ffcc01][-][FFA94D][Książka][-] Sztuka górnicza, tom 7",[ffcc01][-][FFA94D][Livro][-] A Arte de Minerar Vol. 7,"[ffcc01][-][FFA94D][Книга][-] Шахтерское ремесло, том 7",[ffcc01][-][FFA94D][Kitap][-] Madencilik Sanatı Cilt 7,[ffcc01][-][FFA94D][书籍][-] 采矿的艺术 第7卷,[ffcc01][-][FFA94D][書籍][-] 採礦藝術第 7 卷
bookArtOfMiningDiamondTools,items,Book,,,,[ffcc01][-][FFA94D][Book][-] Art of Mining Vol 2,,"[ffcc01][-][FFA94D][Buch][-] Die Kunst des Bergbaus, Bd. 2",[ffcc01][-][FFA94D][Libro][-] El arte de la minería vol. 2,[ffcc01][-][FFA94D][Livre][-] L'art de l'extraction minière : volume 2,[ffcc01][-][FFA94D][Libro][-] L'arte dell'estrazione - vol. 2,[ffcc01][-][FFA94D][本][-] 『採掘の匠 2巻』,[ffcc01][-][FFA94D][책][-] 채광의 예술 2권,"[ffcc01][-][FFA94D][Książka][-] Sztuka górnicza, tom 2",[ffcc01][-][FFA94D][Livro][-] A Arte de Minerar Vol. 2,"[ffcc01][-][FFA94D][Книга][-] Шахтерское ремесло, том 2",[ffcc01][-][FFA94D][Kitap][-] Madencilik Sanatı Cilt 2,[ffcc01][-][FFA94D][书籍][-] 采矿的艺术 第2卷,[ffcc01][-][FFA94D][書籍][-] 採礦藝術第 2 卷
bookArtOfMiningLuckyStrike,items,Book,,,,[ffcc01][-][FFA94D][Book][-] Art of Mining Vol 1,,"[ffcc01][-][FFA94D][Buch][-] Die Kunst des Bergbaus, Bd. 1",[ffcc01][-][FFA94D][Libro][-] El arte de la minería vol. 1,[ffcc01][-][FFA94D][Livre][-] L'art de l'extraction minière : volume 1,[ffcc01][-][FFA94D][Libro][-] L'arte dell'estrazione - vol. 1,[ffcc01][-][FFA94D][本][-] 『採掘の匠 1巻』,[ffcc01][-][FFA94D][책][-] 채광의 예술 1권,"[ffcc01][-][FFA94D][Książka][-] Sztuka górnicza, tom 1",[ffcc01][-][FFA94D][Livro][-] A Arte de Minerar Vol. 1,"[ffcc01][-][FFA94D][Книга][-] Шахтерское ремесло, том 1",[ffcc01][-][FFA94D][Kitap][-] Madencilik Sanatı Cilt 1,[ffcc01][-][FFA94D][书籍][-] 采矿的艺术 第1卷,[ffcc01][-][FFA94D][書籍][-] 採礦藝術第 1 卷
bookArtOfMiningPallets,items,Book,,,,[ffcc01][-][FFA94D][Book][-] Art of Mining Vol 5,,"[ffcc01][-][FFA94D][Buch][-] Die Kunst des Bergbaus, Bd. 5",[ffcc01][-][FFA94D][Libro][-] El arte de la minería vol. 5,[ffcc01][-][FFA94D][Livre][-] L'art de l'extraction minière : volume 5,[ffcc01][-][FFA94D][Libro][-] L'arte dell'estrazione - vol. 5,[ffcc01][-][FFA94D][本][-] 『採掘の匠 5巻』,[ffcc01][-][FFA94D][책][-] 채광의 예술 5권,"[ffcc01][-][FFA94D][Książka][-] Sztuka górnicza, tom 5",[ffcc01][-][FFA94D][Livro][-] A Arte de Minerar Vol. 5,"[ffcc01][-][FFA94D][Книга][-] Шахтерское ремесло, том 5",[ffcc01][-][FFA94D][Kitap][-] Madencilik Sanatı Cilt 5,[ffcc01][-][FFA94D][书籍][-] 采矿的艺术 第5卷,[ffcc01][-][FFA94D][書籍][-] 採礦藝術第 5 卷
bookAutoWeaponsDamage,items,Book,,,,[ffcc01][-][FFA94D][Book][-] Automatic Weapons Handbook Vol 1,,"[ffcc01][-][FFA94D][Buch][-] Handbuch: Automatische Waffen, Bd. 1",[ffcc01][-][FFA94D][Libro][-] Manual de armas automáticas vol. 1,[ffcc01][-][FFA94D][Livre][-] Manuel des armes automatiques : volume 1,[ffcc01][-][FFA94D][Libro][-] Manuale delle armi automatiche - vol. 1,[ffcc01][-][FFA94D][本][-] 『自動兵器ハンドブック 1巻』,[ffcc01][-][FFA94D][책][-] 자동 무기 핸드북 1권,"[ffcc01][-][FFA94D][Książka][-] Podręcznik broni automatycznej, tom 1",[ffcc01][-][FFA94D][Livro][-] Manual de Armas Automáticas Vol. 1,"[ffcc01][-][FFA94D][Книга][-] Руководство по автоматическому оружию, том 1",[ffcc01][-][FFA94D][Kitap][-] Otomatik Silahlar El Kitabı Cilt 1,[ffcc01][-][FFA94D][书籍][-] 自动武器指导手册 第1卷,[ffcc01][-][FFA94D][書籍][-] 自動武器手冊第 1 卷
bookAutoWeaponsDrumMag,items,Book,,,,[ffcc01][-][FFA94D][Book][-] Automatic Weapons Handbook Vol 4,,"[ffcc01][-][FFA94D][Buch][-] Handbuch: Automatische Waffen, Bd. 4",[ffcc01][-][FFA94D][Libro][-] Manual de armas automáticas vol. 4,[ffcc01][-][FFA94D][Livre][-] Manuel des armes automatiques : volume 4,[ffcc01][-][FFA94D][Libro][-] Manuale delle armi automatiche - vol. 4,[ffcc01][-][FFA94D][本][-] 『自動兵器ハンドブック 4巻』,[ffcc01][-][FFA94D][책][-] 자동 무기 핸드북 4권,"[ffcc01][-][FFA94D][Książka][-] Podręcznik broni automatycznej, tom 4",[ffcc01][-][FFA94D][Livro][-] Manual de Armas Automáticas Vol. 4,"[ffcc01][-][FFA94D][Книга][-] Руководство по автоматическому оружию, том 4",[ffcc01][-][FFA94D][Kitap][-] Otomatik Silahlar El Kitabı Cilt 4,[ffcc01][-][FFA94D][书籍][-] 自动武器指导手册 第4卷,[ffcc01][-][FFA94D][書籍][-] 自動武器手冊第 4 卷
bookAutoWeaponsMachineGuns,items,Book,,,,[ffcc01][-][FFA94D][Book][-] Automatic Weapons Handbook Vol 7,,"[ffcc01][-][FFA94D][Buch][-] Handbuch: Automatische Waffen, Bd. 7",[ffcc01][-][FFA94D][Libro][-] Manual de armas automáticas vol. 7,[ffcc01][-][FFA94D][Livre][-] Manuel des armes automatiques : volume 7,[ffcc01][-][FFA94D][Libro][-] Manuale delle armi automatiche - vol. 7,[ffcc01][-][FFA94D][本][-] 『自動兵器ハンドブック 7巻』,[ffcc01][-][FFA94D][책][-] 자동 무기 핸드북 7권,"[ffcc01][-][FFA94D][Książka][-] Podręcznik broni automatycznej, tom 7",[ffcc01][-][FFA94D][Livro][-] Manual de Armas Automáticas Vol. 7,"[ffcc01][-][FFA94D][Книга][-] Руководство по автоматическому оружию, том 7",[ffcc01][-][FFA94D][Kitap][-] Otomatik Silahlar El Kitabı Cilt 7,[ffcc01][-][FFA94D][书籍][-] 自动武器指导手册 第7卷,[ffcc01][-][FFA94D][書籍][-] 自動武器手冊第 7 卷
bookAutoWeaponsMaintenance,items,Book,,,,[ffcc01][-][FFA94D][Book][-] Automatic Weapons Handbook Vol 3,,"[ffcc01][-][FFA94D][Buch][-] Handbuch: Automatische Waffen, Bd. 3",[ffcc01][-][FFA94D][Libro][-] Manual de armas automáticas vol. 3,[ffcc01][-][FFA94D][Livre][-] Manuel des armes automatiques : volume 3,[ffcc01][-][FFA94D][Libro][-] Manuale delle armi automatiche - vol. 3,[ffcc01][-][FFA94D][本][-] 『自動兵器ハンドブック 3巻』,[ffcc01][-][FFA94D][책][-] 자동 무기 핸드북 3권,"[ffcc01][-][FFA94D][Książka][-] Podręcznik broni automatycznej, tom 3",[ffcc01][-][FFA94D][Livro][-] Manual de Armas Automáticas Vol. 3,"[ffcc01][-][FFA94D][Книга][-] Руководство по автоматическому оружию, том 3",[ffcc01][-][FFA94D][Kitap][-] Otomatik Silahlar El Kitabı Cilt 3,[ffcc01][-][FFA94D][书籍][-] 自动武器指导手册 第3卷,[ffcc01][-][FFA94D][書籍][-] 自動武器手冊第 3 卷
bookAutoWeaponsRagdoll,items,Book,,,,[ffcc01][-][FFA94D][Book][-] Automatic Weapons Handbook Vol 6,,"[ffcc01][-][FFA94D][Buch][-] Handbuch: Automatische Waffen, Bd. 6",[ffcc01][-][FFA94D][Libro][-] Manual de armas automáticas vol. 6,[ffcc01][-][FFA94D][Livre][-] Manuel des armes automatiques : volume 6,[ffcc01][-][FFA94D][Libro][-] Manuale delle armi automatiche - vol. 6,[ffcc01][-][FFA94D][本][-] 『自動兵器ハンドブック 6巻』,[ffcc01][-][FFA94D][책][-] 자동 무기 핸드북 6권,"[ffcc01][-][FFA94D][Książka][-] Podręcznik broni automatycznej, tom 6",[ffcc01][-][FFA94D][Livro][-] Manual de Armas Automáticas Vol. 6,"[ffcc01][-][FFA94D][Книга][-] Руководство по автоматическому оружию, том 6",[ffcc01][-][FFA94D][Kitap][-] Otomatik Silahlar El Kitabı Cilt 6,[ffcc01][-][FFA94D][书籍][-] 自动武器指导手册 第6卷,[ffcc01][-][FFA94D][書籍][-] 自動武器手冊第 6 卷
bookAutoWeaponsRecoil,items,Book,,,,[ffcc01][-][FFA94D][Book][-] Automatic Weapons Handbook Vol 5,,"[ffcc01][-][FFA94D][Buch][-] Handbuch: Automatische Waffen, Bd. 5",[ffcc01][-][FFA94D][Libro][-] Manual de armas automáticas vol. 5,[ffcc01][-][FFA94D][Livre][-] Manuel des armes automatiques : volume 5,[ffcc01][-][FFA94D][Libro][-] Manuale delle armi automatiche - vol. 5,[ffcc01][-][FFA94D][本][-] 『自動兵器ハンドブック 5巻』,[ffcc01][-][FFA94D][책][-] 자동 무기 핸드북 5권,"[ffcc01][-][FFA94D][Książka][-] Podręcznik broni automatycznej, tom 5",[ffcc01][-][FFA94D][Livro][-] Manual de Armas Automáticas Vol. 5,"[ffcc01][-][FFA94D][Книга][-] Руководство по автоматическому оружию, том 5",[ffcc01][-][FFA94D][Kitap][-] Otomatik Silahlar El Kitabı Cilt 5,[ffcc01][-][FFA94D][书籍][-] 自动武器指导手册 第5卷,[ffcc01][-][FFA94D][書籍][-] 自動武器手冊第 5 卷
bookAutoWeaponsUncontrolledBurst,items,Book,,,,[ffcc01][-][FFA94D][Book][-] Automatic Weapons Handbook Vol 2,,"[ffcc01][-][FFA94D][Buch][-] Handbuch: Automatische Waffen, Bd. 2",[ffcc01][-][FFA94D][Libro][-] Manual de armas automáticas vol. 2,[ffcc01][-][FFA94D][Livre][-] Manuel des armes automatiques : volume 2,[ffcc01][-][FFA94D][Libro][-] Manuale delle armi automatiche - vol. 2,[ffcc01][-][FFA94D][本][-] 『自動兵器ハンドブック 2巻』,[ffcc01][-][FFA94D][책][-] 자동 무기 핸드북 2권,"[ffcc01][-][FFA94D][Książka][-] Podręcznik broni automatycznej, tom 2",[ffcc01][-][FFA94D][Livro][-] Manual de Armas Automáticas Vol. 2,"[ffcc01][-][FFA94D][Книга][-] Руководство по автоматическому оружию, том 2",[ffcc01][-][FFA94D][Kitap][-] Otomatik Silahlar El Kitabı Cilt 2,[ffcc01][-][FFA94D][书籍][-] 自动武器指导手册 第2卷,[ffcc01][-][FFA94D][書籍][-] 自動武器手冊第 2 卷
bookBarBrawling1BasicMoves,items,Book,,,,[ffcc01][-][FFA94D][Book][-] Bar Brawling Vol 1,,"[ffcc01][-][FFA94D][Buch][-] Kneipenschlägerei, Bd. 1",[ffcc01][-][FFA94D][Libro][-] Peleador de bares vol. 1,[ffcc01][-][FFA94D][Livre][-] Combat de bar : volume 1,[ffcc01][-][FFA94D][Libro][-] Rissa da bar - vol. 1,[ffcc01][-][FFA94D][本][-] 『バー乱闘 1巻』,[ffcc01][-][FFA94D][책][-] 술집 주먹 싸움 1권,"[ffcc01][-][FFA94D][Książka][-] Bitka w barze, tom 1",[ffcc01][-][FFA94D][Livro][-] Pancadaria no Bar Vol. 1,"[ffcc01][-][FFA94D][Книга][-] Драка в баре, том 1",[ffcc01][-][FFA94D][Kitap][-] Bar Kavgası Cilt 1,[ffcc01][-][FFA94D][书籍][-] 酒吧斗殴 第 1 卷,[ffcc01][-][FFA94D][書籍][-] 酒吧衝突第1卷
bookBarBrawling2DropABomb,items,Book,,,,[ffcc01][-][FFA94D][Book][-] Bar Brawling Vol 2,,"[ffcc01][-][FFA94D][Buch][-] Kneipenschlägerei, Bd. 2",[ffcc01][-][FFA94D][Libro][-] Peleador de bares vol. 2,[ffcc01][-][FFA94D][Livre][-] Combat de bar : volume 2,[ffcc01][-][FFA94D][Libro][-] Rissa da bar - vol. 2,[ffcc01][-][FFA94D][本][-] 『バー乱闘 2巻』,[ffcc01][-][FFA94D][책][-] 술집 주먹 싸움 2권,"[ffcc01][-][FFA94D][Książka][-] Bitka w barze, tom 2",[ffcc01][-][FFA94D][Livro][-] Pancadaria no Bar Vol. 2,"[ffcc01][-][FFA94D][Книга][-] Драка в баре, том 2",[ffcc01][-][FFA94D][Kitap][-] Bar Kavgası Cilt 2,[ffcc01][-][FFA94D][书籍][-] 酒吧斗殴 第 2 卷,[ffcc01][-][FFA94D][書籍][-] 酒吧衝突第2卷
bookBarBrawling3KillerInstinct,items,Book,,,,[ffcc01][-][FFA94D][Book][-] Bar Brawling Vol 3,,"[ffcc01][-][FFA94D][Buch][-] Kneipenschlägerei, Bd. 3",[ffcc01][-][FFA94D][Libro][-] Peleador de bares vol. 3,[ffcc01][-][FFA94D][Livre][-] Combat de bar : volume 3,[ffcc01][-][FFA94D][Libro][-] Rissa da bar - vol. 3,[ffcc01][-][FFA94D][本][-] 『バー乱闘 3巻』,[ffcc01][-][FFA94D][책][-] 술집 주먹 싸움 3권,"[ffcc01][-][FFA94D][Książka][-] Bitka w barze, tom 3",[ffcc01][-][FFA94D][Livro][-] Pancadaria no Bar Vol. 3,"[ffcc01][-][FFA94D][Книга][-] Драка в баре, том 3",[ffcc01][-][FFA94D][Kitap][-] Bar Kavgası Cilt 3,[ffcc01][-][FFA94D][书籍][-] 酒吧斗殴 第 3 卷,[ffcc01][-][FFA94D][書籍][-] 酒吧衝突第3卷
bookBarBrawling4FinishingMoves,items,Book,,,,[ffcc01][-][FFA94D][Book][-] Bar Brawling Vol 4,,"[ffcc01][-][FFA94D][Buch][-] Kneipenschlägerei, Bd. 4",[ffcc01][-][FFA94D][Libro][-] Peleador de bares vol. 4,[ffcc01][-][FFA94D][Livre][-] Combat de bar : volume 4,[ffcc01][-][FFA94D][Libro][-] Rissa da bar - vol. 4,[ffcc01][-][FFA94D][本][-] 『バー乱闘 4巻』,[ffcc01][-][FFA94D][책][-] 술집 주먹 싸움 4권,"[ffcc01][-][FFA94D][Książka][-] Bitka w barze, tom 4",[ffcc01][-][FFA94D][Livro][-] Pancadaria no Bar Vol. 4,"[ffcc01][-][FFA94D][Книга][-] Драка в баре, том 4",[ffcc01][-][FFA94D][Kitap][-] Bar Kavgası Cilt 4,[ffcc01][-][FFA94D][书籍][-] 酒吧斗殴 第 4 卷,[ffcc01][-][FFA94D][書籍][-] 酒吧衝突第4卷
bookBarBrawling5AdrenalineHealing,items,Book,,,,[ffcc01][-][FFA94D][Book][-] Bar Brawling Vol 5,,"[ffcc01][-][FFA94D][Buch][-] Kneipenschlägerei, Bd. 5",[ffcc01][-][FFA94D][Libro][-] Peleador de bares vol. 5,[ffcc01][-][FFA94D][Livre][-] Combat de bar : volume 5,[ffcc01][-][FFA94D][Libro][-] Rissa da bar - vol. 5,[ffcc01][-][FFA94D][本][-] 『バー乱闘 5巻』,[ffcc01][-][FFA94D][책][-] 술집 주먹 싸움 5권,"[ffcc01][-][FFA94D][Książka][-] Bitka w barze, tom 5",[ffcc01][-][FFA94D][Livro][-] Pancadaria no Bar Vol. 5,"[ffcc01][-][FFA94D][Книга][-] Драка в баре, том 5",[ffcc01][-][FFA94D][Kitap][-] Bar Kavgası Cilt 5,[ffcc01][-][FFA94D][书籍][-] 酒吧斗殴 第 5 卷,[ffcc01][-][FFA94D][書籍][-] 酒吧衝突第5卷
bookBarBrawling6RageMode,items,Book,,,,[ffcc01][-][FFA94D][Book][-] Bar Brawling Vol 6,,"[ffcc01][-][FFA94D][Buch][-] Kneipenschlägerei, Bd. 6",[ffcc01][-][FFA94D][Libro][-] Peleador de bares vol. 6,[ffcc01][-][FFA94D][Livre][-] Combat de bar : volume 6,[ffcc01][-][FFA94D][Libro][-] Rissa da bar - vol. 6,[ffcc01][-][FFA94D][本][-] 『バー乱闘 6巻』,[ffcc01][-][FFA94D][책][-] 술집 주먹 싸움 6권,"[ffcc01][-][FFA94D][Książka][-] Bitka w barze, tom 6",[ffcc01][-][FFA94D][Livro][-] Pancadaria no Bar Vol. 6,"[ffcc01][-][FFA94D][Книга][-] Драка в баре, том 6",[ffcc01][-][FFA94D][Kitap][-] Bar Kavgası Cilt 6,[ffcc01][-][FFA94D][书籍][-] 酒吧斗殴 第 6 卷,[ffcc01][-][FFA94D][書籍][-] 酒吧衝突第6卷
bookBarBrawling7BoozedUp,items,Book,,,,[ffcc01][-][FFA94D][Book][-] Bar Brawling Vol 7,,"[ffcc01][-][FFA94D][Buch][-] Kneipenschlägerei, Bd. 7",[ffcc01][-][FFA94D][Libro][-] Peleador de bares vol. 7,[ffcc01][-][FFA94D][Livre][-] Combat de bar : volume 7,[ffcc01][-][FFA94D][Libro][-] Rissa da bar - vol. 7,[ffcc01][-][FFA94D][本][-] 『バー乱闘 7巻』,[ffcc01][-][FFA94D][책][-] 술집 주먹 싸움 7권,"[ffcc01][-][FFA94D][Książka][-] Bitka w barze, tom 7",[ffcc01][-][FFA94D][Livro][-] Pancadaria no Bar Vol. 7,"[ffcc01][-][FFA94D][Книга][-] Драка в баре, том 7",[ffcc01][-][FFA94D][Kitap][-] Bar Kavgası Cilt 7,[ffcc01][-][FFA94D][书籍][-] 酒吧斗殴 第 7 卷,[ffcc01][-][FFA94D][書籍][-] 酒吧衝突第7卷
bookBatterUpBigHits,items,Book,,,,[ffcc01][-][FFA94D][Book][-] Batter Up Vol 1,,"[ffcc01][-][FFA94D][Buch][-] Der Schlagmann, Bd. 1",[ffcc01][-][FFA94D][Libro][-] Turno al bate vol. 1,[ffcc01][-][FFA94D][Livre][-] Batte au poing : volume 1,[ffcc01][-][FFA94D][Libro][-] Alla battuta - vol. 1,[ffcc01][-][FFA94D][本][-] 『バッターの心構え 1巻』,[ffcc01][-][FFA94D][책][-] 경기 시작 1권,"[ffcc01][-][FFA94D][Książka][-] Nie kijem go to pałką, tom 1",[ffcc01][-][FFA94D][Livro][-] Rebatida Vol. 1,"[ffcc01][-][FFA94D][Книга][-] Отбивающий, на поле! том 1",[ffcc01][-][FFA94D][Kitap][-] Sopa Gücü Cilt 1,[ffcc01][-][FFA94D][书籍][-] 一击破坏 第1卷,[ffcc01][-][FFA94D][書籍][-] 擊球手上場第 1 卷
bookBatterUpFoulBalls,items,Book,,,,[ffcc01][-][FFA94D][Book][-] Batter Up Vol 6,,"[ffcc01][-][FFA94D][Buch][-] Der Schlagmann, Bd. 6",[ffcc01][-][FFA94D][Libro][-] Turno al bate vol. 6,[ffcc01][-][FFA94D][Livre][-] Batte au poing : volume 6,[ffcc01][-][FFA94D][Libro][-] Alla battuta - vol. 6,[ffcc01][-][FFA94D][本][-] 『バッターの心構え 6巻』,[ffcc01][-][FFA94D][책][-] 경기 시작 6권,"[ffcc01][-][FFA94D][Książka][-] Nie kijem go to pałką, tom 6",[ffcc01][-][FFA94D][Livro][-] Rebatida Vol. 6,"[ffcc01][-][FFA94D][Книга][-] Отбивающий, на поле! том 6",[ffcc01][-][FFA94D][Kitap][-] Sopa Gücü Cilt 6,[ffcc01][-][FFA94D][书籍][-] 一击破坏 第6卷,[ffcc01][-][FFA94D][書籍][-] 擊球手上場第 6 卷
bookBatterUpKnockdown,items,Book,,,,[ffcc01][-][FFA94D][Book][-] Batter Up Vol 4,,"[ffcc01][-][FFA94D][Buch][-] Der Schlagmann, Bd. 4",[ffcc01][-][FFA94D][Libro][-] Turno al bate vol. 4,[ffcc01][-][FFA94D][Livre][-] Batte au poing : volume 4,[ffcc01][-][FFA94D][Libro][-] Alla battuta - vol. 4,[ffcc01][-][FFA94D][本][-] 『バッターの心構え 4巻』,[ffcc01][-][FFA94D][책][-] 경기 시작 4권,"[ffcc01][-][FFA94D][Książka][-] Nie kijem go to pałką, tom 4",[ffcc01][-][FFA94D][Livro][-] Rebatida Vol. 4,"[ffcc01][-][FFA94D][Книга][-] Отбивающий, на поле! том 4",[ffcc01][-][FFA94D][Kitap][-] Sopa Gücü Cilt 4,[ffcc01][-][FFA94D][书籍][-] 一击破坏 第4卷,[ffcc01][-][FFA94D][書籍][-] 擊球手上場第 4 卷
bookBatterUpMaintenance,items,Book,,,,[ffcc01][-][FFA94D][Book][-] Batter Up Vol 5,,"[ffcc01][-][FFA94D][Buch][-] Der Schlagmann, Bd. 5",[ffcc01][-][FFA94D][Libro][-] Turno al bate vol. 5,[ffcc01][-][FFA94D][Livre][-] Batte au poing : volume 5,[ffcc01][-][FFA94D][Libro][-] Alla battuta - vol. 5,[ffcc01][-][FFA94D][本][-] 『バッターの心構え 5巻』,[ffcc01][-][FFA94D][책][-] 경기 시작 5권,"[ffcc01][-][FFA94D][Książka][-] Nie kijem go to pałką,, tom 5",[ffcc01][-][FFA94D][Livro][-] Rebatida Vol. 5,"[ffcc01][-][FFA94D][Книга][-] Отбивающий, на поле! том 5",[ffcc01][-][FFA94D][Kitap][-] Sopa Gücü Cilt 5,[ffcc01][-][FFA94D][书籍][-] 一击破坏 第5卷,[ffcc01][-][FFA94D][書籍][-] 擊球手上場第 5 卷
bookBatterUpMetalChain,items,Book,,,,[ffcc01][-][FFA94D][Book][-] Batter Up Vol 7,,"[ffcc01][-][FFA94D][Buch][-] Der Schlagmann, Bd. 7",[ffcc01][-][FFA94D][Libro][-] Turno al bate vol. 7,[ffcc01][-][FFA94D][Livre][-] Batte au poing : volume 7,[ffcc01][-][FFA94D][Libro][-] Alla battuta - vol. 7,[ffcc01][-][FFA94D][本][-] 『バッターの心構え 7巻』,[ffcc01][-][FFA94D][책][-] 경기 시작 7권,"[ffcc01][-][FFA94D][Książka][-] Nie kijem go to pałką, tom 7",[ffcc01][-][FFA94D][Livro][-] Rebatida Vol. 7,"[ffcc01][-][FFA94D][Книга][-] Отбивающий, на поле! том 7",[ffcc01][-][FFA94D][Kitap][-] Sopa Gücü Cilt 7,[ffcc01][-][FFA94D][书籍][-] 一击破坏第7卷,[ffcc01][-][FFA94D][書籍][-] 擊球手上場第 7 卷
bookBatterUpSlowPitch,items,Book,,,,[ffcc01][-][FFA94D][Book][-] Batter Up Vol 3,,"[ffcc01][-][FFA94D][Buch][-] Der Schlagmann, Bd. 3",[ffcc01][-][FFA94D][Libro][-] Turno al bate vol. 3,[ffcc01][-][FFA94D][Livre][-] Batte au poing : volume 3,[ffcc01][-][FFA94D][Libro][-] Alla battuta - vol. 3,[ffcc01][-][FFA94D][本][-] 『バッターの心構え 3巻』,[ffcc01][-][FFA94D][책][-] 경기 시작 3권,"[ffcc01][-][FFA94D][Książka][-] Nie kijem go to pałką, tom 3",[ffcc01][-][FFA94D][Livro][-] Rebatida Vol. 3,"[ffcc01][-][FFA94D][Книга][-] Отбивающий, на поле! том 3",[ffcc01][-][FFA94D][Kitap][-] Sopa Gücü Cilt 3,[ffcc01][-][FFA94D][书籍][-] 一击破坏 第3卷,[ffcc01][-][FFA94D][書籍][-] 擊球手上場第 3 卷
bookBatterUpStealingBases,items,Book,,,,[ffcc01][-][FFA94D][Book][-] Batter Up Vol 2,,"[ffcc01][-][FFA94D][Buch][-] Der Schlagmann, Bd. 2",[ffcc01][-][FFA94D][Libro][-] Turno al bate vol. 2,[ffcc01][-][FFA94D][Livre][-] Batte au poing : volume 2,[ffcc01][-][FFA94D][Libro][-] Alla battuta - vol. 2,[ffcc01][-][FFA94D][本][-] 『バッターの心構え 2巻』,[ffcc01][-][FFA94D][책][-] 경기 시작 2권,"[ffcc01][-][FFA94D][Książka][-] Nie kijem go to pałką, tom 2",[ffcc01][-][FFA94D][Livro][-] Rebatida Vol. 2,"[ffcc01][-][FFA94D][Книга][-] Отбивающий, на поле! том 2",[ffcc01][-][FFA94D][Kitap][-] Sopa Gücü Cilt 2,[ffcc01][-][FFA94D][书籍][-] 一击破坏 第2卷,[ffcc01][-][FFA94D][書籍][-] 擊球手上場第 2 卷
bookEnforcerAPAmmo,items,Book,,,,[ffcc01][-][FFA94D][Book][-] Magnum Enforcer Vol 5,,"[ffcc01][-][FFA94D][Buch][-] Magnum-Vollstrecker, Bd. 5",[ffcc01][-][FFA94D][Libro][-] El sicario de la Magnum vol. 5,[ffcc01][-][FFA94D][Livre][-] Magnum Enforcer : volume 5,[ffcc01][-][FFA94D][Libro][-] Sicario di un certo calibro - vol. 5,[ffcc01][-][FFA94D][本][-] 『マグナムの執行者 5巻』,[ffcc01][-][FFA94D][책][-] 매그넘 집행자 5권,"[ffcc01][-][FFA94D][Książka][-] Strażnik prawa z Magnum, tom 5",[ffcc01][-][FFA94D][Livro][-] Executor Magnum Vol. 5,"[ffcc01][-][FFA94D][Книга][-] Магнум – блюститель закона, том 5",[ffcc01][-][FFA94D][Kitap][-] Magnum'lu Memur Cilt 5,[ffcc01][-][FFA94D][书籍][-] 马格南警官 第5卷,[ffcc01][-][FFA94D][書籍][-] 馬格南執行者第 5 卷
bookEnforcerApparel,items,Book,,,,[ffcc01][-][FFA94D][Book][-] Magnum Enforcer Vol 2,,"[ffcc01][-][FFA94D][Buch][-] Magnum-Vollstrecker, Bd. 2",[ffcc01][-][FFA94D][Libro][-] El sicario de la Magnum vol. 2,[ffcc01][-][FFA94D][Livre][-] Magnum Enforcer : volume 2,[ffcc01][-][FFA94D][Libro][-] Sicario di un certo calibro - vol. 2,[ffcc01][-][FFA94D][本][-] 『マグナムの執行者 2巻』,[ffcc01][-][FFA94D][책][-] 매그넘 집행자 2권,"[ffcc01][-][FFA94D][Książka][-] Strażnik prawa z Magnum, tom 2",[ffcc01][-][FFA94D][Livro][-] Executor Magnum Vol. 2,"[ffcc01][-][FFA94D][Книга][-] Магнум – блюститель закона, том 2",[ffcc01][-][FFA94D][Kitap][-] Magnum'lu Memur Cilt 2,[ffcc01][-][FFA94D][书籍][-] 马格南警官 第2卷,[ffcc01][-][FFA94D][書籍][-] 馬格南執行者第 2 卷
bookEnforcerCriminalPursuit,items,Book,,,,[ffcc01][-][FFA94D][Book][-] Magnum Enforcer Vol 7,,"[ffcc01][-][FFA94D][Buch][-] Magnum-Vollstrecker, Bd. 7",[ffcc01][-][FFA94D][Libro][-] El sicario de la Magnum vol. 7,[ffcc01][-][FFA94D][Livre][-] Magnum Enforcer : volume 7,[ffcc01][-][FFA94D][Libro][-] Sicario di un certo calibro - vol. 7,[ffcc01][-][FFA94D][本][-] 『マグナムの執行者 7巻』,[ffcc01][-][FFA94D][책][-] 매그넘 집행자 7권,"[ffcc01][-][FFA94D][Książka][-] Strażnik prawa z Magnum, tom 7",[ffcc01][-][FFA94D][Livro][-] Executor Magnum Vol. 7,"[ffcc01][-][FFA94D][Книга][-] Магнум – блюститель закона, том 7",[ffcc01][-][FFA94D][Kitap][-] Magnum'lu Memur Cilt 7,[ffcc01][-][FFA94D][书籍][-] 马格南警官 第7卷,[ffcc01][-][FFA94D][書籍][-] 馬格南執行者第 7 卷
bookEnforcerDamage,items,Book,,,,[ffcc01][-][FFA94D][Book][-] Magnum Enforcer Vol 1,,"[ffcc01][-][FFA94D][Buch][-] Magnum-Vollstrecker, Bd. 1",[ffcc01][-][FFA94D][Libro][-] El sicario de la Magnum vol. 1,[ffcc01][-][FFA94D][Livre][-] Magnum Enforcer : volume 1,[ffcc01][-][FFA94D][Libro][-] Sicario di un certo calibro - vol. 1,[ffcc01][-][FFA94D][本][-] 『マグナムの執行者 1巻』,[ffcc01][-][FFA94D][책][-] 매그넘 집행자 1권,"[ffcc01][-][FFA94D][Książka][-] Strażnik prawa z Magnum, tom 1",[ffcc01][-][FFA94D][Livro][-] Executor Magnum Vol. 1,"[ffcc01][-][FFA94D][Книга][-] Магнум – блюститель закона, том 1",[ffcc01][-][FFA94D][Kitap][-] Magnum'lu Memur Cilt 1,[ffcc01][-][FFA94D][书籍][-] 马格南警官 第1卷,[ffcc01][-][FFA94D][書籍][-] 馬格南執行者第 1 卷
bookEnforcerHPAmmo,items,Book,,,,[ffcc01][-][FFA94D][Book][-] Magnum Enforcer Vol 6,,"[ffcc01][-][FFA94D][Buch][-] Magnum-Vollstrecker, Bd. 6",[ffcc01][-][FFA94D][Libro][-] El sicario de la Magnum vol. 6,[ffcc01][-][FFA94D][Livre][-] Magnum Enforcer : volume 6,[ffcc01][-][FFA94D][Libro][-] Sicario di un certo calibro - vol. 6,[ffcc01][-][FFA94D][本][-] 『マグナムの執行者 6巻』,[ffcc01][-][FFA94D][책][-] 매그넘 집행자 6권,"[ffcc01][-][FFA94D][Książka][-] Strażnik prawa z Magnum, tom 6",[ffcc01][-][FFA94D][Livro][-] Executor Magnum Vol. 6,"[ffcc01][-][FFA94D][Книга][-] Магнум – блюститель закона, том 6",[ffcc01][-][FFA94D][Kitap][-] Magnum'lu Memur Cilt 6,[ffcc01][-][FFA94D][书籍][-] 马格南警官 第6卷,[ffcc01][-][FFA94D][書籍][-] 馬格南執行者第 6 卷
bookEnforcerIntimidation,items,Book,,,,[ffcc01][-][FFA94D][Book][-] Magnum Enforcer Vol 4,,"[ffcc01][-][FFA94D][Buch][-] Magnum-Vollstrecker, Bd. 4",[ffcc01][-][FFA94D][Libro][-] El sicario de la Magnum vol. 4,[ffcc01][-][FFA94D][Livre][-] Magnum Enforcer : volume 4,[ffcc01][-][FFA94D][Libro][-] Sicario di un certo calibro - vol. 4,[ffcc01][-][FFA94D][本][-] 『マグナムの執行者 4巻』,[ffcc01][-][FFA94D][책][-] 매그넘 집행자 4권,"[ffcc01][-][FFA94D][Książka][-] Strażnik prawa z Magnum, tom 4",[ffcc01][-][FFA94D][Livro][-] Executor Magnum Vol. 4,"[ffcc01][-][FFA94D][Книга][-] Магнум – блюститель закона, том 4",[ffcc01][-][FFA94D][Kitap][-] Magnum'lu Memur Cilt 4,[ffcc01][-][FFA94D][书籍][-] 马格南警官 第4卷,[ffcc01][-][FFA94D][書籍][-] 馬格南執行者第 4 卷
bookEnforcerPunks,items,Book,,,,[ffcc01][-][FFA94D][Book][-] Magnum Enforcer Vol 3,,"[ffcc01][-][FFA94D][Buch][-] Magnum-Vollstrecker, Bd. 3",[ffcc01][-][FFA94D][Libro][-] El sicario de la Magnum vol. 3,[ffcc01][-][FFA94D][Livre][-] Magnum Enforcer : volume 3,[ffcc01][-][FFA94D][Libro][-] Sicario di un certo calibro - vol. 3,[ffcc01][-][FFA94D][本][-] 『マグナムの執行者 3巻』,[ffcc01][-][FFA94D][책][-] 매그넘 집행자 3권,"[ffcc01][-][FFA94D][Książka][-] Strażnik prawa z Magnum, tom 3",[ffcc01][-][FFA94D][Livro][-] Executor Magnum Vol. 3,"[ffcc01][-][FFA94D][Книга][-] Магнум – блюститель закона, том 3",[ffcc01][-][FFA94D][Kitap][-] Magnum'lu Memur Cilt 3,[ffcc01][-][FFA94D][书籍][-] 马格南警官 第3卷,[ffcc01][-][FFA94D][書籍][-] 馬格南執行者第 3 卷
bookFiremansAlmanacAxes,items,Book,,,,[ffcc01][-][FFA94D][Book][-] The Fireman's Almanac Vol 2,,"[ffcc01][-][FFA94D][Buch][-] Grundausbildung zum Feuerwehrmann, Bd. 2",[ffcc01][-][FFA94D][Libro][-] El calendario del bombero vol. 2,[ffcc01][-][FFA94D][Livre][-] Almanach du pompier : volume 2,[ffcc01][-][FFA94D][Libro][-] L'almanacco incendiario - vol. 2,[ffcc01][-][FFA94D][本][-] 『消防士年鑑 2巻』,[ffcc01][-][FFA94D][책][-] 소방관의 연감 2권,"[ffcc01][-][FFA94D][Książka][-] Almanach strażaka, tom 2",[ffcc01][-][FFA94D][Livro][-] O Almanaque do Bombeiro Vol. 2,"[ffcc01][-][FFA94D][Книга][-] Альманах пожарного, том 2",[ffcc01][-][FFA94D][Kitap][-] İtfaiyecinin Yıllığı Cilt 2,[ffcc01][-][FFA94D][书籍][-] 消防员年鉴 第2卷,[ffcc01][-][FFA94D][書籍][-] 消防員年鑒第 2 卷
bookFiremansAlmanacEquipment,items,Book,,,,[ffcc01][-][FFA94D][Book][-] The Fireman's Almanac Vol 7,,"[ffcc01][-][FFA94D][Buch][-] Grundausbildung zum Feuerwehrmann, Bd. 7",[ffcc01][-][FFA94D][Libro][-] El calendario del bombero vol. 7,[ffcc01][-][FFA94D][Livre][-] Almanach du pompier : volume 7,[ffcc01][-][FFA94D][Libro][-] L'almanacco incendiario - vol. 7,[ffcc01][-][FFA94D][本][-] 『消防士年鑑 7巻』,[ffcc01][-][FFA94D][책][-] 소방관의 연감 7권,"[ffcc01][-][FFA94D][Książka][-] Almanach strażaka, tom 7",[ffcc01][-][FFA94D][Livro][-] O Almanaque do Bombeiro Vol. 7,"[ffcc01][-][FFA94D][Книга][-] Альманах пожарного, том 7",[ffcc01][-][FFA94D][Kitap][-] İtfaiyecinin Yıllığı Cilt 7,[ffcc01][-][FFA94D][书籍][-] 消防员年鉴 第7卷,[ffcc01][-][FFA94D][書籍][-] 消防員年鑒第 7 卷
bookFiremansAlmanacHarvest,items,Book,,,,[ffcc01][-][FFA94D][Book][-] The Fireman's Almanac Vol 6,,"[ffcc01][-][FFA94D][Buch][-] Grundausbildung zum Feuerwehrmann, Bd. 6",[ffcc01][-][FFA94D][Libro][-] El calendario del bombero vol. 6,[ffcc01][-][FFA94D][Livre][-] Almanach du pompier : volume 6,[ffcc01][-][FFA94D][Libro][-] L'almanacco incendiario - vol. 6,[ffcc01][-][FFA94D][本][-] 『消防士年鑑 6巻』,[ffcc01][-][FFA94D][책][-] 소방관의 연감 6권,"[ffcc01][-][FFA94D][Książka][-] Almanach strażaka, tom 6",[ffcc01][-][FFA94D][Livro][-] O Almanaque do Bombeiro Vol. 6,"[ffcc01][-][FFA94D][Книга][-] Альманах пожарного, том 6",[ffcc01][-][FFA94D][Kitap][-] İtfaiyecinin Yıllığı Cilt 6,[ffcc01][-][FFA94D][书籍][-] 消防员年鉴 第6卷,[ffcc01][-][FFA94D][書籍][-] 消防員年鑒第 6 卷
bookFiremansAlmanacHeat,items,Book,,,,[ffcc01][-][FFA94D][Book][-] The Fireman's Almanac Vol 1,,"[ffcc01][-][FFA94D][Buch][-] Grundausbildung zum Feuerwehrmann, Bd. 1",[ffcc01][-][FFA94D][Libro][-] El calendario del bombero vol. 1,[ffcc01][-][FFA94D][Livre][-] Almanach du pompier : volume 1,[ffcc01][-][FFA94D][Libro][-] L'almanacco incendiario - vol. 1,[ffcc01][-][FFA94D][本][-] 『消防士年鑑 1巻』,[ffcc01][-][FFA94D][책][-] 소방관의 연감 1권,"[ffcc01][-][FFA94D][Książka][-] Almanach strażaka, tom 1",[ffcc01][-][FFA94D][Livro][-] O Almanaque do Bombeiro Vol. 1,"[ffcc01][-][FFA94D][Книга][-] Альманах пожарного, том 1",[ffcc01][-][FFA94D][Kitap][-] İtfaiyecinin Yıllığı Cilt 1,[ffcc01][-][FFA94D][书籍][-] 消防员年鉴 第1卷,[ffcc01][-][FFA94D][書籍][-] 消防員年鑒第 1 卷
bookFiremansAlmanacMolotov,items,Book,,,,[ffcc01][-][FFA94D][Book][-] The Fireman's Almanac Vol 4,,"[ffcc01][-][FFA94D][Buch][-] Grundausbildung zum Feuerwehrmann, Bd. 4",[ffcc01][-][FFA94D][Libro][-] El calendario del bombero vol. 4,[ffcc01][-][FFA94D][Livre][-] Almanach du pompier : volume 4,[ffcc01][-][FFA94D][Libro][-] L'almanacco incendiario - vol. 4,[ffcc01][-][FFA94D][本][-] 『消防士年鑑 4巻』,[ffcc01][-][FFA94D][책][-] 소방관의 연감 4권,"[ffcc01][-][FFA94D][Książka][-] Almanach strażaka, tom 4",[ffcc01][-][FFA94D][Livro][-] O Almanaque do Bombeiro Vol. 4,"[ffcc01][-][FFA94D][Книга][-] Альманах пожарного, том 4",[ffcc01][-][FFA94D][Kitap][-] İtfaiyecinin Yıllığı Cilt 4,[ffcc01][-][FFA94D][书籍][-] 消防员年鉴 第4卷,[ffcc01][-][FFA94D][書籍][-] 消防員年鑒第 4 卷
bookFiremansAlmanacPrevention,items,Book,,,,[ffcc01][-][FFA94D][Book][-] The Fireman's Almanac Vol 5,,"[ffcc01][-][FFA94D][Buch][-] Grundausbildung zum Feuerwehrmann, Bd. 5",[ffcc01][-][FFA94D][Libro][-] El calendario del bombero vol. 5,[ffcc01][-][FFA94D][Livre][-] Almanach du pompier : volume 5,[ffcc01][-][FFA94D][Libro][-] L'almanacco incendiario - vol. 5,[ffcc01][-][FFA94D][本][-] 『消防士年鑑 5巻』,[ffcc01][-][FFA94D][책][-] 소방관의 연감 5권,"[ffcc01][-][FFA94D][Książka][-] Almanach strażaka, tom 5",[ffcc01][-][FFA94D][Livro][-] O Almanaque do Bombeiro Vol. 5,"[ffcc01][-][FFA94D][Книга][-] Альманах пожарного, том 5",[ffcc01][-][FFA94D][Kitap][-] İtfaiyecinin Yıllığı Cilt 5,[ffcc01][-][FFA94D][书籍][-] 消防员年鉴 第5卷,[ffcc01][-][FFA94D][書籍][-] 消防員年鑒第 5 卷
bookFiremansAlmanacSpeed,items,Book,,,,[ffcc01][-][FFA94D][Book][-] The Fireman's Almanac Vol 3,,"[ffcc01][-][FFA94D][Buch][-] Grundausbildung zum Feuerwehrmann, Bd. 3",[ffcc01][-][FFA94D][Libro][-] El calendario del bombero vol. 3,[ffcc01][-][FFA94D][Livre][-] Almanach du pompier : volume 3,[ffcc01][-][FFA94D][Libro][-] L'almanacco incendiario - vol. 3,[ffcc01][-][FFA94D][本][-] 『消防士年鑑 3巻』,[ffcc01][-][FFA94D][책][-] 소방관의 연감 3권,"[ffcc01][-][FFA94D][Książka][-] Almanach strażaka, tom 3",[ffcc01][-][FFA94D][Livro][-] O Almanaque do Bombeiro Vol. 3,"[ffcc01][-][FFA94D][Книга][-] Альманах пожарного, том 3",[ffcc01][-][FFA94D][Kitap][-] İtfaiyecinin Yıllığı Cilt 3,[ffcc01][-][FFA94D][书籍][-] 消防员年鉴 第3卷,[ffcc01][-][FFA94D][書籍][-] 消防員年鑒第 3 卷
bookGreatHeistAdrenalineFall,items,Book,,,,[ffcc01][-][FFA94D][Book][-] The Great Heist Vol 5,,"[ffcc01][-][FFA94D][Buch][-] Der große Coup, Bd. 5",[ffcc01][-][FFA94D][Libro][-] El gran golpe vol. 5,[ffcc01][-][FFA94D][Livre][-] Le casse du siècle : volume 5,[ffcc01][-][FFA94D][Libro][-] Il colpaccio - vol. 5,[ffcc01][-][FFA94D][本][-] 『大逃走 5巻』,[ffcc01][-][FFA94D][책][-] 위대한 강도 5권,"[ffcc01][-][FFA94D][Książka][-] Wielki skok, tom 5",[ffcc01][-][FFA94D][Livro][-] O Grande Roubo Vol. 5,"[ffcc01][-][FFA94D][Книга][-] Великое ограбление, том 5",[ffcc01][-][FFA94D][Kitap][-] Büyük Soygun Cilt 5,[ffcc01][-][FFA94D][书籍][-] 大劫掠 第5卷,[ffcc01][-][FFA94D][書籍][-] 大盜第 5 卷
bookGreatHeistClaimed,items,Book,,,,[ffcc01][-][FFA94D][Book][-] The Great Heist Vol 4,,"[ffcc01][-][FFA94D][Buch][-] Der große Coup, Bd. 4",[ffcc01][-][FFA94D][Libro][-] El gran golpe vol. 4,[ffcc01][-][FFA94D][Livre][-] Le casse du siècle : volume 4,[ffcc01][-][FFA94D][Libro][-] Il colpaccio - vol. 4,[ffcc01][-][FFA94D][本][-] 『大逃走 4巻』,[ffcc01][-][FFA94D][책][-] 위대한 강도 4권,"[ffcc01][-][FFA94D][Książka][-] Wielki skok, tom 4",[ffcc01][-][FFA94D][Livro][-] O Grande Roubo Vol. 4,"[ffcc01][-][FFA94D][Книга][-] Великое ограбление, том 4",[ffcc01][-][FFA94D][Kitap][-] Büyük Soygun Cilt 4,[ffcc01][-][FFA94D][书籍][-] 大劫掠 第4卷,[ffcc01][-][FFA94D][書籍][-] 大盜第 4 卷
bookGreatHeistGems,items,Book,,,,[ffcc01][-][FFA94D][Book][-] The Great Heist Vol 2,,"[ffcc01][-][FFA94D][Buch][-] Der große Coup, Bd. 2",[ffcc01][-][FFA94D][Libro][-] El gran golpe vol. 2,[ffcc01][-][FFA94D][Livre][-] Le casse du siècle : volume 2,[ffcc01][-][FFA94D][Libro][-] Il colpaccio - vol. 2,[ffcc01][-][FFA94D][本][-] 『大逃走 2巻』,[ffcc01][-][FFA94D][책][-] 위대한 강도 2권,"[ffcc01][-][FFA94D][Książka][-] Wielki skok, tom 2",[ffcc01][-][FFA94D][Livro][-] O Grande Roubo Vol. 2,"[ffcc01][-][FFA94D][Книга][-] Великое ограбление, том 2",[ffcc01][-][FFA94D][Kitap][-] Büyük Soygun Cilt 2,[ffcc01][-][FFA94D][书籍][-] 大劫掠 第2卷,[ffcc01][-][FFA94D][書籍][-] 大盜第 2 卷
bookGreatHeistGoldRush,items,Book,,,,[ffcc01][-][FFA94D][Book][-] The Great Heist Vol 3,,"[ffcc01][-][FFA94D][Buch][-] Der große Coup, Bd. 3",[ffcc01][-][FFA94D][Libro][-] El gran golpe vol. 3,[ffcc01][-][FFA94D][Livre][-] Le casse du siècle : volume 3,[ffcc01][-][FFA94D][Libro][-] Il colpaccio - vol. 3,[ffcc01][-][FFA94D][本][-] 『大逃走 3巻』,[ffcc01][-][FFA94D][책][-] 위대한 강도 3권,"[ffcc01][-][FFA94D][Książka][-] Wielki skok, tom 3",[ffcc01][-][FFA94D][Livro][-] O Grande Roubo Vol. 3,"[ffcc01][-][FFA94D][Книга][-] Великое ограбление, том 3",[ffcc01][-][FFA94D][Kitap][-] Büyük Soygun Cilt 3,[ffcc01][-][FFA94D][书籍][-] 大劫掠 第3卷,[ffcc01][-][FFA94D][書籍][-] 大盜第 3 卷
bookGreatHeistMotionDetection,items,Book,,,,[ffcc01][-][FFA94D][Book][-] The Great Heist Vol 7,,"[ffcc01][-][FFA94D][Buch][-] Der große Coup, Bd. 7",[ffcc01][-][FFA94D][Libro][-] El gran golpe vol. 7,[ffcc01][-][FFA94D][Livre][-] Le casse du siècle : volume 7,[ffcc01][-][FFA94D][Libro][-] Il colpaccio - vol. 7,[ffcc01][-][FFA94D][本][-] 『大逃走 7巻』,[ffcc01][-][FFA94D][책][-] 위대한 강도 7권,"[ffcc01][-][FFA94D][Książka][-] Wielki skok, tom 7",[ffcc01][-][FFA94D][Livro][-] O Grande Roubo Vol. 7,"[ffcc01][-][FFA94D][Книга][-] Великое ограбление, том 7",[ffcc01][-][FFA94D][Kitap][-] Büyük Soygun Cilt 7,[ffcc01][-][FFA94D][书籍][-] 大劫掠 第7卷,[ffcc01][-][FFA94D][書籍][-] 大盜第 7 卷
bookGreatHeistSafes,items,Book,,,,[ffcc01][-][FFA94D][Book][-] The Great Heist Vol 1,,"[ffcc01][-][FFA94D][Buch][-] Der große Coup, Bd. 1",[ffcc01][-][FFA94D][Libro][-] El gran golpe vol. 1,[ffcc01][-][FFA94D][Livre][-] Le casse du siècle : volume 1,[ffcc01][-][FFA94D][Libro][-] Il colpaccio - vol. 1,[ffcc01][-][FFA94D][本][-] 『大逃走 1巻』,[ffcc01][-][FFA94D][책][-] 위대한 강도 1권,"[ffcc01][-][FFA94D][Książka][-] Wielki skok, tom 1",[ffcc01][-][FFA94D][Livro][-] O Grande Roubo Vol. 1,"[ffcc01][-][FFA94D][Книга][-] Великое ограбление, том 1",[ffcc01][-][FFA94D][Kitap][-] Büyük Soygun Cilt 1,[ffcc01][-][FFA94D][书籍][-] 大劫掠 第1卷,[ffcc01][-][FFA94D][書籍][-] 大盜第 1 卷
bookGreatHeistSprintSneak,items,Book,,,,[ffcc01][-][FFA94D][Book][-] The Great Heist Vol 6,,"[ffcc01][-][FFA94D][Buch][-] Der große Coup, Bd. 6",[ffcc01][-][FFA94D][Libro][-] El gran golpe vol. 6,[ffcc01][-][FFA94D][Livre][-] Le casse du siècle : volume 6,[ffcc01][-][FFA94D][Libro][-] Il colpaccio - vol. 6,[ffcc01][-][FFA94D][本][-] 『大逃走 6巻』,[ffcc01][-][FFA94D][책][-] 위대한 강도 6권,"[ffcc01][-][FFA94D][Książka][-] Wielki skok, tom 6",[ffcc01][-][FFA94D][Livro][-] O Grande Roubo Vol. 6,"[ffcc01][-][FFA94D][Книга][-] Великое ограбление, том 6",[ffcc01][-][FFA94D][Kitap][-] Büyük Soygun Cilt 6,[ffcc01][-][FFA94D][书籍][-] 大劫掠 第6卷,[ffcc01][-][FFA94D][書籍][-] 大盜第 6 卷
bookHuntingJournalBears,items,Book,,,,[ffcc01][-][FFA94D][Book][-] The Hunter's Journal Vol 1,,"[ffcc01][-][FFA94D][Buch][-] Tagebuch des Jägers, Bd. 1",[ffcc01][-][FFA94D][Libro][-] El diario del cazador vol. 1,[ffcc01][-][FFA94D][Livre][-] Le journal du chasseur : volume 1,[ffcc01][-][FFA94D][Libro][-] Il diario del cacciatore - vol. 1,[ffcc01][-][FFA94D][本][-] 『ハンタージャーナル 1巻』,[ffcc01][-][FFA94D][책][-] 사냥꾼의 일기 1권,"[ffcc01][-][FFA94D][Książka][-] Dziennik łowcy, tom 1",[ffcc01][-][FFA94D][Livro][-] O Diário do Caçador Vol. 1,"[ffcc01][-][FFA94D][Книга][-] Дневник охотника, том 1",[ffcc01][-][FFA94D][Kitap][-] Avcının Günlüğü Cilt 1,[ffcc01][-][FFA94D][书籍][-] 猎人日记 第1卷,[ffcc01][-][FFA94D][書籍][-] 獵人雜誌第 1 卷
bookHuntingJournalCoyotes,items,Book,,,,[ffcc01][-][FFA94D][Book][-] The Hunter's Journal Vol 3,,"[ffcc01][-][FFA94D][Buch][-] Tagebuch des Jägers, Bd. 3",[ffcc01][-][FFA94D][Libro][-] El diario del cazador vol. 3,[ffcc01][-][FFA94D][Livre][-] Le journal du chasseur : volume 3,[ffcc01][-][FFA94D][Libro][-] Il diario del cacciatore - vol. 3,[ffcc01][-][FFA94D][本][-] 『ハンタージャーナル 3巻』,[ffcc01][-][FFA94D][책][-] 사냥꾼의 일기 3권,"[ffcc01][-][FFA94D][Książka][-] Dziennik łowcy, tom 3",[ffcc01][-][FFA94D][Livro][-] O Diário do Caçador Vol. 3,"[ffcc01][-][FFA94D][Книга][-] Дневник охотника, том 3",[ffcc01][-][FFA94D][Kitap][-] Avcının Günlüğü Cilt 3,[ffcc01][-][FFA94D][书籍][-] 猎人日记 第3卷,[ffcc01][-][FFA94D][書籍][-] 獵人雜誌第 3 卷
bookHuntingJournalDeer,items,Book,,,,[ffcc01][-][FFA94D][Book][-] The Hunter's Journal Vol 5,,"[ffcc01][-][FFA94D][Buch][-] Tagebuch des Jägers, Bd. 5",[ffcc01][-][FFA94D][Libro][-] El diario del cazador vol. 5,[ffcc01][-][FFA94D][Livre][-] Le journal du chasseur : volume 5,[ffcc01][-][FFA94D][Libro][-] Il diario del cacciatore - vol. 5,[ffcc01][-][FFA94D][本][-] 『ハンタージャーナル 5巻』,[ffcc01][-][FFA94D][책][-] 사냥꾼의 일기 5권,"[ffcc01][-][FFA94D][Książka][-] Dziennik łowcy, tom 5",[ffcc01][-][FFA94D][Livro][-] O Diário do Caçador Vol. 5,"[ffcc01][-][FFA94D][Книга][-] Дневник охотника, том 5",[ffcc01][-][FFA94D][Kitap][-] Avcının Günlüğü Cilt 5,[ffcc01][-][FFA94D][书籍][-] 猎人日记 第5卷,[ffcc01][-][FFA94D][書籍][-] 獵人雜誌第 5 卷
bookHuntingJournalMountainLions,items,Book,,,,[ffcc01][-][FFA94D][Book][-] The Hunter's Journal Vol 4,,"[ffcc01][-][FFA94D][Buch][-] Tagebuch des Jägers, Bd. 4",[ffcc01][-][FFA94D][Libro][-] El diario del cazador vol. 4,[ffcc01][-][FFA94D][Livre][-] Le journal du chasseur : volume 4,[ffcc01][-][FFA94D][Libro][-] Il diario del cacciatore - vol. 4,[ffcc01][-][FFA94D][本][-] 『ハンタージャーナル 4巻』,[ffcc01][-][FFA94D][책][-] 사냥꾼의 일기 4권,"[ffcc01][-][FFA94D][Książka][-] Dziennik łowcy, tom 4",[ffcc01][-][FFA94D][Livro][-] O Diário do Caçador Vol. 4,"[ffcc01][-][FFA94D][Книга][-] Дневник охотника, том 4",[ffcc01][-][FFA94D][Kitap][-] Avcının Günlüğü Cilt 4,[ffcc01][-][FFA94D][书籍][-] 猎人日记 第4卷,[ffcc01][-][FFA94D][書籍][-] 獵人雜誌第 4 卷
bookHuntingJournalSelfDefense,items,Book,,,,[ffcc01][-][FFA94D][Book][-] The Hunter's Journal Vol 7,,"[ffcc01][-][FFA94D][Buch][-] Tagebuch des Jägers, Bd. 7",[ffcc01][-][FFA94D][Libro][-] El diario del cazador vol. 7,[ffcc01][-][FFA94D][Livre][-] Le journal du chasseur : volume 7,[ffcc01][-][FFA94D][Libro][-] Il diario del cacciatore - vol. 7,[ffcc01][-][FFA94D][本][-] 『ハンタージャーナル 7巻』,[ffcc01][-][FFA94D][책][-] 사냥꾼의 일기 7권,"[ffcc01][-][FFA94D][Książka][-] Dziennik łowcy, tom 7",[ffcc01][-][FFA94D][Livro][-] O Diário do Caçador Vol. 7,"[ffcc01][-][FFA94D][Книга][-] Дневник охотника, том 7",[ffcc01][-][FFA94D][Kitap][-] Avcının Günlüğü Cilt 7,[ffcc01][-][FFA94D][书籍][-] 猎人日记 第7卷,[ffcc01][-][FFA94D][書籍][-] 獵人雜誌第 7 卷
bookHuntingJournalVultures,items,Book,,,,[ffcc01][-][FFA94D][Book][-] The Hunter's Journal Vol 6,,"[ffcc01][-][FFA94D][Buch][-] Tagebuch des Jägers, Bd. 6",[ffcc01][-][FFA94D][Libro][-] El diario del cazador vol. 6,[ffcc01][-][FFA94D][Livre][-] Le journal du chasseur : volume 6,[ffcc01][-][FFA94D][Libro][-] Il diario del cacciatore - vol. 6,[ffcc01][-][FFA94D][本][-] 『ハンタージャーナル 6巻』,[ffcc01][-][FFA94D][책][-] 사냥꾼의 일기 6권,"[ffcc01][-][FFA94D][Książka][-] Dziennik łowcy, tom 6",[ffcc01][-][FFA94D][Livro][-] O Diário do Caçador Vol. 6,"[ffcc01][-][FFA94D][Книга][-] Дневник охотника, том 6",[ffcc01][-][FFA94D][Kitap][-] Avcının Günlüğü Cilt 6,[ffcc01][-][FFA94D][书籍][-] 猎人日记 第6卷,[ffcc01][-][FFA94D][書籍][-] 獵人雜誌第 6 卷
bookHuntingJournalWolves,items,Book,,,,[ffcc01][-][FFA94D][Book][-] The Hunter's Journal Vol 2,,"[ffcc01][-][FFA94D][Buch][-] Tagebuch des Jägers, Bd. 2",[ffcc01][-][FFA94D][Libro][-] El diario del cazador vol. 2,[ffcc01][-][FFA94D][Livre][-] Le journal du chasseur : volume 2,[ffcc01][-][FFA94D][Libro][-] Il diario del cacciatore - vol. 2,[ffcc01][-][FFA94D][本][-] 『ハンタージャーナル 2巻』,[ffcc01][-][FFA94D][책][-] 사냥꾼의 일기 2권,"[ffcc01][-][FFA94D][Książka][-] Dziennik łowcy, tom 2",[ffcc01][-][FFA94D][Livro][-] O Diário do Caçador Vol. 2,"[ffcc01][-][FFA94D][Книга][-] Дневник охотника, том 2",[ffcc01][-][FFA94D][Kitap][-] Avcının Günlüğü Cilt 2,[ffcc01][-][FFA94D][书籍][-] 猎人日记 第2卷,[ffcc01][-][FFA94D][書籍][-] 獵人雜誌第 2 卷
bookLuckyLooterAmmunition,items,Book,,,,[ffcc01][-][FFA94D][Book][-] Lucky Looter Vol 2,,"[ffcc01][-][FFA94D][Buch][-] Der glückliche Sammler, Bd. 2",[ffcc01][-][FFA94D][Libro][-] Saqueador con suerte vol. 2,[ffcc01][-][FFA94D][Livre][-] Le pillard chanceux : volume 2,[ffcc01][-][FFA94D][Libro][-] Lo sciacallo fortunato - vol. 2,[ffcc01][-][FFA94D][本][-] 『ラッキーな略奪者 2巻』,[ffcc01][-][FFA94D][책][-] 운 좋은 약탈자 2권,"[ffcc01][-][FFA94D][Książka][-] Szczęśliwy szabrownik, tom 2",[ffcc01][-][FFA94D][Livro][-] Saqueador Sortudo Vol. 2,"[ffcc01][-][FFA94D][Книга][-] Везучий искатель, том 2",[ffcc01][-][FFA94D][Kitap][-] Talihli Yağmacı Cilt 2,[ffcc01][-][FFA94D][书籍][-] 幸运掠夺者 第2卷,[ffcc01][-][FFA94D][書籍][-] 幸運的劫匪第 2 卷
bookLuckyLooterBooks,items,Book,,,,[ffcc01][-][FFA94D][Book][-] Lucky Looter Vol 5,,"[ffcc01][-][FFA94D][Buch][-] Der glückliche Sammler, Bd. 5",[ffcc01][-][FFA94D][Libro][-] Saqueador con suerte vol. 5,[ffcc01][-][FFA94D][Livre][-] Le pillard chanceux : volume 5,[ffcc01][-][FFA94D][Libro][-] Lo sciacallo fortunato - vol. 5,[ffcc01][-][FFA94D][本][-] 『ラッキーな略奪者 5巻』,[ffcc01][-][FFA94D][책][-] 운 좋은 약탈자 5권,"[ffcc01][-][FFA94D][Książka][-] Szczęśliwy szabrownik, tom 5",[ffcc01][-][FFA94D][Livro][-] Saqueador Sortudo Vol. 5,"[ffcc01][-][FFA94D][Книга][-] Везучий искатель, том 5",[ffcc01][-][FFA94D][Kitap][-] Talihli Yağmacı Cilt 5,[ffcc01][-][FFA94D][书籍][-] 幸运掠夺者 第5卷,[ffcc01][-][FFA94D][書籍][-] 幸運的劫匪第 5 卷
bookLuckyLooterBrass,items,Book,,,,[ffcc01][-][FFA94D][Book][-] Lucky Looter Vol 3,,"[ffcc01][-][FFA94D][Buch][-] Der glückliche Sammler, Bd. 3",[ffcc01][-][FFA94D][Libro][-] Saqueador con suerte vol. 3,[ffcc01][-][FFA94D][Livre][-] Le pillard chanceux : volume 3,[ffcc01][-][FFA94D][Libro][-] Lo sciacallo fortunato - vol. 3,[ffcc01][-][FFA94D][本][-] 『ラッキーな略奪者 3巻』,[ffcc01][-][FFA94D][책][-] 운 좋은 약탈자 3권,"[ffcc01][-][FFA94D][Książka][-] Szczęśliwy szabrownik, tom 3",[ffcc01][-][FFA94D][Livro][-] Saqueador Sortudo Vol. 3,"[ffcc01][-][FFA94D][Книга][-] Везучий искатель, том 3",[ffcc01][-][FFA94D][Kitap][-] Talihli Yağmacı Cilt 3,[ffcc01][-][FFA94D][书籍][-] 幸运掠夺者 第3卷,[ffcc01][-][FFA94D][書籍][-] 幸運的劫匪第 3 卷
bookLuckyLooterDukes,items,Book,,,,[ffcc01][-][FFA94D][Book][-] Lucky Looter Vol 1,,"[ffcc01][-][FFA94D][Buch][-] Der glückliche Sammler, Bd. 1",[ffcc01][-][FFA94D][Libro][-] Saqueador con suerte vol. 1,[ffcc01][-][FFA94D][Livre][-] Le pillard chanceux : volume 1,[ffcc01][-][FFA94D][Libro][-] Lo sciacallo fortunato - vol. 1,[ffcc01][-][FFA94D][本][-] 『ラッキーな略奪者 1巻』,[ffcc01][-][FFA94D][책][-] 운 좋은 약탈자 1권,"[ffcc01][-][FFA94D][Książka][-] Szczęśliwy szabrownik, tom 1",[ffcc01][-][FFA94D][Livro][-] Saqueador Sortudo Vol. 1,"[ffcc01][-][FFA94D][Книга][-] Везучий искатель, том 1",[ffcc01][-][FFA94D][Kitap][-] Talihli Yağmacı Cilt 1,[ffcc01][-][FFA94D][书籍][-] 幸运掠夺者 第1卷,[ffcc01][-][FFA94D][書籍][-] 幸運的劫匪第 1 卷
bookLuckyLooterFood,items,Book,,,,[ffcc01][-][FFA94D][Book][-] Lucky Looter Vol 6,,"[ffcc01][-][FFA94D][Buch][-] Der glückliche Sammler, Bd. 6",[ffcc01][-][FFA94D][Libro][-] Saqueador con suerte vol. 6,[ffcc01][-][FFA94D][Livre][-] Le pillard chanceux : volume 6,[ffcc01][-][FFA94D][Libro][-] Lo sciacallo fortunato - vol. 6,[ffcc01][-][FFA94D][本][-] 『ラッキーな略奪者 6巻』,[ffcc01][-][FFA94D][책][-] 운 좋은 약탈자 6권,"[ffcc01][-][FFA94D][Książka][-] Szczęśliwy szabrownik, tom 6",[ffcc01][-][FFA94D][Livro][-] Saqueador Sortudo Vol. 6,"[ffcc01][-][FFA94D][Книга][-] Везучий искатель, том 6",[ffcc01][-][FFA94D][Kitap][-] Talihli Yağmacı Cilt 6,[ffcc01][-][FFA94D][书籍][-] 幸运掠夺者 第6卷,[ffcc01][-][FFA94D][書籍][-] 幸運的劫匪第 6 卷
bookLuckyLooterLead,items,Book,,,,[ffcc01][-][FFA94D][Book][-] Lucky Looter Vol 4,,"[ffcc01][-][FFA94D][Buch][-] Der glückliche Sammler, Bd. 4",[ffcc01][-][FFA94D][Libro][-] Saqueador con suerte vol. 4,[ffcc01][-][FFA94D][Livre][-] Le pillard chanceux : volume 4,[ffcc01][-][FFA94D][Libro][-] Lo sciacallo fortunato - vol. 4,[ffcc01][-][FFA94D][本][-] 『ラッキーな略奪者 4巻』,[ffcc01][-][FFA94D][책][-] 운 좋은 약탈자 4권,"[ffcc01][-][FFA94D][Książka][-] Szczęśliwy szabrownik, tom 4",[ffcc01][-][FFA94D][Livro][-] Saqueador Sortudo Vol. 4,"[ffcc01][-][FFA94D][Книга][-] Везучий искатель, том 4",[ffcc01][-][FFA94D][Kitap][-] Talihli Yağmacı Cilt 4,[ffcc01][-][FFA94D][书籍][-] 幸运掠夺者 第4卷,[ffcc01][-][FFA94D][書籍][-] 幸運的劫匪第 4 卷
bookLuckyLooterMedical,items,Book,,,,[ffcc01][-][FFA94D][Book][-] Lucky Looter Vol 7,,"[ffcc01][-][FFA94D][Buch][-] Der glückliche Sammler, Bd. 7",[ffcc01][-][FFA94D][Libro][-] Saqueador con suerte vol. 7,[ffcc01][-][FFA94D][Livre][-] Le pillard chanceux : volume 7,[ffcc01][-][FFA94D][Libro][-] Lo sciacallo fortunato - vol. 7,[ffcc01][-][FFA94D][本][-] 『ラッキーな略奪者 7巻』,[ffcc01][-][FFA94D][책][-] 운 좋은 약탈자 7권,"[ffcc01][-][FFA94D][Książka][-] Szczęśliwy szabrownik, tom 7",[ffcc01][-][FFA94D][Livro][-] Saqueador Sortudo Vol. 7,"[ffcc01][-][FFA94D][Книга][-] Везучий искатель, том 7",[ffcc01][-][FFA94D][Kitap][-] Talihli Yağmacı Cilt 7,[ffcc01][-][FFA94D][书籍][-] 幸运掠夺者 第7卷,[ffcc01][-][FFA94D][書籍][-] 幸運的劫匪第 7 卷
bookNightStalkerArchery,items,Book,,,,[ffcc01][-][FFA94D][Book][-] Night Stalker Vol 5,,"[ffcc01][-][FFA94D][Buch][-] Nachtpirscher, Bd. 5",[ffcc01][-][FFA94D][Libro][-] Acechador nocturno vol. 5,[ffcc01][-][FFA94D][Livre][-] Rabatteur de nuit : volume 5,[ffcc01][-][FFA94D][Libro][-] Predatore notturno - vol. 5,[ffcc01][-][FFA94D][本][-] 『ナイトストーカー 5巻』,[ffcc01][-][FFA94D][책][-] 밤 사냥꾼 5권,"[ffcc01][-][FFA94D][Książka][-] Nocny Prześladowca, tom 5",[ffcc01][-][FFA94D][Livro][-] Perseguidor Noturno Vol. 5,"[ffcc01][-][FFA94D][Книга][-] Ночной сталкер, том 5",[ffcc01][-][FFA94D][Kitap][-] Gece Avcısı Cilt 5,[ffcc01][-][FFA94D][书籍][-] 夜行者 第5卷,[ffcc01][-][FFA94D][書籍][-] 夜行者第 5 卷
bookNightStalkerBlades,items,Book,,,,[ffcc01][-][FFA94D][Book][-] Night Stalker Vol 3,,"[ffcc01][-][FFA94D][Buch][-] Nachtpirscher, Bd. 3",[ffcc01][-][FFA94D][Libro][-] Acechador nocturno vol. 3,[ffcc01][-][FFA94D][Livre][-] Rabatteur de nuit : volume 3,[ffcc01][-][FFA94D][Libro][-] Predatore notturno - vol. 3,[ffcc01][-][FFA94D][本][-] 『ナイトストーカー 3巻』,[ffcc01][-][FFA94D][책][-] 밤 사냥꾼 3권,"[ffcc01][-][FFA94D][Książka][-] Nocny Prześladowca, tom 3",[ffcc01][-][FFA94D][Livro][-] Perseguidor Noturno Vol. 3,"[ffcc01][-][FFA94D][Книга][-] Ночной сталкер, том 3",[ffcc01][-][FFA94D][Kitap][-] Gece Avcısı Cilt 3,[ffcc01][-][FFA94D][书籍][-] 夜行者 第3卷,[ffcc01][-][FFA94D][書籍][-] 夜行者第 3 卷
bookNightStalkerSilentNight,items,Book,,,,[ffcc01][-][FFA94D][Book][-] Night Stalker Vol 2,,"[ffcc01][-][FFA94D][Buch][-] Nachtpirscher, Bd. 2",[ffcc01][-][FFA94D][Libro][-] Acechador nocturno vol. 2,[ffcc01][-][FFA94D][Livre][-] Rabatteur de nuit : volume 2,[ffcc01][-][FFA94D][Libro][-] Predatore notturno - vol. 2,[ffcc01][-][FFA94D][本][-] 『ナイトストーカー 2巻』,[ffcc01][-][FFA94D][책][-] 밤 사냥꾼 2권,"[ffcc01][-][FFA94D][Książka][-] Nocny Prześladowca, tom 2",[ffcc01][-][FFA94D][Livro][-] Perseguidor Noturno Vol. 2,"[ffcc01][-][FFA94D][Книга][-] Ночной сталкер, том 2",[ffcc01][-][FFA94D][Kitap][-] Gece Avcısı Cilt 2,[ffcc01][-][FFA94D][书籍][-] 夜行者 第2卷,[ffcc01][-][FFA94D][書籍][-] 夜行者第 2 卷
bookNightStalkerSlumberParty,items,Book,,,,[ffcc01][-][FFA94D][Book][-] Night Stalker Vol 7,,"[ffcc01][-][FFA94D][Buch][-] Nachtpirscher, Bd. 7",[ffcc01][-][FFA94D][Libro][-] Acechador nocturno vol. 7,[ffcc01][-][FFA94D][Livre][-] Rabatteur de nuit : volume 7,[ffcc01][-][FFA94D][Libro][-] Predatore notturno - vol. 7,[ffcc01][-][FFA94D][本][-] 『ナイトストーカー 7巻』,[ffcc01][-][FFA94D][책][-] 밤 사냥꾼 7권,"[ffcc01][-][FFA94D][Książka][-] Nocny Prześladowca, tom 7",[ffcc01][-][FFA94D][Livro][-] Perseguidor Noturno Vol. 7,"[ffcc01][-][FFA94D][Книга][-] Ночной сталкер, том 7",[ffcc01][-][FFA94D][Kitap][-] Gece Avcısı Cilt 7,[ffcc01][-][FFA94D][书籍][-] 夜行者 第7卷,[ffcc01][-][FFA94D][書籍][-] 夜行者第 7 卷
bookNightStalkerStealthDamage,items,Book,,,,[ffcc01][-][FFA94D][Book][-] Night Stalker Vol 1,,"[ffcc01][-][FFA94D][Buch][-] Nachtpirscher, Bd. 1",[ffcc01][-][FFA94D][Libro][-] Acechador nocturno vol. 1,[ffcc01][-][FFA94D][Livre][-] Rabatteur de nuit : volume 1,[ffcc01][-][FFA94D][Libro][-] Predatore notturno - vol. 1,[ffcc01][-][FFA94D][本][-] 『ナイトストーカー 1巻』,[ffcc01][-][FFA94D][책][-] 밤 사냥꾼 1권,"[ffcc01][-][FFA94D][Książka][-] Nocny Prześladowca, tom 1",[ffcc01][-][FFA94D][Livro][-] Perseguidor Noturno Vol. 1,"[ffcc01][-][FFA94D][Книга][-] Ночной сталкер, том 1",[ffcc01][-][FFA94D][Kitap][-] Gece Avcısı Cilt 1,[ffcc01][-][FFA94D][书籍][-] 夜行者 第1卷,[ffcc01][-][FFA94D][書籍][-] 夜行者第 1 卷
bookNightStalkerThiefAdrenaline,items,Book,,,,[ffcc01][-][FFA94D][Book][-] Night Stalker Vol 4,,"[ffcc01][-][FFA94D][Buch][-] Nachtpirscher, Bd. 4",[ffcc01][-][FFA94D][Libro][-] Acechador nocturno vol. 4,[ffcc01][-][FFA94D][Livre][-] Rabatteur de nuit : volume 4,[ffcc01][-][FFA94D][Libro][-] Predatore notturno - vol. 4,[ffcc01][-][FFA94D][本][-] 『ナイトストーカー 4巻』,[ffcc01][-][FFA94D][책][-] 밤 사냥꾼 4권,"[ffcc01][-][FFA94D][Książka][-] Nocny Prześladowca, tom 4",[ffcc01][-][FFA94D][Livro][-] Perseguidor Noturno Vol. 4,"[ffcc01][-][FFA94D][Книга][-] Ночной сталкер, том 4",[ffcc01][-][FFA94D][Kitap][-] Gece Avcısı Cilt 4,[ffcc01][-][FFA94D][书籍][-] 夜行者 第4卷,[ffcc01][-][FFA94D][書籍][-] 夜行者第 4 卷
bookNightStalkerTwilightThief,items,Book,,,,[ffcc01][-][FFA94D][Book][-] Night Stalker Vol 6,,"[ffcc01][-][FFA94D][Buch][-] Nachtpirscher, Bd. 6",[ffcc01][-][FFA94D][Libro][-] Acechador nocturno vol. 6,[ffcc01][-][FFA94D][Livre][-] Rabatteur de nuit : volume 6,[ffcc01][-][FFA94D][Libro][-] Predatore notturno - vol. 6,[ffcc01][-][FFA94D][本][-] 『ナイトストーカー 6巻』,[ffcc01][-][FFA94D][책][-] 밤 사냥꾼 6권,"[ffcc01][-][FFA94D][Książka][-] Nocny Prześladowca, tom 6",[ffcc01][-][FFA94D][Livro][-] Perseguidor Noturno Vol. 6,"[ffcc01][-][FFA94D][Книга][-] Ночной сталкер, том 6",[ffcc01][-][FFA94D][Kitap][-] Gece Avcısı Cilt 6,[ffcc01][-][FFA94D][书籍][-] 夜行者 第6卷,[ffcc01][-][FFA94D][書籍][-] 夜行者第 6 卷
bookPistolPeteAPAmmo,items,Book,,,,[ffcc01][-][FFA94D][Book][-] Pistol Pete Vol 6,,"[ffcc01][-][FFA94D][Buch][-] High Noon, Bd. 6",[ffcc01][-][FFA94D][Libro][-] Pete pistolas vol. 6,[ffcc01][-][FFA94D][Livre][-] Pete Lapistole : volume 6,[ffcc01][-][FFA94D][Libro][-] Fare centro - vol. 6,[ffcc01][-][FFA94D][本][-] 『ピストル・ピート 6巻』,[ffcc01][-][FFA94D][책][-] 피스톨 피트 6권,"[ffcc01][-][FFA94D][Książka][-] Strzelec Pete, tom 6",[ffcc01][-][FFA94D][Livro][-] Pedro Pistola Vol. 6,"[ffcc01][-][FFA94D][Книга][-] Пит-пистолет, том 6",[ffcc01][-][FFA94D][Kitap][-] Pistol Pete Cilt 6,[ffcc01][-][FFA94D][书籍][-] 手枪皮特 第6卷,[ffcc01][-][FFA94D][書籍][-] 手槍皮特第 6 卷
bookPistolPeteDamage,items,Book,,,,[ffcc01][-][FFA94D][Book][-] Pistol Pete Vol 7,,"[ffcc01][-][FFA94D][Buch][-] High Noon, Bd. 7",[ffcc01][-][FFA94D][Libro][-] Pete pistolas vol. 7,[ffcc01][-][FFA94D][Livre][-] Pete Lapistole : volume 7,[ffcc01][-][FFA94D][Libro][-] Fare centro - vol. 7,[ffcc01][-][FFA94D][本][-] 『ピストル・ピート 7巻』,[ffcc01][-][FFA94D][책][-] 피스톨 피트 7권,"[ffcc01][-][FFA94D][Książka][-] Strzelec Pete, tom 7",[ffcc01][-][FFA94D][Livro][-] Pedro Pistola Vol. 7,"[ffcc01][-][FFA94D][Книга][-] Пит-пистолет, том 7",[ffcc01][-][FFA94D][Kitap][-] Pistol Pete Cilt 7,[ffcc01][-][FFA94D][书籍][-] 手枪皮特 第7卷,[ffcc01][-][FFA94D][書籍][-] 手槍皮特第 7 卷
bookPistolPeteHPAmmo,items,Book,,,,[ffcc01][-][FFA94D][Book][-] Pistol Pete Vol 5,,"[ffcc01][-][FFA94D][Buch][-] High Noon, Bd. 5",[ffcc01][-][FFA94D][Libro][-] Pete pistolas vol. 5,[ffcc01][-][FFA94D][Livre][-] Pete Lapistole : volume 5,[ffcc01][-][FFA94D][Libro][-] Fare centro - vol. 5,[ffcc01][-][FFA94D][本][-] 『ピストル・ピート 5巻』,[ffcc01][-][FFA94D][책][-] 피스톨 피트 5권,"[ffcc01][-][FFA94D][Książka][-] Strzelec Pete, tom 5",[ffcc01][-][FFA94D][Livro][-] Pedro Pistola Vol. 5,"[ffcc01][-][FFA94D][Книга][-] Пит-пистолет, том 5",[ffcc01][-][FFA94D][Kitap][-] Pistol Pete Cilt 5,[ffcc01][-][FFA94D][书籍][-] 手枪皮特 第5卷,[ffcc01][-][FFA94D][書籍][-] 手槍皮特第 5 卷
bookPistolPeteMaintenance,items,Book,,,,[ffcc01][-][FFA94D][Book][-] Pistol Pete Vol 4,,"[ffcc01][-][FFA94D][Buch][-] High Noon, Bd. 4",[ffcc01][-][FFA94D][Libro][-] Pete pistolas vol. 4,[ffcc01][-][FFA94D][Livre][-] Pete Lapistole : volume 4,[ffcc01][-][FFA94D][Libro][-] Fare centro - vol. 4,[ffcc01][-][FFA94D][本][-] 『ピストル・ピート 4巻』,[ffcc01][-][FFA94D][책][-] 피스톨 피트 4권,"[ffcc01][-][FFA94D][Książka][-] Strzelec Pete, tom 4",[ffcc01][-][FFA94D][Livro][-] Pedro Pistola Vol. 4,"[ffcc01][-][FFA94D][Книга][-] Пит-пистолет, том 4",[ffcc01][-][FFA94D][Kitap][-] Pistol Pete Cilt 4,[ffcc01][-][FFA94D][书籍][-] 手枪皮特 第4卷,[ffcc01][-][FFA94D][書籍][-] 手槍皮特第 4 卷
bookPistolPeteSteadyHand,items,Book,,,,[ffcc01][-][FFA94D][Book][-] Pistol Pete Vol 3,,"[ffcc01][-][FFA94D][Buch][-] High Noon, Bd. 3",[ffcc01][-][FFA94D][Libro][-] Pete pistolas vol. 3,[ffcc01][-][FFA94D][Livre][-] Pete Lapistole : volume 3,[ffcc01][-][FFA94D][Libro][-] Fare centro - vol. 3,[ffcc01][-][FFA94D][本][-] 『ピストル・ピート 3巻』,[ffcc01][-][FFA94D][책][-] 피스톨 피트 3권,"[ffcc01][-][FFA94D][Książka][-] Strzelec Pete, tom 3",[ffcc01][-][FFA94D][Livro][-] Pedro Pistola Vol. 3,"[ffcc01][-][FFA94D][Книга][-] Пит-пистолет, том 3",[ffcc01][-][FFA94D][Kitap][-] Pistol Pete Cilt 3,[ffcc01][-][FFA94D][书籍][-] 手枪皮特 第3卷,[ffcc01][-][FFA94D][書籍][-] 手槍皮特第 3 卷
bookPistolPeteSwissKnees,items,Book,,,,[ffcc01][-][FFA94D][Book][-] Pistol Pete Vol 2,,"[ffcc01][-][FFA94D][Buch][-] High Noon, Bd. 2",[ffcc01][-][FFA94D][Libro][-] Pete pistolas vol. 2,[ffcc01][-][FFA94D][Livre][-] Pete Lapistole : volume 2,[ffcc01][-][FFA94D][Libro][-] Fare centro - vol. 2,[ffcc01][-][FFA94D][本][-] 『ピストル・ピート 2巻』,[ffcc01][-][FFA94D][책][-] 피스톨 피트 2권,"[ffcc01][-][FFA94D][Książka][-] Strzelec Pete, tom 2",[ffcc01][-][FFA94D][Livro][-] Pedro Pistola Vol. 2,"[ffcc01][-][FFA94D][Книга][-] Пит-пистолет, том 2",[ffcc01][-][FFA94D][Kitap][-] Pistol Pete Cilt 2,[ffcc01][-][FFA94D][书籍][-] 手枪皮特 第2卷,[ffcc01][-][FFA94D][書籍][-] 手槍皮特第 2 卷
bookPistolPeteTakeAim,items,Book,,,,[ffcc01][-][FFA94D][Book][-] Pistol Pete Vol 1,,"[ffcc01][-][FFA94D][Buch][-] High Noon, Bd. 1",[ffcc01][-][FFA94D][Libro][-] Pete pistolas vol. 1,[ffcc01][-][FFA94D][Livre][-] Pete Lapistole : volume 1,[ffcc01][-][FFA94D][Libro][-] Fare centro - vol. 1,[ffcc01][-][FFA94D][本][-] 『ピストル・ピート 1巻』,[ffcc01][-][FFA94D][책][-] 피스톨 피트 1권,"[ffcc01][-][FFA94D][Książka][-] Strzelec Pete, tom 1",[ffcc01][-][FFA94D][Livro][-] Pedro Pistola Vol. 1,"[ffcc01][-][FFA94D][Книга][-] Пит-пистолет, том 1",[ffcc01][-][FFA94D][Kitap][-] Pistol Pete Cilt 1,[ffcc01][-][FFA94D][书籍][-] 手枪皮特 第1卷,[ffcc01][-][FFA94D][書籍][-] 手槍皮特第 1 卷
bookRangersAPAmmo,items,Book,,,,[ffcc01][-][FFA94D][Book][-] Ranger's Guide to Archery Vol 4,,"[ffcc01][-][FFA94D][Buch][-] Bogenschießen für Ranger, Bd. 4",[ffcc01][-][FFA94D][Libro][-] Guía de arquería para el cazador vol. 4,[ffcc01][-][FFA94D][Livre][-] Guide de tir à l'arc pour rôdeur : volume 4,[ffcc01][-][FFA94D][Libro][-] Guida al tiro con l'arco - vol. 4,[ffcc01][-][FFA94D][本][-] 『レンジャーが教えるアーチェリー 4巻』,[ffcc01][-][FFA94D][책][-] 레인저의 궁도 가이드 4권,"[ffcc01][-][FFA94D][Książka][-] Przewodnik po łucznictwie dla leśników, tom 4",[ffcc01][-][FFA94D][Livro][-] Guia de Arquearia para Patrulheiros Vol. 4,"[ffcc01][-][FFA94D][Книга][-] Гид по лучно-арбалетному оружию, том 4",[ffcc01][-][FFA94D][Kitap][-] Korucular için Okçuluk Kılavuzu Cilt 4,[ffcc01][-][FFA94D][书籍][-] 游侠箭术指南 第4卷,[ffcc01][-][FFA94D][書籍][-] 遊俠箭術指南第 4 卷
bookRangersArrowRecovery,items,Book,,,,[ffcc01][-][FFA94D][Book][-] Ranger's Guide to Archery Vol 1,,"[ffcc01][-][FFA94D][Buch][-] Bogenschießen für Ranger, Bd. 1",[ffcc01][-][FFA94D][Libro][-] Guía de arquería para el cazador vol. 1,[ffcc01][-][FFA94D][Livre][-] Guide de tir à l'arc pour rôdeur : volume 1,[ffcc01][-][FFA94D][Libro][-] Guida al tiro con l'arco - vol. 1,[ffcc01][-][FFA94D][本][-] 『レンジャーが教えるアーチェリー 1巻』,[ffcc01][-][FFA94D][책][-] 레인저의 궁도 가이드 1권,"[ffcc01][-][FFA94D][Książka][-] Przewodnik po łucznictwie dla leśników, tom 1",[ffcc01][-][FFA94D][Livro][-] Guia de Arquearia para Patrulheiros Vol. 1,"[ffcc01][-][FFA94D][Книга][-] Гид по лучно-арбалетному оружию, том 1",[ffcc01][-][FFA94D][Kitap][-] Korucular için Okçuluk Kılavuzu Cilt 1,[ffcc01][-][FFA94D][书籍][-] 游侠箭术指南 第1卷,[ffcc01][-][FFA94D][書籍][-] 遊俠箭術指南第 1 卷
bookRangersCripplingShot,items,Book,,,,[ffcc01][-][FFA94D][Book][-] Ranger's Guide to Archery Vol 3,,"[ffcc01][-][FFA94D][Buch][-] Bogenschießen für Ranger, Bd. 3",[ffcc01][-][FFA94D][Libro][-] Guía de arquería para el cazador vol. 3,[ffcc01][-][FFA94D][Livre][-] Guide de tir à l'arc pour rôdeur : volume 3,[ffcc01][-][FFA94D][Libro][-] Guida al tiro con l'arco - vol. 3,[ffcc01][-][FFA94D][本][-] 『レンジャーが教えるアーチェリー 3巻』,[ffcc01][-][FFA94D][책][-] 레인저의 궁도 가이드 3권,"[ffcc01][-][FFA94D][Książka][-] Przewodnik po łucznictwie dla leśników, tom 3",[ffcc01][-][FFA94D][Livro][-] Guia de Arquearia para Patrulheiros Vol. 3,"[ffcc01][-][FFA94D][Книга][-] Гид по лучно-арбалетному оружию, том 3",[ffcc01][-][FFA94D][Kitap][-] Korucular için Okçuluk Kılavuzu Cilt 3,[ffcc01][-][FFA94D][书籍][-] 游侠箭术指南 第3卷,[ffcc01][-][FFA94D][書籍][-] 遊俠箭術指南第 3 卷
bookRangersExplodingBolts,items,Book,,,,[ffcc01][-][FFA94D][Book][-] Ranger's Guide to Archery Vol 2,,"[ffcc01][-][FFA94D][Buch][-] Bogenschießen für Ranger, Bd. 2",[ffcc01][-][FFA94D][Libro][-] Guía de arquería para el cazador vol. 2,[ffcc01][-][FFA94D][Livre][-] Guide de tir à l'arc pour rôdeur : volume 2,[ffcc01][-][FFA94D][Libro][-] Guida al tiro con l'arco - vol. 2,[ffcc01][-][FFA94D][本][-] 『レンジャーが教えるアーチェリー 2巻』,[ffcc01][-][FFA94D][책][-] 레인저의 궁도 가이드 2권,"[ffcc01][-][FFA94D][Książka][-] Przewodnik po łucznictwie dla leśników, tom 2",[ffcc01][-][FFA94D][Livro][-] Guia de Arquearia para Patrulheiros Vol. 2,"[ffcc01][-][FFA94D][Книга][-] Гид по лучно-арбалетному оружию, том 2",[ffcc01][-][FFA94D][Kitap][-] Korucular için Okçuluk Kılavuzu Cilt 2,[ffcc01][-][FFA94D][书籍][-] 游侠箭术指南 第2卷,[ffcc01][-][FFA94D][書籍][-] 遊俠箭術指南第 2 卷
bookRangersFlamingArrows,items,Book,,,,[ffcc01][-][FFA94D][Book][-] Ranger's Guide to Archery Vol 5,,"[ffcc01][-][FFA94D][Buch][-] Bogenschießen für Ranger, Bd. 5",[ffcc01][-][FFA94D][Libro][-] Guía de arquería para el cazador vol. 5,[ffcc01][-][FFA94D][Livre][-] Guide de tir à l'arc pour rôdeur : volume 5,[ffcc01][-][FFA94D][Libro][-] Guida al tiro con l'arco - vol. 5,[ffcc01][-][FFA94D][本][-] 『レンジャーが教えるアーチェリー 5巻』,[ffcc01][-][FFA94D][책][-] 레인저의 궁도 가이드 5권,"[ffcc01][-][FFA94D][Książka][-] Przewodnik po łucznictwie dla leśników, tom 5",[ffcc01][-][FFA94D][Livro][-] Guia de Arquearia para Patrulheiros Vol. 5,"[ffcc01][-][FFA94D][Книга][-] Гид по лучно-арбалетному оружию, том 5",[ffcc01][-][FFA94D][Kitap][-] Korucular için Okçuluk Kılavuzu Cilt 5,[ffcc01][-][FFA94D][书籍][-] 游侠箭术指南 第5卷,[ffcc01][-][FFA94D][書籍][-] 遊俠箭術指南第 5 卷
bookRangersForestGuide,items,Book,,,,[ffcc01][-][FFA94D][Book][-] Ranger's Guide to Archery Vol 6,,"[ffcc01][-][FFA94D][Buch][-] Bogenschießen für Ranger, Bd. 6",[ffcc01][-][FFA94D][Libro][-] Guía de arquería para el cazador vol. 6,[ffcc01][-][FFA94D][Livre][-] Guide de tir à l'arc pour rôdeur : volume 6,[ffcc01][-][FFA94D][Libro][-] Guida al tiro con l'arco - vol. 6,[ffcc01][-][FFA94D][本][-] 『レンジャーが教えるアーチェリー 6巻』,[ffcc01][-][FFA94D][책][-] 레인저의 궁도 가이드 6권,"[ffcc01][-][FFA94D][Książka][-] Przewodnik po łucznictwie dla leśników, tom 6",[ffcc01][-][FFA94D][Livro][-] Guia de Arquearia para Patrulheiros Vol. 6,"[ffcc01][-][FFA94D][Книга][-] Гид по лучно-арбалетному оружию, том 6",[ffcc01][-][FFA94D][Kitap][-] Korucular için Okçuluk Kılavuzu Cilt 6,[ffcc01][-][FFA94D][书籍][-] 游侠箭术指南 第6卷,[ffcc01][-][FFA94D][書籍][-] 遊俠箭術指南第 6 卷
bookRangersKnockdown,items,Book,,,,[ffcc01][-][FFA94D][Book][-] Ranger's Guide to Archery Vol 7,,"[ffcc01][-][FFA94D][Buch][-] Bogenschießen für Ranger, Bd. 7",[ffcc01][-][FFA94D][Libro][-] Guía de arquería para el cazador vol. 7,[ffcc01][-][FFA94D][Livre][-] Guide de tir à l'arc pour rôdeur : volume 7,[ffcc01][-][FFA94D][Libro][-] Guida al tiro con l'arco - vol. 7,[ffcc01][-][FFA94D][本][-] 『レンジャーが教えるアーチェリー 7巻』,[ffcc01][-][FFA94D][책][-] 레인저의 궁도 가이드 7권,"[ffcc01][-][FFA94D][Książka][-] Przewodnik po łucznictwie dla leśników, tom 7",[ffcc01][-][FFA94D][Livro][-] Guia de Arquearia para Patrulheiros Vol. 7,"[ffcc01][-][FFA94D][Книга][-] Гид по лучно-арбалетному оружию, том 7",[ffcc01][-][FFA94D][Kitap][-] Korucular için Okçuluk Kılavuzu Cilt 7,[ffcc01][-][FFA94D][书籍][-] 游侠箭术指南 第7卷,[ffcc01][-][FFA94D][書籍][-] 遊俠箭術指南第 7 卷
bookShotgunMessiahBreachingSlugs,items,Book,,,,[ffcc01][-][FFA94D][Book][-] Shotgun Messiah Vol 2,,"[ffcc01][-][FFA94D][Buch][-] Schrotflinten-Messias, Bd. 2",[ffcc01][-][FFA94D][Libro][-] Mesías Escopetero vol. 2,[ffcc01][-][FFA94D][Livre][-] Shotgun Messiah : volume 2,[ffcc01][-][FFA94D][Libro][-] Il profeta del fucile - vol. 2,[ffcc01][-][FFA94D][本][-] 『ショットガン・メシア 2巻』,[ffcc01][-][FFA94D][책][-] 샷건 메시아 2권,"[ffcc01][-][FFA94D][Książka][-] Mesjasz Strzelby, tom 2",[ffcc01][-][FFA94D][Livro][-] Messias da Espingarda Vol. 2,"[ffcc01][-][FFA94D][Книга][-] Виртуоз дробовика, том 2",[ffcc01][-][FFA94D][Kitap][-] Shotgun Messiah Cilt 2,[ffcc01][-][FFA94D][书籍][-] 霰弹枪救星 第2卷,[ffcc01][-][FFA94D][書籍][-] 散彈獵槍彌爾塞第 2 卷
bookShotgunMessiahDamage,items,Book,,,,[ffcc01][-][FFA94D][Book][-] Shotgun Messiah Vol 1,,"[ffcc01][-][FFA94D][Buch][-] Schrotflinten-Messias, Bd. 1",[ffcc01][-][FFA94D][Libro][-] Mesías Escopetero vol. 1,[ffcc01][-][FFA94D][Livre][-] Shotgun Messiah : volume 1,[ffcc01][-][FFA94D][Libro][-] Il profeta del fucile - vol. 1,[ffcc01][-][FFA94D][本][-] 『ショットガン・メシア 1巻』,[ffcc01][-][FFA94D][책][-] 샷건 메시아 1권,"[ffcc01][-][FFA94D][Książka][-] Mesjasz Strzelby, tom 1",[ffcc01][-][FFA94D][Livro][-] Messias da Espingarda Vol. 1,"[ffcc01][-][FFA94D][Книга][-] Виртуоз дробовика, том 1",[ffcc01][-][FFA94D][Kitap][-] Shotgun Messiah Cilt 1,[ffcc01][-][FFA94D][书籍][-] 霰弹枪救星 第1卷,[ffcc01][-][FFA94D][書籍][-] 散彈獵槍彌爾塞第 1 卷
bookShotgunMessiahLimbShot,items,Book,,,,[ffcc01][-][FFA94D][Book][-] Shotgun Messiah Vol 3,,"[ffcc01][-][FFA94D][Buch][-] Schrotflinten-Messias, Bd. 3",[ffcc01][-][FFA94D][Libro][-] Mesías Escopetero vol. 3,[ffcc01][-][FFA94D][Livre][-] Shotgun Messiah : volume 3,[ffcc01][-][FFA94D][Libro][-] Il profeta del fucile - vol. 3,[ffcc01][-][FFA94D][本][-] 『ショットガン・メシア 3巻』,[ffcc01][-][FFA94D][책][-] 샷건 메시아 3권,"[ffcc01][-][FFA94D][Książka][-] Mesjasz Strzelby, tom 3",[ffcc01][-][FFA94D][Livro][-] Messias da Espingarda Vol. 3,"[ffcc01][-][FFA94D][Книга][-] Виртуоз дробовика, том 3",[ffcc01][-][FFA94D][Kitap][-] Shotgun Messiah Cilt 3,[ffcc01][-][FFA94D][书籍][-] 霰弹枪救星 第3卷,[ffcc01][-][FFA94D][書籍][-] 散彈獵槍彌爾塞第 3 卷
bookShotgunMessiahMagazine,items,Book,,,,[ffcc01][-][FFA94D][Book][-] Shotgun Messiah Vol 6,,"[ffcc01][-][FFA94D][Buch][-] Schrotflinten-Messias, Bd. 6",[ffcc01][-][FFA94D][Libro][-] Mesías Escopetero vol. 6,[ffcc01][-][FFA94D][Livre][-] Shotgun Messiah : volume 6,[ffcc01][-][FFA94D][Libro][-] Il profeta del fucile - vol. 6,[ffcc01][-][FFA94D][本][-] 『ショットガン・メシア 6巻』,[ffcc01][-][FFA94D][책][-] 샷건 메시아 6권,"[ffcc01][-][FFA94D][Książka][-] Mesjasz Strzelby, tom 6",[ffcc01][-][FFA94D][Livro][-] Messias da Espingarda Vol. 6,"[ffcc01][-][FFA94D][Книга][-] Виртуоз дробовика, том 6",[ffcc01][-][FFA94D][Kitap][-] Shotgun Messiah Cilt 6,[ffcc01][-][FFA94D][书籍][-] 霰弹枪救星 第6卷,[ffcc01][-][FFA94D][書籍][-] 散彈獵槍彌爾塞第 6 卷
bookShotgunMessiahMaintenance,items,Book,,,,[ffcc01][-][FFA94D][Book][-] Shotgun Messiah Vol 5,,"[ffcc01][-][FFA94D][Buch][-] Schrotflinten-Messias, Bd. 5",[ffcc01][-][FFA94D][Libro][-] Mesías Escopetero vol. 5,[ffcc01][-][FFA94D][Livre][-] Shotgun Messiah : volume 5,[ffcc01][-][FFA94D][Libro][-] Il profeta del fucile - vol. 5,[ffcc01][-][FFA94D][本][-] 『ショットガン・メシア 5巻』,[ffcc01][-][FFA94D][책][-] 샷건 메시아 5권,"[ffcc01][-][FFA94D][Książka][-] Mesjasz Strzelby, tom 5",[ffcc01][-][FFA94D][Livro][-] Messias da Espingarda Vol. 5,"[ffcc01][-][FFA94D][Книга][-] Виртуоз дробовика, том 5",[ffcc01][-][FFA94D][Kitap][-] Shotgun Messiah Cilt 5,[ffcc01][-][FFA94D][书籍][-] 霰弹枪救星 第5卷,[ffcc01][-][FFA94D][書籍][-] 散彈獵槍彌爾塞第 5 卷
bookShotgunMessiahPartyStarter,items,Book,,,,[ffcc01][-][FFA94D][Book][-] Shotgun Messiah Vol 7,,"[ffcc01][-][FFA94D][Buch][-] Schrotflinten-Messias, Bd. 7",[ffcc01][-][FFA94D][Libro][-] Mesías Escopetero vol. 7,[ffcc01][-][FFA94D][Livre][-] Shotgun Messiah : volume 7,[ffcc01][-][FFA94D][Libro][-] Il profeta del fucile - vol. 7,[ffcc01][-][FFA94D][本][-] 『ショットガン・メシア 7巻』,[ffcc01][-][FFA94D][책][-] 샷건 메시아 7권,"[ffcc01][-][FFA94D][Książka][-] Mesjasz Strzelby, tom 7",[ffcc01][-][FFA94D][Livro][-] Messias da Espingarda Vol. 7,"[ffcc01][-][FFA94D][Книга][-] Виртуоз дробовика, том 7",[ffcc01][-][FFA94D][Kitap][-] Shotgun Messiah Cilt 7,[ffcc01][-][FFA94D][书籍][-] 霰弹枪救星 第7卷,[ffcc01][-][FFA94D][書籍][-] 散彈獵槍彌爾塞第 7 卷
bookShotgunMessiahSlugs,items,Book,,,,[ffcc01][-][FFA94D][Book][-] Shotgun Messiah Vol 4,,"[ffcc01][-][FFA94D][Buch][-] Schrotflinten-Messias, Bd. 4",[ffcc01][-][FFA94D][Libro][-] Mesías Escopetero vol. 4,[ffcc01][-][FFA94D][Livre][-] Shotgun Messiah : volume 4,[ffcc01][-][FFA94D][Libro][-] Il profeta del fucile - vol. 4,[ffcc01][-][FFA94D][本][-] 『ショットガン・メシア 4巻』,[ffcc01][-][FFA94D][책][-] 샷건 메시아 4권,"[ffcc01][-][FFA94D][Książka][-] Mesjasz Strzelby, tom 4",[ffcc01][-][FFA94D][Livro][-] Messias da Espingarda Vol. 4,"[ffcc01][-][FFA94D][Книга][-] Виртуоз дробовика, том 4",[ffcc01][-][FFA94D][Kitap][-] Shotgun Messiah Cilt 4,[ffcc01][-][FFA94D][书籍][-] 霰弹枪救星 第4卷,[ffcc01][-][FFA94D][書籍][-] 散彈獵槍彌爾塞第 4 卷
bookSniperAPAmmo,items,Book,,,,[ffcc01][-][FFA94D][Book][-] Sniper Vol 6,,"[ffcc01][-][FFA94D][Buch][-] Scharfschütze, Bd. 6",[ffcc01][-][FFA94D][Libro][-] Francotirador vol. 6,[ffcc01][-][FFA94D][Livre][-] Sniper : volume 6,[ffcc01][-][FFA94D][Libro][-] Cecchino - vol. 6,[ffcc01][-][FFA94D][本][-] 『スナイパー 6巻』,[ffcc01][-][FFA94D][책][-] 저격수 6권,"[ffcc01][-][FFA94D][Książka][-] Snajper, tom 6",[ffcc01][-][FFA94D][Livro][-] Atirador de Elite Vol. 6,"[ffcc01][-][FFA94D][Книга][-] Снайпер, том 6",[ffcc01][-][FFA94D][Kitap][-] Keskin Nişancı Cilt 6,[ffcc01][-][FFA94D][书籍][-] 狙击手 第6卷,[ffcc01][-][FFA94D][書籍][-] 狙擊手第 6 卷
bookSniperControlledBreathing,items,Book,,,,[ffcc01][-][FFA94D][Book][-] Sniper Vol 5,,"[ffcc01][-][FFA94D][Buch][-] Scharfschütze, Bd. 5",[ffcc01][-][FFA94D][Libro][-] Francotirador vol. 5,[ffcc01][-][FFA94D][Livre][-] Sniper : volume 5,[ffcc01][-][FFA94D][Libro][-] Cecchino - vol. 5,[ffcc01][-][FFA94D][本][-] 『スナイパー 5巻』,[ffcc01][-][FFA94D][책][-] 저격수 5권,"[ffcc01][-][FFA94D][Książka][-] Snajper, tom 5",[ffcc01][-][FFA94D][Livro][-] Atirador de Elite Vol. 5,"[ffcc01][-][FFA94D][Книга][-] Снайпер, том 5",[ffcc01][-][FFA94D][Kitap][-] Keskin Nişancı Cilt 5,[ffcc01][-][FFA94D][书籍][-] 狙击手 第5卷,[ffcc01][-][FFA94D][書籍][-] 狙擊手第 5 卷
bookSniperCripplingShot,items,Book,,,,[ffcc01][-][FFA94D][Book][-] Sniper Vol 2,,"[ffcc01][-][FFA94D][Buch][-] Scharfschütze, Bd. 2",[ffcc01][-][FFA94D][Libro][-] Francotirador vol. 2,[ffcc01][-][FFA94D][Livre][-] Sniper : volume 2,[ffcc01][-][FFA94D][Libro][-] Cecchino - vol. 2,[ffcc01][-][FFA94D][本][-] 『スナイパー 2巻』,[ffcc01][-][FFA94D][책][-] 저격수 2권,"[ffcc01][-][FFA94D][Książka][-] Snajper, tom 2",[ffcc01][-][FFA94D][Livro][-] Atirador de Elite Vol. 2,"[ffcc01][-][FFA94D][Книга][-] Снайпер, том 2",[ffcc01][-][FFA94D][Kitap][-] Keskin Nişancı Cilt 2,[ffcc01][-][FFA94D][书籍][-] 狙击手 第2卷,[ffcc01][-][FFA94D][書籍][-] 狙擊手第 2 卷
bookSniperDamage,items,Book,,,,[ffcc01][-][FFA94D][Book][-] Sniper Vol 1,,"[ffcc01][-][FFA94D][Buch][-] Scharfschütze, Bd. 1",[ffcc01][-][FFA94D][Libro][-] Francotirador vol. 1,[ffcc01][-][FFA94D][Livre][-] Sniper : volume 1,[ffcc01][-][FFA94D][Libro][-] Cecchino - vol. 1,[ffcc01][-][FFA94D][本][-] 『スナイパー 1巻』,[ffcc01][-][FFA94D][책][-] 저격수 1권,"[ffcc01][-][FFA94D][Książka][-] Snajper, tom 1",[ffcc01][-][FFA94D][Livro][-] Atirador de Elite Vol. 1,"[ffcc01][-][FFA94D][Книга][-] Снайпер, том 1",[ffcc01][-][FFA94D][Kitap][-] Keskin Nişancı Cilt 1,[ffcc01][-][FFA94D][书籍][-] 狙击手 第1卷,[ffcc01][-][FFA94D][書籍][-] 狙擊手第 1 卷
bookSniperHeadShot,items,Book,,,,[ffcc01][-][FFA94D][Book][-] Sniper Vol 3,,"[ffcc01][-][FFA94D][Buch][-] Scharfschütze, Bd. 3",[ffcc01][-][FFA94D][Libro][-] Francotirador vol. 3,[ffcc01][-][FFA94D][Livre][-] Sniper : volume 3,[ffcc01][-][FFA94D][Libro][-] Cecchino - vol. 3,[ffcc01][-][FFA94D][本][-] 『スナイパー 3巻』,[ffcc01][-][FFA94D][책][-] 저격수 3권,"[ffcc01][-][FFA94D][Książka][-] Snajper, tom 3",[ffcc01][-][FFA94D][Livro][-] Atirador de Elite Vol. 3,"[ffcc01][-][FFA94D][Книга][-] Снайпер, том 3",[ffcc01][-][FFA94D][Kitap][-] Keskin Nişancı Cilt 3,[ffcc01][-][FFA94D][书籍][-] 狙击手 第3卷,[ffcc01][-][FFA94D][書籍][-] 狙擊手第 3 卷
bookSniperHPAmmo,items,Book,,,,[ffcc01][-][FFA94D][Book][-] Sniper Vol 7,,"[ffcc01][-][FFA94D][Buch][-] Scharfschütze, Bd. 7",[ffcc01][-][FFA94D][Libro][-] Francotirador vol. 7,[ffcc01][-][FFA94D][Livre][-] Sniper : volume 7,[ffcc01][-][FFA94D][Libro][-] Cecchino - vol. 7,[ffcc01][-][FFA94D][本][-] 『スナイパー 7巻』,[ffcc01][-][FFA94D][책][-] 저격수 7권,"[ffcc01][-][FFA94D][Książka][-] Snajper, tom 7",[ffcc01][-][FFA94D][Livro][-] Atirador de Elite Vol. 7,"[ffcc01][-][FFA94D][Книга][-] Снайпер, том 7",[ffcc01][-][FFA94D][Kitap][-] Keskin Nişancı Cilt 7,[ffcc01][-][FFA94D][书籍][-] 狙击手 第7卷,[ffcc01][-][FFA94D][書籍][-] 狙擊手第 7 卷
bookSniperReload,items,Book,,,,[ffcc01][-][FFA94D][Book][-] Sniper Vol 4,,"[ffcc01][-][FFA94D][Buch][-] Scharfschütze, Bd. 4",[ffcc01][-][FFA94D][Libro][-] Francotirador vol. 4,[ffcc01][-][FFA94D][Livre][-] Sniper : volume 4,[ffcc01][-][FFA94D][Libro][-] Cecchino - vol. 4,[ffcc01][-][FFA94D][本][-] 『スナイパー 4巻』,[ffcc01][-][FFA94D][책][-] 저격수 4권,"[ffcc01][-][FFA94D][Książka][-] Snajper, tom 4",[ffcc01][-][FFA94D][Livro][-] Atirador de Elite Vol. 4,"[ffcc01][-][FFA94D][Книга][-] Снайпер, том 4",[ffcc01][-][FFA94D][Kitap][-] Keskin Nişancı Cilt 4,[ffcc01][-][FFA94D][书籍][-] 狙击手 第4卷,[ffcc01][-][FFA94D][書籍][-] 狙擊手第 4 卷
bookSpearHunter1Damage,items,Book,,,,[ffcc01][-][FFA94D][Book][-] Spear Hunter Vol 1,,"[ffcc01][-][FFA94D][Buch][-] Speerjäger, Bd. 1",[ffcc01][-][FFA94D][Libro][-] Cazador de lanzas vol. 1,[ffcc01][-][FFA94D][Livre][-] Chasseur à la lance : volume 1,[ffcc01][-][FFA94D][Libro][-] Cacciatore con la lancia - vol. 1,[ffcc01][-][FFA94D][本][-] 『槍の狩人 1巻』,[ffcc01][-][FFA94D][책][-] 창 사냥꾼 1권,"[ffcc01][-][FFA94D][Książka][-] Polowanie włócznią, tom 1",[ffcc01][-][FFA94D][Livro][-] Caçador de Lanças Vol. 1,"[ffcc01][-][FFA94D][Книга][-] Охота с копьем, том 1",[ffcc01][-][FFA94D][Kitap][-] Mızraklı Avcı Cilt 1,[ffcc01][-][FFA94D][书籍][-] 掷矛猎人 第 1 卷,[ffcc01][-][FFA94D][書籍][-] 持矛獵人第1卷
bookSpearHunter2Maintenance,items,Book,,,,[ffcc01][-][FFA94D][Book][-] Spear Hunter Vol 2,,"[ffcc01][-][FFA94D][Buch][-] Speerjäger, Bd. 2",[ffcc01][-][FFA94D][Libro][-] Cazador de lanzas vol. 2,[ffcc01][-][FFA94D][Livre][-] Chasseur à la lance : volume 2,[ffcc01][-][FFA94D][Libro][-] Cacciatore con la lancia - vol. 2,[ffcc01][-][FFA94D][本][-] 『槍の狩人 2巻』,[ffcc01][-][FFA94D][책][-] 창 사냥꾼 2권,"[ffcc01][-][FFA94D][Książka][-] Polowanie włócznią, tom 2",[ffcc01][-][FFA94D][Livro][-] Caçador de Lanças Vol. 2,"[ffcc01][-][FFA94D][Книга][-] Охота с копьем, том 2",[ffcc01][-][FFA94D][Kitap][-] Mızraklı Avcı Cilt 2,[ffcc01][-][FFA94D][书籍][-] 掷矛猎人 第 2 卷,[ffcc01][-][FFA94D][書籍][-] 持矛獵人第2卷
bookSpearHunter3Bleed,items,Book,,,,[ffcc01][-][FFA94D][Book][-] Spear Hunter Vol 3,,"[ffcc01][-][FFA94D][Buch][-] Speerjäger, Bd. 3",[ffcc01][-][FFA94D][Libro][-] Cazador de lanzas vol. 3,[ffcc01][-][FFA94D][Livre][-] Chasseur à la lance : volume 3,[ffcc01][-][FFA94D][Libro][-] Cacciatore con la lancia - vol. 3,[ffcc01][-][FFA94D][本][-] 『槍の狩人 3巻』,[ffcc01][-][FFA94D][책][-] 창 사냥꾼 3권,"[ffcc01][-][FFA94D][Książka][-] Polowanie włócznią, tom 3",[ffcc01][-][FFA94D][Livro][-] Caçador de Lanças Vol. 3,"[ffcc01][-][FFA94D][Книга][-] Охота с копьем, том 3",[ffcc01][-][FFA94D][Kitap][-] Mızraklı Avcı Cilt 3,[ffcc01][-][FFA94D][书籍][-] 掷矛猎人 第 3 卷,[ffcc01][-][FFA94D][書籍][-] 持矛獵人第 3 卷
bookSpearHunter4KillMove,items,Book,,,,[ffcc01][-][FFA94D][Book][-] Spear Hunter Vol 4,,"[ffcc01][-][FFA94D][Buch][-] Speerjäger, Bd. 4",[ffcc01][-][FFA94D][Libro][-] Cazador de lanzas vol. 4,[ffcc01][-][FFA94D][Livre][-] Chasseur à la lance : volume 4,[ffcc01][-][FFA94D][Libro][-] Cacciatore con la lancia - vol. 4,[ffcc01][-][FFA94D][本][-] 『槍の狩人 4巻』,[ffcc01][-][FFA94D][책][-] 창 사냥꾼 4권,"[ffcc01][-][FFA94D][Książka][-] Polowanie włócznią, tom 4",[ffcc01][-][FFA94D][Livro][-] Caçador de Lanças Vol. 4,"[ffcc01][-][FFA94D][Книга][-] Охота с копьем, том 4",[ffcc01][-][FFA94D][Kitap][-] Mızraklı Avcı Cilt 4,[ffcc01][-][FFA94D][书籍][-] 掷矛猎人 第 4 卷,[ffcc01][-][FFA94D][書籍][-] 持矛獵人第 4 卷
bookSpearHunter5RapidStrike,items,Book,,,,[ffcc01][-][FFA94D][Book][-] Spear Hunter Vol 5,,"[ffcc01][-][FFA94D][Buch][-] Speerjäger, Bd. 5",[ffcc01][-][FFA94D][Libro][-] Cazador de lanzas vol. 5,[ffcc01][-][FFA94D][Livre][-] Chasseur à la lance : volume 5,[ffcc01][-][FFA94D][Libro][-] Cacciatore con la lancia - vol. 5,[ffcc01][-][FFA94D][本][-] 『槍の狩人 5巻』,[ffcc01][-][FFA94D][책][-] 창 사냥꾼 5권,"[ffcc01][-][FFA94D][Książka][-] Polowanie włócznią, tom 5",[ffcc01][-][FFA94D][Livro][-] Caçador de Lanças Vol. 5,"[ffcc01][-][FFA94D][Книга][-] Охота с копьем, том 5",[ffcc01][-][FFA94D][Kitap][-] Mızraklı Avcı Cilt 5,[ffcc01][-][FFA94D][书籍][-] 掷矛猎人 第 5 卷,[ffcc01][-][FFA94D][書籍][-] 持矛獵人第5卷
bookSpearHunter6PenetratingShaft,items,Book,,,,[ffcc01][-][FFA94D][Book][-] Spear Hunter Vol 6,,"[ffcc01][-][FFA94D][Buch][-] Speerjäger, Bd. 6",[ffcc01][-][FFA94D][Libro][-] Cazador de lanzas vol. 6,[ffcc01][-][FFA94D][Livre][-] Chasseur à la lance : volume 6,[ffcc01][-][FFA94D][Libro][-] Cacciatore con la lancia - vol. 6,[ffcc01][-][FFA94D][本][-] 『槍の狩人 6巻』,[ffcc01][-][FFA94D][책][-] 창 사냥꾼 6권,"[ffcc01][-][FFA94D][Książka][-] Polowanie włócznią, tom 6",[ffcc01][-][FFA94D][Livro][-] Caçador de Lanças Vol. 6,"[ffcc01][-][FFA94D][Книга][-] Охота с копьем, том 6",[ffcc01][-][FFA94D][Kitap][-] Mızraklı Avcı Cilt 6,[ffcc01][-][FFA94D][书籍][-] 掷矛猎人 第 6 卷,[ffcc01][-][FFA94D][書籍][-] 持矛獵人第 6 卷
bookSpearHunter7QuickStrike,items,Book,,,,[ffcc01][-][FFA94D][Book][-] Spear Hunter Vol 7,,"[ffcc01][-][FFA94D][Buch][-] Speerjäger, Bd. 7",[ffcc01][-][FFA94D][Libro][-] Cazador de lanzas vol. 7,[ffcc01][-][FFA94D][Livre][-] Chasseur à la lance : volume 7,[ffcc01][-][FFA94D][Libro][-] Cacciatore con la lancia - vol. 7,[ffcc01][-][FFA94D][本][-] 『槍の狩人 7巻』,[ffcc01][-][FFA94D][책][-] 창 사냥꾼 7권,"[ffcc01][-][FFA94D][Książka][-] Polowanie włócznią, tom 7",[ffcc01][-][FFA94D][Livro][-] Caçador de Lanças Vol. 7,"[ffcc01][-][FFA94D][Книга][-] Охота с копьем, том 7",[ffcc01][-][FFA94D][Kitap][-] Mızrak Avcısı Cilt 7,[ffcc01][-][FFA94D][书籍][-] 掷矛猎人 第 7 卷,[ffcc01][-][FFA94D][書籍][-] 持矛獵人第7卷
bookTechJunkie1Damage,items,Book,,,,[ffcc01][-][FFA94D][Book][-] Tech Junkie Vol 1,,"[ffcc01][-][FFA94D][Buch][-] Technikfreak, Bd. 1",[ffcc01][-][FFA94D][Libro][-] Adicto a la tecnología vol. 1,[ffcc01][-][FFA94D][Livre][-] Accro à la technologie : volume 1,[ffcc01][-][FFA94D][Libro][-] Dipendente dalla tecnologia - vol. 1,[ffcc01][-][FFA94D][本][-] 『テクノロジー中毒 1巻』,[ffcc01][-][FFA94D][책][-] 기술 중독자 1권,"[ffcc01][-][FFA94D][Książka][-] Maniak technologii, tom 1",[ffcc01][-][FFA94D][Livro][-] Viciado em Tecnologia Vol. 1,"[ffcc01][-][FFA94D][Книга][-] Техноманьяк, том 1",[ffcc01][-][FFA94D][Kitap][-] Teknoloji Bağımlısı Cilt 1,[ffcc01][-][FFA94D][书籍][-] 科技迷 第 1 卷,[ffcc01][-][FFA94D][書籍][-] 科技迷第1卷
bookTechJunkie2Maintenance,items,Book,,,,[ffcc01][-][FFA94D][Book][-] Tech Junkie Vol 2,,"[ffcc01][-][FFA94D][Buch][-] Technikfreak, Bd. 2",[ffcc01][-][FFA94D][Libro][-] Adicto a la tecnología vol. 2,[ffcc01][-][FFA94D][Livre][-] Accro à la technologie : volume 2,[ffcc01][-][FFA94D][Libro][-] Dipendente dalla tecnologia - vol. 2,[ffcc01][-][FFA94D][本][-] 『テクノロジー中毒 2巻』,[ffcc01][-][FFA94D][책][-] 기술 중독자 2권,"[ffcc01][-][FFA94D][Książka][-] Maniak technologii, tom 2",[ffcc01][-][FFA94D][Livro][-] Viciado em Tecnologia Vol. 2,"[ffcc01][-][FFA94D][Книга][-] Техноманьяк, том 2",[ffcc01][-][FFA94D][Kitap][-] Teknoloji Bağımlısı Cilt 2,[ffcc01][-][FFA94D][书籍][-] 科技迷 第 2 卷,[ffcc01][-][FFA94D][書籍][-] 科技迷第2卷
bookTechJunkie3APAmmo,items,Book,,,,[ffcc01][-][FFA94D][Book][-] Tech Junkie Vol 3,,"[ffcc01][-][FFA94D][Buch][-] Technikfreak, Bd. 3",[ffcc01][-][FFA94D][Libro][-] Adicto a la tecnología vol. 3,[ffcc01][-][FFA94D][Livre][-] Accro à la technologie : volume 3,[ffcc01][-][FFA94D][Libro][-] Dipendente dalla tecnologia - vol. 3,[ffcc01][-][FFA94D][本][-] 『テクノロジー中毒 3巻』,[ffcc01][-][FFA94D][책][-] 기술 중독자 3권,"[ffcc01][-][FFA94D][Książka][-] Maniak technologii, tom 3",[ffcc01][-][FFA94D][Livro][-] Viciado em Tecnologia Vol. 3,"[ffcc01][-][FFA94D][Книга][-] Техноманьяк, том 3",[ffcc01][-][FFA94D][Kitap][-] Teknoloji Bağımlısı Cilt 3,[ffcc01][-][FFA94D][书籍][-] 科技迷 第 3 卷,[ffcc01][-][FFA94D][書籍][-] 科技迷第3卷
bookTechJunkie4Shells,items,Book,,,,[ffcc01][-][FFA94D][Book][-] Tech Junkie Vol 4,,"[ffcc01][-][FFA94D][Buch][-] Technikfreak, Bd. 4",[ffcc01][-][FFA94D][Libro][-] Adicto a la tecnología vol. 4,[ffcc01][-][FFA94D][Livre][-] Accro à la technologie : volume 4,[ffcc01][-][FFA94D][Libro][-] Dipendente dalla tecnologia - vol. 4,[ffcc01][-][FFA94D][本][-] 『テクノロジー中毒 4巻』,[ffcc01][-][FFA94D][책][-] 기술 중독자 4권,"[ffcc01][-][FFA94D][Książka][-] Maniak technologii, tom 4",[ffcc01][-][FFA94D][Livro][-] Viciado em Tecnologia Vol. 4,"[ffcc01][-][FFA94D][Книга][-] Техноманьяк, том 4",[ffcc01][-][FFA94D][Kitap][-] Teknoloji Bağımlısı Cilt 4,[ffcc01][-][FFA94D][书籍][-] 科技迷 第 4 卷,[ffcc01][-][FFA94D][書籍][-] 科技迷第4卷
bookTechJunkie5Repulsor,items,Book,,,,[ffcc01][-][FFA94D][Book][-] Tech Junkie Vol 5,,"[ffcc01][-][FFA94D][Buch][-] Technikfreak, Bd. 5",[ffcc01][-][FFA94D][Libro][-] Adicto a la tecnología vol. 5,[ffcc01][-][FFA94D][Livre][-] Accro à la technologie : volume 5,[ffcc01][-][FFA94D][Libro][-] Dipendente dalla tecnologia - vol. 5,[ffcc01][-][FFA94D][本][-] 『テクノロジー中毒 5巻』,[ffcc01][-][FFA94D][책][-] 기술 중독자 5권,"[ffcc01][-][FFA94D][Książka][-] Maniak technologii, tom 5",[ffcc01][-][FFA94D][Livro][-] Viciado em Tecnologia Vol. 5,"[ffcc01][-][FFA94D][Книга][-] Техноманьяк, том 5",[ffcc01][-][FFA94D][Kitap][-] Teknoloji Bağımlısı Cilt 5,[ffcc01][-][FFA94D][书籍][-] 科技迷 第 5 卷,[ffcc01][-][FFA94D][書籍][-] 科技迷第5卷
bookTechJunkie6BatonCharge,items,Book,,,,[ffcc01][-][FFA94D][Book][-] Tech Junkie Vol 6,,"[ffcc01][-][FFA94D][Buch][-] Technikfreak, Bd. 6",[ffcc01][-][FFA94D][Libro][-] Adicto a la tecnología vol. 6,[ffcc01][-][FFA94D][Livre][-] Accro à la technologie : volume 6,[ffcc01][-][FFA94D][Libro][-] Dipendente dalla tecnologia - vol. 6,[ffcc01][-][FFA94D][本][-] 『テクノロジー中毒 6巻』,[ffcc01][-][FFA94D][책][-] 기술 중독자 6권,"[ffcc01][-][FFA94D][Książka][-] Maniak technologii, tom 6",[ffcc01][-][FFA94D][Livro][-] Viciado em Tecnologia Vol. 6,"[ffcc01][-][FFA94D][Книга][-] Техноманьяк, том 6",[ffcc01][-][FFA94D][Kitap][-] Teknoloji Bağımlısı Cilt 6,[ffcc01][-][FFA94D][书籍][-] 科技迷 第 6 卷,[ffcc01][-][FFA94D][書籍][-] 科技迷第6卷
bookTechJunkie7Hydraulics,items,Book,,,,[ffcc01][-][FFA94D][Book][-] Tech Junkie Vol 7,,"[ffcc01][-][FFA94D][Buch][-] Technikfreak, Bd. 7",[ffcc01][-][FFA94D][Libro][-] Adicto a la tecnología vol. 7,[ffcc01][-][FFA94D][Livre][-] Accro à la technologie : volume 7,[ffcc01][-][FFA94D][Libro][-] Dipendente dalla tecnologia - vol. 7,[ffcc01][-][FFA94D][本][-] 『テクノロジー中毒 7巻』,[ffcc01][-][FFA94D][책][-] 기술 중독자 7권,"[ffcc01][-][FFA94D][Książka][-] Maniak technologii, tom 7",[ffcc01][-][FFA94D][Livro][-] Viciado em Tecnologia Vol. 7,"[ffcc01][-][FFA94D][Книга][-] Техноманьяк, том 7",[ffcc01][-][FFA94D][Kitap][-] Teknoloji Bağımlısı Cilt 7,[ffcc01][-][FFA94D][书籍][-] 科技迷 第 7 卷,[ffcc01][-][FFA94D][書籍][-] 科技迷第7卷
bookUrbanCombatAdrenalineRush,items,Book,,,,[ffcc01][-][FFA94D][Book][-] Urban Combat Vol 6,,"[ffcc01][-][FFA94D][Buch][-] Gefechte in der Stadt, Bd. 6",[ffcc01][-][FFA94D][Libro][-] Combate urbano vol. 6,[ffcc01][-][FFA94D][Livre][-] Combat urbain : volume 6,[ffcc01][-][FFA94D][Libro][-] Guerriglia urbana - vol. 6,[ffcc01][-][FFA94D][本][-] 『都市型戦闘 6巻』,[ffcc01][-][FFA94D][책][-] 도시의 전투 6권,"[ffcc01][-][FFA94D][Książka][-] Walka w mieście, tom 6",[ffcc01][-][FFA94D][Livro][-] Combate Urbano Vol. 6,"[ffcc01][-][FFA94D][Книга][-] Бой в городских условиях, том 6",[ffcc01][-][FFA94D][Kitap][-] Şehir Savaşı Cilt 6,[ffcc01][-][FFA94D][书籍][-] 城市作战 第6卷,[ffcc01][-][FFA94D][書籍][-] 都市作戰第 6 卷
bookUrbanCombatCigar,items,Book,,,,[ffcc01][-][FFA94D][Book][-] Urban Combat Vol 2,,"[ffcc01][-][FFA94D][Buch][-] Gefechte in der Stadt, Bd. 2",[ffcc01][-][FFA94D][Libro][-] Combate urbano vol. 2,[ffcc01][-][FFA94D][Livre][-] Combat urbain : volume 2,[ffcc01][-][FFA94D][Libro][-] Guerriglia urbana - vol. 2,[ffcc01][-][FFA94D][本][-] 『都市型戦闘 2巻』,[ffcc01][-][FFA94D][책][-] 도시의 전투 2권,"[ffcc01][-][FFA94D][Książka][-] Walka w mieście, tom 2",[ffcc01][-][FFA94D][Livro][-] Combate Urbano Vol. 2,"[ffcc01][-][FFA94D][Книга][-] Бой в городских условиях, том 2",[ffcc01][-][FFA94D][Kitap][-] Şehir Savaşı Cilt 2,[ffcc01][-][FFA94D][书籍][-] 城市作战 第2卷,[ffcc01][-][FFA94D][書籍][-] 都市作戰第 2 卷
bookUrbanCombatJumping,items,Book,,,,[ffcc01][-][FFA94D][Book][-] Urban Combat Vol 4,,"[ffcc01][-][FFA94D][Buch][-] Gefechte in der Stadt, Bd. 4",[ffcc01][-][FFA94D][Libro][-] Combate urbano vol. 4,[ffcc01][-][FFA94D][Livre][-] Combat urbain : volume 4,[ffcc01][-][FFA94D][Libro][-] Guerriglia urbana - vol. 4,[ffcc01][-][FFA94D][本][-] 『都市型戦闘 4巻』,[ffcc01][-][FFA94D][책][-] 도시의 전투 4권,"[ffcc01][-][FFA94D][Książka][-] Walka w mieście, tom 4",[ffcc01][-][FFA94D][Livro][-] Combate Urbano Vol. 4,"[ffcc01][-][FFA94D][Книга][-] Бой в городских условиях, том 4",[ffcc01][-][FFA94D][Kitap][-] Şehir Savaşı Cilt 4,[ffcc01][-][FFA94D][书籍][-] 城市作战 第4卷,[ffcc01][-][FFA94D][書籍][-] 都市作戰第 4 卷
bookUrbanCombatLanding,items,Book,,,,[ffcc01][-][FFA94D][Book][-] Urban Combat Vol 1,,"[ffcc01][-][FFA94D][Buch][-] Gefechte in der Stadt, Bd. 1",[ffcc01][-][FFA94D][Libro][-] Combate urbano vol. 1,[ffcc01][-][FFA94D][Livre][-] Combat urbain : volume 1,[ffcc01][-][FFA94D][Libro][-] Guerriglia urbana - vol. 1,[ffcc01][-][FFA94D][本][-] 『都市型戦闘 1巻』,[ffcc01][-][FFA94D][책][-] 도시의 전투 1권,"[ffcc01][-][FFA94D][Książka][-] Walka w mieście, tom 1",[ffcc01][-][FFA94D][Livro][-] Combate Urbano Vol. 1,"[ffcc01][-][FFA94D][Книга][-] Бой в городских условиях, том 1",[ffcc01][-][FFA94D][Kitap][-] Şehir Savaşı Cilt 1,[ffcc01][-][FFA94D][书籍][-] 城市作战 第1卷,[ffcc01][-][FFA94D][書籍][-] 都市作戰第 1 卷
bookUrbanCombatLandMines,items,Book,,,,[ffcc01][-][FFA94D][Book][-] Urban Combat Vol 5,,"[ffcc01][-][FFA94D][Buch][-] Gefechte in der Stadt, Bd. 5",[ffcc01][-][FFA94D][Libro][-] Combate urbano vol. 5,[ffcc01][-][FFA94D][Livre][-] Combat urbain : volume 5,[ffcc01][-][FFA94D][Libro][-] Guerriglia urbana - vol. 5,[ffcc01][-][FFA94D][本][-] 『都市型戦闘 5巻』,[ffcc01][-][FFA94D][책][-] 도시의 전투 5권,"[ffcc01][-][FFA94D][Książka][-] Walka w mieście, tom 5",[ffcc01][-][FFA94D][Livro][-] Combate Urbano Vol. 5,"[ffcc01][-][FFA94D][Книга][-] Бой в городских условиях, том 5",[ffcc01][-][FFA94D][Kitap][-] Şehir Savaşı Cilt 5,[ffcc01][-][FFA94D][书籍][-] 城市作战 第5卷,[ffcc01][-][FFA94D][書籍][-] 都市作戰第 5 卷
bookUrbanCombatRoomClearing,items,Book,,,,[ffcc01][-][FFA94D][Book][-] Urban Combat Vol 7,,"[ffcc01][-][FFA94D][Buch][-] Gefechte in der Stadt, Bd. 7",[ffcc01][-][FFA94D][Libro][-] Combate urbano vol. 7,[ffcc01][-][FFA94D][Livre][-] Combat urbain : volume 7,[ffcc01][-][FFA94D][Libro][-] Guerriglia urbana - vol. 7,[ffcc01][-][FFA94D][本][-] 『都市型戦闘 7巻』,[ffcc01][-][FFA94D][책][-] 도시의 전투 7권,"[ffcc01][-][FFA94D][Książka][-] Walka w mieście, tom 7",[ffcc01][-][FFA94D][Livro][-] Combate Urbano Vol. 7,"[ffcc01][-][FFA94D][Книга][-] Бой в городских условиях, том 7",[ffcc01][-][FFA94D][Kitap][-] Şehir Savaşı Cilt 7,[ffcc01][-][FFA94D][书籍][-] 城市作战 第7卷,[ffcc01][-][FFA94D][書籍][-] 都市作戰第 7 卷
bookUrbanCombatSneaking,items,Book,,,,[ffcc01][-][FFA94D][Book][-] Urban Combat Vol 3,,"[ffcc01][-][FFA94D][Buch][-] Gefechte in der Stadt, Bd. 3",[ffcc01][-][FFA94D][Libro][-] Combate urbano vol. 3,[ffcc01][-][FFA94D][Livre][-] Combat urbain : volume 3,[ffcc01][-][FFA94D][Libro][-] Guerriglia urbana - vol. 3,[ffcc01][-][FFA94D][本][-] 『都市型戦闘 3巻』,[ffcc01][-][FFA94D][책][-] 도시의 전투 3권,"[ffcc01][-][FFA94D][Książka][-] Walka w mieście, tom 3",[ffcc01][-][FFA94D][Livro][-] Combate Urbano Vol. 3,"[ffcc01][-][FFA94D][Книга][-] Бой в городских условиях, том 3",[ffcc01][-][FFA94D][Kitap][-] Şehir Savaşı Cilt 3,[ffcc01][-][FFA94D][书籍][-] 城市作战 第3卷,[ffcc01][-][FFA94D][書籍][-] 都市作戰第 3 卷
bookWasteTreasuresAcid,items,Book,,,,[ffcc01][-][FFA94D][Book][-] Wasteland Treasures Vol 3,,"[ffcc01][-][FFA94D][Buch][-] Ödlandschätze, Bd. 3",[ffcc01][-][FFA94D][Libro][-] Tesoros de tierras baldías vol. 3,[ffcc01][-][FFA94D][Livre][-] Trésors des terres désolées : volume 3,[ffcc01][-][FFA94D][Libro][-] Tesori delle lande - vol. 3,[ffcc01][-][FFA94D][本][-] 『荒れ地の財宝 3巻』,[ffcc01][-][FFA94D][책][-] 황무지 보물 3권,"[ffcc01][-][FFA94D][Książka][-] Skarby pustkowi, tom 3",[ffcc01][-][FFA94D][Livro][-] Tesouros do Ermo Vol. 3,"[ffcc01][-][FFA94D][Книга][-] Сокровища пустошей, том 3",[ffcc01][-][FFA94D][Kitap][-] Çorak Arazi Hazineleri Cilt 3,[ffcc01][-][FFA94D][书籍][-] 荒野宝藏 第3卷,[ffcc01][-][FFA94D][書籍][-] 荒原寶藏第 3 卷
bookWasteTreasuresCloth,items,Book,,,,[ffcc01][-][FFA94D][Book][-] Wasteland Treasures Vol 6,,"[ffcc01][-][FFA94D][Buch][-] Ödlandschätze, Bd. 6",[ffcc01][-][FFA94D][Libro][-] Tesoros de tierras baldías vol. 6,[ffcc01][-][FFA94D][Livre][-] Trésors des terres désolées : volume 6,[ffcc01][-][FFA94D][Libro][-] Tesori delle lande - vol. 6,[ffcc01][-][FFA94D][本][-] 『荒れ地の財宝 6巻』,[ffcc01][-][FFA94D][책][-] 황무지 보물 6권,"[ffcc01][-][FFA94D][Książka][-] Skarby pustkowi, tom 6",[ffcc01][-][FFA94D][Livro][-] Tesouros do Ermo Vol. 6,"[ffcc01][-][FFA94D][Книга][-] Сокровища пустошей, том 6",[ffcc01][-][FFA94D][Kitap][-] Çorak Arazi Hazineleri Cilt 6,[ffcc01][-][FFA94D][书籍][-] 荒野宝藏 第6卷,[ffcc01][-][FFA94D][書籍][-] 荒原寶藏第 6 卷
bookWasteTreasuresCoffins,items,Book,,,,[ffcc01][-][FFA94D][Book][-] Wasteland Treasures Vol 2,,"[ffcc01][-][FFA94D][Buch][-] Ödlandschätze, Bd. 2",[ffcc01][-][FFA94D][Libro][-] Tesoros de tierras baldías vol. 2,[ffcc01][-][FFA94D][Livre][-] Trésors des terres désolées : volume 2,[ffcc01][-][FFA94D][Libro][-] Tesori delle lande - vol. 2,[ffcc01][-][FFA94D][本][-] 『荒れ地の財宝 2巻』,[ffcc01][-][FFA94D][책][-] 황무지 보물 2권,"[ffcc01][-][FFA94D][Książka][-] Skarby pustkowi, tom 2",[ffcc01][-][FFA94D][Livro][-] Tesouros do Ermo Vol. 2,"[ffcc01][-][FFA94D][Книга][-] Сокровища пустошей, том 2",[ffcc01][-][FFA94D][Kitap][-] Çorak Arazi Hazineleri Cilt 2,[ffcc01][-][FFA94D][书籍][-] 荒野宝藏 第2卷,[ffcc01][-][FFA94D][書籍][-] 荒原寶藏第 2 卷
bookWasteTreasuresDoors,items,Book,,,,[ffcc01][-][FFA94D][Book][-] Wasteland Treasures Vol 5,,"[ffcc01][-][FFA94D][Buch][-] Ödlandschätze, Bd. 5",[ffcc01][-][FFA94D][Libro][-] Tesoros de tierras baldías vol. 5,[ffcc01][-][FFA94D][Livre][-] Trésors des terres désolées : volume 5,[ffcc01][-][FFA94D][Libro][-] Tesori delle lande - vol. 5,[ffcc01][-][FFA94D][本][-] 『荒れ地の財宝 5巻』,[ffcc01][-][FFA94D][책][-] 황무지 보물 5권,"[ffcc01][-][FFA94D][Książka][-] Skarby pustkowi, tom 5",[ffcc01][-][FFA94D][Livro][-] Tesouros do Ermo Vol. 5,"[ffcc01][-][FFA94D][Книга][-] Сокровища пустошей, том 5",[ffcc01][-][FFA94D][Kitap][-] Çorak Arazi Hazineleri Cilt 5,[ffcc01][-][FFA94D][书籍][-] 荒野宝藏 第5卷,[ffcc01][-][FFA94D][書籍][-] 荒原寶藏第 5 卷
bookWasteTreasuresHoney,items,Book,,,,[ffcc01][-][FFA94D][Book][-] Wasteland Treasures Vol 1,,"[ffcc01][-][FFA94D][Buch][-] Ödlandschätze, Bd. 1",[ffcc01][-][FFA94D][Libro][-] Tesoros de tierras baldías vol. 1,[ffcc01][-][FFA94D][Livre][-] Trésors des terres désolées : volume 1,[ffcc01][-][FFA94D][Libro][-] Tesori delle lande - vol. 1,[ffcc01][-][FFA94D][本][-] 『荒れ地の財宝 1巻』,[ffcc01][-][FFA94D][책][-] 황무지 보물 1권,"[ffcc01][-][FFA94D][Książka][-] Skarby pustkowi, tom 1",[ffcc01][-][FFA94D][Livro][-] Tesouros do Ermo Vol. 1,"[ffcc01][-][FFA94D][Книга][-] Сокровища пустошей, том 1",[ffcc01][-][FFA94D][Kitap][-] Çorak Arazi Hazineleri Cilt 1,[ffcc01][-][FFA94D][书籍][-] 荒野宝藏 第1卷,[ffcc01][-][FFA94D][書籍][-] 荒原寶藏第 1 卷
bookWasteTreasuresSinks,items,Book,,,,[ffcc01][-][FFA94D][Book][-] Wasteland Treasures Vol 7,,"[ffcc01][-][FFA94D][Buch][-] Ödlandschätze, Bd. 7",[ffcc01][-][FFA94D][Libro][-] Tesoros de tierras baldías vol. 7,[ffcc01][-][FFA94D][Livre][-] Trésors des terres désolées : volume 7,[ffcc01][-][FFA94D][Libro][-] Tesori delle lande - vol. 7,[ffcc01][-][FFA94D][本][-] 『荒れ地の財宝 7巻』,[ffcc01][-][FFA94D][책][-] 황무지 보물 7권,"[ffcc01][-][FFA94D][Książka][-] Skarby pustkowi, tom 7",[ffcc01][-][FFA94D][Livro][-] Tesouros do Ermo Vol. 7,"[ffcc01][-][FFA94D][Книга][-] Сокровища пустошей, том 7",[ffcc01][-][FFA94D][Kitap][-] Çorak Arazi Hazineleri Cilt 7,[ffcc01][-][FFA94D][书籍][-] 荒野宝藏 第7卷,[ffcc01][-][FFA94D][書籍][-] 荒原寶藏第 7 卷
bookWasteTreasuresWater,items,Book,,,,[ffcc01][-][FFA94D][Book][-] Wasteland Treasures Vol 4,,"[ffcc01][-][FFA94D][Buch][-] Ödlandschätze, Bd. 4",[ffcc01][-][FFA94D][Libro][-] Tesoros de tierras baldías vol. 4,[ffcc01][-][FFA94D][Livre][-] Trésors des terres désolées : volume 4,[ffcc01][-][FFA94D][Libro][-] Tesori delle lande - vol. 4,[ffcc01][-][FFA94D][本][-] 『荒れ地の財宝 4巻』,[ffcc01][-][FFA94D][책][-] 황무지 보물 4권,"[ffcc01][-][FFA94D][Książka][-] Skarby pustkowi, tom 4",[ffcc01][-][FFA94D][Livro][-] Tesouros do Ermo Vol. 4,"[ffcc01][-][FFA94D][Книга][-] Сокровища пустошей, том 4",[ffcc01][-][FFA94D][Kitap][-] Çorak Arazi Hazineleri Cilt 4,[ffcc01][-][FFA94D][书籍][-] 荒野宝藏 第4卷,[ffcc01][-][FFA94D][書籍][-] 荒原寶藏第 4 卷
bookSledgeSagaArmorCrusher,items,Book,,,,[ffcc01][-][FFA94D][Book][-] Sledge Saga Vol 7,,[ffcc01][-][FFA94D][Buch][-] Sledge Saga Vol 7,[ffcc01][-][FFA94D][Libro][-] Saga del mazo vol. 7,"[ffcc01][-][FFA94D][Livre][-] Entre masses et marteaux, volume 7",[ffcc01][-][FFA94D][Libro][-] Saga del martello - vol. 7,[ffcc01][-][FFA94D][本][-] 『スレッジ・サガ 7巻』,[ffcc01][-][FFA94D][책][-] 슬레지 사가 7권,"[ffcc01][-][FFA94D][Książka][-] Saga o młotach, tom 7",[ffcc01][-][FFA94D][Livro][-] Saga da Marreta Vol. 7,"[ffcc01][-][FFA94D][Книга][-] Мифы о молоте, том 7",[ffcc01][-][FFA94D][Kitap][-] Balyoz Destanı Cilt 7,[ffcc01][-][FFA94D][书籍][-] 《大锤传奇》卷 7,[ffcc01][-][FFA94D][書籍][-] 重擊傳奇第 7 卷
bookSledgeSagaConcussiveStrike,items,Book,,,,[ffcc01][-][FFA94D][Book][-] Sledge Saga Vol 6,,[ffcc01][-][FFA94D][Buch][-] Sledge Saga Vol 6,[ffcc01][-][FFA94D][Libro][-] Saga del mazo vol. 6,"[ffcc01][-][FFA94D][Livre][-] Entre masses et marteaux, volume 6",[ffcc01][-][FFA94D][Libro][-] Saga del martello - vol. 6,[ffcc01][-][FFA94D][本][-] 『スレッジ・サガ 6巻』,[ffcc01][-][FFA94D][책][-] 슬레지 사가 6권,"[ffcc01][-][FFA94D][Książka][-] Saga o młotach, tom 6",[ffcc01][-][FFA94D][Livro][-] Saga da Marreta Vol. 6,"[ffcc01][-][FFA94D][Книга][-] Мифы о молоте, том 6",[ffcc01][-][FFA94D][Kitap][-] Balyoz Destanı Cilt 6,[ffcc01][-][FFA94D][书籍][-] 《大锤传奇》卷 6,[ffcc01][-][FFA94D][書籍][-] 重擊傳奇第 6 卷
bookSledgeSagaCrippledMorale,items,Book,,,,[ffcc01][-][FFA94D][Book][-] Sledge Saga Vol 3,,[ffcc01][-][FFA94D][Buch][-] Sledge Saga Vol 3,[ffcc01][-][FFA94D][Libro][-] Saga del mazo vol. 3,"[ffcc01][-][FFA94D][Livre][-] Entre masses et marteaux, volume 3",[ffcc01][-][FFA94D][Libro][-] Saga del martello - vol. 3,[ffcc01][-][FFA94D][本][-] 『スレッジ・サガ 3巻』,[ffcc01][-][FFA94D][책][-] 슬레지 사가 3권,"[ffcc01][-][FFA94D][Książka][-] Saga o młotach, tom 3",[ffcc01][-][FFA94D][Livro][-] Saga da Marreta Vol. 3,"[ffcc01][-][FFA94D][Книга][-] Мифы о молоте, том 3",[ffcc01][-][FFA94D][Kitap][-] Balyoz Destanı Cilt 3,[ffcc01][-][FFA94D][书籍][-] 《大锤传奇》卷 3,[ffcc01][-][FFA94D][書籍][-] 重擊傳奇第 3 卷
bookSledgeSagaDegradation,items,Book,,,,[ffcc01][-][FFA94D][Book][-] Sledge Saga Vol 2,,[ffcc01][-][FFA94D][Buch][-] Sledge Saga Vol 2,[ffcc01][-][FFA94D][Libro][-] Saga del mazo vol. 2,"[ffcc01][-][FFA94D][Livre][-] Entre masses et marteaux, volume 2",[ffcc01][-][FFA94D][Libro][-] Saga del martello - vol. 2,[ffcc01][-][FFA94D][本][-] 『スレッジ・サガ 2巻』,[ffcc01][-][FFA94D][책][-] 슬레지 사가 2권,"[ffcc01][-][FFA94D][Książka][-] Saga o młotach, tom 2",[ffcc01][-][FFA94D][Livro][-] Saga da Marreta Vol. 2,"[ffcc01][-][FFA94D][Книга][-] Мифы о молоте, том 2",[ffcc01][-][FFA94D][Kitap][-] Balyoz Destanı Cilt 2,[ffcc01][-][FFA94D][书籍][-] 《大锤传奇》卷 2,[ffcc01][-][FFA94D][書籍][-] 重擊傳奇第 2 卷
bookSledgeSagaKnockdown,items,Book,,,,[ffcc01][-][FFA94D][Book][-] Sledge Saga Vol 1,,[ffcc01][-][FFA94D][Buch][-] Sledge Saga Vol 1,[ffcc01][-][FFA94D][Libro][-] Saga del mazo vol. 1,"[ffcc01][-][FFA94D][Livre][-] Entre masses et marteaux, volume 1",[ffcc01][-][FFA94D][Libro][-] Saga del martello - vol. 1,[ffcc01][-][FFA94D][本][-] 『スレッジ・サガ 1巻』,[ffcc01][-][FFA94D][책][-] 슬레지 사가 1권,"[ffcc01][-][FFA94D][Książka][-] Saga o młotach, tom 1",[ffcc01][-][FFA94D][Livro][-] Saga da Marreta Vol. 1,"[ffcc01][-][FFA94D][Книга][-] Мифы о молоте, том 1",[ffcc01][-][FFA94D][Kitap][-] Balyoz Destanı Cilt 1,[ffcc01][-][FFA94D][书籍][-] 《大锤传奇》卷 1,[ffcc01][-][FFA94D][書籍][-] 重擊傳奇第 1 卷
bookSledgeSagaPulverizingFinishers,items,Book,,,,[ffcc01][-][FFA94D][Book][-] Sledge Saga Vol 4,,[ffcc01][-][FFA94D][Buch][-] Sledge Saga Vol 4,[ffcc01][-][FFA94D][Libro][-] Saga del mazo vol. 4,"[ffcc01][-][FFA94D][Livre][-] Entre masses et marteaux, volume 4",[ffcc01][-][FFA94D][Libro][-] Saga del martello - vol. 4,[ffcc01][-][FFA94D][本][-] 『スレッジ・サガ 4巻』,[ffcc01][-][FFA94D][책][-] 슬레지 사가 4권,"[ffcc01][-][FFA94D][Książka][-] Saga o młotach, tom 4",[ffcc01][-][FFA94D][Livro][-] Saga da Marreta Vol. 4,"[ffcc01][-][FFA94D][Книга][-] Мифы о молоте, том 4",[ffcc01][-][FFA94D][Kitap][-] Balyoz Destanı Cilt 4,[ffcc01][-][FFA94D][书籍][-] 《大锤传奇》卷 4,[ffcc01][-][FFA94D][書籍][-] 重擊傳奇第 4 卷
bookSledgeSagaSavageReaper,items,Book,,,,[ffcc01][-][FFA94D][Book][-] Sledge Saga Vol 5,,[ffcc01][-][FFA94D][Buch][-] Sledge Saga Vol 5,[ffcc01][-][FFA94D][Libro][-] Saga del mazo vol. 5,"[ffcc01][-][FFA94D][Livre][-] Entre masses et marteaux, volume 5",[ffcc01][-][FFA94D][Libro][-] Saga del martello - vol. 5,[ffcc01][-][FFA94D][本][-] 『スレッジ・サガ 5巻』,[ffcc01][-][FFA94D][책][-] 슬레지 사가 5권,"[ffcc01][-][FFA94D][Książka][-] Saga o młotach, tom 5",[ffcc01][-][FFA94D][Livro][-] Saga da Marreta Vol. 5,"[ffcc01][-][FFA94D][Книга][-] Мифы о молоте, том 5",[ffcc01][-][FFA94D][Kitap][-] Balyoz Destanı Cilt 5,[ffcc01][-][FFA94D][书籍][-] 《大锤传奇》卷 5,[ffcc01][-][FFA94D][書籍][-] 重擊傳奇第 5 卷
foodCropBlueberries,items,Crop,,,,[f00003][-][FFA94D][Crops][-][fb0002][-][fe1000][-] Blueberries [00de50](2)[-],,[f00003][-][FFA94D][Ernte][-][fb0002][-][fe1000][-] Heidelbeeren [00de50](2)[-],[f00003][-][FFA94D][Cultivos][-][fb0002][-][fe1000][-] Moras [00de50](2)[-],[f00003][-][FFA94D][Cultures][-][fb0002][-][fe1000][-] Myrtilles [00de50](2)[-],[f00003][-][FFA94D][Colture][-][fb0002][-][fe1000][-] Mirtilli [00de50](2)[-],[f00003][-][FFA94D][作物][-][fb0002][-][fe1000][-] ブルーベリー [00de50](2)[-],[f00003][-][FFA94D][작물][-][fb0002][-][fe1000][-] 블루베리 [00de50](2)[-],[f00003][-][FFA94D][Plony][-][fb0002][-][fe1000][-] Czarne jagody [00de50](2)[-],[f00003][-][FFA94D][Cultivos][-][fb0002][-][fe1000][-] Mirtilos [00de50](2)[-],[f00003][-][FFA94D][Урожай][-][fb0002][-][fe1000][-] Черника [00de50](2)[-],[f00003][-][FFA94D][Mahsul][-][fb0002][-][fe1000][-] Yabanmersini [00de50](2)[-],[f00003][-][FFA94D][作物][-][fb0002][-][fe1000][-] 蓝莓 [00de50](2)[-],[f00003][-][FFA94D][作物][-][fb0002][-][fe1000][-] 藍莓 [00de50](2)[-]
foodCropCorn,items,Crop,,,,[f00003][-][FFA94D][Crops][-][fb0002][-][fe1000][-] Ear of Corn [00de50](2)[-],,[f00003][-][FFA94D][Ernte][-][fb0002][-][fe1000][-] Maiskolben [00de50](2)[-],[f00003][-][FFA94D][Cultivos][-][fb0002][-][fe1000][-] Mazorca de maíz [00de50](2)[-],[f00003][-][FFA94D][Cultures][-][fb0002][-][fe1000][-] Épi de maïs [00de50](2)[-],[f00003][-][FFA94D][Colture][-][fb0002][-][fe1000][-] Pannocchia cotta [00de50](2)[-],[f00003][-][FFA94D][作物][-][fb0002][-][fe1000][-] トウモロコシ [00de50](2)[-],[f00003][-][FFA94D][작물][-][fb0002][-][fe1000][-] 옥수수 한 대 [00de50](2)[-],[f00003][-][FFA94D][Plony][-][fb0002][-][fe1000][-] Świeża kukurydza [00de50](2)[-],[f00003][-][FFA94D][Cultivos][-][fb0002][-][fe1000][-] Espiga de Milho [00de50](2)[-],[f00003][-][FFA94D][Урожай][-][fb0002][-][fe1000][-] Кукурузный початок [00de50](2)[-],[f00003][-][FFA94D][Mahsul][-][fb0002][-][fe1000][-] Mısır Başağı [00de50](2)[-],[f00003][-][FFA94D][作物][-][fb0002][-][fe1000][-] 玉米穗 [00de50](2)[-],[f00003][-][FFA94D][作物][-][fb0002][-][fe1000][-] 玉米穗 [00de50](2)[-]
foodCropGraceCorn,items,Crop,,,,[f00003][-][FFA94D][Crops][-][fb0003][-][fe1000][-] Ear of Super Corn [00de50](3)[-],,[f00003][-][FFA94D][Ernte][-][fb0003][-][fe1000][-] Super-Maiskolben [00de50](3)[-],[f00003][-][FFA94D][Cultivos][-][fb0003][-][fe1000][-] Supermazorca de maíz [00de50](3)[-],[f00003][-][FFA94D][Cultures][-][fb0003][-][fe1000][-] Épi de super maïs [00de50](3)[-],[f00003][-][FFA94D][Colture][-][fb0003][-][fe1000][-] Pannocchia super [00de50](3)[-],[f00003][-][FFA94D][作物][-][fb0003][-][fe1000][-] スーパートウモロコシ [00de50](3)[-],[f00003][-][FFA94D][작물][-][fb0003][-][fe1000][-] 슈퍼 옥수수 한 대 [00de50](3)[-],[f00003][-][FFA94D][Plony][-][fb0003][-][fe1000][-] Świeża super kukurydza [00de50](3)[-],[f00003][-][FFA94D][Cultivos][-][fb0003][-][fe1000][-] Espiga de Supermilho [00de50](3)[-],[f00003][-][FFA94D][Урожай][-][fb0003][-][fe1000][-] Початок суперкукурузы [00de50](3)[-],[f00003][-][FFA94D][Mahsul][-][fb0003][-][fe1000][-] Süper Mısır Başağı [00de50](3)[-],[f00003][-][FFA94D][作物][-][fb0003][-][fe1000][-] 超级玉米穗 [00de50](3)[-],[f00003][-][FFA94D][作物][-][fb0003][-][fe1000][-] 超級玉米穗 [00de50](3)[-]
foodCropMushrooms,items,Crop,,,,[f00003][-][FFA94D][Crops][-][fb0002][-][fe1000][-] Mushrooms [00de50](2)[-],,[f00003][-][FFA94D][Ernte][-][fb0002][-][fe1000][-] Pilze [00de50](2)[-],[f00003][-][FFA94D][Cultivos][-][fb0002][-][fe1000][-] Setas [00de50](2)[-],[f00003][-][FFA94D][Cultures][-][fb0002][-][fe1000][-] Champignons [00de50](2)[-],[f00003][-][FFA94D][Colture][-][fb0002][-][fe1000][-] Funghi [00de50](2)[-],[f00003][-][FFA94D][作物][-][fb0002][-][fe1000][-] キノコ [00de50](2)[-],[f00003][-][FFA94D][작물][-][fb0002][-][fe1000][-] 버섯 [00de50](2)[-],[f00003][-][FFA94D][Plony][-][fb0002][-][fe1000][-] Grzyby [00de50](2)[-],[f00003][-][FFA94D][Cultivos][-][fb0002][-][fe1000][-] Cogumelos [00de50](2)[-],[f00003][-][FFA94D][Урожай][-][fb0002][-][fe1000][-] Грибы [00de50](2)[-],[f00003][-][FFA94D][Mahsul][-][fb0002][-][fe1000][-] Mantarlar [00de50](2)[-],[f00003][-][FFA94D][作物][-][fb0002][-][fe1000][-] 蘑菇 [00de50](2)[-],[f00003][-][FFA94D][作物][-][fb0002][-][fe1000][-] 蘑菇 [00de50](2)[-]
foodCropPotato,items,Crop,,,,[f00003][-][FFA94D][Crops][-][fb0002][-][fe1000][-] Potato [00de50](2)[-],,[f00003][-][FFA94D][Ernte][-][fb0002][-][fe1000][-] Kartoffel [00de50](2)[-],[f00003][-][FFA94D][Cultivos][-][fb0002][-][fe1000][-] Patata [00de50](2)[-],[f00003][-][FFA94D][Cultures][-][fb0002][-][fe1000][-] Pomme de terre [00de50](2)[-],[f00003][-][FFA94D][Colture][-][fb0002][-][fe1000][-] Patata [00de50](2)[-],[f00003][-][FFA94D][作物][-][fb0002][-][fe1000][-] ジャガイモ [00de50](2)[-],[f00003][-][FFA94D][작물][-][fb0002][-][fe1000][-] 감자 [00de50](2)[-],[f00003][-][FFA94D][Plony][-][fb0002][-][fe1000][-] Ziemniak [00de50](2)[-],[f00003][-][FFA94D][Cultivos][-][fb0002][-][fe1000][-] Batata [00de50](2)[-],[f00003][-][FFA94D][Урожай][-][fb0002][-][fe1000][-] Картофель [00de50](2)[-],[f00003][-][FFA94D][Mahsul][-][fb0002][-][fe1000][-] Patates [00de50](2)[-],[f00003][-][FFA94D][作物][-][fb0002][-][fe1000][-] 土豆 [00de50](2)[-],[f00003][-][FFA94D][作物][-][fb0002][-][fe1000][-] 土豆 [00de50](2)[-]
foodCropPumpkin,items,Crop,,,,[f00003][-][FFA94D][Crops][-][fb0003][-][fe1000][-] Pumpkin [00de50](3)[-],,[f00003][-][FFA94D][Ernte][-][fb0003][-][fe1000][-] Kürbis [00de50](3)[-],[f00003][-][FFA94D][Cultivos][-][fb0003][-][fe1000][-] Calabaza [00de50](3)[-],[f00003][-][FFA94D][Cultures][-][fb0003][-][fe1000][-] Citrouille [00de50](3)[-],[f00003][-][FFA94D][Colture][-][fb0003][-][fe1000][-] Zucca [00de50](3)[-],[f00003][-][FFA94D][作物][-][fb0003][-][fe1000][-] カボチャ [00de50](3)[-],[f00003][-][FFA94D][작물][-][fb0003][-][fe1000][-] 호박 [00de50](3)[-],[f00003][-][FFA94D][Plony][-][fb0003][-][fe1000][-] Dynia [00de50](3)[-],[f00003][-][FFA94D][Cultivos][-][fb0003][-][fe1000][-] Abóbora [00de50](3)[-],[f00003][-][FFA94D][Урожай][-][fb0003][-][fe1000][-] Тыква [00de50](3)[-],[f00003][-][FFA94D][Mahsul][-][fb0003][-][fe1000][-] Bal Kabağı [00de50](3)[-],[f00003][-][FFA94D][作物][-][fb0003][-][fe1000][-] 南瓜 [00de50](3)[-],[f00003][-][FFA94D][作物][-][fb0003][-][fe1000][-] 南瓜 [00de50](3)[-]
foodCropYuccaFruit,items,Crop,,,,[f00003][-][FFA94D][Crops][-][fb0002][-][fe1000][-] Yucca Fruit [00de50](2)[-],,[f00003][-][FFA94D][Ernte][-][fb0002][-][fe1000][-] Yucca-Frucht [00de50](2)[-],[f00003][-][FFA94D][Cultivos][-][fb0002][-][fe1000][-] Yuca [00de50](2)[-],[f00003][-][FFA94D][Cultures][-][fb0002][-][fe1000][-] Yucca [00de50](2)[-],[f00003][-][FFA94D][Colture][-][fb0002][-][fe1000][-] Frutto di yucca [00de50](2)[-],[f00003][-][FFA94D][作物][-][fb0002][-][fe1000][-] ユッカフルーツ [00de50](2)[-],[f00003][-][FFA94D][작물][-][fb0002][-][fe1000][-] 유카 열매 [00de50](2)[-],[f00003][-][FFA94D][Plony][-][fb0002][-][fe1000][-] Owoc jukki [00de50](2)[-],[f00003][-][FFA94D][Cultivos][-][fb0002][-][fe1000][-] Fruta de Yucca [00de50](2)[-],[f00003][-][FFA94D][Урожай][-][fb0002][-][fe1000][-] Юкка [00de50](2)[-],[f00003][-][FFA94D][Mahsul][-][fb0002][-][fe1000][-] Avize Ağacı Meyvesi [00de50](2)[-],[f00003][-][FFA94D][作物][-][fb0002][-][fe1000][-] 丝兰果实 [00de50](2)[-],[f00003][-][FFA94D][作物][-][fb0002][-][fe1000][-] 絲蘭果 [00de50](2)[-]
biomeWeatherItem1,items,Biome,,,,[FFA94D][Biome][-][dddd01][-][eeee01][-] Smoke Gear,,[FFA94D][Biom][-][dddd01][-][eeee01][-] Rauchausrüstung,[FFA94D][Bioma][-][dddd01][-][eeee01][-] Equipo antihumo,[FFA94D][Biome][-][dddd01][-][eeee01][-] Équipement anti-fumée,[FFA94D][Bioma][-][dddd01][-][eeee01][-] Equipaggiamento anti-fumo,[FFA94D][バイオーム][-][dddd01][-][eeee01][-] 濃煙装備,[FFA94D][바이옴][-][dddd01][-][eeee01][-] 연기 장비,[FFA94D][Biom][-][dddd01][-][eeee01][-] Sprzęt dymny,[FFA94D][Bioma][-][dddd01][-][eeee01][-] Equipamento de fumaça,[FFA94D][Биом][-][dddd01][-][eeee01][-] Антидымное снаряжение,[FFA94D][Biyom][-][dddd01][-][eeee01][-] Duman Ekipmanı,[FFA94D][群系][-][dddd01][-][eeee01][-] 防烟装备,[FFA94D][群系][-][dddd01][-][eeee01][-] 防煙裝備
biomeWeatherItem2,items,Biome,,,,[FFA94D][Biome][-][dddd01][-][eeee02][-] Desert Gear,,[FFA94D][Biom][-][dddd01][-][eeee02][-] Wüstenausrüstung,[FFA94D][Bioma][-][dddd01][-][eeee02][-] Equipo para el desierto,[FFA94D][Biome][-][dddd01][-][eeee02][-] Équipement du désert,[FFA94D][Bioma][-][dddd01][-][eeee02][-] Equipaggiamento da deserto,[FFA94D][バイオーム][-][dddd01][-][eeee02][-] 砂漠装備,[FFA94D][바이옴][-][dddd01][-][eeee02][-] 사막 장비,[FFA94D][Biom][-][dddd01][-][eeee02][-] Sprzęt pustynny,[FFA94D][Bioma][-][dddd01][-][eeee02][-] Equipamento de deserto,[FFA94D][Биом][-][dddd01][-][eeee02][-] Пустынное снаряжение,[FFA94D][Biyom][-][dddd01][-][eeee02][-] Çöl Ekipmanı,[FFA94D][群系][-][dddd01][-][eeee02][-] 沙漠装备,[FFA94D][群系][-][dddd01][-][eeee02][-] 沙漠裝備
biomeWeatherItem3,items,Biome,,,,[FFA94D][Biome][-][dddd01][-][eeee03][-] Snow Gear,,[FFA94D][Biom][-][dddd01][-][eeee03][-] Schneeausrüstung,[FFA94D][Bioma][-][dddd01][-][eeee03][-] Equipo para la nieve,[FFA94D][Biome][-][dddd01][-][eeee03][-] Équipement de neige,[FFA94D][Bioma][-][dddd01][-][eeee03][-] Equipaggiamento da neve,[FFA94D][バイオーム][-][dddd01][-][eeee03][-] 雪装備,[FFA94D][바이옴][-][dddd01][-][eeee03][-] 설원 장비,[FFA94D][Biom][-][dddd01][-][eeee03][-] Sprzęt śnieżny,[FFA94D][Bioma][-][dddd01][-][eeee03][-] Equipamento de neve,[FFA94D][Биом][-][dddd01][-][eeee03][-] Зимнее снаряжение,[FFA94D][Biyom][-][dddd01][-][eeee03][-] Kar Ekipmanı,[FFA94D][群系][-][dddd01][-][eeee03][-] 雪地装备,[FFA94D][群系][-][dddd01][-][eeee03][-] 雪地裝備
biomeWeatherItem4,items,Biome,,,,[FFA94D][Biome][-][dddd01][-][eeee04][-] Radiation Gear,,[FFA94D][Biom][-][dddd01][-][eeee04][-] Strahlungsausrüstung,[FFA94D][Bioma][-][dddd01][-][eeee04][-] Equipo antirradiación,[FFA94D][Biome][-][dddd01][-][eeee04][-] Équipement anti-radiations,[FFA94D][Bioma][-][dddd01][-][eeee04][-] Equipaggiamento anti-radiazioni,[FFA94D][バイオーム][-][dddd01][-][eeee04][-] 放射線装備,[FFA94D][바이옴][-][dddd01][-][eeee04][-] 방사능 장비,[FFA94D][Biom][-][dddd01][-][eeee04][-] Sprzęt radiacyjny,[FFA94D][Bioma][-][dddd01][-][eeee04][-] Equipamento de radiação,[FFA94D][Биом][-][dddd01][-][eeee04][-] Антирадиационное снаряжение,[FFA94D][Biyom][-][dddd01][-][eeee04][-] Radyasyon Ekipmanı,[FFA94D][群系][-][dddd01][-][eeee04][-] 防辐射装备,[FFA94D][群系][-][dddd01][-][eeee04][-] 防輻射裝備
foodChickenWings,items,Food,,,,[f00002][-][FFA94D][Food][-][fd0098][-][fe1000][-] Chicken Wings [00de50](98)[-],,[f00002][-][FFA94D][Nahrung][-][fd0098][-][fe1000][-] Chicken-Wings [00de50](98)[-],[f00002][-][FFA94D][Comida][-][fd0098][-][fe1000][-] Alitas de pollo [00de50](98)[-],[f00002][-][FFA94D][Nourriture][-][fd0098][-][fe1000][-] Ailes de poulet [00de50](98)[-],[f00002][-][FFA94D][Cibo][-][fd0098][-][fe1000][-] Alette di pollo [00de50](98)[-],[f00002][-][FFA94D][食料][-][fd0098][-][fe1000][-] 手羽先 [00de50](98)[-],[f00002][-][FFA94D][음식][-][fd0098][-][fe1000][-] 치킨윙 [00de50](98)[-],[f00002][-][FFA94D][Żywność][-][fd0098][-][fe1000][-] Skrzydełka z kurczaka [00de50](98)[-],[f00002][-][FFA94D][Comida][-][fd0098][-][fe1000][-] Asas de Frango [00de50](98)[-],[f00002][-][FFA94D][Еда][-][fd0098][-][fe1000][-] Куриные крылышки [00de50](98)[-],[f00002][-][FFA94D][Gıda][-][fd0098][-][fe1000][-] Tavuk Kanat [00de50](98)[-],[f00002][-][FFA94D][食物][-][fd0098][-][fe1000][-] 鸡翅 [00de50](98)[-],[f00002][-][FFA94D][食物][-][fd0098][-][fe1000][-] 雞翅 [00de50](98)[-]
foodChickenNuggets,items,Food,,,,[f00002][-][FFA94D][Food][-][fd0025][-][fe1000][-] Chicken Nuggets [00de50](25)[-],,[f00002][-][FFA94D][Nahrung][-][fd0025][-][fe1000][-] Chicken-Nuggets [00de50](25)[-],[f00002][-][FFA94D][Comida][-][fd0025][-][fe1000][-] Nuggets de pollo [00de50](25)[-],[f00002][-][FFA94D][Nourriture][-][fd0025][-][fe1000][-] Nuggets de poulet [00de50](25)[-],[f00002][-][FFA94D][Cibo][-][fd0025][-][fe1000][-] Crocchette di pollo [00de50](25)[-],[f00002][-][FFA94D][食料][-][fd0025][-][fe1000][-] チキンナゲット [00de50](25)[-],[f00002][-][FFA94D][음식][-][fd0025][-][fe1000][-] 치킨 너겟 [00de50](25)[-],[f00002][-][FFA94D][Żywność][-][fd0025][-][fe1000][-] Nuggetsy z kurczaka [00de50](25)[-],[f00002][-][FFA94D][Comida][-][fd0025][-][fe1000][-] Nuggets de Frango [00de50](25)[-],[f00002][-][FFA94D][Еда][-][fd0025][-][fe1000][-] Куриные наггетсы [00de50](25)[-],[f00002][-][FFA94D][Gıda][-][fd0025][-][fe1000][-] Tavuk Nugget [00de50](25)[-],[f00002][-][FFA94D][食物][-][fd0025][-][fe1000][-] 鸡块 [00de50](25)[-],[f00002][-][FFA94D][食物][-][fd0025][-][fe1000][-] 雞塊 [00de50](25)[-]
foodAshChickenStew,items,Food,,,,[f00002][-][FFA94D][Food][-][fd0075][-][fe1020][-] Ash Chicken Stew [00de50](75)[-][00c8ff](20)[-],,[f00002][-][FFA94D][Nahrung][-][fd0075][-][fe1020][-] Aschehuhn-Eintopf [00de50](75)[-][00c8ff](20)[-],[f00002][-][FFA94D][Comida][-][fd0075][-][fe1020][-] Estofado de pollo ceniza [00de50](75)[-][00c8ff](20)[-],[f00002][-][FFA94D][Nourriture][-][fd0075][-][fe1020][-] Ragoût de poulet cendreux [00de50](75)[-][00c8ff](20)[-],[f00002][-][FFA94D][Cibo][-][fd0075][-][fe1020][-] Stufato di pollo cenere [00de50](75)[-][00c8ff](20)[-],[f00002][-][FFA94D][食料][-][fd0075][-][fe1020][-] アッシュチキンシチュー [00de50](75)[-][00c8ff](20)[-],[f00002][-][FFA94D][음식][-][fd0075][-][fe1020][-] 재투성이 닭고기 수프 [00de50](75)[-][00c8ff](20)[-],[f00002][-][FFA94D][Żywność][-][fd0075][-][fe1020][-] Gulasz z kurczaka i popiołu [00de50](75)[-][00c8ff](20)[-],[f00002][-][FFA94D][Comida][-][fd0075][-][fe1020][-] Galinhada com Cinzas [00de50](75)[-][00c8ff](20)[-],[f00002][-][FFA94D][Еда][-][fd0075][-][fe1020][-] Пепельное куриное жаркое [00de50](75)[-][00c8ff](20)[-],[f00002][-][FFA94D][Gıda][-][fd0075][-][fe1020][-] Küllü Tavuk Şiş [00de50](75)[-][00c8ff](20)[-],[f00002][-][FFA94D][食物][-][fd0075][-][fe1020][-] 灰烬鸡肉炖 [00de50](75)[-][00c8ff](20)[-],[f00002][-][FFA94D][食物][-][fd0075][-][fe1020][-] 灰燼燉雞 [00de50](75)[-][00c8ff](20)[-]
foodRoadrunnerChickenJerky,items,Food,,,,[f00002][-][FFA94D][Food][-][fd0030][-][fe1000][-] Roadrunner Chicken Jerky [00de50](30)[-],,[f00002][-][FFA94D][Nahrung][-][fd0030][-][fe1000][-] Gedörrtes Wegekuckuck-Fleisch [00de50](30)[-],[f00002][-][FFA94D][Comida][-][fd0030][-][fe1000][-] Carne seca de pollo correcaminos [00de50](30)[-],[f00002][-][FFA94D][Nourriture][-][fd0030][-][fe1000][-] Viande séchée de géocoucou [00de50](30)[-],[f00002][-][FFA94D][Cibo][-][fd0030][-][fe1000][-] Strisce di carne essiccata di pollo corridore [00de50](30)[-],[f00002][-][FFA94D][食料][-][fd0030][-][fe1000][-] ロードランナー・チキンジャーキー [00de50](30)[-],[f00002][-][FFA94D][음식][-][fd0030][-][fe1000][-] 로드런너 닭 육포 [00de50](30)[-],[f00002][-][FFA94D][Żywność][-][fd0030][-][fe1000][-] Suszony kurczak Roadrunner [00de50](30)[-],[f00002][-][FFA94D][Comida][-][fd0030][-][fe1000][-] Carne Seca de Frango Corredor [00de50](30)[-],[f00002][-][FFA94D][Еда][-][fd0030][-][fe1000][-] Вяленое мясо курицы-бегуна [00de50](30)[-],[f00002][-][FFA94D][Gıda][-][fd0030][-][fe1000][-] Kurutulmuş Roadrunner Tavuk Eti [00de50](30)[-],[f00002][-][FFA94D][食物][-][fd0030][-][fe1000][-] 走鹃鸡肉干 [00de50](30)[-],[f00002][-][FFA94D][食物][-][fd0030][-][fe1000][-] 走鵑雞肉乾 [00de50](30)[-]
foodFrostbiteSmoothie,items,Biome,,,,[FFA94D][Biome][-][dddd02][-][eeee03][-] Scorcher Stew,,[FFA94D][Biom][-][dddd02][-][eeee03][-] Feuereintopf,[FFA94D][Bioma][-][dddd02][-][eeee03][-] Estofado abrasador,[FFA94D][Biome][-][dddd02][-][eeee03][-] Ragoût brûlant,[FFA94D][Bioma][-][dddd02][-][eeee03][-] Stufato rovente,[FFA94D][バイオーム][-][dddd02][-][eeee03][-] スコーチャー・シチュー,[FFA94D][바이옴][-][dddd02][-][eeee03][-] 불타는 스튜,[FFA94D][Biom][-][dddd02][-][eeee03][-] Skwarny gulasz,[FFA94D][Bioma][-][dddd02][-][eeee03][-] Ensopado Escaldante,[FFA94D][Биом][-][dddd02][-][eeee03][-] Горячий гуляш,[FFA94D][Biyom][-][dddd02][-][eeee03][-] İç Kavuran Yahni,[FFA94D][群系][-][dddd02][-][eeee03][-] 灼热炖肉,[FFA94D][群系][-][dddd02][-][eeee03][-] 灼熱燉湯
foodOasisSmoothie,items,Biome,,,,[FFA94D][Biome][-][dddd02][-][eeee02][-] Sunstroke Tonic,,[FFA94D][Biom][-][dddd02][-][eeee02][-] Sonnenstich-Tonikum,[FFA94D][Bioma][-][dddd02][-][eeee02][-] Tónico contra la insolación,[FFA94D][Biome][-][dddd02][-][eeee02][-] Tonic anti-coup de chaleur,[FFA94D][Bioma][-][dddd02][-][eeee02][-] Tonico anti-insolazione,[FFA94D][バイオーム][-][dddd02][-][eeee02][-] サンストローク・トニック,[FFA94D][바이옴][-][dddd02][-][eeee02][-] 일사병 토닉,[FFA94D][Biom][-][dddd02][-][eeee02][-] Udarowy tonik,[FFA94D][Bioma][-][dddd02][-][eeee02][-] Tônico de Insolação,[FFA94D][Биом][-][dddd02][-][eeee02][-] Тоник «Солнечный удар»,[FFA94D][Biyom][-][dddd02][-][eeee02][-] Güneş Çarpması Toniği,[FFA94D][群系][-][dddd02][-][eeee02][-] 中暑补剂,[FFA94D][群系][-][dddd02][-][eeee02][-] 中暑藥劑
foodBurntSmoothie,items,Biome,,,,[FFA94D][Biome][-][dddd02][-][eeee01][-] Black Lung Serum,,[FFA94D][Biom][-][dddd02][-][eeee01][-] Anthrakoseserum,[FFA94D][Bioma][-][dddd02][-][eeee01][-] Suero de pulmón negro,[FFA94D][Biome][-][dddd02][-][eeee01][-] Sérum contre l'anthracose,[FFA94D][Bioma][-][dddd02][-][eeee01][-] Siero per polmoni neri,[FFA94D][バイオーム][-][dddd02][-][eeee01][-] ブラックラング・セラム,[FFA94D][바이옴][-][dddd02][-][eeee01][-] 검은 폐 세럼,[FFA94D][Biom][-][dddd02][-][eeee01][-] Serum czarnego płuca,[FFA94D][Bioma][-][dddd02][-][eeee01][-] Soro de Pulmão Preto,[FFA94D][Биом][-][dddd02][-][eeee01][-] Сыворотка «Черные легкие»,[FFA94D][Biyom][-][dddd02][-][eeee01][-] Siyah Akciğer Serumu,[FFA94D][群系][-][dddd02][-][eeee01][-] 黑肺血清,[FFA94D][群系][-][dddd02][-][eeee01][-] 黑肺血清
foodAtomicSmoothie,items,Biome,,,,[FFA94D][Biome][-][dddd02][-][eeee04][-] Fallout Flush,,[FFA94D][Biom][-][dddd02][-][eeee04][-] Fallout Flush,[FFA94D][Bioma][-][dddd02][-][eeee04][-] Fluido radiactivo,[FFA94D][Biome][-][dddd02][-][eeee04][-] Cocktail anti-radiations,[FFA94D][Bioma][-][dddd02][-][eeee04][-] Soluzione anti-radiazioni,[FFA94D][バイオーム][-][dddd02][-][eeee04][-] フォールアウト・フラッシュ,[FFA94D][바이옴][-][dddd02][-][eeee04][-] 낙진 플러쉬,[FFA94D][Biom][-][dddd02][-][eeee04][-] Nuklearny wywar,[FFA94D][Bioma][-][dddd02][-][eeee04][-] Antirradiação,[FFA94D][Биом][-][dddd02][-][eeee04][-] Атомный укол,[FFA94D][Biyom][-][dddd02][-][eeee04][-] Radyasyon Arındırıcı,[FFA94D][群系][-][dddd02][-][eeee04][-] 辐射净化剂,[FFA94D][群系][-][dddd02][-][eeee04][-] 輻塵清劑
foodCropMushroomsRadiated,items,Crop,,,,[f00003][-][FFA94D][Crops][-][fb0002][-][fe1000][-] Radiated Mushrooms [00de50](2)[-],,[f00003][-][FFA94D][Ernte][-][fb0002][-][fe1000][-] Verstrahlte Pilze [00de50](2)[-],[f00003][-][FFA94D][Cultivos][-][fb0002][-][fe1000][-] Setas irradiadas [00de50](2)[-],[f00003][-][FFA94D][Cultures][-][fb0002][-][fe1000][-] Champignons irradiés [00de50](2)[-],[f00003][-][FFA94D][Colture][-][fb0002][-][fe1000][-] Funghi irradiati [00de50](2)[-],[f00003][-][FFA94D][作物][-][fb0002][-][fe1000][-] 汚染されたキノコ [00de50](2)[-],[f00003][-][FFA94D][작물][-][fb0002][-][fe1000][-] 방사능 버섯 [00de50](2)[-],[f00003][-][FFA94D][Plony][-][fb0002][-][fe1000][-] Napromieniowane grzyby [00de50](2)[-],[f00003][-][FFA94D][Cultivos][-][fb0002][-][fe1000][-] Cogumelos radioativos [00de50](2)[-],[f00003][-][FFA94D][Урожай][-][fb0002][-][fe1000][-] Облученные грибы [00de50](2)[-],[f00003][-][FFA94D][Mahsul][-][fb0002][-][fe1000][-] Radyasyonlu Mantarlar [00de50](2)[-],[f00003][-][FFA94D][作物][-][fb0002][-][fe1000][-] 辐射蘑菇 [00de50](2)[-],[f00003][-][FFA94D][作物][-][fb0002][-][fe1000][-] 輻射蘑菇 [00de50](2)[-]
resourceCropAloeLeaf,items,Crop,,,,[f00003][-][FFA94D][Crops][-][fb0000][-][fe1000][-] Aloe Vera Leaf,,[f00003][-][FFA94D][Ernte][-][fb0000][-][fe1000][-] Aloe-Vera-Blatt,[f00003][-][FFA94D][Cultivos][-][fb0000][-][fe1000][-] Hoja de aloe vera,[f00003][-][FFA94D][Cultures][-][fb0000][-][fe1000][-] Feuille d'aloe vera,[f00003][-][FFA94D][Colture][-][fb0000][-][fe1000][-] Foglia di aloe vera,[f00003][-][FFA94D][作物][-][fb0000][-][fe1000][-] アロエの葉,[f00003][-][FFA94D][작물][-][fb0000][-][fe1000][-] 알로에베라 잎,[f00003][-][FFA94D][Plony][-][fb0000][-][fe1000][-] Liść aloesu,[f00003][-][FFA94D][Cultivos][-][fb0000][-][fe1000][-] Folha de Aloe Vera,[f00003][-][FFA94D][Урожай][-][fb0000][-][fe1000][-] Лист алоэ вера,[f00003][-][FFA94D][Mahsul][-][fb0000][-][fe1000][-] Aloe Vera Yaprağı,[f00003][-][FFA94D][作物][-][fb0000][-][fe1000][-] 芦荟叶,[f00003][-][FFA94D][作物][-][fb0000][-][fe1000][-] 蘆薈葉
resourceCropChrysanthemumPlant,items,Crop,,,,[f00003][-][FFA94D][Crops][-][fb0000][-][fe1000][-] Chrysanthemum,,[f00003][-][FFA94D][Ernte][-][fb0000][-][fe1000][-] Chrysantheme,[f00003][-][FFA94D][Cultivos][-][fb0000][-][fe1000][-] Crisantemo,[f00003][-][FFA94D][Cultures][-][fb0000][-][fe1000][-] Chrysanthème,[f00003][-][FFA94D][Colture][-][fb0000][-][fe1000][-] Crisantemo,[f00003][-][FFA94D][作物][-][fb0000][-][fe1000][-] 菊,[f00003][-][FFA94D][작물][-][fb0000][-][fe1000][-] 국화,[f00003][-][FFA94D][Plony][-][fb0000][-][fe1000][-] Chryzantema,[f00003][-][FFA94D][Cultivos][-][fb0000][-][fe1000][-] Crisântemo,[f00003][-][FFA94D][Урожай][-][fb0000][-][fe1000][-] Хризантема,[f00003][-][FFA94D][Mahsul][-][fb0000][-][fe1000][-] Krizantem,[f00003][-][FFA94D][作物][-][fb0000][-][fe1000][-] 菊花,[f00003][-][FFA94D][作物][-][fb0000][-][fe1000][-] 菊花
resourceCropCoffeeBeans,items,Crop,,,,[f00003][-][FFA94D][Crops][-][fb0000][-][fe1000][-] Coffee Beans,,[f00003][-][FFA94D][Ernte][-][fb0000][-][fe1000][-] Kaffeebohnen,[f00003][-][FFA94D][Cultivos][-][fb0000][-][fe1000][-] Granos de café,[f00003][-][FFA94D][Cultures][-][fb0000][-][fe1000][-] Grains de café,[f00003][-][FFA94D][Colture][-][fb0000][-][fe1000][-] Chicchi di caffè,[f00003][-][FFA94D][作物][-][fb0000][-][fe1000][-] コーヒー豆,[f00003][-][FFA94D][작물][-][fb0000][-][fe1000][-] 커피콩,[f00003][-][FFA94D][Plony][-][fb0000][-][fe1000][-] Ziarna kawy,[f00003][-][FFA94D][Cultivos][-][fb0000][-][fe1000][-] Grãos de Café,[f00003][-][FFA94D][Урожай][-][fb0000][-][fe1000][-] Кофейные зерна,[f00003][-][FFA94D][Mahsul][-][fb0000][-][fe1000][-] Kahve Çekirdekleri,[f00003][-][FFA94D][作物][-][fb0000][-][fe1000][-] 咖啡豆,[f00003][-][FFA94D][作物][-][fb0000][-][fe1000][-] 咖啡豆
resourceCropCottonPlant,items,Crop,,,,[f00003][-][FFA94D][Crops][-][fb0000][-][fe1000][-] Cotton,,[f00003][-][FFA94D][Ernte][-][fb0000][-][fe1000][-] Baumwolle,[f00003][-][FFA94D][Cultivos][-][fb0000][-][fe1000][-] Algodón,[f00003][-][FFA94D][Cultures][-][fb0000][-][fe1000][-] Coton,[f00003][-][FFA94D][Colture][-][fb0000][-][fe1000][-] Cotone,[f00003][-][FFA94D][作物][-][fb0000][-][fe1000][-] 綿花,[f00003][-][FFA94D][작물][-][fb0000][-][fe1000][-] 목화,[f00003][-][FFA94D][Plony][-][fb0000][-][fe1000][-] Bawełna,[f00003][-][FFA94D][Cultivos][-][fb0000][-][fe1000][-] Algodão,[f00003][-][FFA94D][Урожай][-][fb0000][-][fe1000][-] Хлопок,[f00003][-][FFA94D][Mahsul][-][fb0000][-][fe1000][-] Pamuk,[f00003][-][FFA94D][作物][-][fb0000][-][fe1000][-] 棉花,[f00003][-][FFA94D][作物][-][fb0000][-][fe1000][-] 棉花
resourceCropGoldenrodPlant,items,Crop,,,,[f00003][-][FFA94D][Crops][-][fb0000][-][fe1000][-] Goldenrod Flower,,[f00003][-][FFA94D][Ernte][-][fb0000][-][fe1000][-] Goldrutenpflanze,[f00003][-][FFA94D][Cultivos][-][fb0000][-][fe1000][-] Flor de vara de oro,[f00003][-][FFA94D][Cultures][-][fb0000][-][fe1000][-] Fleur de gerbe d'or,[f00003][-][FFA94D][Colture][-][fb0000][-][fe1000][-] Fiore di verga d'oro,[f00003][-][FFA94D][作物][-][fb0000][-][fe1000][-] アキノキリンソウの花,[f00003][-][FFA94D][작물][-][fb0000][-][fe1000][-] 미역취 꽃,[f00003][-][FFA94D][Plony][-][fb0000][-][fe1000][-] Nawłoć — kwiat,[f00003][-][FFA94D][Cultivos][-][fb0000][-][fe1000][-] Flor de solidago,[f00003][-][FFA94D][Урожай][-][fb0000][-][fe1000][-] Цветок золотарника,[f00003][-][FFA94D][Mahsul][-][fb0000][-][fe1000][-] Altınbaşak Çiçeği,[f00003][-][FFA94D][作物][-][fb0000][-][fe1000][-] 秋麒麟花,[f00003][-][FFA94D][作物][-][fb0000][-][fe1000][-] 麒麟草花
resourceCropHopsFlower,items,Crop,,,,[f00003][-][FFA94D][Crops][-][fb0000][-][fe1000][-] Hops Flower,,[f00003][-][FFA94D][Ernte][-][fb0000][-][fe1000][-] Hopfenblume,[f00003][-][FFA94D][Cultivos][-][fb0000][-][fe1000][-] Flor del lúpulo,[f00003][-][FFA94D][Cultures][-][fb0000][-][fe1000][-] Fleur de houblon,[f00003][-][FFA94D][Colture][-][fb0000][-][fe1000][-] Fiore di luppolo,[f00003][-][FFA94D][作物][-][fb0000][-][fe1000][-] ホップの花,[f00003][-][FFA94D][작물][-][fb0000][-][fe1000][-] 홉,[f00003][-][FFA94D][Plony][-][fb0000][-][fe1000][-] Szyszki chmielu,[f00003][-][FFA94D][Cultivos][-][fb0000][-][fe1000][-] Lúpulo,[f00003][-][FFA94D][Урожай][-][fb0000][-][fe1000][-] Цветок хмеля,[f00003][-][FFA94D][Mahsul][-][fb0000][-][fe1000][-] Şerbetçiotu Çiçeği,[f00003][-][FFA94D][作物][-][fb0000][-][fe1000][-] 啤酒花,[f00003][-][FFA94D][作物][-][fb0000][-][fe1000][-] 蛇麻草花
drinkCanMegaCrush,items,Drink-Special,,,,[f00001][-][FFA94D][Drink][-][ed0060][-][ee1000][-] Mega Crush [00c8ff](60)[-],,[f00001][-][FFA94D][Getränk][-][ed0060][-][ee1000][-] Mega Crush [00c8ff](60)[-],[f00001][-][FFA94D][Bebida][-][ed0060][-][ee1000][-] Mega Choque [00c8ff](60)[-],[f00001][-][FFA94D][Boisson][-][ed0060][-][ee1000][-] Mega Crush [00c8ff](60)[-],[f00001][-][FFA94D][Bevanda][-][ed0060][-][ee1000][-] Mega crush [00c8ff](60)[-],[f00001][-][FFA94D][飲み物][-][ed0060][-][ee1000][-] メガクラッシュ [00c8ff](60)[-],[f00001][-][FFA94D][음료][-][ed0060][-][ee1000][-] 메가 크러시 [00c8ff](60)[-],[f00001][-][FFA94D][Napój][-][ed0060][-][ee1000][-] Mega Miazga [00c8ff](60)[-],[f00001][-][FFA94D][Bebida][-][ed0060][-][ee1000][-] Esmaga Cola [00c8ff](60)[-],[f00001][-][FFA94D][Напиток][-][ed0060][-][ee1000][-] Мегадавка [00c8ff](60)[-],[f00001][-][FFA94D][İçecek][-][ed0060][-][ee1000][-] Mega Ezme [00c8ff](60)[-],[f00001][-][FFA94D][饮料][-][ed0060][-][ee1000][-] 碾压王 [00c8ff](60)[-],[f00001][-][FFA94D][飲料][-][ed0060][-][ee1000][-] 超級粉碎水 [00c8ff](60)[-]
drinkJarBeer,items,Special,,,,[f00005][-][FFA94D][Special][-][a00005][-] Beer [DECEA3](I)[-],,[f00005][-][FFA94D][Spezial][-][a00005][-] Bier [DECEA3](I)[-],[f00005][-][FFA94D][Especial][-][a00005][-] Cerveza [DECEA3](I)[-],[f00005][-][FFA94D][Spécial][-][a00005][-] Bière [DECEA3](I)[-],[f00005][-][FFA94D][Speciale][-][a00005][-] Birra [DECEA3](I)[-],[f00005][-][FFA94D][スペシャル][-][a00005][-] ビール [DECEA3](I)[-],[f00005][-][FFA94D][스페셜][-][a00005][-] 맥주 [DECEA3](I)[-],[f00005][-][FFA94D][Specjalne][-][a00005][-] Piwo [DECEA3](I)[-],[f00005][-][FFA94D][Especial][-][a00005][-] Cerveja [DECEA3](I)[-],[f00005][-][FFA94D][Особое][-][a00005][-] Пиво [DECEA3](I)[-],[f00005][-][FFA94D][Özel][-][a00005][-] Bira [DECEA3](I)[-],[f00005][-][FFA94D][特殊][-][a00005][-] 啤酒 [DECEA3](I)[-],[f00005][-][FFA94D][特殊][-][a00005][-] 啤酒 [DECEA3](I)[-]
drinkJarBlackStrapCoffee,items,Drink,,,,[f00001][-][FFA94D][Drink][-][ed0024][-][ee1000][-] Blackstrap Coffee [00c8ff](24)[-],,[f00001][-][FFA94D][Getränk][-][ed0024][-][ee1000][-] Melasse-Kaffee [00c8ff](24)[-],[f00001][-][FFA94D][Bebida][-][ed0024][-][ee1000][-] Café de melaza [00c8ff](24)[-],[f00001][-][FFA94D][Boisson][-][ed0024][-][ee1000][-] Café Blackstrap [00c8ff](24)[-],[f00001][-][FFA94D][Bevanda][-][ed0024][-][ee1000][-] Melassa di caffè [00c8ff](24)[-],[f00001][-][FFA94D][飲み物][-][ed0024][-][ee1000][-] ブラックストラップコーヒー [00c8ff](24)[-],[f00001][-][FFA94D][음료][-][ed0024][-][ee1000][-] 블랙스트랩 커피 [00c8ff](24)[-],[f00001][-][FFA94D][Napój][-][ed0024][-][ee1000][-] Kawa Blackstrap [00c8ff](24)[-],[f00001][-][FFA94D][Bebida][-][ed0024][-][ee1000][-] Café de Melaço [00c8ff](24)[-],[f00001][-][FFA94D][Напиток][-][ed0024][-][ee1000][-] Кофе рудокопов [00c8ff](24)[-],[f00001][-][FFA94D][İçecek][-][ed0024][-][ee1000][-] Kahve Pekmezi [00c8ff](24)[-],[f00001][-][FFA94D][饮料][-][ed0024][-][ee1000][-] 黑带咖啡 [00c8ff](24)[-],[f00001][-][FFA94D][飲料][-][ed0024][-][ee1000][-] 黑糖咖啡 [00c8ff](24)[-]
drinkJarBoiledWater,items,Drink,,,,[f00001][-][FFA94D][Drink][-][ed0020][-][ee1000][-] Water [00c8ff](20)[-][DECEA3](I)[-],,[f00001][-][FFA94D][Getränk][-][ed0020][-][ee1000][-] Wasser [00c8ff](20)[-][DECEA3](I)[-],[f00001][-][FFA94D][Bebida][-][ed0020][-][ee1000][-] Agua [00c8ff](20)[-][DECEA3](I)[-],[f00001][-][FFA94D][Boisson][-][ed0020][-][ee1000][-] Eau [00c8ff](20)[-][DECEA3](I)[-],[f00001][-][FFA94D][Bevanda][-][ed0020][-][ee1000][-] Acqua [00c8ff](20)[-][DECEA3](I)[-],[f00001][-][FFA94D][飲み物][-][ed0020][-][ee1000][-] 水 [00c8ff](20)[-][DECEA3](I)[-],[f00001][-][FFA94D][음료][-][ed0020][-][ee1000][-] 물 [00c8ff](20)[-][DECEA3](I)[-],[f00001][-][FFA94D][Napój][-][ed0020][-][ee1000][-] Woda [00c8ff](20)[-][DECEA3](I)[-],[f00001][-][FFA94D][Bebida][-][ed0020][-][ee1000][-] Água [00c8ff](20)[-][DECEA3](I)[-],[f00001][-][FFA94D][Напиток][-][ed0020][-][ee1000][-] Вода [00c8ff](20)[-][DECEA3](I)[-],[f00001][-][FFA94D][İçecek][-][ed0020][-][ee1000][-] Su [00c8ff](20)[-][DECEA3](I)[-],[f00001][-][FFA94D][饮料][-][ed0020][-][ee1000][-] 水 [00c8ff](20)[-][DECEA3](I)[-],[f00001][-][FFA94D][飲料][-][ed0020][-][ee1000][-] 水 [00c8ff](20)[-][DECEA3](I)[-]
drinkJarCoffee,items,Drink,,,,[f00001][-][FFA94D][Drink][-][ed0024][-][ee1000][-] Coffee [00c8ff](24)[-],,[f00001][-][FFA94D][Getränk][-][ed0024][-][ee1000][-] Kaffee [00c8ff](24)[-],[f00001][-][FFA94D][Bebida][-][ed0024][-][ee1000][-] Café [00c8ff](24)[-],[f00001][-][FFA94D][Boisson][-][ed0024][-][ee1000][-] Café [00c8ff](24)[-],[f00001][-][FFA94D][Bevanda][-][ed0024][-][ee1000][-] Caffè [00c8ff](24)[-],[f00001][-][FFA94D][飲み物][-][ed0024][-][ee1000][-] コーヒー [00c8ff](24)[-],[f00001][-][FFA94D][음료][-][ed0024][-][ee1000][-] 커피 [00c8ff](24)[-],[f00001][-][FFA94D][Napój][-][ed0024][-][ee1000][-] Kawa [00c8ff](24)[-],[f00001][-][FFA94D][Bebida][-][ed0024][-][ee1000][-] Café [00c8ff](24)[-],[f00001][-][FFA94D][Напиток][-][ed0024][-][ee1000][-] Кофе [00c8ff](24)[-],[f00001][-][FFA94D][İçecek][-][ed0024][-][ee1000][-] Kahve [00c8ff](24)[-],[f00001][-][FFA94D][饮料][-][ed0024][-][ee1000][-] 咖啡 [00c8ff](24)[-],[f00001][-][FFA94D][飲料][-][ed0024][-][ee1000][-] 咖啡 [00c8ff](24)[-]
drinkJarGoldenRodTea,items,Drink,,,,[f00001][-][FFA94D][Drink][-][ed0024][-][ee1000][-] Goldenrod Tea [00c8ff](24)[-],,[f00001][-][FFA94D][Getränk][-][ed0024][-][ee1000][-] Goldrutentee [00c8ff](24)[-],[f00001][-][FFA94D][Bebida][-][ed0024][-][ee1000][-] Té de vara de oro [00c8ff](24)[-],[f00001][-][FFA94D][Boisson][-][ed0024][-][ee1000][-] Thé de gerbe d'or [00c8ff](24)[-],[f00001][-][FFA94D][Bevanda][-][ed0024][-][ee1000][-] Infuso di verga d'oro [00c8ff](24)[-],[f00001][-][FFA94D][飲み物][-][ed0024][-][ee1000][-] アキノキリンソウ茶 [00c8ff](24)[-],[f00001][-][FFA94D][음료][-][ed0024][-][ee1000][-] 미역취 차 [00c8ff](24)[-],[f00001][-][FFA94D][Napój][-][ed0024][-][ee1000][-] Herbata z nawłoci [00c8ff](24)[-],[f00001][-][FFA94D][Bebida][-][ed0024][-][ee1000][-] Chá de solidago [00c8ff](24)[-],[f00001][-][FFA94D][Напиток][-][ed0024][-][ee1000][-] Чай из золотарника [00c8ff](24)[-],[f00001][-][FFA94D][İçecek][-][ed0024][-][ee1000][-] Altınbaşak Çayı [00c8ff](24)[-],[f00001][-][FFA94D][饮料][-][ed0024][-][ee1000][-] 秋麒麟茶 [00c8ff](24)[-],[f00001][-][FFA94D][飲料][-][ed0024][-][ee1000][-] 麒麟草茶 [00c8ff](24)[-]
drinkJarGrandpasAwesomeSauce,items,Special,,,,[f00005][-][FFA94D][Special][-][a00001][-] Grandpa's Awesome Sauce,,[f00005][-][FFA94D][Spezial][-][a00001][-] Großvaters irre Sauce,[f00005][-][FFA94D][Especial][-][a00001][-] Increíble salsa del abuelo,[f00005][-][FFA94D][Spécial][-][a00001][-] La bonne sauce de papy,[f00005][-][FFA94D][Speciale][-][a00001][-] Super salsa del nonno,[f00005][-][FFA94D][スペシャル][-][a00001][-] おじいちゃんの素敵なソース,[f00005][-][FFA94D][스페셜][-][a00001][-] 할아버지의 끝내주는 소스,[f00005][-][FFA94D][Specjalne][-][a00001][-] Kozacki sos dziadunia,[f00005][-][FFA94D][Especial][-][a00001][-] Molho especial do vovô,[f00005][-][FFA94D][Особое][-][a00001][-] Классное дедушкино пойло,[f00005][-][FFA94D][Özel][-][a00001][-] Dedenin Muhteşem Sosu,[f00005][-][FFA94D][特殊][-][a00001][-] 祖父的美味酱,[f00005][-][FFA94D][特殊][-][a00001][-] 爺棒醬
drinkJarGrandpasForgettingElixir,items,Special,,,,[f00005][-][FFA94D][Special][-][a00002][-] Grandpa's Fergit'n Elixir,,[f00005][-][FFA94D][Spezial][-][a00002][-] Großvaters Vergisselexir,[f00005][-][FFA94D][Especial][-][a00002][-] Elixir del olvido del abuelo,[f00005][-][FFA94D][Spécial][-][a00002][-] Élixir d'oubli de papy,[f00005][-][FFA94D][Speciale][-][a00002][-] Elisir dell'oblio del nonno,[f00005][-][FFA94D][スペシャル][-][a00002][-] おじいちゃんの健忘エリクサー,[f00005][-][FFA94D][스페셜][-][a00002][-] 할아버지의 깜빡깜빡 영약,[f00005][-][FFA94D][Specjalne][-][a00002][-] Eliksir sklerozy dziadunia,[f00005][-][FFA94D][Especial][-][a00002][-] Elixir do esquecimento do vovô,[f00005][-][FFA94D][Особое][-][a00002][-] Дедушкин эликсир слабой памяти,[f00005][-][FFA94D][Özel][-][a00002][-] Dedenin Unutkanlık İksiri,[f00005][-][FFA94D][特殊][-][a00002][-] 祖父的遗忘妙药,[f00005][-][FFA94D][特殊][-][a00002][-] 遺忘聖水
drinkJarGrandpasLearningElixir,items,Special,,,,[f00005][-][FFA94D][Special][-][a00003][-] Grandpa's Learnin' Elixir,,[f00005][-][FFA94D][Spezial][-][a00003][-] Großvaters Lernelixier,[f00005][-][FFA94D][Especial][-][a00003][-] Elixir del aprendizaje del abuelo,[f00005][-][FFA94D][Spécial][-][a00003][-] Élixir d'apprentissage de papy,[f00005][-][FFA94D][Speciale][-][a00003][-] Elisir dell'apprendimento del nonno,[f00005][-][FFA94D][スペシャル][-][a00003][-] おじいちゃんの学習エリクサー,[f00005][-][FFA94D][스페셜][-][a00003][-] 할아버지의 학습 영약,[f00005][-][FFA94D][Specjalne][-][a00003][-] Eliksir wiedzy dziadunia,[f00005][-][FFA94D][Especial][-][a00003][-] Elixir de Aprendizagem do Vovô,[f00005][-][FFA94D][Особое][-][a00003][-] Дедушкин эликсир для учебы,[f00005][-][FFA94D][Özel][-][a00003][-] Dedenin Zihin Açan İksiri,[f00005][-][FFA94D][特殊][-][a00003][-] 祖父的学习妙药,[f00005][-][FFA94D][特殊][-][a00003][-] 智慧聖水
drinkJarGrandpasMoonshine,items,Special,,,,[f00005][-][FFA94D][Special][-][a00004][-] Grandpa's Moonshine,,[f00005][-][FFA94D][Spezial][-][a00004][-] Großvaters Mondschein,[f00005][-][FFA94D][Especial][-][a00004][-] Alcohol destilado ilegalmente del abuelo,[f00005][-][FFA94D][Spécial][-][a00004][-] Alcool de contrebande de papy,[f00005][-][FFA94D][Speciale][-][a00004][-] Whisky clandestino del nonno,[f00005][-][FFA94D][スペシャル][-][a00004][-] おじいちゃんの密造酒,[f00005][-][FFA94D][스페셜][-][a00004][-] 할아버지의 밀주,[f00005][-][FFA94D][Specjalne][-][a00004][-] Księżycówka dziadunia,[f00005][-][FFA94D][Especial][-][a00004][-] Birita do vovô,[f00005][-][FFA94D][Особое][-][a00004][-] Дедушкин самогон,[f00005][-][FFA94D][Özel][-][a00004][-] Dedenin Ev Yapımı Likörü,[f00005][-][FFA94D][特殊][-][a00004][-] 祖父的私酒,[f00005][-][FFA94D][特殊][-][a00004][-] 爺爺的私釀酒
drinkJarPureMineralWater,items,Drink,,,,[f00001][-][FFA94D][Drink][-][ed0060][-][ee1000][-] Pure Mineral Water [00c8ff](60)[-],,[f00001][-][FFA94D][Getränk][-][ed0060][-][ee1000][-] Reines Mineralwasser [00c8ff](60)[-],[f00001][-][FFA94D][Bebida][-][ed0060][-][ee1000][-] Agua mineral pura [00c8ff](60)[-],[f00001][-][FFA94D][Boisson][-][ed0060][-][ee1000][-] Eau minérale pure [00c8ff](60)[-],[f00001][-][FFA94D][Bevanda][-][ed0060][-][ee1000][-] Acqua minerale pura [00c8ff](60)[-],[f00001][-][FFA94D][飲み物][-][ed0060][-][ee1000][-] ピュアミネラルウォーター [00c8ff](60)[-],[f00001][-][FFA94D][음료][-][ed0060][-][ee1000][-] 깨끗한 생수 [00c8ff](60)[-],[f00001][-][FFA94D][Napój][-][ed0060][-][ee1000][-] Czysta woda mineralna [00c8ff](60)[-],[f00001][-][FFA94D][Bebida][-][ed0060][-][ee1000][-] Água mineral pura [00c8ff](60)[-],[f00001][-][FFA94D][Напиток][-][ed0060][-][ee1000][-] Чистая минеральная вода [00c8ff](60)[-],[f00001][-][FFA94D][İçecek][-][ed0060][-][ee1000][-] Saf Maden Suyu [00c8ff](60)[-],[f00001][-][FFA94D][饮料][-][ed0060][-][ee1000][-] 纯净矿泉水 [00c8ff](60)[-],[f00001][-][FFA94D][飲料][-][ed0060][-][ee1000][-] 純礦泉水 [00c8ff](60)[-]
drinkJarRedTea,items,Drink,,,,[f00001][-][FFA94D][Drink][-][ed0024][-][ee1000][-] Red Tea [00c8ff](24)[-][DECEA3](I)[-],,[f00001][-][FFA94D][Getränk][-][ed0024][-][ee1000][-] Roter Tee [00c8ff](24)[-][DECEA3](I)[-],[f00001][-][FFA94D][Bebida][-][ed0024][-][ee1000][-] Té rojo [00c8ff](24)[-][DECEA3](I)[-],[f00001][-][FFA94D][Boisson][-][ed0024][-][ee1000][-] Thé rouge [00c8ff](24)[-][DECEA3](I)[-],[f00001][-][FFA94D][Bevanda][-][ed0024][-][ee1000][-] Tè rosso [00c8ff](24)[-][DECEA3](I)[-],[f00001][-][FFA94D][飲み物][-][ed0024][-][ee1000][-] 菊茶 [00c8ff](24)[-][DECEA3](I)[-],[f00001][-][FFA94D][음료][-][ed0024][-][ee1000][-] 홍차 [00c8ff](24)[-][DECEA3](I)[-],[f00001][-][FFA94D][Napój][-][ed0024][-][ee1000][-] Czerwona herbata [00c8ff](24)[-][DECEA3](I)[-],[f00001][-][FFA94D][Bebida][-][ed0024][-][ee1000][-] Chá vermelho [00c8ff](24)[-][DECEA3](I)[-],[f00001][-][FFA94D][Напиток][-][ed0024][-][ee1000][-] Красный чай [00c8ff](24)[-][DECEA3](I)[-],[f00001][-][FFA94D][İçecek][-][ed0024][-][ee1000][-] Kırmızı Çay [00c8ff](24)[-][DECEA3](I)[-],[f00001][-][FFA94D][饮料][-][ed0024][-][ee1000][-] 红茶 [00c8ff](24)[-][DECEA3](I)[-],[f00001][-][FFA94D][飲料][-][ed0024][-][ee1000][-] 紅茶 [00c8ff](24)[-][DECEA3](I)[-]
drinkJarRiverWater,items,Drink,,,,[f00001][-][FFA94D][Drink][-][ed0010][-][ee1000][-] Murky Water [00c8ff](10)[-][DECEA3](I)[-],,[f00001][-][FFA94D][Getränk][-][ed0010][-][ee1000][-] Trübes Wasser [00c8ff](10)[-][DECEA3](I)[-],[f00001][-][FFA94D][Bebida][-][ed0010][-][ee1000][-] Agua turbia [00c8ff](10)[-][DECEA3](I)[-],[f00001][-][FFA94D][Boisson][-][ed0010][-][ee1000][-] Eau trouble [00c8ff](10)[-][DECEA3](I)[-],[f00001][-][FFA94D][Bevanda][-][ed0010][-][ee1000][-] Acqua torbida [00c8ff](10)[-][DECEA3](I)[-],[f00001][-][FFA94D][飲み物][-][ed0010][-][ee1000][-] 泥水 [00c8ff](10)[-][DECEA3](I)[-],[f00001][-][FFA94D][음료][-][ed0010][-][ee1000][-] 탁한 물 [00c8ff](10)[-][DECEA3](I)[-],[f00001][-][FFA94D][Napój][-][ed0010][-][ee1000][-] Błotnista woda [00c8ff](10)[-][DECEA3](I)[-],[f00001][-][FFA94D][Bebida][-][ed0010][-][ee1000][-] Água Turva [00c8ff](10)[-][DECEA3](I)[-],[f00001][-][FFA94D][Напиток][-][ed0010][-][ee1000][-] Мутная вода [00c8ff](10)[-][DECEA3](I)[-],[f00001][-][FFA94D][İçecek][-][ed0010][-][ee1000][-] Bulanık Su [00c8ff](10)[-][DECEA3](I)[-],[f00001][-][FFA94D][饮料][-][ed0010][-][ee1000][-] 浑浊的水 [00c8ff](10)[-][DECEA3](I)[-],[f00001][-][FFA94D][飲料][-][ed0010][-][ee1000][-] 髒水 [00c8ff](10)[-][DECEA3](I)[-]
drinkJarYuccaJuice,items,Drink,,,,[f00001][-][FFA94D][Drink][-][ed0034][-][ee1000][-] Yucca Juice [00c8ff](34)[-],,[f00001][-][FFA94D][Getränk][-][ed0034][-][ee1000][-] Yucca-Saft [00c8ff](34)[-],[f00001][-][FFA94D][Bebida][-][ed0034][-][ee1000][-] Zumo de yuca [00c8ff](34)[-],[f00001][-][FFA94D][Boisson][-][ed0034][-][ee1000][-] Jus de yucca [00c8ff](34)[-],[f00001][-][FFA94D][Bevanda][-][ed0034][-][ee1000][-] Succo di yucca [00c8ff](34)[-],[f00001][-][FFA94D][飲み物][-][ed0034][-][ee1000][-] ユッカジュース [00c8ff](34)[-],[f00001][-][FFA94D][음료][-][ed0034][-][ee1000][-] 유카즙 [00c8ff](34)[-],[f00001][-][FFA94D][Napój][-][ed0034][-][ee1000][-] Sok z jukki [00c8ff](34)[-],[f00001][-][FFA94D][Bebida][-][ed0034][-][ee1000][-] Sumo da yucca [00c8ff](34)[-],[f00001][-][FFA94D][Напиток][-][ed0034][-][ee1000][-] Сок юкки [00c8ff](34)[-],[f00001][-][FFA94D][İçecek][-][ed0034][-][ee1000][-] Avize Ağacı Suyu [00c8ff](34)[-],[f00001][-][FFA94D][饮料][-][ed0034][-][ee1000][-] 丝兰汁 [00c8ff](34)[-],[f00001][-][FFA94D][飲料][-][ed0034][-][ee1000][-] 絲蘭果果汁 [00c8ff](34)[-]
drinkYuccaJuiceSmoothie,items,Drink,,,,[f00001][-][FFA94D][Drink][-][ed0078][-][ee1022][-] Yucca Juice Smoothie [00c8ff](78)[-][00de50](22)[-],,[f00001][-][FFA94D][Getränk][-][ed0078][-][ee1022][-] Yucca-Saft-Smoothie [00c8ff](78)[-][00de50](22)[-],[f00001][-][FFA94D][Bebida][-][ed0078][-][ee1022][-] Batido de zumo de yuca [00c8ff](78)[-][00de50](22)[-],[f00001][-][FFA94D][Boisson][-][ed0078][-][ee1022][-] Smoothie au jus de yucca [00c8ff](78)[-][00de50](22)[-],[f00001][-][FFA94D][Bevanda][-][ed0078][-][ee1022][-] Frullato di yucca [00c8ff](78)[-][00de50](22)[-],[f00001][-][FFA94D][飲み物][-][ed0078][-][ee1022][-] ユッカジューススムージー [00c8ff](78)[-][00de50](22)[-],[f00001][-][FFA94D][음료][-][ed0078][-][ee1022][-] 유카즙 스무디 [00c8ff](78)[-][00de50](22)[-],[f00001][-][FFA94D][Napój][-][ed0078][-][ee1022][-] Smoothie z soku z jukki [00c8ff](78)[-][00de50](22)[-],[f00001][-][FFA94D][Bebida][-][ed0078][-][ee1022][-] Vitamina de sumo da yucca [00c8ff](78)[-][00de50](22)[-],[f00001][-][FFA94D][Напиток][-][ed0078][-][ee1022][-] Смузи из сока юкки [00c8ff](78)[-][00de50](22)[-],[f00001][-][FFA94D][İçecek][-][ed0078][-][ee1022][-] Avize Ağacı İçeceği [00c8ff](78)[-][00de50](22)[-],[f00001][-][FFA94D][饮料][-][ed0078][-][ee1022][-] 丝兰汁果昔 [00c8ff](78)[-][00de50](22)[-],[f00001][-][FFA94D][飲料][-][ed0078][-][ee1022][-] 絲蘭果果汁奶昔 [00c8ff](78)[-][00de50](22)[-]
foodBaconAndEggs,items,Food,,,,[f00002][-][FFA94D][Food][-][fd0036][-][fe1000][-] Bacon and Eggs [00de50](36)[-],,[f00002][-][FFA94D][Nahrung][-][fd0036][-][fe1000][-] Speck mit Eiern [00de50](36)[-],[f00002][-][FFA94D][Comida][-][fd0036][-][fe1000][-] Huevos y tocino [00de50](36)[-],[f00002][-][FFA94D][Nourriture][-][fd0036][-][fe1000][-] Bacon et œufs [00de50](36)[-],[f00002][-][FFA94D][Cibo][-][fd0036][-][fe1000][-] Uova e pancetta [00de50](36)[-],[f00002][-][FFA94D][食料][-][fd0036][-][fe1000][-] ベーコンエッグ [00de50](36)[-],[f00002][-][FFA94D][음식][-][fd0036][-][fe1000][-] 베이컨과 달걀 [00de50](36)[-],[f00002][-][FFA94D][Żywność][-][fd0036][-][fe1000][-] Bekon i jajka [00de50](36)[-],[f00002][-][FFA94D][Comida][-][fd0036][-][fe1000][-] Ovos com bacon [00de50](36)[-],[f00002][-][FFA94D][Еда][-][fd0036][-][fe1000][-] Яичница с беконом [00de50](36)[-],[f00002][-][FFA94D][Gıda][-][fd0036][-][fe1000][-] Pastırmalı Yumurta [00de50](36)[-],[f00002][-][FFA94D][食物][-][fd0036][-][fe1000][-] 培根鸡蛋 [00de50](36)[-],[f00002][-][FFA94D][食物][-][fd0036][-][fe1000][-] 培根煎蛋 [00de50](36)[-]
foodBakedPotato,items,Food,,,,[f00002][-][FFA94D][Food][-][fd0010][-][fe0995][-] Baked Potato [00de50](10)[-][00c8ff](-5)[-],,[f00002][-][FFA94D][Nahrung][-][fd0010][-][fe0995][-] Gebackene Kartoffel [00de50](10)[-][00c8ff](-5)[-],[f00002][-][FFA94D][Comida][-][fd0010][-][fe0995][-] Patata asada [00de50](10)[-][00c8ff](-5)[-],[f00002][-][FFA94D][Nourriture][-][fd0010][-][fe0995][-] Pomme de terre au four [00de50](10)[-][00c8ff](-5)[-],[f00002][-][FFA94D][Cibo][-][fd0010][-][fe0995][-] Patata arrosto [00de50](10)[-][00c8ff](-5)[-],[f00002][-][FFA94D][食料][-][fd0010][-][fe0995][-] ベークドポテト [00de50](10)[-][00c8ff](-5)[-],[f00002][-][FFA94D][음식][-][fd0010][-][fe0995][-] 구운 감자 [00de50](10)[-][00c8ff](-5)[-],[f00002][-][FFA94D][Żywność][-][fd0010][-][fe0995][-] Pieczony ziemniak [00de50](10)[-][00c8ff](-5)[-],[f00002][-][FFA94D][Comida][-][fd0010][-][fe0995][-] Batata assada [00de50](10)[-][00c8ff](-5)[-],[f00002][-][FFA94D][Еда][-][fd0010][-][fe0995][-] Печеный картофель [00de50](10)[-][00c8ff](-5)[-],[f00002][-][FFA94D][Gıda][-][fd0010][-][fe0995][-] Pişmiş Patates [00de50](10)[-][00c8ff](-5)[-],[f00002][-][FFA94D][食物][-][fd0010][-][fe0995][-] 烤土豆 [00de50](10)[-][00c8ff](-5)[-],[f00002][-][FFA94D][食物][-][fd0010][-][fe0995][-] 烤土豆 [00de50](10)[-][00c8ff](-5)[-]
foodBlueberryPie,items,Food,,,,[f00002][-][FFA94D][Food][-][fd0045][-][fe1000][-] Blueberry Pie [00de50](45)[-],,[f00002][-][FFA94D][Nahrung][-][fd0045][-][fe1000][-] Blaubeerkuchen [00de50](45)[-],[f00002][-][FFA94D][Comida][-][fd0045][-][fe1000][-] Pastel de moras [00de50](45)[-],[f00002][-][FFA94D][Nourriture][-][fd0045][-][fe1000][-] Tarte aux myrtilles [00de50](45)[-],[f00002][-][FFA94D][Cibo][-][fd0045][-][fe1000][-] Crostata di mirtilli [00de50](45)[-],[f00002][-][FFA94D][食料][-][fd0045][-][fe1000][-] ブルーベリーパイ [00de50](45)[-],[f00002][-][FFA94D][음식][-][fd0045][-][fe1000][-] 블루베리 파이 [00de50](45)[-],[f00002][-][FFA94D][Żywność][-][fd0045][-][fe1000][-] Placek z jagodami [00de50](45)[-],[f00002][-][FFA94D][Comida][-][fd0045][-][fe1000][-] Torta de mirtilo [00de50](45)[-],[f00002][-][FFA94D][Еда][-][fd0045][-][fe1000][-] Пирог с черникой [00de50](45)[-],[f00002][-][FFA94D][Gıda][-][fd0045][-][fe1000][-] Yabanmersinli Turta [00de50](45)[-],[f00002][-][FFA94D][食物][-][fd0045][-][fe1000][-] 蓝莓派 [00de50](45)[-],[f00002][-][FFA94D][食物][-][fd0045][-][fe1000][-] 藍莓派 [00de50](45)[-]
foodBoiledMeat,items,Food,,,,[f00002][-][FFA94D][Food][-][fd0010][-][fe1010][-] Boiled Meat [00de50](10)[-][00c8ff](10)[-],,[f00002][-][FFA94D][Nahrung][-][fd0010][-][fe1010][-] Gekochtes Fleisch [00de50](10)[-][00c8ff](10)[-],[f00002][-][FFA94D][Comida][-][fd0010][-][fe1010][-] Carne cocida [00de50](10)[-][00c8ff](10)[-],[f00002][-][FFA94D][Nourriture][-][fd0010][-][fe1010][-] Viande bouillie [00de50](10)[-][00c8ff](10)[-],[f00002][-][FFA94D][Cibo][-][fd0010][-][fe1010][-] Bollito di carne [00de50](10)[-][00c8ff](10)[-],[f00002][-][FFA94D][食料][-][fd0010][-][fe1010][-] ゆで肉 [00de50](10)[-][00c8ff](10)[-],[f00002][-][FFA94D][음식][-][fd0010][-][fe1010][-] 삶은 고기 [00de50](10)[-][00c8ff](10)[-],[f00002][-][FFA94D][Żywność][-][fd0010][-][fe1010][-] Gotowane mięso [00de50](10)[-][00c8ff](10)[-],[f00002][-][FFA94D][Comida][-][fd0010][-][fe1010][-] Cozido de carne [00de50](10)[-][00c8ff](10)[-],[f00002][-][FFA94D][Еда][-][fd0010][-][fe1010][-] Вареное мясо [00de50](10)[-][00c8ff](10)[-],[f00002][-][FFA94D][Gıda][-][fd0010][-][fe1010][-] Haşlanmış Et [00de50](10)[-][00c8ff](10)[-],[f00002][-][FFA94D][食物][-][fd0010][-][fe1010][-] 水煮肉 [00de50](10)[-][00c8ff](10)[-],[f00002][-][FFA94D][食物][-][fd0010][-][fe1010][-] 水煮肉 [00de50](10)[-][00c8ff](10)[-]
foodCharredMeat,items,Food,,,,[f00002][-][FFA94D][Food][-][fd0010][-][fe0995][-] Charred Meat [00de50](10)[-][00c8ff](-5)[-],,[f00002][-][FFA94D][Nahrung][-][fd0010][-][fe0995][-] Verkohltes Wildbret [00de50](10)[-][00c8ff](-5)[-],[f00002][-][FFA94D][Comida][-][fd0010][-][fe0995][-] Carne chamuscada [00de50](10)[-][00c8ff](-5)[-],[f00002][-][FFA94D][Nourriture][-][fd0010][-][fe0995][-] Viande brûlée [00de50](10)[-][00c8ff](-5)[-],[f00002][-][FFA94D][Cibo][-][fd0010][-][fe0995][-] Carne carbonizzata [00de50](10)[-][00c8ff](-5)[-],[f00002][-][FFA94D][食料][-][fd0010][-][fe0995][-] 黒焦げ肉 [00de50](10)[-][00c8ff](-5)[-],[f00002][-][FFA94D][음식][-][fd0010][-][fe0995][-] 까맣게 탄 고기 [00de50](10)[-][00c8ff](-5)[-],[f00002][-][FFA94D][Żywność][-][fd0010][-][fe0995][-] Zwęglone mięso [00de50](10)[-][00c8ff](-5)[-],[f00002][-][FFA94D][Comida][-][fd0010][-][fe0995][-] Carne carbonizada [00de50](10)[-][00c8ff](-5)[-],[f00002][-][FFA94D][Еда][-][fd0010][-][fe0995][-] Подгоревшее мясо [00de50](10)[-][00c8ff](-5)[-],[f00002][-][FFA94D][Gıda][-][fd0010][-][fe0995][-] Kömürleşmiş Et [00de50](10)[-][00c8ff](-5)[-],[f00002][-][FFA94D][食物][-][fd0010][-][fe0995][-] 烧焦的肉 [00de50](10)[-][00c8ff](-5)[-],[f00002][-][FFA94D][食物][-][fd0010][-][fe0995][-] 焦燒肉 [00de50](10)[-][00c8ff](-5)[-]
foodChiliDog,items,Food,,,,[f00002][-][FFA94D][Food][-][fd0053][-][fe1000][-] Chili Dog [00de50](53)[-],,[f00002][-][FFA94D][Nahrung][-][fd0053][-][fe1000][-] Chili-Hotdog [00de50](53)[-],[f00002][-][FFA94D][Comida][-][fd0053][-][fe1000][-] Perrito de chile [00de50](53)[-],[f00002][-][FFA94D][Nourriture][-][fd0053][-][fe1000][-] Hot dog au chili [00de50](53)[-],[f00002][-][FFA94D][Cibo][-][fd0053][-][fe1000][-] Hot dog piccante [00de50](53)[-],[f00002][-][FFA94D][食料][-][fd0053][-][fe1000][-] チリドッグ [00de50](53)[-],[f00002][-][FFA94D][음식][-][fd0053][-][fe1000][-] 칠리 핫도그 [00de50](53)[-],[f00002][-][FFA94D][Żywność][-][fd0053][-][fe1000][-] Chili dog [00de50](53)[-],[f00002][-][FFA94D][Comida][-][fd0053][-][fe1000][-] Salsicha de chili [00de50](53)[-],[f00002][-][FFA94D][Еда][-][fd0053][-][fe1000][-] Чили-дог [00de50](53)[-],[f00002][-][FFA94D][Gıda][-][fd0053][-][fe1000][-] Acılı Sosisli [00de50](53)[-],[f00002][-][FFA94D][食物][-][fd0053][-][fe1000][-] 辣狗 [00de50](53)[-],[f00002][-][FFA94D][食物][-][fd0053][-][fe1000][-] 辣味熱狗 [00de50](53)[-]
foodCornBread,items,Food,,,,[f00002][-][FFA94D][Food][-][fd0010][-][fe1000][-] Corn Bread [00de50](10)[-][DECEA3](I)[-],,[f00002][-][FFA94D][Nahrung][-][fd0010][-][fe1000][-] Maisbrot [00de50](10)[-][DECEA3](I)[-],[f00002][-][FFA94D][Comida][-][fd0010][-][fe1000][-] Pan de maíz [00de50](10)[-][DECEA3](I)[-],[f00002][-][FFA94D][Nourriture][-][fd0010][-][fe1000][-] Pain de maïs [00de50](10)[-][DECEA3](I)[-],[f00002][-][FFA94D][Cibo][-][fd0010][-][fe1000][-] Pane di mais [00de50](10)[-][DECEA3](I)[-],[f00002][-][FFA94D][食料][-][fd0010][-][fe1000][-] トウモロコシパン [00de50](10)[-][DECEA3](I)[-],[f00002][-][FFA94D][음식][-][fd0010][-][fe1000][-] 옥수수빵 [00de50](10)[-][DECEA3](I)[-],[f00002][-][FFA94D][Żywność][-][fd0010][-][fe1000][-] Chleb kukurydziany [00de50](10)[-][DECEA3](I)[-],[f00002][-][FFA94D][Comida][-][fd0010][-][fe1000][-] Pão de milho [00de50](10)[-][DECEA3](I)[-],[f00002][-][FFA94D][Еда][-][fd0010][-][fe1000][-] Кукурузный хлеб [00de50](10)[-][DECEA3](I)[-],[f00002][-][FFA94D][Gıda][-][fd0010][-][fe1000][-] Mısır Ekmeği [00de50](10)[-][DECEA3](I)[-],[f00002][-][FFA94D][食物][-][fd0010][-][fe1000][-] 玉米面包 [00de50](10)[-][DECEA3](I)[-],[f00002][-][FFA94D][食物][-][fd0010][-][fe1000][-] 玉米麵包 [00de50](10)[-][DECEA3](I)[-]
foodCornMeal,items,Food,,,,[f00002][-][FFA94D][Food][-][fd0002][-][fe0997][-] Cornmeal [00de50](2)[-][00c8ff](-3)[-][DECEA3](I)[-],,[f00002][-][FFA94D][Nahrung][-][fd0002][-][fe0997][-] Maismehl [00de50](2)[-][00c8ff](-3)[-][DECEA3](I)[-],[f00002][-][FFA94D][Comida][-][fd0002][-][fe0997][-] Harina de maíz [00de50](2)[-][00c8ff](-3)[-][DECEA3](I)[-],[f00002][-][FFA94D][Nourriture][-][fd0002][-][fe0997][-] Farine de maïs [00de50](2)[-][00c8ff](-3)[-][DECEA3](I)[-],[f00002][-][FFA94D][Cibo][-][fd0002][-][fe0997][-] Farina di mais [00de50](2)[-][00c8ff](-3)[-][DECEA3](I)[-],[f00002][-][FFA94D][食料][-][fd0002][-][fe0997][-] コーンミール [00de50](2)[-][00c8ff](-3)[-][DECEA3](I)[-],[f00002][-][FFA94D][음식][-][fd0002][-][fe0997][-] 옥수수 가루 [00de50](2)[-][00c8ff](-3)[-][DECEA3](I)[-],[f00002][-][FFA94D][Żywność][-][fd0002][-][fe0997][-] Mąka kukurydziana [00de50](2)[-][00c8ff](-3)[-][DECEA3](I)[-],[f00002][-][FFA94D][Comida][-][fd0002][-][fe0997][-] Fubá [00de50](2)[-][00c8ff](-3)[-][DECEA3](I)[-],[f00002][-][FFA94D][Еда][-][fd0002][-][fe0997][-] Кукурузная мука [00de50](2)[-][00c8ff](-3)[-][DECEA3](I)[-],[f00002][-][FFA94D][Gıda][-][fd0002][-][fe0997][-] Mısır Unu [00de50](2)[-][00c8ff](-3)[-][DECEA3](I)[-],[f00002][-][FFA94D][食物][-][fd0002][-][fe0997][-] 粗玉米粉 [00de50](2)[-][00c8ff](-3)[-][DECEA3](I)[-],[f00002][-][FFA94D][食物][-][fd0002][-][fe0997][-] 燕麥片 [00de50](2)[-][00c8ff](-3)[-][DECEA3](I)[-]
foodCornOnTheCob,items,Food,,,,[f00002][-][FFA94D][Food][-][fd0010][-][fe0995][-] Grilled Corn [00de50](10)[-][00c8ff](-5)[-],,[f00002][-][FFA94D][Nahrung][-][fd0010][-][fe0995][-] Gegrillter Mais [00de50](10)[-][00c8ff](-5)[-],[f00002][-][FFA94D][Comida][-][fd0010][-][fe0995][-] Maíz a la parrilla [00de50](10)[-][00c8ff](-5)[-],[f00002][-][FFA94D][Nourriture][-][fd0010][-][fe0995][-] Maïs grillé [00de50](10)[-][00c8ff](-5)[-],[f00002][-][FFA94D][Cibo][-][fd0010][-][fe0995][-] Granoturco alla griglia [00de50](10)[-][00c8ff](-5)[-],[f00002][-][FFA94D][食料][-][fd0010][-][fe0995][-] 焼きとうもろこし [00de50](10)[-][00c8ff](-5)[-],[f00002][-][FFA94D][음식][-][fd0010][-][fe0995][-] 구운 옥수수 [00de50](10)[-][00c8ff](-5)[-],[f00002][-][FFA94D][Żywność][-][fd0010][-][fe0995][-] Grillowana kukurydza [00de50](10)[-][00c8ff](-5)[-],[f00002][-][FFA94D][Comida][-][fd0010][-][fe0995][-] Milho grelhado [00de50](10)[-][00c8ff](-5)[-],[f00002][-][FFA94D][Еда][-][fd0010][-][fe0995][-] Жареная кукуруза [00de50](10)[-][00c8ff](-5)[-],[f00002][-][FFA94D][Gıda][-][fd0010][-][fe0995][-] Izgara Mısır [00de50](10)[-][00c8ff](-5)[-],[f00002][-][FFA94D][食物][-][fd0010][-][fe0995][-] 烤玉米 [00de50](10)[-][00c8ff](-5)[-],[f00002][-][FFA94D][食物][-][fd0010][-][fe0995][-] 烤玉米 [00de50](10)[-][00c8ff](-5)[-]
foodEgg,items,Food,,,,[f00002][-][FFA94D][Food][-][fd0005][-][fe1000][-] Egg [00de50](5)[-][DECEA3](I)[-],,[f00002][-][FFA94D][Nahrung][-][fd0005][-][fe1000][-] Ei [00de50](5)[-][DECEA3](I)[-],[f00002][-][FFA94D][Comida][-][fd0005][-][fe1000][-] Huevo [00de50](5)[-][DECEA3](I)[-],[f00002][-][FFA94D][Nourriture][-][fd0005][-][fe1000][-] Œuf [00de50](5)[-][DECEA3](I)[-],[f00002][-][FFA94D][Cibo][-][fd0005][-][fe1000][-] Uovo [00de50](5)[-][DECEA3](I)[-],[f00002][-][FFA94D][食料][-][fd0005][-][fe1000][-] 卵 [00de50](5)[-][DECEA3](I)[-],[f00002][-][FFA94D][음식][-][fd0005][-][fe1000][-] 달걀 [00de50](5)[-][DECEA3](I)[-],[f00002][-][FFA94D][Żywność][-][fd0005][-][fe1000][-] Jajko [00de50](5)[-][DECEA3](I)[-],[f00002][-][FFA94D][Comida][-][fd0005][-][fe1000][-] Ovo [00de50](5)[-][DECEA3](I)[-],[f00002][-][FFA94D][Еда][-][fd0005][-][fe1000][-] Яйцо [00de50](5)[-][DECEA3](I)[-],[f00002][-][FFA94D][Gıda][-][fd0005][-][fe1000][-] Yumurta [00de50](5)[-][DECEA3](I)[-],[f00002][-][FFA94D][食物][-][fd0005][-][fe1000][-] 鸡蛋 [00de50](5)[-][DECEA3](I)[-],[f00002][-][FFA94D][食物][-][fd0005][-][fe1000][-] 鷄蛋 [00de50](5)[-][DECEA3](I)[-]
foodEggBoiled,items,Food,,,,[f00002][-][FFA94D][Food][-][fd0010][-][fe1000][-] Boiled Egg [00de50](10)[-],,[f00002][-][FFA94D][Nahrung][-][fd0010][-][fe1000][-] Gekochtes Ei [00de50](10)[-],[f00002][-][FFA94D][Comida][-][fd0010][-][fe1000][-] Huevo cocido [00de50](10)[-],[f00002][-][FFA94D][Nourriture][-][fd0010][-][fe1000][-] Œuf dur [00de50](10)[-],[f00002][-][FFA94D][Cibo][-][fd0010][-][fe1000][-] Uovo sodo [00de50](10)[-],[f00002][-][FFA94D][食料][-][fd0010][-][fe1000][-] ゆで卵 [00de50](10)[-],[f00002][-][FFA94D][음식][-][fd0010][-][fe1000][-] 삶은 달걀 [00de50](10)[-],[f00002][-][FFA94D][Żywność][-][fd0010][-][fe1000][-] Ugotowane jajko [00de50](10)[-],[f00002][-][FFA94D][Comida][-][fd0010][-][fe1000][-] Ovo cozido [00de50](10)[-],[f00002][-][FFA94D][Еда][-][fd0010][-][fe1000][-] Вареное яйцо [00de50](10)[-],[f00002][-][FFA94D][Gıda][-][fd0010][-][fe1000][-] Haşlanmış Yumurta [00de50](10)[-],[f00002][-][FFA94D][食物][-][fd0010][-][fe1000][-] 水煮蛋 [00de50](10)[-],[f00002][-][FFA94D][食物][-][fd0010][-][fe1000][-] 煮鷄蛋 [00de50](10)[-]
foodFishTacos,items,Food,,,,[f00002][-][FFA94D][Food][-][fd0046][-][fe1000][-] Fish Tacos [00de50](46)[-],,[f00002][-][FFA94D][Nahrung][-][fd0046][-][fe1000][-] Fisch-Tacos [00de50](46)[-],[f00002][-][FFA94D][Comida][-][fd0046][-][fe1000][-] Tacos de pescado [00de50](46)[-],[f00002][-][FFA94D][Nourriture][-][fd0046][-][fe1000][-] Tacos au poisson [00de50](46)[-],[f00002][-][FFA94D][Cibo][-][fd0046][-][fe1000][-] Tacos di pesce [00de50](46)[-],[f00002][-][FFA94D][食料][-][fd0046][-][fe1000][-] フィッシュタコス [00de50](46)[-],[f00002][-][FFA94D][음식][-][fd0046][-][fe1000][-] 생선 타코 [00de50](46)[-],[f00002][-][FFA94D][Żywność][-][fd0046][-][fe1000][-] Taco z rybą [00de50](46)[-],[f00002][-][FFA94D][Comida][-][fd0046][-][fe1000][-] Tacos de peixe [00de50](46)[-],[f00002][-][FFA94D][Еда][-][fd0046][-][fe1000][-] Рыбные тако [00de50](46)[-],[f00002][-][FFA94D][Gıda][-][fd0046][-][fe1000][-] Balık Tako [00de50](46)[-],[f00002][-][FFA94D][食物][-][fd0046][-][fe1000][-] 鱼肉塔可 [00de50](46)[-],[f00002][-][FFA94D][食物][-][fd0046][-][fe1000][-] 魚肉玉米卷 [00de50](46)[-]
foodGrilledMeat,items,Food,,,,[f00002][-][FFA94D][Food][-][fd0010][-][fe1000][-] Grilled Meat [00de50](10)[-][DECEA3](I)[-],,[f00002][-][FFA94D][Nahrung][-][fd0010][-][fe1000][-] Gegrilltes Fleisch [00de50](10)[-][DECEA3](I)[-],[f00002][-][FFA94D][Comida][-][fd0010][-][fe1000][-] Carne a la parrilla [00de50](10)[-][DECEA3](I)[-],[f00002][-][FFA94D][Nourriture][-][fd0010][-][fe1000][-] Viande grillée [00de50](10)[-][DECEA3](I)[-],[f00002][-][FFA94D][Cibo][-][fd0010][-][fe1000][-] Carne alla griglia [00de50](10)[-][DECEA3](I)[-],[f00002][-][FFA94D][食料][-][fd0010][-][fe1000][-] 焼肉 [00de50](10)[-][DECEA3](I)[-],[f00002][-][FFA94D][음식][-][fd0010][-][fe1000][-] 구운 고기 [00de50](10)[-][DECEA3](I)[-],[f00002][-][FFA94D][Żywność][-][fd0010][-][fe1000][-] Grillowane mięso [00de50](10)[-][DECEA3](I)[-],[f00002][-][FFA94D][Comida][-][fd0010][-][fe1000][-] Carne grelhada [00de50](10)[-][DECEA3](I)[-],[f00002][-][FFA94D][Еда][-][fd0010][-][fe1000][-] Жареное мясо [00de50](10)[-][DECEA3](I)[-],[f00002][-][FFA94D][Gıda][-][fd0010][-][fe1000][-] Izgara Et [00de50](10)[-][DECEA3](I)[-],[f00002][-][FFA94D][食物][-][fd0010][-][fe1000][-] 烤肉 [00de50](10)[-][DECEA3](I)[-],[f00002][-][FFA94D][食物][-][fd0010][-][fe1000][-] 烤肉 [00de50](10)[-][DECEA3](I)[-]
foodGumboStew,items,Food,,,,[f00002][-][FFA94D][Food][-][fd0112][-][fe1020][-] Gumbo Stew [00de50](112)[-][00c8ff](20)[-],,[f00002][-][FFA94D][Nahrung][-][fd0112][-][fe1020][-] Gumbo-Eintopf [00de50](112)[-][00c8ff](20)[-],[f00002][-][FFA94D][Comida][-][fd0112][-][fe1020][-] Estofado de gumbo [00de50](112)[-][00c8ff](20)[-],[f00002][-][FFA94D][Nourriture][-][fd0112][-][fe1020][-] Gombo [00de50](112)[-][00c8ff](20)[-],[f00002][-][FFA94D][Cibo][-][fd0112][-][fe1020][-] Stufato gumbo [00de50](112)[-][00c8ff](20)[-],[f00002][-][FFA94D][食料][-][fd0112][-][fe1020][-] ガンボシチュー [00de50](112)[-][00c8ff](20)[-],[f00002][-][FFA94D][음식][-][fd0112][-][fe1020][-] 검보 스튜 [00de50](112)[-][00c8ff](20)[-],[f00002][-][FFA94D][Żywność][-][fd0112][-][fe1020][-] Potrawka gumbo [00de50](112)[-][00c8ff](20)[-],[f00002][-][FFA94D][Comida][-][fd0112][-][fe1020][-] Guisado de gumbo [00de50](112)[-][00c8ff](20)[-],[f00002][-][FFA94D][Еда][-][fd0112][-][fe1020][-] Рагу «Гамбо» [00de50](112)[-][00c8ff](20)[-],[f00002][-][FFA94D][Gıda][-][fd0112][-][fe1020][-] Gumbo Yahnisi [00de50](112)[-][00c8ff](20)[-],[f00002][-][FFA94D][食物][-][fd0112][-][fe1020][-] 秋葵浓汤 [00de50](112)[-][00c8ff](20)[-],[f00002][-][FFA94D][食物][-][fd0112][-][fe1020][-] 秋葵濃湯 [00de50](112)[-][00c8ff](20)[-]
foodHoboStew,items,Food,,,,[f00002][-][FFA94D][Food][-][fd0064][-][fe1020][-] Hobo Stew [00de50](64)[-][00c8ff](20)[-],,[f00002][-][FFA94D][Nahrung][-][fd0064][-][fe1020][-] Penner-Eintopf [00de50](64)[-][00c8ff](20)[-],[f00002][-][FFA94D][Comida][-][fd0064][-][fe1020][-] Estofado de indigente [00de50](64)[-][00c8ff](20)[-],[f00002][-][FFA94D][Nourriture][-][fd0064][-][fe1020][-] Ragoût de vagabond [00de50](64)[-][00c8ff](20)[-],[f00002][-][FFA94D][Cibo][-][fd0064][-][fe1020][-] Stufato mulligan [00de50](64)[-][00c8ff](20)[-],[f00002][-][FFA94D][食料][-][fd0064][-][fe1020][-] ホボシチュー [00de50](64)[-][00c8ff](20)[-],[f00002][-][FFA94D][음식][-][fd0064][-][fe1020][-] 재활용 스튜 [00de50](64)[-][00c8ff](20)[-],[f00002][-][FFA94D][Żywność][-][fd0064][-][fe1020][-] Potrawka żula [00de50](64)[-][00c8ff](20)[-],[f00002][-][FFA94D][Comida][-][fd0064][-][fe1020][-] Guisado de mendigo [00de50](64)[-][00c8ff](20)[-],[f00002][-][FFA94D][Еда][-][fd0064][-][fe1020][-] Рагу бродяги [00de50](64)[-][00c8ff](20)[-],[f00002][-][FFA94D][Gıda][-][fd0064][-][fe1020][-] Hobo Yahnisi [00de50](64)[-][00c8ff](20)[-],[f00002][-][FFA94D][食物][-][fd0064][-][fe1020][-] 蔬菜炖肉 [00de50](64)[-][00c8ff](20)[-],[f00002][-][FFA94D][食物][-][fd0064][-][fe1020][-] 流浪漢特供燉菜 [00de50](64)[-][00c8ff](20)[-]
foodMeatStew,items,Food,,,,[f00002][-][FFA94D][Food][-][fd0050][-][fe1020][-] Meat Stew [00de50](50)[-][00c8ff](20)[-],,[f00002][-][FFA94D][Nahrung][-][fd0050][-][fe1020][-] Wildbreteintopf [00de50](50)[-][00c8ff](20)[-],[f00002][-][FFA94D][Comida][-][fd0050][-][fe1020][-] Estofado de carne [00de50](50)[-][00c8ff](20)[-],[f00002][-][FFA94D][Nourriture][-][fd0050][-][fe1020][-] Ragoût de viande [00de50](50)[-][00c8ff](20)[-],[f00002][-][FFA94D][Cibo][-][fd0050][-][fe1020][-] Stufato di carne [00de50](50)[-][00c8ff](20)[-],[f00002][-][FFA94D][食料][-][fd0050][-][fe1020][-] 肉シチュー [00de50](50)[-][00c8ff](20)[-],[f00002][-][FFA94D][음식][-][fd0050][-][fe1020][-] 고기 스튜 [00de50](50)[-][00c8ff](20)[-],[f00002][-][FFA94D][Żywność][-][fd0050][-][fe1020][-] Potrawka z mięsem [00de50](50)[-][00c8ff](20)[-],[f00002][-][FFA94D][Comida][-][fd0050][-][fe1020][-] Guisado de carne [00de50](50)[-][00c8ff](20)[-],[f00002][-][FFA94D][Еда][-][fd0050][-][fe1020][-] Мясное рагу [00de50](50)[-][00c8ff](20)[-],[f00002][-][FFA94D][Gıda][-][fd0050][-][fe1020][-] Et Yahnisi [00de50](50)[-][00c8ff](20)[-],[f00002][-][FFA94D][食物][-][fd0050][-][fe1020][-] 炖肉 [00de50](50)[-][00c8ff](20)[-],[f00002][-][FFA94D][食物][-][fd0050][-][fe1020][-] 燉肉 [00de50](50)[-][00c8ff](20)[-]
foodPumpkinBread,items,Food,,,,[f00002][-][FFA94D][Food][-][fd0012][-][fe1000][-] Pumpkin Bread [00de50](12)[-],,[f00002][-][FFA94D][Nahrung][-][fd0012][-][fe1000][-] Kürbisbrot [00de50](12)[-],[f00002][-][FFA94D][Comida][-][fd0012][-][fe1000][-] Pan de calabaza [00de50](12)[-],[f00002][-][FFA94D][Nourriture][-][fd0012][-][fe1000][-] Pain à la citrouille [00de50](12)[-],[f00002][-][FFA94D][Cibo][-][fd0012][-][fe1000][-] Pan di zucca [00de50](12)[-],[f00002][-][FFA94D][食料][-][fd0012][-][fe1000][-] カボチャパン [00de50](12)[-],[f00002][-][FFA94D][음식][-][fd0012][-][fe1000][-] 호박빵 [00de50](12)[-],[f00002][-][FFA94D][Żywność][-][fd0012][-][fe1000][-] Chleb dyniowy [00de50](12)[-],[f00002][-][FFA94D][Comida][-][fd0012][-][fe1000][-] Pão de abóbora [00de50](12)[-],[f00002][-][FFA94D][Еда][-][fd0012][-][fe1000][-] Тыквенный хлеб [00de50](12)[-],[f00002][-][FFA94D][Gıda][-][fd0012][-][fe1000][-] Bal Kabağı Ekmeği [00de50](12)[-],[f00002][-][FFA94D][食物][-][fd0012][-][fe1000][-] 南瓜面包 [00de50](12)[-],[f00002][-][FFA94D][食物][-][fd0012][-][fe1000][-] 南瓜麵包 [00de50](12)[-]
foodPumpkinCheesecake,items,Food,,,,[f00002][-][FFA94D][Food][-][fd0042][-][fe1000][-] Pumpkin Cheesecake [00de50](42)[-],,[f00002][-][FFA94D][Nahrung][-][fd0042][-][fe1000][-] Kürbis-Käsekuchen [00de50](42)[-],[f00002][-][FFA94D][Comida][-][fd0042][-][fe1000][-] Tarta de queso de calabaza [00de50](42)[-],[f00002][-][FFA94D][Nourriture][-][fd0042][-][fe1000][-] Cheesecake à la citrouille [00de50](42)[-],[f00002][-][FFA94D][Cibo][-][fd0042][-][fe1000][-] Cheesecake alla zucca [00de50](42)[-],[f00002][-][FFA94D][食料][-][fd0042][-][fe1000][-] カボチャチーズケーキ [00de50](42)[-],[f00002][-][FFA94D][음식][-][fd0042][-][fe1000][-] 호박 치즈케이크 [00de50](42)[-],[f00002][-][FFA94D][Żywność][-][fd0042][-][fe1000][-] Sernik dyniowy [00de50](42)[-],[f00002][-][FFA94D][Comida][-][fd0042][-][fe1000][-] Cheesecake de abóbora [00de50](42)[-],[f00002][-][FFA94D][Еда][-][fd0042][-][fe1000][-] Тыквенный чизкейк [00de50](42)[-],[f00002][-][FFA94D][Gıda][-][fd0042][-][fe1000][-] Bal Kabaklı Çizkek [00de50](42)[-],[f00002][-][FFA94D][食物][-][fd0042][-][fe1000][-] 南瓜芝士蛋糕 [00de50](42)[-],[f00002][-][FFA94D][食物][-][fd0042][-][fe1000][-] 南瓜芝士蛋糕 [00de50](42)[-]
foodPumpkinPie,items,Food,,,,[f00002][-][FFA94D][Food][-][fd0050][-][fe1000][-] Pumpkin Pie [00de50](50)[-],,[f00002][-][FFA94D][Nahrung][-][fd0050][-][fe1000][-] Kürbiskuchen [00de50](50)[-],[f00002][-][FFA94D][Comida][-][fd0050][-][fe1000][-] Pastel de calabaza [00de50](50)[-],[f00002][-][FFA94D][Nourriture][-][fd0050][-][fe1000][-] Tarte à la citrouille [00de50](50)[-],[f00002][-][FFA94D][Cibo][-][fd0050][-][fe1000][-] Torta di zucca [00de50](50)[-],[f00002][-][FFA94D][食料][-][fd0050][-][fe1000][-] カボチャパイ [00de50](50)[-],[f00002][-][FFA94D][음식][-][fd0050][-][fe1000][-] 호박 파이 [00de50](50)[-],[f00002][-][FFA94D][Żywność][-][fd0050][-][fe1000][-] Placek z dynią [00de50](50)[-],[f00002][-][FFA94D][Comida][-][fd0050][-][fe1000][-] Torta de abóbora [00de50](50)[-],[f00002][-][FFA94D][Еда][-][fd0050][-][fe1000][-] Тыквенный пирог [00de50](50)[-],[f00002][-][FFA94D][Gıda][-][fd0050][-][fe1000][-] Bal Kabaklı Turta [00de50](50)[-],[f00002][-][FFA94D][食物][-][fd0050][-][fe1000][-] 南瓜派 [00de50](50)[-],[f00002][-][FFA94D][食物][-][fd0050][-][fe1000][-] 南瓜派 [00de50](50)[-]
foodRawMeat,items,Food,,,,[f00002][-][FFA94D][Food][-][fd0002][-][fe1000][-] Raw Meat [00de50](2)[-][DECEA3](I)[-],,[f00002][-][FFA94D][Nahrung][-][fd0002][-][fe1000][-] Wildbret [00de50](2)[-][DECEA3](I)[-],[f00002][-][FFA94D][Comida][-][fd0002][-][fe1000][-] Carne cruda [00de50](2)[-][DECEA3](I)[-],[f00002][-][FFA94D][Nourriture][-][fd0002][-][fe1000][-] Viande crue [00de50](2)[-][DECEA3](I)[-],[f00002][-][FFA94D][Cibo][-][fd0002][-][fe1000][-] Carne cruda [00de50](2)[-][DECEA3](I)[-],[f00002][-][FFA94D][食料][-][fd0002][-][fe1000][-] 生肉 [00de50](2)[-][DECEA3](I)[-],[f00002][-][FFA94D][음식][-][fd0002][-][fe1000][-] 날고기 [00de50](2)[-][DECEA3](I)[-],[f00002][-][FFA94D][Żywność][-][fd0002][-][fe1000][-] Surowe mięso [00de50](2)[-][DECEA3](I)[-],[f00002][-][FFA94D][Comida][-][fd0002][-][fe1000][-] Carne crua [00de50](2)[-][DECEA3](I)[-],[f00002][-][FFA94D][Еда][-][fd0002][-][fe1000][-] Сырое мясо [00de50](2)[-][DECEA3](I)[-],[f00002][-][FFA94D][Gıda][-][fd0002][-][fe1000][-] Çiğ Et [00de50](2)[-][DECEA3](I)[-],[f00002][-][FFA94D][食物][-][fd0002][-][fe1000][-] 生肉 [00de50](2)[-][DECEA3](I)[-],[f00002][-][FFA94D][食物][-][fd0002][-][fe1000][-] 生肉 [00de50](2)[-][DECEA3](I)[-]
foodRottingFlesh,items,Food,,,,[f00002][-][FFA94D][Food][-][fd0001][-][fe1000][-] Rotting Flesh [00de50](1)[-][DECEA3](I)[-],,[f00002][-][FFA94D][Nahrung][-][fd0001][-][fe1000][-] Verrottendes Fleisch [00de50](1)[-][DECEA3](I)[-],[f00002][-][FFA94D][Comida][-][fd0001][-][fe1000][-] Carne podrida [00de50](1)[-][DECEA3](I)[-],[f00002][-][FFA94D][Nourriture][-][fd0001][-][fe1000][-] Chair pourrie [00de50](1)[-][DECEA3](I)[-],[f00002][-][FFA94D][Cibo][-][fd0001][-][fe1000][-] Carne putrefatta [00de50](1)[-][DECEA3](I)[-],[f00002][-][FFA94D][食料][-][fd0001][-][fe1000][-] 腐肉 [00de50](1)[-][DECEA3](I)[-],[f00002][-][FFA94D][음식][-][fd0001][-][fe1000][-] 썩은 고기 [00de50](1)[-][DECEA3](I)[-],[f00002][-][FFA94D][Żywność][-][fd0001][-][fe1000][-] Gnijące mięso [00de50](1)[-][DECEA3](I)[-],[f00002][-][FFA94D][Comida][-][fd0001][-][fe1000][-] Carne podre [00de50](1)[-][DECEA3](I)[-],[f00002][-][FFA94D][Еда][-][fd0001][-][fe1000][-] Разлагающееся мясо [00de50](1)[-][DECEA3](I)[-],[f00002][-][FFA94D][Gıda][-][fd0001][-][fe1000][-] Çürümüş Et [00de50](1)[-][DECEA3](I)[-],[f00002][-][FFA94D][食物][-][fd0001][-][fe1000][-] 腐肉 [00de50](1)[-][DECEA3](I)[-],[f00002][-][FFA94D][食物][-][fd0001][-][fe1000][-] 腐肉 [00de50](1)[-][DECEA3](I)[-]
foodShamChowder,items,Food,,,,[f00002][-][FFA94D][Food][-][fd0053][-][fe1010][-] Sham Chowder [00de50](53)[-][00c8ff](10)[-],,[f00002][-][FFA94D][Nahrung][-][fd0053][-][fe1010][-] Sham-Suppe [00de50](53)[-][00c8ff](10)[-],[f00002][-][FFA94D][Comida][-][fd0053][-][fe1010][-] Sopa de pescado de Sham [00de50](53)[-][00c8ff](10)[-],[f00002][-][FFA94D][Nourriture][-][fd0053][-][fe1010][-] Soupe épaisse de jambon en conserve [00de50](53)[-][00c8ff](10)[-],[f00002][-][FFA94D][Cibo][-][fd0053][-][fe1010][-] Zuppa alla sham [00de50](53)[-][00c8ff](10)[-],[f00002][-][FFA94D][食料][-][fd0053][-][fe1010][-] シャムチャウダー [00de50](53)[-][00c8ff](10)[-],[f00002][-][FFA94D][음식][-][fd0053][-][fe1010][-] 샴 차우더 [00de50](53)[-][00c8ff](10)[-],[f00002][-][FFA94D][Żywność][-][fd0053][-][fe1010][-] Chowder z nięsa [00de50](53)[-][00c8ff](10)[-],[f00002][-][FFA94D][Comida][-][fd0053][-][fe1010][-] Ensopado falso [00de50](53)[-][00c8ff](10)[-],[f00002][-][FFA94D][Еда][-][fd0053][-][fe1010][-] Похлебка из «Срама» [00de50](53)[-][00c8ff](10)[-],[f00002][-][FFA94D][Gıda][-][fd0053][-][fe1010][-] Sham Balık Çorbası [00de50](53)[-][00c8ff](10)[-],[f00002][-][FFA94D][食物][-][fd0053][-][fe1010][-] 山威杂烩 [00de50](53)[-][00c8ff](10)[-],[f00002][-][FFA94D][食物][-][fd0053][-][fe1010][-] 假雜燴 [00de50](53)[-][00c8ff](10)[-]
foodShamSandwich,items,Food,,,,[f00002][-][FFA94D][Food][-][fd0015][-][fe1000][-] Old Sham Sandwich [00de50](15)[-][DECEA3](I)[-],,[f00002][-][FFA94D][Nahrung][-][fd0015][-][fe1000][-] Altes Sham-Sandwich [00de50](15)[-][DECEA3](I)[-],[f00002][-][FFA94D][Comida][-][fd0015][-][fe1000][-] Sándwich de jamón viejo [00de50](15)[-][DECEA3](I)[-],[f00002][-][FFA94D][Nourriture][-][fd0015][-][fe1000][-] Vieux sandwich artificiel [00de50](15)[-][DECEA3](I)[-],[f00002][-][FFA94D][Cibo][-][fd0015][-][fe1000][-] Sandwich alla sham raffermo [00de50](15)[-][DECEA3](I)[-],[f00002][-][FFA94D][食料][-][fd0015][-][fe1000][-] 古いシャムサンドイッチ [00de50](15)[-][DECEA3](I)[-],[f00002][-][FFA94D][음식][-][fd0015][-][fe1000][-] 오래된 엉터리 샌드위치 [00de50](15)[-][DECEA3](I)[-],[f00002][-][FFA94D][Żywność][-][fd0015][-][fe1000][-] Stara kanapka z nięsem [00de50](15)[-][DECEA3](I)[-],[f00002][-][FFA94D][Comida][-][fd0015][-][fe1000][-] Velho sanduíche falso [00de50](15)[-][DECEA3](I)[-],[f00002][-][FFA94D][Еда][-][fd0015][-][fe1000][-] Старый сэндвич со «Срамом» [00de50](15)[-][DECEA3](I)[-],[f00002][-][FFA94D][Gıda][-][fd0015][-][fe1000][-] Bayat Sham Sandviçi [00de50](15)[-][DECEA3](I)[-],[f00002][-][FFA94D][食物][-][fd0015][-][fe1000][-] 过期的山威三明治 [00de50](15)[-][DECEA3](I)[-],[f00002][-][FFA94D][食物][-][fd0015][-][fe1000][-] 剩假三明治 [00de50](15)[-][DECEA3](I)[-]
foodShepardsPie,items,Food,,,,[f00002][-][FFA94D][Food][-][fd0104][-][fe1000][-] Shepherd's Pie [00de50](104)[-],,[f00002][-][FFA94D][Nahrung][-][fd0104][-][fe1000][-] Shepards Pie [00de50](104)[-],[f00002][-][FFA94D][Comida][-][fd0104][-][fe1000][-] Pastel de pastor [00de50](104)[-],[f00002][-][FFA94D][Nourriture][-][fd0104][-][fe1000][-] Shepherd's pie [00de50](104)[-],[f00002][-][FFA94D][Cibo][-][fd0104][-][fe1000][-] Pasticcio del pastore [00de50](104)[-],[f00002][-][FFA94D][食料][-][fd0104][-][fe1000][-] シェパーズパイ [00de50](104)[-],[f00002][-][FFA94D][음식][-][fd0104][-][fe1000][-] 셰퍼드 파이 [00de50](104)[-],[f00002][-][FFA94D][Żywność][-][fd0104][-][fe1000][-] Placek pasterski [00de50](104)[-],[f00002][-][FFA94D][Comida][-][fd0104][-][fe1000][-] Pastelão de carne [00de50](104)[-],[f00002][-][FFA94D][Еда][-][fd0104][-][fe1000][-] Пастуший пирог [00de50](104)[-],[f00002][-][FFA94D][Gıda][-][fd0104][-][fe1000][-] Etli Turta [00de50](104)[-],[f00002][-][FFA94D][食物][-][fd0104][-][fe1000][-] 牧羊人派 [00de50](104)[-],[f00002][-][FFA94D][食物][-][fd0104][-][fe1000][-] 牧羊人派 [00de50](104)[-]
foodSpaghetti,items,Food,,,,[f00002][-][FFA94D][Food][-][fd0122][-][fe1000][-] Spaghetti [00de50](122)[-],,[f00002][-][FFA94D][Nahrung][-][fd0122][-][fe1000][-] Spaghetti [00de50](122)[-],[f00002][-][FFA94D][Comida][-][fd0122][-][fe1000][-] Espaguetis [00de50](122)[-],[f00002][-][FFA94D][Nourriture][-][fd0122][-][fe1000][-] Spaghetti [00de50](122)[-],[f00002][-][FFA94D][Cibo][-][fd0122][-][fe1000][-] Spaghetti [00de50](122)[-],[f00002][-][FFA94D][食料][-][fd0122][-][fe1000][-] スパゲッティ [00de50](122)[-],[f00002][-][FFA94D][음식][-][fd0122][-][fe1000][-] 스파게티 [00de50](122)[-],[f00002][-][FFA94D][Żywność][-][fd0122][-][fe1000][-] Spaghetti [00de50](122)[-],[f00002][-][FFA94D][Comida][-][fd0122][-][fe1000][-] Espaguete [00de50](122)[-],[f00002][-][FFA94D][Еда][-][fd0122][-][fe1000][-] Спагетти [00de50](122)[-],[f00002][-][FFA94D][Gıda][-][fd0122][-][fe1000][-] Spagetti [00de50](122)[-],[f00002][-][FFA94D][食物][-][fd0122][-][fe1000][-] 意大利面 [00de50](122)[-],[f00002][-][FFA94D][食物][-][fd0122][-][fe1000][-] 義大利細麵 [00de50](122)[-]
foodSteakAndPotato,items,Food,,,,[f00002][-][FFA94D][Food][-][fd0050][-][fe1000][-] Steak and Potato Meal [00de50](50)[-],,[f00002][-][FFA94D][Nahrung][-][fd0050][-][fe1000][-] Steak mit Kartoffeln [00de50](50)[-],[f00002][-][FFA94D][Comida][-][fd0050][-][fe1000][-] Carne y patatas [00de50](50)[-],[f00002][-][FFA94D][Nourriture][-][fd0050][-][fe1000][-] Steak-frites [00de50](50)[-],[f00002][-][FFA94D][Cibo][-][fd0050][-][fe1000][-] Bistecca con patate [00de50](50)[-],[f00002][-][FFA94D][食料][-][fd0050][-][fe1000][-] ステーキとジャガイモの食事 [00de50](50)[-],[f00002][-][FFA94D][음식][-][fd0050][-][fe1000][-] 스테이크와 감자 식사 [00de50](50)[-],[f00002][-][FFA94D][Żywność][-][fd0050][-][fe1000][-] Stek z ziemniaczkami [00de50](50)[-],[f00002][-][FFA94D][Comida][-][fd0050][-][fe1000][-] Prato de carne com batatas [00de50](50)[-],[f00002][-][FFA94D][Еда][-][fd0050][-][fe1000][-] Стейк с картофелем [00de50](50)[-],[f00002][-][FFA94D][Gıda][-][fd0050][-][fe1000][-] Patatesli Biftek [00de50](50)[-],[f00002][-][FFA94D][食物][-][fd0050][-][fe1000][-] 牛排配土豆 [00de50](50)[-],[f00002][-][FFA94D][食物][-][fd0050][-][fe1000][-] 牛排配土豆 [00de50](50)[-]
foodTunaFishGravyToast,items,Food,,,,[f00002][-][FFA94D][Food][-][fd0090][-][fe1000][-] Tuna Fish Gravy Toast [00de50](90)[-],,[f00002][-][FFA94D][Nahrung][-][fd0090][-][fe1000][-] Thunfischsoßen-Toast [00de50](90)[-],[f00002][-][FFA94D][Comida][-][fd0090][-][fe1000][-] Tostada de salsa y atún [00de50](90)[-],[f00002][-][FFA94D][Nourriture][-][fd0090][-][fe1000][-] Tartine au thon et au jus de viande [00de50](90)[-],[f00002][-][FFA94D][Cibo][-][fd0090][-][fe1000][-] Pane tostato con salsa tonnata [00de50](90)[-],[f00002][-][FFA94D][食料][-][fd0090][-][fe1000][-] ツナグレービートースト [00de50](90)[-],[f00002][-][FFA94D][음식][-][fd0090][-][fe1000][-] 참치 그레이비 토스트 [00de50](90)[-],[f00002][-][FFA94D][Żywność][-][fd0090][-][fe1000][-] Tost z tuńczykiem i sosem [00de50](90)[-],[f00002][-][FFA94D][Comida][-][fd0090][-][fe1000][-] Torrada com molho de atum [00de50](90)[-],[f00002][-][FFA94D][Еда][-][fd0090][-][fe1000][-] Тост с рыбным соусом [00de50](90)[-],[f00002][-][FFA94D][Gıda][-][fd0090][-][fe1000][-] Ton Balığı Soslu Tost [00de50](90)[-],[f00002][-][FFA94D][食物][-][fd0090][-][fe1000][-] 金枪鱼肉汁吐司 [00de50](90)[-],[f00002][-][FFA94D][食物][-][fd0090][-][fe1000][-] 金槍魚肉鬆吐司 [00de50](90)[-]
foodVegetableStew,items,Food,,,,[f00002][-][FFA94D][Food][-][fd0031][-][fe1020][-] Vegetable Stew [00de50](31)[-][00c8ff](20)[-],,[f00002][-][FFA94D][Nahrung][-][fd0031][-][fe1020][-] Gemüseeintopf [00de50](31)[-][00c8ff](20)[-],[f00002][-][FFA94D][Comida][-][fd0031][-][fe1020][-] Guisado de verduras [00de50](31)[-][00c8ff](20)[-],[f00002][-][FFA94D][Nourriture][-][fd0031][-][fe1020][-] Ragoût de légumes [00de50](31)[-][00c8ff](20)[-],[f00002][-][FFA94D][Cibo][-][fd0031][-][fe1020][-] Stufato di verdure [00de50](31)[-][00c8ff](20)[-],[f00002][-][FFA94D][食料][-][fd0031][-][fe1020][-] 野菜シチュー [00de50](31)[-][00c8ff](20)[-],[f00002][-][FFA94D][음식][-][fd0031][-][fe1020][-] 야채 스튜 [00de50](31)[-][00c8ff](20)[-],[f00002][-][FFA94D][Żywność][-][fd0031][-][fe1020][-] Potrawka z warzywami [00de50](31)[-][00c8ff](20)[-],[f00002][-][FFA94D][Comida][-][fd0031][-][fe1020][-] Guisado de legumes [00de50](31)[-][00c8ff](20)[-],[f00002][-][FFA94D][Еда][-][fd0031][-][fe1020][-] Овощное рагу [00de50](31)[-][00c8ff](20)[-],[f00002][-][FFA94D][Gıda][-][fd0031][-][fe1020][-] Sebze Yahnisi [00de50](31)[-][00c8ff](20)[-],[f00002][-][FFA94D][食物][-][fd0031][-][fe1020][-] 炖杂蔬 [00de50](31)[-][00c8ff](20)[-],[f00002][-][FFA94D][食物][-][fd0031][-][fe1020][-] 燉蔬菜 [00de50](31)[-][00c8ff](20)[-]
resourceAnimalFat,items,Food,,,,[f00002][-][FFA94D][Food][-][fd0005][-][fe1000][-] Animal Fat [00de50](5)[-][DECEA3](I)[-],,[f00002][-][FFA94D][Nahrung][-][fd0005][-][fe1000][-] Tierfett [00de50](5)[-][DECEA3](I)[-],[f00002][-][FFA94D][Comida][-][fd0005][-][fe1000][-] Grasa animal [00de50](5)[-][DECEA3](I)[-],[f00002][-][FFA94D][Nourriture][-][fd0005][-][fe1000][-] Graisse animale [00de50](5)[-][DECEA3](I)[-],[f00002][-][FFA94D][Cibo][-][fd0005][-][fe1000][-] Grasso animale [00de50](5)[-][DECEA3](I)[-],[f00002][-][FFA94D][食料][-][fd0005][-][fe1000][-] 動物性油脂 [00de50](5)[-][DECEA3](I)[-],[f00002][-][FFA94D][음식][-][fd0005][-][fe1000][-] 동물성 지방 [00de50](5)[-][DECEA3](I)[-],[f00002][-][FFA94D][Żywność][-][fd0005][-][fe1000][-] Tłuszcz zwierzęcy [00de50](5)[-][DECEA3](I)[-],[f00002][-][FFA94D][Comida][-][fd0005][-][fe1000][-] Gordura animal [00de50](5)[-][DECEA3](I)[-],[f00002][-][FFA94D][Еда][-][fd0005][-][fe1000][-] Животный жир [00de50](5)[-][DECEA3](I)[-],[f00002][-][FFA94D][Gıda][-][fd0005][-][fe1000][-] Hayvan Yağı [00de50](5)[-][DECEA3](I)[-],[f00002][-][FFA94D][食物][-][fd0005][-][fe1000][-] 动物脂肪 [00de50](5)[-][DECEA3](I)[-],[f00002][-][FFA94D][食物][-][fd0005][-][fe1000][-] 動物脂肪 [00de50](5)[-][DECEA3](I)[-]
foodCanBeef,items,Food-Canned,,,,[f00004][-][FFA94D][Canned][-][fc0015][-][fe1000][-] Large Beef Ration [00de50](15)[-][DECEA3](I)[-],,[f00004][-][FFA94D][Konserve][-][fc0015][-][fe1000][-] Große Rindfleisch-Ration [00de50](15)[-][DECEA3](I)[-],[f00004][-][FFA94D][Enlatado][-][fc0015][-][fe1000][-] Gran porción de ternera [00de50](15)[-][DECEA3](I)[-],[f00004][-][FFA94D][Conserve][-][fc0015][-][fe1000][-] Grande ration de bœuf [00de50](15)[-][DECEA3](I)[-],[f00004][-][FFA94D][Scatoletta][-][fc0015][-][fe1000][-] Spezzatino di manzo [00de50](15)[-][DECEA3](I)[-],[f00004][-][FFA94D][缶詰][-][fc0015][-][fe1000][-] 大型牛肉レーション [00de50](15)[-][DECEA3](I)[-],[f00004][-][FFA94D][통조림][-][fc0015][-][fe1000][-] 커다란 배식용 소고기 [00de50](15)[-][DECEA3](I)[-],[f00004][-][FFA94D][Konserwa][-][fc0015][-][fe1000][-] Duża racja wołowiny [00de50](15)[-][DECEA3](I)[-],[f00004][-][FFA94D][Enlatado][-][fc0015][-][fe1000][-] Ração de bife grande [00de50](15)[-][DECEA3](I)[-],[f00004][-][FFA94D][Консервы][-][fc0015][-][fe1000][-] Большая банка консервированной говядины [00de50](15)[-][DECEA3](I)[-],[f00004][-][FFA94D][Konserve][-][fc0015][-][fe1000][-] Büyük Biftek Kumanyası [00de50](15)[-][DECEA3](I)[-],[f00004][-][FFA94D][罐头][-][fc0015][-][fe1000][-] 大份牛肉罐头 [00de50](15)[-][DECEA3](I)[-],[f00004][-][FFA94D][罐頭][-][fc0015][-][fe1000][-] 大份牛肉口糧 [00de50](15)[-][DECEA3](I)[-]
foodCanCatfood,items,Food-Canned,,,,[f00004][-][FFA94D][Canned][-][fc0010][-][fe1000][-] Can of Cat Food [00de50](10)[-],,[f00004][-][FFA94D][Konserve][-][fc0010][-][fe1000][-] Dose Katzenfutter [00de50](10)[-],[f00004][-][FFA94D][Enlatado][-][fc0010][-][fe1000][-] Lata de comida para gatos [00de50](10)[-],[f00004][-][FFA94D][Conserve][-][fc0010][-][fe1000][-] Conserve de pâtée pour chat [00de50](10)[-],[f00004][-][FFA94D][Scatoletta][-][fc0010][-][fe1000][-] Scatoletta per gatti [00de50](10)[-],[f00004][-][FFA94D][缶詰][-][fc0010][-][fe1000][-] キャットフード缶 [00de50](10)[-],[f00004][-][FFA94D][통조림][-][fc0010][-][fe1000][-] 고양이 사료 캔 [00de50](10)[-],[f00004][-][FFA94D][Konserwa][-][fc0010][-][fe1000][-] Puszka kociej karmy [00de50](10)[-],[f00004][-][FFA94D][Enlatado][-][fc0010][-][fe1000][-] Lata de ração de gato [00de50](10)[-],[f00004][-][FFA94D][Консервы][-][fc0010][-][fe1000][-] Банка кошачьего корма [00de50](10)[-],[f00004][-][FFA94D][Konserve][-][fc0010][-][fe1000][-] Kedi Maması Kutusu [00de50](10)[-],[f00004][-][FFA94D][罐头][-][fc0010][-][fe1000][-] 猫粮罐头 [00de50](10)[-],[f00004][-][FFA94D][罐頭][-][fc0010][-][fe1000][-] 罐裝貓糧 [00de50](10)[-]
foodCanChicken,items,Food-Canned,,,,[f00004][-][FFA94D][Canned][-][fc0015][-][fe1000][-] Chicken Ration [00de50](15)[-],,[f00004][-][FFA94D][Konserve][-][fc0015][-][fe1000][-] Hühnchen-Ration [00de50](15)[-],[f00004][-][FFA94D][Enlatado][-][fc0015][-][fe1000][-] Porción de pollo [00de50](15)[-],[f00004][-][FFA94D][Conserve][-][fc0015][-][fe1000][-] Ration de poulet [00de50](15)[-],[f00004][-][FFA94D][Scatoletta][-][fc0015][-][fe1000][-] Bocconcini di pollo [00de50](15)[-],[f00004][-][FFA94D][缶詰][-][fc0015][-][fe1000][-] 鶏肉レーション [00de50](15)[-],[f00004][-][FFA94D][통조림][-][fc0015][-][fe1000][-] 배식용 닭고기 [00de50](15)[-],[f00004][-][FFA94D][Konserwa][-][fc0015][-][fe1000][-] Racja kurczaka [00de50](15)[-],[f00004][-][FFA94D][Enlatado][-][fc0015][-][fe1000][-] Ração de frango [00de50](15)[-],[f00004][-][FFA94D][Консервы][-][fc0015][-][fe1000][-] Банка консервированной курицы [00de50](15)[-],[f00004][-][FFA94D][Konserve][-][fc0015][-][fe1000][-] Tavuk Kumanyası [00de50](15)[-],[f00004][-][FFA94D][罐头][-][fc0015][-][fe1000][-] 鸡肉罐头 [00de50](15)[-],[f00004][-][FFA94D][罐頭][-][fc0015][-][fe1000][-] 雞肉口糧 [00de50](15)[-]
foodCanChili,items,Food-Canned,,,,[f00004][-][FFA94D][Canned][-][fc0015][-][fe1000][-] Can of Chili [00de50](15)[-][DECEA3](I)[-],,[f00004][-][FFA94D][Konserve][-][fc0015][-][fe1000][-] Dose Chili [00de50](15)[-][DECEA3](I)[-],[f00004][-][FFA94D][Enlatado][-][fc0015][-][fe1000][-] Lata de chili [00de50](15)[-][DECEA3](I)[-],[f00004][-][FFA94D][Conserve][-][fc0015][-][fe1000][-] Conserve de chili [00de50](15)[-][DECEA3](I)[-],[f00004][-][FFA94D][Scatoletta][-][fc0015][-][fe1000][-] Scatoletta piccante [00de50](15)[-][DECEA3](I)[-],[f00004][-][FFA94D][缶詰][-][fc0015][-][fe1000][-] チリ缶 [00de50](15)[-][DECEA3](I)[-],[f00004][-][FFA94D][통조림][-][fc0015][-][fe1000][-] 칠리 통조림 [00de50](15)[-][DECEA3](I)[-],[f00004][-][FFA94D][Konserwa][-][fc0015][-][fe1000][-] Puszka chili [00de50](15)[-][DECEA3](I)[-],[f00004][-][FFA94D][Enlatado][-][fc0015][-][fe1000][-] Lata de chilli [00de50](15)[-][DECEA3](I)[-],[f00004][-][FFA94D][Консервы][-][fc0015][-][fe1000][-] Банка чили [00de50](15)[-][DECEA3](I)[-],[f00004][-][FFA94D][Konserve][-][fc0015][-][fe1000][-] Konserve Acılı Türlü [00de50](15)[-][DECEA3](I)[-],[f00004][-][FFA94D][罐头][-][fc0015][-][fe1000][-] 辣椒罐头 [00de50](15)[-][DECEA3](I)[-],[f00004][-][FFA94D][罐頭][-][fc0015][-][fe1000][-] 罐裝辣椒 [00de50](15)[-][DECEA3](I)[-]
foodCanDogfood,items,Food-Canned,,,,[f00004][-][FFA94D][Canned][-][fc0010][-][fe1000][-] Can of Dog Food [00de50](10)[-][DECEA3](I)[-],,[f00004][-][FFA94D][Konserve][-][fc0010][-][fe1000][-] Dose Hundefutter [00de50](10)[-][DECEA3](I)[-],[f00004][-][FFA94D][Enlatado][-][fc0010][-][fe1000][-] Lata de comida para perros [00de50](10)[-][DECEA3](I)[-],[f00004][-][FFA94D][Conserve][-][fc0010][-][fe1000][-] Conserve de pâtée pour chien [00de50](10)[-][DECEA3](I)[-],[f00004][-][FFA94D][Scatoletta][-][fc0010][-][fe1000][-] Scatoletta per cani [00de50](10)[-][DECEA3](I)[-],[f00004][-][FFA94D][缶詰][-][fc0010][-][fe1000][-] ドッグフード缶 [00de50](10)[-][DECEA3](I)[-],[f00004][-][FFA94D][통조림][-][fc0010][-][fe1000][-] 개 사료 캔 [00de50](10)[-][DECEA3](I)[-],[f00004][-][FFA94D][Konserwa][-][fc0010][-][fe1000][-] Puszka psiej karmy [00de50](10)[-][DECEA3](I)[-],[f00004][-][FFA94D][Enlatado][-][fc0010][-][fe1000][-] Lata de ração de cachorro [00de50](10)[-][DECEA3](I)[-],[f00004][-][FFA94D][Консервы][-][fc0010][-][fe1000][-] Банка собачьего корма [00de50](10)[-][DECEA3](I)[-],[f00004][-][FFA94D][Konserve][-][fc0010][-][fe1000][-] Köpek Maması Kutusu [00de50](10)[-][DECEA3](I)[-],[f00004][-][FFA94D][罐头][-][fc0010][-][fe1000][-] 狗粮罐头 [00de50](10)[-][DECEA3](I)[-],[f00004][-][FFA94D][罐頭][-][fc0010][-][fe1000][-] 罐裝狗糧 [00de50](10)[-][DECEA3](I)[-]
foodCanLamb,items,Food-Canned,,,,[f00004][-][FFA94D][Canned][-][fc0015][-][fe1000][-] Lamb Rations [00de50](15)[-][DECEA3](I)[-],,[f00004][-][FFA94D][Konserve][-][fc0015][-][fe1000][-] Lamm-Ration [00de50](15)[-][DECEA3](I)[-],[f00004][-][FFA94D][Enlatado][-][fc0015][-][fe1000][-] Porción de cordero [00de50](15)[-][DECEA3](I)[-],[f00004][-][FFA94D][Conserve][-][fc0015][-][fe1000][-] Rations d'agneau [00de50](15)[-][DECEA3](I)[-],[f00004][-][FFA94D][Scatoletta][-][fc0015][-][fe1000][-] Bocconcini di agnello [00de50](15)[-][DECEA3](I)[-],[f00004][-][FFA94D][缶詰][-][fc0015][-][fe1000][-] ラムレーション [00de50](15)[-][DECEA3](I)[-],[f00004][-][FFA94D][통조림][-][fc0015][-][fe1000][-] 배식용 양고기 [00de50](15)[-][DECEA3](I)[-],[f00004][-][FFA94D][Konserwa][-][fc0015][-][fe1000][-] Racje jagnięciny [00de50](15)[-][DECEA3](I)[-],[f00004][-][FFA94D][Enlatado][-][fc0015][-][fe1000][-] Ração de carneiro [00de50](15)[-][DECEA3](I)[-],[f00004][-][FFA94D][Консервы][-][fc0015][-][fe1000][-] Банка консервированной баранины [00de50](15)[-][DECEA3](I)[-],[f00004][-][FFA94D][Konserve][-][fc0015][-][fe1000][-] Kuzu Kumanyası [00de50](15)[-][DECEA3](I)[-],[f00004][-][FFA94D][罐头][-][fc0015][-][fe1000][-] 羊肉罐头 [00de50](15)[-][DECEA3](I)[-],[f00004][-][FFA94D][罐頭][-][fc0015][-][fe1000][-] 羊肉口糧 [00de50](15)[-][DECEA3](I)[-]
foodCanMiso,items,Food-Canned,,,,[f00004][-][FFA94D][Canned][-][fc0010][-][fe1010][-] Can of Miso [00de50](10)[-][00c8ff](10)[-],,[f00004][-][FFA94D][Konserve][-][fc0010][-][fe1010][-] Dose Misosuppe [00de50](10)[-][00c8ff](10)[-],[f00004][-][FFA94D][Enlatado][-][fc0010][-][fe1010][-] Lata de miso [00de50](10)[-][00c8ff](10)[-],[f00004][-][FFA94D][Conserve][-][fc0010][-][fe1010][-] Conserve de miso [00de50](10)[-][00c8ff](10)[-],[f00004][-][FFA94D][Scatoletta][-][fc0010][-][fe1010][-] Zuppa di miso [00de50](10)[-][00c8ff](10)[-],[f00004][-][FFA94D][缶詰][-][fc0010][-][fe1010][-] 味噌缶 [00de50](10)[-][00c8ff](10)[-],[f00004][-][FFA94D][통조림][-][fc0010][-][fe1010][-] 미소 된장 통조림 [00de50](10)[-][00c8ff](10)[-],[f00004][-][FFA94D][Konserwa][-][fc0010][-][fe1010][-] Puszka miso [00de50](10)[-][00c8ff](10)[-],[f00004][-][FFA94D][Enlatado][-][fc0010][-][fe1010][-] Lata de missô [00de50](10)[-][00c8ff](10)[-],[f00004][-][FFA94D][Консервы][-][fc0010][-][fe1010][-] Банка мисо-супа [00de50](10)[-][00c8ff](10)[-],[f00004][-][FFA94D][Konserve][-][fc0010][-][fe1010][-] Konserve Miso [00de50](10)[-][00c8ff](10)[-],[f00004][-][FFA94D][罐头][-][fc0010][-][fe1010][-] 味增罐头 [00de50](10)[-][00c8ff](10)[-],[f00004][-][FFA94D][罐頭][-][fc0010][-][fe1010][-] 罐裝豆醬 [00de50](10)[-][00c8ff](10)[-]
foodCanPasta,items,Food-Canned,,,,[f00004][-][FFA94D][Canned][-][fc0015][-][fe1000][-] Can of Pasta [00de50](15)[-][DECEA3](I)[-],,[f00004][-][FFA94D][Konserve][-][fc0015][-][fe1000][-] Dose Nudeln [00de50](15)[-][DECEA3](I)[-],[f00004][-][FFA94D][Enlatado][-][fc0015][-][fe1000][-] Lata de pasta [00de50](15)[-][DECEA3](I)[-],[f00004][-][FFA94D][Conserve][-][fc0015][-][fe1000][-] Conserve de pâtes [00de50](15)[-][DECEA3](I)[-],[f00004][-][FFA94D][Scatoletta][-][fc0015][-][fe1000][-] Ravioli in scatola [00de50](15)[-][DECEA3](I)[-],[f00004][-][FFA94D][缶詰][-][fc0015][-][fe1000][-] パスタ缶 [00de50](15)[-][DECEA3](I)[-],[f00004][-][FFA94D][통조림][-][fc0015][-][fe1000][-] 파스타 통조림 [00de50](15)[-][DECEA3](I)[-],[f00004][-][FFA94D][Konserwa][-][fc0015][-][fe1000][-] Puszka makaronu [00de50](15)[-][DECEA3](I)[-],[f00004][-][FFA94D][Enlatado][-][fc0015][-][fe1000][-] Lata de massa [00de50](15)[-][DECEA3](I)[-],[f00004][-][FFA94D][Консервы][-][fc0015][-][fe1000][-] Банка итальянской пасты [00de50](15)[-][DECEA3](I)[-],[f00004][-][FFA94D][Konserve][-][fc0015][-][fe1000][-] Konserve Makarna [00de50](15)[-][DECEA3](I)[-],[f00004][-][FFA94D][罐头][-][fc0015][-][fe1000][-] 通心粉罐头 [00de50](15)[-][DECEA3](I)[-],[f00004][-][FFA94D][罐頭][-][fc0015][-][fe1000][-] 罐裝義大利麵 [00de50](15)[-][DECEA3](I)[-]
foodCanPears,items,Food-Canned,,,,[f00004][-][FFA94D][Canned][-][fc0010][-][fe1005][-] Can of Pears [00de50](10)[-][00c8ff](5)[-],,[f00004][-][FFA94D][Konserve][-][fc0010][-][fe1005][-] Dose Birnen [00de50](10)[-][00c8ff](5)[-],[f00004][-][FFA94D][Enlatado][-][fc0010][-][fe1005][-] Lata de peras [00de50](10)[-][00c8ff](5)[-],[f00004][-][FFA94D][Conserve][-][fc0010][-][fe1005][-] Conserve de poires [00de50](10)[-][00c8ff](5)[-],[f00004][-][FFA94D][Scatoletta][-][fc0010][-][fe1005][-] Pere sciroppate [00de50](10)[-][00c8ff](5)[-],[f00004][-][FFA94D][缶詰][-][fc0010][-][fe1005][-] 洋ナシ缶 [00de50](10)[-][00c8ff](5)[-],[f00004][-][FFA94D][통조림][-][fc0010][-][fe1005][-] 배 통조림 [00de50](10)[-][00c8ff](5)[-],[f00004][-][FFA94D][Konserwa][-][fc0010][-][fe1005][-] Gruszki w puszce [00de50](10)[-][00c8ff](5)[-],[f00004][-][FFA94D][Enlatado][-][fc0010][-][fe1005][-] Lata de pera [00de50](10)[-][00c8ff](5)[-],[f00004][-][FFA94D][Консервы][-][fc0010][-][fe1005][-] Банка консервированных груш [00de50](10)[-][00c8ff](5)[-],[f00004][-][FFA94D][Konserve][-][fc0010][-][fe1005][-] Konserve Armut [00de50](10)[-][00c8ff](5)[-],[f00004][-][FFA94D][罐头][-][fc0010][-][fe1005][-] 梨子罐头 [00de50](10)[-][00c8ff](5)[-],[f00004][-][FFA94D][罐頭][-][fc0010][-][fe1005][-] 罐裝梨 [00de50](10)[-][00c8ff](5)[-]
foodCanPeas,items,Food-Canned,,,,[f00004][-][FFA94D][Canned][-][fc0010][-][fe1005][-] Can of Peas [00de50](10)[-][00c8ff](5)[-][DECEA3](I)[-],,[f00004][-][FFA94D][Konserve][-][fc0010][-][fe1005][-] Dose Erbsen [00de50](10)[-][00c8ff](5)[-][DECEA3](I)[-],[f00004][-][FFA94D][Enlatado][-][fc0010][-][fe1005][-] Lata de guisantes [00de50](10)[-][00c8ff](5)[-][DECEA3](I)[-],[f00004][-][FFA94D][Conserve][-][fc0010][-][fe1005][-] Conserve de petits pois [00de50](10)[-][00c8ff](5)[-][DECEA3](I)[-],[f00004][-][FFA94D][Scatoletta][-][fc0010][-][fe1005][-] Piselli in scatola [00de50](10)[-][00c8ff](5)[-][DECEA3](I)[-],[f00004][-][FFA94D][缶詰][-][fc0010][-][fe1005][-] グリンピース缶 [00de50](10)[-][00c8ff](5)[-][DECEA3](I)[-],[f00004][-][FFA94D][통조림][-][fc0010][-][fe1005][-] 콩 통조림 [00de50](10)[-][00c8ff](5)[-][DECEA3](I)[-],[f00004][-][FFA94D][Konserwa][-][fc0010][-][fe1005][-] Groszek w puszce [00de50](10)[-][00c8ff](5)[-][DECEA3](I)[-],[f00004][-][FFA94D][Enlatado][-][fc0010][-][fe1005][-] Lata de ervilhas [00de50](10)[-][00c8ff](5)[-][DECEA3](I)[-],[f00004][-][FFA94D][Консервы][-][fc0010][-][fe1005][-] Банка консервированного горошка [00de50](10)[-][00c8ff](5)[-][DECEA3](I)[-],[f00004][-][FFA94D][Konserve][-][fc0010][-][fe1005][-] Konserve Bezelye [00de50](10)[-][00c8ff](5)[-][DECEA3](I)[-],[f00004][-][FFA94D][罐头][-][fc0010][-][fe1005][-] 豌豆罐头 [00de50](10)[-][00c8ff](5)[-][DECEA3](I)[-],[f00004][-][FFA94D][罐頭][-][fc0010][-][fe1005][-] 豌豆罐 [00de50](10)[-][00c8ff](5)[-][DECEA3](I)[-]
foodCanSalmon,items,Food-Canned,,,,[f00004][-][FFA94D][Canned][-][fc0015][-][fe1000][-] Can of Salmon [00de50](15)[-][DECEA3](I)[-],,[f00004][-][FFA94D][Konserve][-][fc0015][-][fe1000][-] Dose Lachs [00de50](15)[-][DECEA3](I)[-],[f00004][-][FFA94D][Enlatado][-][fc0015][-][fe1000][-] Lata de salmón [00de50](15)[-][DECEA3](I)[-],[f00004][-][FFA94D][Conserve][-][fc0015][-][fe1000][-] Conserve de saumon [00de50](15)[-][DECEA3](I)[-],[f00004][-][FFA94D][Scatoletta][-][fc0015][-][fe1000][-] Salmone in scatola [00de50](15)[-][DECEA3](I)[-],[f00004][-][FFA94D][缶詰][-][fc0015][-][fe1000][-] サーモン缶 [00de50](15)[-][DECEA3](I)[-],[f00004][-][FFA94D][통조림][-][fc0015][-][fe1000][-] 연어 통조림 [00de50](15)[-][DECEA3](I)[-],[f00004][-][FFA94D][Konserwa][-][fc0015][-][fe1000][-] Łosoś w puszce [00de50](15)[-][DECEA3](I)[-],[f00004][-][FFA94D][Enlatado][-][fc0015][-][fe1000][-] Lata de salmão [00de50](15)[-][DECEA3](I)[-],[f00004][-][FFA94D][Консервы][-][fc0015][-][fe1000][-] Банка консервированного лосося [00de50](15)[-][DECEA3](I)[-],[f00004][-][FFA94D][Konserve][-][fc0015][-][fe1000][-] Konserve Somon [00de50](15)[-][DECEA3](I)[-],[f00004][-][FFA94D][罐头][-][fc0015][-][fe1000][-] 三文鱼罐头 [00de50](15)[-][DECEA3](I)[-],[f00004][-][FFA94D][罐頭][-][fc0015][-][fe1000][-] 罐裝三文魚 [00de50](15)[-][DECEA3](I)[-]
foodCanSham,items,Food-Canned,,,,[f00004][-][FFA94D][Canned][-][fc0015][-][fe1000][-] Can of Sham [00de50](15)[-][DECEA3](I)[-],,[f00004][-][FFA94D][Konserve][-][fc0015][-][fe1000][-] Dose Sham [00de50](15)[-][DECEA3](I)[-],[f00004][-][FFA94D][Enlatado][-][fc0015][-][fe1000][-] Lata de jamón Shamway [00de50](15)[-][DECEA3](I)[-],[f00004][-][FFA94D][Conserve][-][fc0015][-][fe1000][-] Conserve de jambon [00de50](15)[-][DECEA3](I)[-],[f00004][-][FFA94D][Scatoletta][-][fc0015][-][fe1000][-] Scatoletta di sham [00de50](15)[-][DECEA3](I)[-],[f00004][-][FFA94D][缶詰][-][fc0015][-][fe1000][-] シャム缶 [00de50](15)[-][DECEA3](I)[-],[f00004][-][FFA94D][통조림][-][fc0015][-][fe1000][-] 엉터리 고기 통조림 [00de50](15)[-][DECEA3](I)[-],[f00004][-][FFA94D][Konserwa][-][fc0015][-][fe1000][-] Puszka Nięsa [00de50](15)[-][DECEA3](I)[-],[f00004][-][FFA94D][Enlatado][-][fc0015][-][fe1000][-] Lata de carne falsa [00de50](15)[-][DECEA3](I)[-],[f00004][-][FFA94D][Консервы][-][fc0015][-][fe1000][-] Банка «Срама» [00de50](15)[-][DECEA3](I)[-],[f00004][-][FFA94D][Konserve][-][fc0015][-][fe1000][-] Konserve Salam [00de50](15)[-][DECEA3](I)[-],[f00004][-][FFA94D][罐头][-][fc0015][-][fe1000][-] 山威罐头 [00de50](15)[-][DECEA3](I)[-],[f00004][-][FFA94D][罐頭][-][fc0015][-][fe1000][-] 罐裝假火腿 [00de50](15)[-][DECEA3](I)[-]
foodCanSoup,items,Food-Canned,,,,[f00004][-][FFA94D][Canned][-][fc0010][-][fe1010][-] Chicken Soup [00de50](10)[-][00c8ff](10)[-],,[f00004][-][FFA94D][Konserve][-][fc0010][-][fe1010][-] Hühnersuppe [00de50](10)[-][00c8ff](10)[-],[f00004][-][FFA94D][Enlatado][-][fc0010][-][fe1010][-] Sopa de pollo [00de50](10)[-][00c8ff](10)[-],[f00004][-][FFA94D][Conserve][-][fc0010][-][fe1010][-] Soupe de poulet [00de50](10)[-][00c8ff](10)[-],[f00004][-][FFA94D][Scatoletta][-][fc0010][-][fe1010][-] Zuppa di pollo [00de50](10)[-][00c8ff](10)[-],[f00004][-][FFA94D][缶詰][-][fc0010][-][fe1010][-] 鶏肉スープ [00de50](10)[-][00c8ff](10)[-],[f00004][-][FFA94D][통조림][-][fc0010][-][fe1010][-] 닭고기 수프 [00de50](10)[-][00c8ff](10)[-],[f00004][-][FFA94D][Konserwa][-][fc0010][-][fe1010][-] Rosół [00de50](10)[-][00c8ff](10)[-],[f00004][-][FFA94D][Enlatado][-][fc0010][-][fe1010][-] Sopa de frango [00de50](10)[-][00c8ff](10)[-],[f00004][-][FFA94D][Консервы][-][fc0010][-][fe1010][-] Куриный суп [00de50](10)[-][00c8ff](10)[-],[f00004][-][FFA94D][Konserve][-][fc0010][-][fe1010][-] Tavuk Çorbası [00de50](10)[-][00c8ff](10)[-],[f00004][-][FFA94D][罐头][-][fc0010][-][fe1010][-] 鸡汤 [00de50](10)[-][00c8ff](10)[-],[f00004][-][FFA94D][罐頭][-][fc0010][-][fe1010][-] 雞湯 [00de50](10)[-][00c8ff](10)[-]
foodCanStock,items,Food-Canned,,,,[f00004][-][FFA94D][Canned][-][fc0005][-][fe1010][-] Can of Stock [00de50](5)[-][00c8ff](10)[-][DECEA3](I)[-],,[f00004][-][FFA94D][Konserve][-][fc0005][-][fe1010][-] Dose Fond [00de50](5)[-][00c8ff](10)[-][DECEA3](I)[-],[f00004][-][FFA94D][Enlatado][-][fc0005][-][fe1010][-] Lata de caldo [00de50](5)[-][00c8ff](10)[-][DECEA3](I)[-],[f00004][-][FFA94D][Conserve][-][fc0005][-][fe1010][-] Conserve de bouillon [00de50](5)[-][00c8ff](10)[-][DECEA3](I)[-],[f00004][-][FFA94D][Scatoletta][-][fc0005][-][fe1010][-] Brodo in scatola [00de50](5)[-][00c8ff](10)[-][DECEA3](I)[-],[f00004][-][FFA94D][缶詰][-][fc0005][-][fe1010][-] 出汁の缶詰 [00de50](5)[-][00c8ff](10)[-][DECEA3](I)[-],[f00004][-][FFA94D][통조림][-][fc0005][-][fe1010][-] 비축 통조림 [00de50](5)[-][00c8ff](10)[-][DECEA3](I)[-],[f00004][-][FFA94D][Konserwa][-][fc0005][-][fe1010][-] Puszka bulionu mięsnego [00de50](5)[-][00c8ff](10)[-][DECEA3](I)[-],[f00004][-][FFA94D][Enlatado][-][fc0005][-][fe1010][-] Lata de caldo [00de50](5)[-][00c8ff](10)[-][DECEA3](I)[-],[f00004][-][FFA94D][Консервы][-][fc0005][-][fe1010][-] Банка бульона [00de50](5)[-][00c8ff](10)[-][DECEA3](I)[-],[f00004][-][FFA94D][Konserve][-][fc0005][-][fe1010][-] Konserve Et Suyu [00de50](5)[-][00c8ff](10)[-][DECEA3](I)[-],[f00004][-][FFA94D][罐头][-][fc0005][-][fe1010][-] 浓汤罐头 [00de50](5)[-][00c8ff](10)[-][DECEA3](I)[-],[f00004][-][FFA94D][罐頭][-][fc0005][-][fe1010][-] 罐裝高湯 [00de50](5)[-][00c8ff](10)[-][DECEA3](I)[-]
foodCanTuna,items,Food-Canned,,,,[f00004][-][FFA94D][Canned][-][fc0005][-][fe1000][-] Can of Tuna [00de50](5)[-][DECEA3](I)[-],,[f00004][-][FFA94D][Konserve][-][fc0005][-][fe1000][-] Dose Thunfisch [00de50](5)[-][DECEA3](I)[-],[f00004][-][FFA94D][Enlatado][-][fc0005][-][fe1000][-] Lata de atún [00de50](5)[-][DECEA3](I)[-],[f00004][-][FFA94D][Conserve][-][fc0005][-][fe1000][-] Conserve de thon [00de50](5)[-][DECEA3](I)[-],[f00004][-][FFA94D][Scatoletta][-][fc0005][-][fe1000][-] Tonno in scatola [00de50](5)[-][DECEA3](I)[-],[f00004][-][FFA94D][缶詰][-][fc0005][-][fe1000][-] ツナ缶 [00de50](5)[-][DECEA3](I)[-],[f00004][-][FFA94D][통조림][-][fc0005][-][fe1000][-] 참치 통조림 [00de50](5)[-][DECEA3](I)[-],[f00004][-][FFA94D][Konserwa][-][fc0005][-][fe1000][-] Tuńczyk w puszce [00de50](5)[-][DECEA3](I)[-],[f00004][-][FFA94D][Enlatado][-][fc0005][-][fe1000][-] Lata de atum [00de50](5)[-][DECEA3](I)[-],[f00004][-][FFA94D][Консервы][-][fc0005][-][fe1000][-] Банка консервированного тунца [00de50](5)[-][DECEA3](I)[-],[f00004][-][FFA94D][Konserve][-][fc0005][-][fe1000][-] Konserve Ton Balığı [00de50](5)[-][DECEA3](I)[-],[f00004][-][FFA94D][罐头][-][fc0005][-][fe1000][-] 金枪鱼罐头 [00de50](5)[-][DECEA3](I)[-],[f00004][-][FFA94D][罐頭][-][fc0005][-][fe1000][-] 罐裝金槍魚 [00de50](5)[-][DECEA3](I)[-]
drugAtomJunkies,items,Candy,,,,[f00006][-][FFA94D][Candy][-][fa0005][-][fe1000][-] Atom Junkies,,[f00006][-][FFA94D][Süßigkeit][-][fa0005][-][fe1000][-] Atom-Junkies,[f00006][-][FFA94D][Dulce][-][fa0005][-][fe1000][-] Chatarra atómica,[f00006][-][FFA94D][Bonbon][-][fa0005][-][fe1000][-] Accro'atomes,[f00006][-][FFA94D][Caramella][-][fa0005][-][fe1000][-] Atomica,[f00006][-][FFA94D][キャンディ][-][fa0005][-][fe1000][-] 原子中毒,[f00006][-][FFA94D][사탕][-][fa0005][-][fe1000][-] 아톰 정키,[f00006][-][FFA94D][Słodycze][-][fa0005][-][fe1000][-] Atomówki,[f00006][-][FFA94D][Doce][-][fa0005][-][fe1000][-] Vício Atômico,[f00006][-][FFA94D][Сладость][-][fa0005][-][fe1000][-] Атомная дурь,[f00006][-][FFA94D][Şeker][-][fa0005][-][fe1000][-] Atom Bağımlıları,[f00006][-][FFA94D][糖果][-][fa0005][-][fe1000][-] 原子迷,[f00006][-][FFA94D][糖果][-][fa0005][-][fe1000][-] 原子迷
drugCovertCats,items,Candy,,,,[f00006][-][FFA94D][Candy][-][fa0005][-][fe1000][-] Covert Cats,,[f00006][-][FFA94D][Süßigkeit][-][fa0005][-][fe1000][-] Heimtückische Kätzchen,[f00006][-][FFA94D][Dulce][-][fa0005][-][fe1000][-] Gatos de encubierto,[f00006][-][FFA94D][Bonbon][-][fa0005][-][fe1000][-] Chats gris,[f00006][-][FFA94D][Caramella][-][fa0005][-][fe1000][-] Gatto ombroso,[f00006][-][FFA94D][キャンディ][-][fa0005][-][fe1000][-] コソコソ猫,[f00006][-][FFA94D][사탕][-][fa0005][-][fe1000][-] 코버트 캣,[f00006][-][FFA94D][Słodycze][-][fa0005][-][fe1000][-] Kotołazy,[f00006][-][FFA94D][Doce][-][fa0005][-][fe1000][-] Gatos Furtivos,[f00006][-][FFA94D][Сладость][-][fa0005][-][fe1000][-] Кошачья грация,[f00006][-][FFA94D][Şeker][-][fa0005][-][fe1000][-] Gizli Kediler,[f00006][-][FFA94D][糖果][-][fa0005][-][fe1000][-] 隐蔽的猫,[f00006][-][FFA94D][糖果][-][fa0005][-][fe1000][-] 變形貓
drugEyeKandy,items,Candy,,,,[f00006][-][FFA94D][Candy][-][fa0005][-][fe1000][-] Eye Candy,,[f00006][-][FFA94D][Süßigkeit][-][fa0005][-][fe1000][-] Augenschmaus,[f00006][-][FFA94D][Dulce][-][fa0005][-][fe1000][-] Caramelo visual,[f00006][-][FFA94D][Bonbon][-][fa0005][-][fe1000][-] Eye Candy,[f00006][-][FFA94D][Caramella][-][fa0005][-][fe1000][-] Delizia per gli occhi,[f00006][-][FFA94D][キャンディ][-][fa0005][-][fe1000][-] アイ・キャンディー,[f00006][-][FFA94D][사탕][-][fa0005][-][fe1000][-] 아이 캔디,[f00006][-][FFA94D][Słodycze][-][fa0005][-][fe1000][-] Perełki,[f00006][-][FFA94D][Doce][-][fa0005][-][fe1000][-] Eye Candy,[f00006][-][FFA94D][Сладость][-][fa0005][-][fe1000][-] Драже удачи,[f00006][-][FFA94D][Şeker][-][fa0005][-][fe1000][-] Hoş Şeker,[f00006][-][FFA94D][糖果][-][fa0005][-][fe1000][-] 寻宝眼药水,[f00006][-][FFA94D][糖果][-][fa0005][-][fe1000][-] 愛眼明
drugHackers,items,Candy,,,,[f00006][-][FFA94D][Candy][-][fa0005][-][fe1000][-] Hackers,,[f00006][-][FFA94D][Süßigkeit][-][fa0005][-][fe1000][-] Hackers,[f00006][-][FFA94D][Dulce][-][fa0005][-][fe1000][-] Hackers,[f00006][-][FFA94D][Bonbon][-][fa0005][-][fe1000][-] Hackers,[f00006][-][FFA94D][Caramella][-][fa0005][-][fe1000][-] Hacker,[f00006][-][FFA94D][キャンディ][-][fa0005][-][fe1000][-] ハッカー,[f00006][-][FFA94D][사탕][-][fa0005][-][fe1000][-] 해커,[f00006][-][FFA94D][Słodycze][-][fa0005][-][fe1000][-] Hakerki,[f00006][-][FFA94D][Doce][-][fa0005][-][fe1000][-] Invasores,[f00006][-][FFA94D][Сладость][-][fa0005][-][fe1000][-] Хакеры,[f00006][-][FFA94D][Şeker][-][fa0005][-][fe1000][-] Hacker'lar,[f00006][-][FFA94D][糖果][-][fa0005][-][fe1000][-] 黑客,[f00006][-][FFA94D][糖果][-][fa0005][-][fe1000][-] 駭客
drugJailBreakers,items,Candy,,,,[f00006][-][FFA94D][Candy][-][fa0005][-][fe1000][-] Jail Breakers,,[f00006][-][FFA94D][Süßigkeit][-][fa0005][-][fe1000][-] Gefängnisausbrecher,[f00006][-][FFA94D][Dulce][-][fa0005][-][fe1000][-] Rompecandados,[f00006][-][FFA94D][Bonbon][-][fa0005][-][fe1000][-] Passe-muraille,[f00006][-][FFA94D][Caramella][-][fa0005][-][fe1000][-] Scassinatutto,[f00006][-][FFA94D][キャンディ][-][fa0005][-][fe1000][-] 脱獄囚,[f00006][-][FFA94D][사탕][-][fa0005][-][fe1000][-] 제일 브레이커,[f00006][-][FFA94D][Słodycze][-][fa0005][-][fe1000][-] Wyłamki,[f00006][-][FFA94D][Doce][-][fa0005][-][fe1000][-] Fugitivos,[f00006][-][FFA94D][Сладость][-][fa0005][-][fe1000][-] Взломщик,[f00006][-][FFA94D][Şeker][-][fa0005][-][fe1000][-] Hapishane Kaçkınları,[f00006][-][FFA94D][糖果][-][fa0005][-][fe1000][-] 越狱者,[f00006][-][FFA94D][糖果][-][fa0005][-][fe1000][-] 越獄者
drugNerdTats,items,Candy,,,,[f00006][-][FFA94D][Candy][-][fa0005][-][fe1000][-] Nerd Tats,,[f00006][-][FFA94D][Süßigkeit][-][fa0005][-][fe1000][-] Nerd-Tats,[f00006][-][FFA94D][Dulce][-][fa0005][-][fe1000][-] Nerd Tats,[f00006][-][FFA94D][Bonbon][-][fa0005][-][fe1000][-] Tatouages de geek,[f00006][-][FFA94D][Caramella][-][fa0005][-][fe1000][-] Nerdaglierie,[f00006][-][FFA94D][キャンディ][-][fa0005][-][fe1000][-] オタクの刺青,[f00006][-][FFA94D][사탕][-][fa0005][-][fe1000][-] 너드 태츠,[f00006][-][FFA94D][Słodycze][-][fa0005][-][fe1000][-] Jajogłówki,[f00006][-][FFA94D][Doce][-][fa0005][-][fe1000][-] Onda Nerd,[f00006][-][FFA94D][Сладость][-][fa0005][-][fe1000][-] Препарат для ботанов,[f00006][-][FFA94D][Şeker][-][fa0005][-][fe1000][-] Nerd Dövmeleri,[f00006][-][FFA94D][糖果][-][fa0005][-][fe1000][-] 学霸刺青,[f00006][-][FFA94D][糖果][-][fa0005][-][fe1000][-] 書呆刺青
drugOhShitzDrops,items,Candy,,,,[f00006][-][FFA94D][Candy][-][fa0005][-][fe1000][-] Oh Shitz Drops,,[f00006][-][FFA94D][Süßigkeit][-][fa0005][-][fe1000][-] Oh-Scheiße-Drops,"[f00006][-][FFA94D][Dulce][-][fa0005][-][fe1000][-] Gotas “oh, mierda”","[f00006][-][FFA94D][Bonbon][-][fa0005][-][fe1000][-] Dose Oh merde""""",[f00006][-][FFA94D][Caramella][-][fa0005][-][fe1000][-] Gocce Oh cacchio,[f00006][-][FFA94D][キャンディ][-][fa0005][-][fe1000][-] 激ヤバ落下,[f00006][-][FFA94D][사탕][-][fa0005][-][fe1000][-] 오 쉿츠 드롭,[f00006][-][FFA94D][Słodycze][-][fa0005][-][fe1000][-] Pierdołki,[f00006][-][FFA94D][Doce][-][fa0005][-][fe1000][-] Balas Putz,[f00006][-][FFA94D][Сладость][-][fa0005][-][fe1000][-] Пилюли «О черт!»,[f00006][-][FFA94D][Şeker][-][fa0005][-][fe1000][-] Sıçtık Düşüşleri,[f00006][-][FFA94D][糖果][-][fa0005][-][fe1000][-] 该死的坠落,[f00006][-][FFA94D][糖果][-][fa0005][-][fe1000][-] 狗屎迫降
drugRockBusters,items,Candy,,,,[f00006][-][FFA94D][Candy][-][fa0005][-][fe1000][-] Rock Busters,,[f00006][-][FFA94D][Süßigkeit][-][fa0005][-][fe1000][-] Felszertrümmerer,[f00006][-][FFA94D][Dulce][-][fa0005][-][fe1000][-] Destruyerocas,[f00006][-][FFA94D][Bonbon][-][fa0005][-][fe1000][-] Casse-cailloux,[f00006][-][FFA94D][Caramella][-][fa0005][-][fe1000][-] Spaccarocce,[f00006][-][FFA94D][キャンディ][-][fa0005][-][fe1000][-] 岩の破壊者,[f00006][-][FFA94D][사탕][-][fa0005][-][fe1000][-] 락 버스터즈,[f00006][-][FFA94D][Słodycze][-][fa0005][-][fe1000][-] Minigłazy,[f00006][-][FFA94D][Doce][-][fa0005][-][fe1000][-] Quebra-Pedra,[f00006][-][FFA94D][Сладость][-][fa0005][-][fe1000][-] Rock Busters,[f00006][-][FFA94D][Şeker][-][fa0005][-][fe1000][-] Kaya Parçalayanlar,[f00006][-][FFA94D][糖果][-][fa0005][-][fe1000][-] 岩石克星,[f00006][-][FFA94D][糖果][-][fa0005][-][fe1000][-] 巨石破壞者
drugSkullCrushers,items,Candy,,,,[f00006][-][FFA94D][Candy][-][fa0005][-][fe1000][-] Skull Crushers,,[f00006][-][FFA94D][Süßigkeit][-][fa0005][-][fe1000][-] Schädelbrecher,[f00006][-][FFA94D][Dulce][-][fa0005][-][fe1000][-] Rompecráneos,[f00006][-][FFA94D][Bonbon][-][fa0005][-][fe1000][-] Brise-crânes,[f00006][-][FFA94D][Caramella][-][fa0005][-][fe1000][-] Spaccacrani,[f00006][-][FFA94D][キャンディ][-][fa0005][-][fe1000][-] スカルクラッシャー,[f00006][-][FFA94D][사탕][-][fa0005][-][fe1000][-] 스컬 크러셔,[f00006][-][FFA94D][Słodycze][-][fa0005][-][fe1000][-] Czachotrzepki,[f00006][-][FFA94D][Doce][-][fa0005][-][fe1000][-] Racha-Coco,[f00006][-][FFA94D][Сладость][-][fa0005][-][fe1000][-] Дробители черепов,[f00006][-][FFA94D][Şeker][-][fa0005][-][fe1000][-] Kafatası Eziciler,[f00006][-][FFA94D][糖果][-][fa0005][-][fe1000][-] 头骨粉碎者,[f00006][-][FFA94D][糖果][-][fa0005][-][fe1000][-] 頭顱破碎機
drugSugarButts,items,Candy,,,,[f00006][-][FFA94D][Candy][-][fa0005][-][fe1000][-] Sugar Butts,,[f00006][-][FFA94D][Süßigkeit][-][fa0005][-][fe1000][-] Zuckerhintern,[f00006][-][FFA94D][Dulce][-][fa0005][-][fe1000][-] Peros dulces,[f00006][-][FFA94D][Bonbon][-][fa0005][-][fe1000][-] Mégots sucrés,[f00006][-][FFA94D][Caramella][-][fa0005][-][fe1000][-] Zuccherine,[f00006][-][FFA94D][キャンディ][-][fa0005][-][fe1000][-] シュガーバッツ,[f00006][-][FFA94D][사탕][-][fa0005][-][fe1000][-] 슈가 버츠,[f00006][-][FFA94D][Słodycze][-][fa0005][-][fe1000][-] Słodka Wymówka,[f00006][-][FFA94D][Doce][-][fa0005][-][fe1000][-] Doce Porém,[f00006][-][FFA94D][Сладость][-][fa0005][-][fe1000][-] Авось-да-небось,[f00006][-][FFA94D][Şeker][-][fa0005][-][fe1000][-] Şeker Popolular,[f00006][-][FFA94D][糖果][-][fa0005][-][fe1000][-] 烟蒂糖,[f00006][-][FFA94D][糖果][-][fa0005][-][fe1000][-] 糖靶子
armorSkillMagazine,items,Magazine,,,,[ffcc01][-][FFA94D][Magazine][-] Armored Up,,[ffcc01][-][FFA94D][Magazin][-] Armored Up,[ffcc01][-][FFA94D][Revista][-] Armado hasta los dientes,[ffcc01][-][FFA94D][Magazine][-] Comment se blinder,[ffcc01][-][FFA94D][Rivista][-] Corazzati,[ffcc01][-][FFA94D][マガジン][-] アーマーアップ,[ffcc01][-][FFA94D][잡지][-] 방어구 착용,[ffcc01][-][FFA94D][Magazyn][-] Świat Pancerza,[ffcc01][-][FFA94D][Revista][-] Blindagens e Cia,[ffcc01][-][FFA94D][Журнал][-] Мастер-бронник,[ffcc01][-][FFA94D][Dergi][-] Zırh Korumalı,[ffcc01][-][FFA94D][杂志][-] 全副武装,[ffcc01][-][FFA94D][雜誌][-] 《全副武裝》
bladesSkillMagazine,items,Magazine,,,,[ffcc01][-][FFA94D][Magazine][-] Knife Guy,,[ffcc01][-][FFA94D][Magazin][-] Knife Guy,[ffcc01][-][FFA94D][Revista][-] Chico de los cuchillos,[ffcc01][-][FFA94D][Magazine][-] Pro des couteaux,[ffcc01][-][FFA94D][Rivista][-] Esperto di coltelli,[ffcc01][-][FFA94D][マガジン][-] ナイフガイ,[ffcc01][-][FFA94D][잡지][-] 칼잡이,[ffcc01][-][FFA94D][Magazyn][-] Świat Noży,[ffcc01][-][FFA94D][Revista][-] O Cara da Faca,[ffcc01][-][FFA94D][Журнал][-] Ножевик,[ffcc01][-][FFA94D][Dergi][-] Bıçaksever,[ffcc01][-][FFA94D][杂志][-] 刀剑客,[ffcc01][-][FFA94D][雜誌][-] 《刀客》
bowsSkillMagazine,items,Magazine,,,,[ffcc01][-][FFA94D][Magazine][-] Bow Hunters,,[ffcc01][-][FFA94D][Magazin][-] Bow Hunters,[ffcc01][-][FFA94D][Revista][-] Cazadores de arcos,[ffcc01][-][FFA94D][Magazine][-] Chasse à l'arc,[ffcc01][-][FFA94D][Rivista][-] Cacciatori con arco,[ffcc01][-][FFA94D][マガジン][-] ボウハンター,[ffcc01][-][FFA94D][잡지][-] 활 사냥꾼,[ffcc01][-][FFA94D][Magazyn][-] Poradnik Łucznika,[ffcc01][-][FFA94D][Revista][-] Caçadores Arqueiros,[ffcc01][-][FFA94D][Журнал][-] Охотимся с луком,[ffcc01][-][FFA94D][Dergi][-] Yay Avcıları,[ffcc01][-][FFA94D][杂志][-] 猎人之弓,[ffcc01][-][FFA94D][雜誌][-] 《弓箭獵人》
clubsSkillMagazine,items,Magazine,,,,[ffcc01][-][FFA94D][Magazine][-] Big Hitters,,[ffcc01][-][FFA94D][Magazin][-] Big Hitters,[ffcc01][-][FFA94D][Revista][-] Grandes bateadores,[ffcc01][-][FFA94D][Magazine][-] Battes & co.,[ffcc01][-][FFA94D][Rivista][-] Mazzolatori,[ffcc01][-][FFA94D][マガジン][-] ビッグヒッター,[ffcc01][-][FFA94D][잡지][-] 강타자,"[ffcc01][-][FFA94D][Magazyn][-] Jak Nie Kijem Go, To Maczugą",[ffcc01][-][FFA94D][Revista][-] Batedores,[ffcc01][-][FFA94D][Журнал][-] Любители бейсбола,[ffcc01][-][FFA94D][Dergi][-] Sert Vuranlar,[ffcc01][-][FFA94D][杂志][-] 打击高手,[ffcc01][-][FFA94D][雜誌][-] 《強打者》
electricianSkillMagazine,items,Magazine,,,,[ffcc01][-][FFA94D][Magazine][-] Wiring 101,,[ffcc01][-][FFA94D][Magazin][-] Wiring 101,[ffcc01][-][FFA94D][Revista][-] Introducción al cableado,[ffcc01][-][FFA94D][Magazine][-] L'électricité pour débutant,[ffcc01][-][FFA94D][Rivista][-] Cablaggio per principianti,[ffcc01][-][FFA94D][マガジン][-] ワイヤリング101,[ffcc01][-][FFA94D][잡지][-] 배선 101,[ffcc01][-][FFA94D][Magazyn][-] Podstawy elektryki,[ffcc01][-][FFA94D][Revista][-] Fiação Básica,[ffcc01][-][FFA94D][Журнал][-] Я электрик,[ffcc01][-][FFA94D][Dergi][-] Kablolama 101,[ffcc01][-][FFA94D][杂志][-] 布线101,[ffcc01][-][FFA94D][雜誌][-] 《線路大全》
explosivesSkillMagazine,items,Magazine,,,,[ffcc01][-][FFA94D][Magazine][-] Explosive Magazine,,[ffcc01][-][FFA94D][Magazin][-] Explosive Magazine,[ffcc01][-][FFA94D][Revista][-] Revista explosiva,[ffcc01][-][FFA94D][Magazine][-] Magazine des explosifs,[ffcc01][-][FFA94D][Rivista][-] Rivista sugli esplosivi,[ffcc01][-][FFA94D][マガジン][-] 爆発誌,[ffcc01][-][FFA94D][잡지][-] 폭발물 잡지,[ffcc01][-][FFA94D][Magazyn][-] Z Hukiem,[ffcc01][-][FFA94D][Revista][-] Explosivos em Foco,[ffcc01][-][FFA94D][Журнал][-] Всё о взрывчатке,[ffcc01][-][FFA94D][Dergi][-] Patlayıcı Dergisi,[ffcc01][-][FFA94D][杂志][-] 炸药库,[ffcc01][-][FFA94D][雜誌][-] 《炸藥雜誌》
foodSkillMagazine,items,Magazine,,,,[ffcc01][-][FFA94D][Magazine][-] Home Cooking Weekly,,[ffcc01][-][FFA94D][Magazin][-] Home Cooking Weekly,[ffcc01][-][FFA94D][Revista][-] Cocina casera semanal,[ffcc01][-][FFA94D][Magazine][-] Hebdo des recettes,[ffcc01][-][FFA94D][Rivista][-] Settimanale sulla cucina casalinga,[ffcc01][-][FFA94D][マガジン][-] 週刊家庭料理,[ffcc01][-][FFA94D][잡지][-] 주간 집밥,[ffcc01][-][FFA94D][Magazyn][-] Kuchnia Domowa,[ffcc01][-][FFA94D][Revista][-] Comida Caseira Semanal,[ffcc01][-][FFA94D][Журнал][-] Еженедельник домашней готовки,[ffcc01][-][FFA94D][Dergi][-] Evde Yemek Pişirme,[ffcc01][-][FFA94D][杂志][-] 家庭烹饪周刊,[ffcc01][-][FFA94D][雜誌][-] 《家廚週刊》
handgunsSkillMagazine,items,Magazine,,,,[ffcc01][-][FFA94D][Magazine][-] Handgun Magazine,,[ffcc01][-][FFA94D][Magazin][-] Handgun Magazine,[ffcc01][-][FFA94D][Revista][-] Revista de armas cortas,[ffcc01][-][FFA94D][Magazine][-] Magazine des armes de poing,[ffcc01][-][FFA94D][Rivista][-] Rivista sulle pistole,[ffcc01][-][FFA94D][マガジン][-] ハンドガンマガジン,[ffcc01][-][FFA94D][잡지][-] 권총 잡지,[ffcc01][-][FFA94D][Magazyn][-] Krótko o Broni Krótkiej,[ffcc01][-][FFA94D][Revista][-] Minha Arma Curta,[ffcc01][-][FFA94D][Журнал][-] Короткоствол,[ffcc01][-][FFA94D][Dergi][-] Tabanca Dergisi,[ffcc01][-][FFA94D][杂志][-] 手枪弹匣,[ffcc01][-][FFA94D][雜誌][-] 《手槍雜誌》
harvestingToolsSkillMagazine,items,Magazine,,,,[ffcc01][-][FFA94D][Magazine][-] Tools Digest,,[ffcc01][-][FFA94D][Magazin][-] Tools Digest,[ffcc01][-][FFA94D][Revista][-] Compendio de herramientas,[ffcc01][-][FFA94D][Magazine][-] Bible des outils,[ffcc01][-][FFA94D][Rivista][-] Compendi degli attrezzi,[ffcc01][-][FFA94D][マガジン][-] 道具ダイジェスト,[ffcc01][-][FFA94D][잡지][-] 도구 요약,[ffcc01][-][FFA94D][Magazyn][-] Świat Narzędzi,[ffcc01][-][FFA94D][Revista][-] Seleção de Ferramentas,[ffcc01][-][FFA94D][Журнал][-] Мир инструментов,[ffcc01][-][FFA94D][Dergi][-] Alet Özeti,[ffcc01][-][FFA94D][杂志][-] 工具摘要,[ffcc01][-][FFA94D][雜誌][-] 《工具摘要》
knucklesSkillMagazine,items,Magazine,,,,[ffcc01][-][FFA94D][Magazine][-] Furious Fists,,[ffcc01][-][FFA94D][Magazin][-] Furious Fists,[ffcc01][-][FFA94D][Revista][-] Puños furiosos,[ffcc01][-][FFA94D][Magazine][-] Poings en colère,[ffcc01][-][FFA94D][Rivista][-] Pugni furiosi,[ffcc01][-][FFA94D][マガジン][-] 恐ろしき拳,[ffcc01][-][FFA94D][잡지][-] 분노의 주먹,[ffcc01][-][FFA94D][Magazyn][-] Gniewne Pięści,[ffcc01][-][FFA94D][Revista][-] Punhos Furiosos,[ffcc01][-][FFA94D][Журнал][-] Кулаки ярости,[ffcc01][-][FFA94D][Dergi][-] Öfkeli Yumruklar,[ffcc01][-][FFA94D][杂志][-] 愤怒之拳,[ffcc01][-][FFA94D][雜誌][-] 《狂暴之拳》
machineGunsSkillMagazine,items,Magazine,,,,[ffcc01][-][FFA94D][Magazine][-] Tactical Warfare,,[ffcc01][-][FFA94D][Magazin][-] Tactical Warfare,[ffcc01][-][FFA94D][Revista][-] Guerra táctica,[ffcc01][-][FFA94D][Magazine][-] Équipement tactique,[ffcc01][-][FFA94D][Rivista][-] Guerra tattica,[ffcc01][-][FFA94D][マガジン][-] タクティカル・ウォーフェア,[ffcc01][-][FFA94D][잡지][-] 전술적 전쟁,[ffcc01][-][FFA94D][Magazyn][-] Taktyka Wojenna,[ffcc01][-][FFA94D][Revista][-] Táticas de Guerra,[ffcc01][-][FFA94D][Журнал][-] Тактическое оружие,[ffcc01][-][FFA94D][Dergi][-] Taktik Savaş,[ffcc01][-][FFA94D][杂志][-] 战备竞赛,[ffcc01][-][FFA94D][雜誌][-] 《戰爭謀略》
medicalSkillMagazine,items,Magazine,,,,[ffcc01][-][FFA94D][Magazine][-] Medical Journal,,[ffcc01][-][FFA94D][Magazin][-] Medical Journal,[ffcc01][-][FFA94D][Revista][-] Revista médica,[ffcc01][-][FFA94D][Magazine][-] Revue médicale,[ffcc01][-][FFA94D][Rivista][-] Diario medico,[ffcc01][-][FFA94D][マガジン][-] 医療品ジャーナル,[ffcc01][-][FFA94D][잡지][-] 의료 저널,[ffcc01][-][FFA94D][Magazyn][-] Świat Medycyny,[ffcc01][-][FFA94D][Revista][-] Diário Médico,[ffcc01][-][FFA94D][Журнал][-] Медицинский вестник,[ffcc01][-][FFA94D][Dergi][-] Tıp Günlüğü,[ffcc01][-][FFA94D][杂志][-] 医学期刊,[ffcc01][-][FFA94D][雜誌][-] 《醫學期刊》
repairToolsSkillMagazine,items,Magazine,,,,[ffcc01][-][FFA94D][Magazine][-] Handy Land,,[ffcc01][-][FFA94D][Magazin][-] Handy Land,[ffcc01][-][FFA94D][Revista][-] El país de las arregladillas,[ffcc01][-][FFA94D][Magazine][-] Système D,[ffcc01][-][FFA94D][Rivista][-] Terra dei tuttofare,[ffcc01][-][FFA94D][マガジン][-] ハンディランド,[ffcc01][-][FFA94D][잡지][-] 핸디 랜드,[ffcc01][-][FFA94D][Magazyn][-] Złota Rączka,[ffcc01][-][FFA94D][Revista][-] Terra das Ferramentas,[ffcc01][-][FFA94D][Журнал][-] На все руки мастер,[ffcc01][-][FFA94D][Dergi][-] Kullanışlı Arazi,[ffcc01][-][FFA94D][杂志][-] 巧手之家,[ffcc01][-][FFA94D][雜誌][-] 《巧手園地》
riflesSkillMagazine,items,Magazine,,,,[ffcc01][-][FFA94D][Magazine][-] Rifle World,,[ffcc01][-][FFA94D][Magazin][-] Rifle World,[ffcc01][-][FFA94D][Revista][-] El mundo de los rifles,[ffcc01][-][FFA94D][Magazine][-] Fan de fusils,[ffcc01][-][FFA94D][Rivista][-] Mondo dei fucili di precisione,[ffcc01][-][FFA94D][マガジン][-] ライフルの世界,[ffcc01][-][FFA94D][잡지][-] 라이플 월드,[ffcc01][-][FFA94D][Magazyn][-] Świat Karabinów,[ffcc01][-][FFA94D][Revista][-] Mundo dos Fuzis,[ffcc01][-][FFA94D][Журнал][-] Мир винтовок,[ffcc01][-][FFA94D][Dergi][-] Tüfek Dünyası,[ffcc01][-][FFA94D][杂志][-] 步枪世界,[ffcc01][-][FFA94D][雜誌][-] 《步槍世界》
roboticsSkillMagazine,items,Magazine,,,,[ffcc01][-][FFA94D][Magazine][-] Tech Planet,,[ffcc01][-][FFA94D][Magazin][-] Tech Planet,[ffcc01][-][FFA94D][Revista][-] Planeta tecnológico,[ffcc01][-][FFA94D][Magazine][-] Planète Tech,[ffcc01][-][FFA94D][Rivista][-] Pianeta tecnologico,[ffcc01][-][FFA94D][マガジン][-] 技術の惑星,[ffcc01][-][FFA94D][잡지][-] 테크 플래닛,[ffcc01][-][FFA94D][Magazyn][-] Planeta Technologii,[ffcc01][-][FFA94D][Revista][-] Planeta Tecnológico,[ffcc01][-][FFA94D][Журнал][-] Планета технологий,[ffcc01][-][FFA94D][Dergi][-] Teknoloji Dünyası,[ffcc01][-][FFA94D][杂志][-] 科技星球,[ffcc01][-][FFA94D][雜誌][-] 《科技星球》
salvageToolsSkillMagazine,items,Magazine,,,,[ffcc01][-][FFA94D][Magazine][-] Scrapping 4 Fun,,[ffcc01][-][FFA94D][Magazin][-] Scrapping 4 Fun,[ffcc01][-][FFA94D][Revista][-] Ropavejero de corazón,"[ffcc01][-][FFA94D][Magazine][-] La récup', c'est la vie !",[ffcc01][-][FFA94D][Rivista][-] Riciclare è divertente,[ffcc01][-][FFA94D][マガジン][-] スクラップ・フォー・ファン,[ffcc01][-][FFA94D][잡지][-] 재밌는 분해,[ffcc01][-][FFA94D][Magazyn][-] Odzysk,[ffcc01][-][FFA94D][Revista][-] Mundo das Sucatas,[ffcc01][-][FFA94D][Журнал][-] Сокровища свалки,[ffcc01][-][FFA94D][Dergi][-] Keyif için Hurdaya Çıkarma,[ffcc01][-][FFA94D][杂志][-] 趣味分解,[ffcc01][-][FFA94D][雜誌][-] 《拆解好好玩》
seedSkillMagazine,items,Magazine,,,,[ffcc01][-][FFA94D][Magazine][-] Southern Farming,,[ffcc01][-][FFA94D][Magazin][-] Southern Farming,[ffcc01][-][FFA94D][Revista][-] Agricultura austral,[ffcc01][-][FFA94D][Magazine][-] Agriculture de pousses,[ffcc01][-][FFA94D][Rivista][-] Coltivazione meridionale,[ffcc01][-][FFA94D][マガジン][-] 南部農業,[ffcc01][-][FFA94D][잡지][-] 남부 농업,[ffcc01][-][FFA94D][Magazyn][-] Rolnictwo Południa,[ffcc01][-][FFA94D][Revista][-] Colheita Meridional,[ffcc01][-][FFA94D][Журнал][-] Южное фермерство,[ffcc01][-][FFA94D][Dergi][-] Güney Çiftçiliği,[ffcc01][-][FFA94D][杂志][-] 南方种植,[ffcc01][-][FFA94D][雜誌][-] 《南方農業》
shotgunsSkillMagazine,items,Magazine,,,,[ffcc01][-][FFA94D][Magazine][-] Shotgun Weekly,,[ffcc01][-][FFA94D][Magazin][-] Shotgun Weekly,[ffcc01][-][FFA94D][Revista][-] Semanario de escopetas,[ffcc01][-][FFA94D][Magazine][-] Hebdo des fusils à pompe,[ffcc01][-][FFA94D][Rivista][-] Settimanale sui fucili,[ffcc01][-][FFA94D][マガジン][-] 週刊ショットガン,[ffcc01][-][FFA94D][잡지][-] 주간 샷건,[ffcc01][-][FFA94D][Magazyn][-] Tygodnik „Strzelby”,[ffcc01][-][FFA94D][Revista][-] Espingarda Semanal,[ffcc01][-][FFA94D][Журнал][-] Еженедельная дробь,[ffcc01][-][FFA94D][Dergi][-] Haftalık Pompalı Tüfek,[ffcc01][-][FFA94D][杂志][-] 霰弹枪周刊,[ffcc01][-][FFA94D][雜誌][-] 《散彈獵槍週刊》
sledgehammersSkillMagazine,items,Magazine,,,,[ffcc01][-][FFA94D][Magazine][-] Get Hammered,,[ffcc01][-][FFA94D][Magazin][-] Get Hammered,[ffcc01][-][FFA94D][Revista][-] La ley del martillo,[ffcc01][-][FFA94D][Magazine][-] Si j'avais un marteau,[ffcc01][-][FFA94D][Rivista][-] Martellamento,[ffcc01][-][FFA94D][マガジン][-] ゲットハンマー,[ffcc01][-][FFA94D][잡지][-] 망치 준비,[ffcc01][-][FFA94D][Magazyn][-] Młoty i Młotki,[ffcc01][-][FFA94D][Revista][-] Martelos e Marretas,[ffcc01][-][FFA94D][Журнал][-] Молотобоец,[ffcc01][-][FFA94D][Dergi][-] Balyozu İndir,[ffcc01][-][FFA94D][杂志][-] 锤行天下,[ffcc01][-][FFA94D][雜誌][-] 《千錘百鍊》
spearsSkillMagazine,items,Magazine,,,,[ffcc01][-][FFA94D][Magazine][-] Sharp Sticks,,[ffcc01][-][FFA94D][Magazin][-] Sharp Sticks,[ffcc01][-][FFA94D][Revista][-] Palos afilados,[ffcc01][-][FFA94D][Magazine][-] À la pointe,[ffcc01][-][FFA94D][Rivista][-] Bastoni appuntiti,[ffcc01][-][FFA94D][マガジン][-] シャープスティック,[ffcc01][-][FFA94D][잡지][-] 날카로운 막대기,[ffcc01][-][FFA94D][Magazyn][-] Ostre Kije,[ffcc01][-][FFA94D][Revista][-] Gravetos Afiados,[ffcc01][-][FFA94D][Журнал][-] Острые штучки,[ffcc01][-][FFA94D][Dergi][-] Sivri Çubuklar,[ffcc01][-][FFA94D][杂志][-] 尖锐之棍,[ffcc01][-][FFA94D][雜誌][-] 《銳利之棍》
trapsSkillMagazine,items,Magazine,,,,[ffcc01][-][FFA94D][Magazine][-] Electrical Traps,,[ffcc01][-][FFA94D][Magazin][-] Electrical Traps,[ffcc01][-][FFA94D][Revista][-] Trampas eléctricas,[ffcc01][-][FFA94D][Magazine][-] Pièges électriques,[ffcc01][-][FFA94D][Rivista][-] Trappole elettriche,[ffcc01][-][FFA94D][マガジン][-] 電気トラップ,[ffcc01][-][FFA94D][잡지][-] 전기 트랩,[ffcc01][-][FFA94D][Magazyn][-] Elektryczne pułapki,[ffcc01][-][FFA94D][Revista][-] Armadilhas Elétricas,[ffcc01][-][FFA94D][Журнал][-] Электроловушки,[ffcc01][-][FFA94D][Dergi][-] Elektrikli Tuzaklar,[ffcc01][-][FFA94D][杂志][-] 电力陷阱,[ffcc01][-][FFA94D][雜誌][-] 《電力陷阱》
vehiclesSkillMagazine,items,Magazine,,,,[ffcc01][-][FFA94D][Magazine][-] Vehicle Adventures,,[ffcc01][-][FFA94D][Magazin][-] Vehicle Adventures,[ffcc01][-][FFA94D][Revista][-] Aventuras sobre ruedas,[ffcc01][-][FFA94D][Magazine][-] Aventures véhiculées,[ffcc01][-][FFA94D][Rivista][-] Avventure con i veicoli,[ffcc01][-][FFA94D][マガジン][-] 車両の冒険,[ffcc01][-][FFA94D][잡지][-] 차량 모험,[ffcc01][-][FFA94D][Magazyn][-] Przygody motoryzacyjne,[ffcc01][-][FFA94D][Revista][-] Faça Fácil: Veículos,[ffcc01][-][FFA94D][Журнал][-] Занимательная механика,[ffcc01][-][FFA94D][Dergi][-] Araç Maceraları,[ffcc01][-][FFA94D][杂志][-] 载具大冒险,[ffcc01][-][FFA94D][雜誌][-] 《車車大冒險》
workstationSkillMagazine,items,Magazine,,,,[ffcc01][-][FFA94D][Magazine][-] Forge Ahead,,[ffcc01][-][FFA94D][Magazin][-] Forge Ahead,[ffcc01][-][FFA94D][Revista][-] Manos a la forja,[ffcc01][-][FFA94D][Magazine][-] L'univers de la forge,[ffcc01][-][FFA94D][Rivista][-] Fucina per il futuro,[ffcc01][-][FFA94D][マガジン][-] フォージアヘッド,[ffcc01][-][FFA94D][잡지][-] 대장간 발전,[ffcc01][-][FFA94D][Magazyn][-] Kuźnia Przyszłości,[ffcc01][-][FFA94D][Revista][-] Forja e Cia.,[ffcc01][-][FFA94D][Журнал][-] Кузнец своего счастья,[ffcc01][-][FFA94D][Dergi][-] Demirci Dünyası,[ffcc01][-][FFA94D][杂志][-] 锻造指南,[ffcc01][-][FFA94D][雜誌][-] 《熔爐再進化》
drugAntibiotics,items,Medical,,,,[f00007][-][FFA94D][Medical][-][b00003][-] Antibiotics [FFA94D](25%)[-],,[f00007][-][FFA94D][Medizin][-][b00003][-] Antibiotika [FFA94D](25%)[-],[f00007][-][FFA94D][Médico][-][b00003][-] Antibióticos [FFA94D](25%)[-],[f00007][-][FFA94D][Médical][-][b00003][-] Antibiotiques [FFA94D](25%)[-],[f00007][-][FFA94D][Medicina][-][b00003][-] Antibiotici [FFA94D](25%)[-],[f00007][-][FFA94D][医療][-][b00003][-] 抗生物質 [FFA94D](25%)[-],[f00007][-][FFA94D][의료][-][b00003][-] 항생제 [FFA94D](25%)[-],[f00007][-][FFA94D][Medyczne][-][b00003][-] Antybiotyki [FFA94D](25%)[-],[f00007][-][FFA94D][Médico][-][b00003][-] Antibióticos [FFA94D](25%)[-],[f00007][-][FFA94D][Медицина][-][b00003][-] Антибиотики [FFA94D](25%)[-],[f00007][-][FFA94D][Medikal][-][b00003][-] Antibiyotik [FFA94D](25%)[-],[f00007][-][FFA94D][医疗][-][b00003][-] 抗生素 [FFA94D](25%)[-],[f00007][-][FFA94D][醫療][-][b00003][-] 抗生素 [FFA94D](25%)[-]
drugFortBites,items,Special,,,,[f00005][-][FFA94D][Special][-][a00006][-] Fort Bites [00c8ff](-20)[-],,[f00005][-][FFA94D][Spezial][-][a00006][-] Fort-Bites [00c8ff](-20)[-],[f00005][-][FFA94D][Especial][-][a00006][-] Bocados de fortaleza [00c8ff](-20)[-],[f00005][-][FFA94D][Spécial][-][a00006][-] Fort Bites [00c8ff](-20)[-],[f00005][-][FFA94D][Speciale][-][a00006][-] Compresse di forza [00c8ff](-20)[-],[f00005][-][FFA94D][スペシャル][-][a00006][-] フォート・バイツ [00c8ff](-20)[-],[f00005][-][FFA94D][스페셜][-][a00006][-] 포트 바이트 [00c8ff](-20)[-],[f00005][-][FFA94D][Specjalne][-][a00006][-] Pigułki Hart [00c8ff](-20)[-],[f00005][-][FFA94D][Especial][-][a00006][-] Robustoz [00c8ff](-20)[-],[f00005][-][FFA94D][Особое][-][a00006][-] Форт Байтс [00c8ff](-20)[-],[f00005][-][FFA94D][Özel][-][a00006][-] Fort Bites [00c8ff](-20)[-],[f00005][-][FFA94D][特殊][-][a00006][-] 强健宝 [00c8ff](-20)[-],[f00005][-][FFA94D][特殊][-][a00006][-] 能量丸 [00c8ff](-20)[-]
drugHerbalAntibiotics,items,Medical,,,,[f00007][-][FFA94D][Medical][-][b00002][-] Herbal Antibiotics [FFA94D](10%)[-],,[f00007][-][FFA94D][Medizin][-][b00002][-] Natürliche Antibiotika [FFA94D](10%)[-],[f00007][-][FFA94D][Médico][-][b00002][-] Antibióticos herbales [FFA94D](10%)[-],[f00007][-][FFA94D][Médical][-][b00002][-] Antibiotiques naturels [FFA94D](10%)[-],[f00007][-][FFA94D][Medicina][-][b00002][-] Antibiotici naturali [FFA94D](10%)[-],[f00007][-][FFA94D][医療][-][b00002][-] ハーブ系抗生物質 [FFA94D](10%)[-],[f00007][-][FFA94D][의료][-][b00002][-] 허브 항생제 [FFA94D](10%)[-],[f00007][-][FFA94D][Medyczne][-][b00002][-] Antybiotyki pochodzenia roślinnego [FFA94D](10%)[-],[f00007][-][FFA94D][Médico][-][b00002][-] Antibiótico fitoterápico [FFA94D](10%)[-],[f00007][-][FFA94D][Медицина][-][b00002][-] Травяные антибиотики [FFA94D](10%)[-],[f00007][-][FFA94D][Medikal][-][b00002][-] Bitkisel Antibiyotik [FFA94D](10%)[-],[f00007][-][FFA94D][医疗][-][b00002][-] 草药抗生素 [FFA94D](10%)[-],[f00007][-][FFA94D][醫療][-][b00002][-] 草藥抗生素 [FFA94D](10%)[-]
drugPainkillers,items,Medical,,,,[f00007][-][FFA94D][Medical][-][b00005][-] Painkillers [00c8ff](-40)[-][FF5555](40)[-],,[f00007][-][FFA94D][Medizin][-][b00005][-] Schmerzmittel [00c8ff](-40)[-][FF5555](40)[-],[f00007][-][FFA94D][Médico][-][b00005][-] Analgésicos [00c8ff](-40)[-][FF5555](40)[-],[f00007][-][FFA94D][Médical][-][b00005][-] Antidouleurs [00c8ff](-40)[-][FF5555](40)[-],[f00007][-][FFA94D][Medicina][-][b00005][-] Antidolorifici [00c8ff](-40)[-][FF5555](40)[-],[f00007][-][FFA94D][医療][-][b00005][-] 鎮痛剤 [00c8ff](-40)[-][FF5555](40)[-],[f00007][-][FFA94D][의료][-][b00005][-] 진통제 [00c8ff](-40)[-][FF5555](40)[-],[f00007][-][FFA94D][Medyczne][-][b00005][-] Środki przeciwbólowe [00c8ff](-40)[-][FF5555](40)[-],[f00007][-][FFA94D][Médico][-][b00005][-] Analgésico [00c8ff](-40)[-][FF5555](40)[-],[f00007][-][FFA94D][Медицина][-][b00005][-] Болеутоляющие [00c8ff](-40)[-][FF5555](40)[-],[f00007][-][FFA94D][Medikal][-][b00005][-] Ağrı Kesiciler [00c8ff](-40)[-][FF5555](40)[-],[f00007][-][FFA94D][医疗][-][b00005][-] 止痛药 [00c8ff](-40)[-][FF5555](40)[-],[f00007][-][FFA94D][醫療][-][b00005][-] 止痛藥 [00c8ff](-40)[-][FF5555](40)[-]
drugRecog,items,Special,,,,[f00005][-][FFA94D][Special][-][a00007][-] Recog [00c8ff](-30)[-],,[f00005][-][FFA94D][Spezial][-][a00007][-] Recog [00c8ff](-30)[-],[f00005][-][FFA94D][Especial][-][a00007][-] Reconocimiento [00c8ff](-30)[-],[f00005][-][FFA94D][Spécial][-][a00007][-] Recog [00c8ff](-30)[-],[f00005][-][FFA94D][Speciale][-][a00007][-] Recog [00c8ff](-30)[-],[f00005][-][FFA94D][スペシャル][-][a00007][-] レコグ [00c8ff](-30)[-],[f00005][-][FFA94D][스페셜][-][a00007][-] 리코그 [00c8ff](-30)[-],[f00005][-][FFA94D][Specjalne][-][a00007][-] Ogarniacz [00c8ff](-30)[-],[f00005][-][FFA94D][Especial][-][a00007][-] Recogue [00c8ff](-30)[-],[f00005][-][FFA94D][Особое][-][a00007][-] Сокол [00c8ff](-30)[-],[f00005][-][FFA94D][Özel][-][a00007][-] Recog [00c8ff](-30)[-],[f00005][-][FFA94D][特殊][-][a00007][-] 雷克格 [00c8ff](-30)[-],[f00005][-][FFA94D][特殊][-][a00007][-] 強感劑 [00c8ff](-30)[-]
drugSteroids,items,Special,,,,[f00005][-][FFA94D][Special][-][a00008][-] Steroids [00c8ff](-30)[-],,[f00005][-][FFA94D][Spezial][-][a00008][-] Steroide [00c8ff](-30)[-],[f00005][-][FFA94D][Especial][-][a00008][-] Esteroides [00c8ff](-30)[-],[f00005][-][FFA94D][Spécial][-][a00008][-] Stéroïdes [00c8ff](-30)[-],[f00005][-][FFA94D][Speciale][-][a00008][-] Steroidi [00c8ff](-30)[-],[f00005][-][FFA94D][スペシャル][-][a00008][-] ステロイド [00c8ff](-30)[-],[f00005][-][FFA94D][스페셜][-][a00008][-] 스테로이드 [00c8ff](-30)[-],[f00005][-][FFA94D][Specjalne][-][a00008][-] Sterydy [00c8ff](-30)[-],[f00005][-][FFA94D][Especial][-][a00008][-] Esteroides [00c8ff](-30)[-],[f00005][-][FFA94D][Особое][-][a00008][-] Стероиды [00c8ff](-30)[-],[f00005][-][FFA94D][Özel][-][a00008][-] Steroidler [00c8ff](-30)[-],[f00005][-][FFA94D][特殊][-][a00008][-] 类固醇 [00c8ff](-30)[-],[f00005][-][FFA94D][特殊][-][a00008][-] 類固醇 [00c8ff](-30)[-]
drugVitamins,items,Medical,,,,[f00007][-][FFA94D][Medical][-][b00004][-] Vitamins [DECEA3](I)[-],,[f00007][-][FFA94D][Medizin][-][b00004][-] Vitamine [DECEA3](I)[-],[f00007][-][FFA94D][Médico][-][b00004][-] Vitaminas [DECEA3](I)[-],[f00007][-][FFA94D][Médical][-][b00004][-] Vitamines [DECEA3](I)[-],[f00007][-][FFA94D][Medicina][-][b00004][-] Vitamine [DECEA3](I)[-],[f00007][-][FFA94D][医療][-][b00004][-] ビタミン剤 [DECEA3](I)[-],[f00007][-][FFA94D][의료][-][b00004][-] 비타민 [DECEA3](I)[-],[f00007][-][FFA94D][Medyczne][-][b00004][-] Witaminy [DECEA3](I)[-],[f00007][-][FFA94D][Médico][-][b00004][-] Vitaminas [DECEA3](I)[-],[f00007][-][FFA94D][Медицина][-][b00004][-] Витамины [DECEA3](I)[-],[f00007][-][FFA94D][Medikal][-][b00004][-] Vitaminler [DECEA3](I)[-],[f00007][-][FFA94D][医疗][-][b00004][-] 维生素 [DECEA3](I)[-],[f00007][-][FFA94D][醫療][-][b00004][-] 維生素 [DECEA3](I)[-]
foodHoney,items,Medical,,,,[f00007][-][FFA94D][Medical][-][b00001][-] Jar of Honey [FF5555](3)[-][FFA94D](5%)[-][DECEA3](I)[-],,[f00007][-][FFA94D][Medizin][-][b00001][-] Glas Honig [FF5555](3)[-][FFA94D](5%)[-][DECEA3](I)[-],[f00007][-][FFA94D][Médico][-][b00001][-] Tarro de miel [FF5555](3)[-][FFA94D](5%)[-][DECEA3](I)[-],[f00007][-][FFA94D][Médical][-][b00001][-] Pot de miel [FF5555](3)[-][FFA94D](5%)[-][DECEA3](I)[-],[f00007][-][FFA94D][Medicina][-][b00001][-] Barattolo di miele [FF5555](3)[-][FFA94D](5%)[-][DECEA3](I)[-],[f00007][-][FFA94D][医療][-][b00001][-] 蜂蜜の瓶詰め [FF5555](3)[-][FFA94D](5%)[-][DECEA3](I)[-],[f00007][-][FFA94D][의료][-][b00001][-] 꿀단지 [FF5555](3)[-][FFA94D](5%)[-][DECEA3](I)[-],[f00007][-][FFA94D][Medyczne][-][b00001][-] Słoik miodu [FF5555](3)[-][FFA94D](5%)[-][DECEA3](I)[-],[f00007][-][FFA94D][Médico][-][b00001][-] Jarro de mel [FF5555](3)[-][FFA94D](5%)[-][DECEA3](I)[-],[f00007][-][FFA94D][Медицина][-][b00001][-] Банка мёда [FF5555](3)[-][FFA94D](5%)[-][DECEA3](I)[-],[f00007][-][FFA94D][Medikal][-][b00001][-] Kavanoz Bal [FF5555](3)[-][FFA94D](5%)[-][DECEA3](I)[-],[f00007][-][FFA94D][医疗][-][b00001][-] 一罐蜂蜜 [FF5555](3)[-][FFA94D](5%)[-][DECEA3](I)[-],[f00007][-][FFA94D][醫療][-][b00001][-] 一罐蜂蜜 [FF5555](3)[-][FFA94D](5%)[-][DECEA3](I)[-]
medicalAloeCream,items,Medical,,,,[f00007][-][FFA94D][Medical][-][b00008][-] Aloe Cream [FF5555](5)[-][DECEA3](I)[-],,[f00007][-][FFA94D][Medizin][-][b00008][-] Aloe-Creme [FF5555](5)[-][DECEA3](I)[-],[f00007][-][FFA94D][Médico][-][b00008][-] Crema de aloe [FF5555](5)[-][DECEA3](I)[-],[f00007][-][FFA94D][Médical][-][b00008][-] Pommade d'aloe vera [FF5555](5)[-][DECEA3](I)[-],[f00007][-][FFA94D][Medicina][-][b00008][-] Pomata all'aloe [FF5555](5)[-][DECEA3](I)[-],[f00007][-][FFA94D][医療][-][b00008][-] アロエクリーム [FF5555](5)[-][DECEA3](I)[-],[f00007][-][FFA94D][의료][-][b00008][-] 알로에 크림 [FF5555](5)[-][DECEA3](I)[-],[f00007][-][FFA94D][Medyczne][-][b00008][-] Krem aloesowy [FF5555](5)[-][DECEA3](I)[-],[f00007][-][FFA94D][Médico][-][b00008][-] Creme de aloé [FF5555](5)[-][DECEA3](I)[-],[f00007][-][FFA94D][Медицина][-][b00008][-] Крем с алоэ [FF5555](5)[-][DECEA3](I)[-],[f00007][-][FFA94D][Medikal][-][b00008][-] Aloe Kremi [FF5555](5)[-][DECEA3](I)[-],[f00007][-][FFA94D][医疗][-][b00008][-] 芦荟霜 [FF5555](5)[-][DECEA3](I)[-],[f00007][-][FFA94D][醫療][-][b00008][-] 蘆薈霜 [FF5555](5)[-][DECEA3](I)[-]
medicalBandage,items,Medical,,,,[f00007][-][FFA94D][Medical][-][b00009][-] Bandage [DECEA3](I)[-],,[f00007][-][FFA94D][Medizin][-][b00009][-] Verband [DECEA3](I)[-],[f00007][-][FFA94D][Médico][-][b00009][-] Vendaje [DECEA3](I)[-],[f00007][-][FFA94D][Médical][-][b00009][-] Bandage [DECEA3](I)[-],[f00007][-][FFA94D][Medicina][-][b00009][-] Benda [DECEA3](I)[-],[f00007][-][FFA94D][医療][-][b00009][-] 包帯 [DECEA3](I)[-],[f00007][-][FFA94D][의료][-][b00009][-] 붕대 [DECEA3](I)[-],[f00007][-][FFA94D][Medyczne][-][b00009][-] Bandaż [DECEA3](I)[-],[f00007][-][FFA94D][Médico][-][b00009][-] Curativo [DECEA3](I)[-],[f00007][-][FFA94D][Медицина][-][b00009][-] Бинт [DECEA3](I)[-],[f00007][-][FFA94D][Medikal][-][b00009][-] Bandaj [DECEA3](I)[-],[f00007][-][FFA94D][医疗][-][b00009][-] 绷带 [DECEA3](I)[-],[f00007][-][FFA94D][醫療][-][b00009][-] 繃帶 [DECEA3](I)[-]
medicalBloodBag,items,Medical,,,,[f00007][-][FFA94D][Medical][-][b00012][-] Blood Bag [DECEA3](I)[-],,[f00007][-][FFA94D][Medizin][-][b00012][-] Blutbeutel [DECEA3](I)[-],[f00007][-][FFA94D][Médico][-][b00012][-] Bolsa de sangre [DECEA3](I)[-],[f00007][-][FFA94D][Médical][-][b00012][-] Poche de sang [DECEA3](I)[-],[f00007][-][FFA94D][Medicina][-][b00012][-] Sacca di sangue [DECEA3](I)[-],[f00007][-][FFA94D][医療][-][b00012][-] 血液バッグ [DECEA3](I)[-],[f00007][-][FFA94D][의료][-][b00012][-] 피주머니 [DECEA3](I)[-],[f00007][-][FFA94D][Medyczne][-][b00012][-] Worek z krwią [DECEA3](I)[-],[f00007][-][FFA94D][Médico][-][b00012][-] Bolsa de sangue [DECEA3](I)[-],[f00007][-][FFA94D][Медицина][-][b00012][-] Пакет крови [DECEA3](I)[-],[f00007][-][FFA94D][Medikal][-][b00012][-] Kan Torbası [DECEA3](I)[-],[f00007][-][FFA94D][医疗][-][b00012][-] 血袋 [DECEA3](I)[-],[f00007][-][FFA94D][醫療][-][b00012][-] 血袋 [DECEA3](I)[-]
medicalFirstAidBandage,items,Medical,,,,[f00007][-][FFA94D][Medical][-][b00010][-] First Aid Bandage [FF5555](30)[-],,[f00007][-][FFA94D][Medizin][-][b00010][-] Erste-Hilfe-Verband [FF5555](30)[-],[f00007][-][FFA94D][Médico][-][b00010][-] Vendaje de primeros auxilios [FF5555](30)[-],[f00007][-][FFA94D][Médical][-][b00010][-] Bandage médical [FF5555](30)[-],[f00007][-][FFA94D][Medicina][-][b00010][-] Benda di pronto soccorso [FF5555](30)[-],[f00007][-][FFA94D][医療][-][b00010][-] 救急包帯 [FF5555](30)[-],[f00007][-][FFA94D][의료][-][b00010][-] 응급 치료용 붕대 [FF5555](30)[-],[f00007][-][FFA94D][Medyczne][-][b00010][-] Bandaż pierwszej pomocy [FF5555](30)[-],[f00007][-][FFA94D][Médico][-][b00010][-] Curativo de Primeiros Socorros [FF5555](30)[-],[f00007][-][FFA94D][Медицина][-][b00010][-] Бинт для оказания первой помощи [FF5555](30)[-],[f00007][-][FFA94D][Medikal][-][b00010][-] İlk Yardım Bandajı [FF5555](30)[-],[f00007][-][FFA94D][医疗][-][b00010][-] 急救绷带 [FF5555](30)[-],[f00007][-][FFA94D][醫療][-][b00010][-] 急救繃帶 [FF5555](30)[-]
medicalFirstAidKit,items,Medical,,,,[f00007][-][FFA94D][Medical][-][b00011][-] First Aid Kit [FF5555](180)[-],,[f00007][-][FFA94D][Medizin][-][b00011][-] Verbandskasten [FF5555](180)[-],[f00007][-][FFA94D][Médico][-][b00011][-] Botiquín de primeros auxilios [FF5555](180)[-],[f00007][-][FFA94D][Médical][-][b00011][-] Trousse de premiers soins [FF5555](180)[-],[f00007][-][FFA94D][Medicina][-][b00011][-] Cassetta del pronto soccorso [FF5555](180)[-],[f00007][-][FFA94D][医療][-][b00011][-] 救急キット [FF5555](180)[-],[f00007][-][FFA94D][의료][-][b00011][-] 응급 치료 키트 [FF5555](180)[-],[f00007][-][FFA94D][Medyczne][-][b00011][-] Apteczka pierwszej pomocy [FF5555](180)[-],[f00007][-][FFA94D][Médico][-][b00011][-] Kit de Primeiros Socorros [FF5555](180)[-],[f00007][-][FFA94D][Медицина][-][b00011][-] Аптечка [FF5555](180)[-],[f00007][-][FFA94D][Medikal][-][b00011][-] İlk Yardım Kiti [FF5555](180)[-],[f00007][-][FFA94D][医疗][-][b00011][-] 急救包 [FF5555](180)[-],[f00007][-][FFA94D][醫療][-][b00011][-] 急救箱 [FF5555](180)[-]
medicalPlasterCast,items,Medical,,,,[f00007][-][FFA94D][Medical][-][b00007][-] Plaster Cast,,[f00007][-][FFA94D][Medizin][-][b00007][-] Gipsverband,[f00007][-][FFA94D][Médico][-][b00007][-] Molde de escayola,[f00007][-][FFA94D][Médical][-][b00007][-] Plâtre,[f00007][-][FFA94D][Medicina][-][b00007][-] Ingessatura,[f00007][-][FFA94D][医療][-][b00007][-] 石膏ギプス,[f00007][-][FFA94D][의료][-][b00007][-] 깁스,[f00007][-][FFA94D][Medyczne][-][b00007][-] Gips,[f00007][-][FFA94D][Médico][-][b00007][-] Gesso,[f00007][-][FFA94D][Медицина][-][b00007][-] Гипс,[f00007][-][FFA94D][Medikal][-][b00007][-] Alçı,[f00007][-][FFA94D][医疗][-][b00007][-] 石膏绷带,[f00007][-][FFA94D][醫療][-][b00007][-] 石膏繃帶
medicalSplint,items,Medical,,,,[f00007][-][FFA94D][Medical][-][b00006][-] Splint,,[f00007][-][FFA94D][Medizin][-][b00006][-] Schiene,[f00007][-][FFA94D][Médico][-][b00006][-] Tablilla,[f00007][-][FFA94D][Médical][-][b00006][-] Attelle,[f00007][-][FFA94D][Medicina][-][b00006][-] Steccatura,[f00007][-][FFA94D][医療][-][b00006][-] 添木,[f00007][-][FFA94D][의료][-][b00006][-] 부목,[f00007][-][FFA94D][Medyczne][-][b00006][-] Szyna,[f00007][-][FFA94D][Médico][-][b00006][-] Tala,[f00007][-][FFA94D][Медицина][-][b00006][-] Шина,[f00007][-][FFA94D][Medikal][-][b00006][-] Atel,[f00007][-][FFA94D][医疗][-][b00006][-] 夹板,[f00007][-][FFA94D][醫療][-][b00006][-] 夾板
armorParts,items,Parts,,,,[FFA94D][Parts][-] Armor,,[FFA94D][Teile][-] Rüstungsteile,[FFA94D][Partes][-] Partes de armadura,[FFA94D][Pièces][-] Pièces d'armure,[FFA94D][Parti][-] Parti dell'armatura,[FFA94D][パーツ][-] アーマーパーツ,[FFA94D][부품][-] 방어구 부품,[FFA94D][Części][-] Części pancerza,[FFA94D][Peças][-] Peças de armadura,[FFA94D][Части][-] Части брони,[FFA94D][Parçaları][-] Zırh Parçaları,[FFA94D][部件][-] 护甲部件,[FFA94D][零件][-] 護甲零件
gunBotRoboticsParts,items,Parts,,,,[FFA94D][Parts][-] Robotics,,[FFA94D][Teile][-] Robotikteile,[FFA94D][Partes][-] Partes de robótica,[FFA94D][Pièces][-] Pièces de robotique,[FFA94D][Parti][-] Parti robotiche,[FFA94D][パーツ][-] ロボットパーツ,[FFA94D][부품][-] 로보틱 터렛 부품,[FFA94D][Części][-] Robotyczne części,[FFA94D][Peças][-] Peças de Robótica,[FFA94D][Части][-] Части роботизированной пушки,[FFA94D][Parçaları][-] Robot Parçaları,[FFA94D][部件][-] 机器人零件,[FFA94D][零件][-] 機器人零件
gunBowT1WoodenBowParts,items,Parts,,,,[FFA94D][Parts][-] Bow / Crossbow,,[FFA94D][Teile][-] Bogen-/Armbrustteile,[FFA94D][Partes][-] Partes de arco/ballesta,[FFA94D][Pièces][-] Pièces d'arc / d'arbalète,[FFA94D][Parti][-] Parti per arco e balestra,[FFA94D][パーツ][-] 弓/クロスボウパーツ,[FFA94D][부품][-] 활/석궁 부품,[FFA94D][Części][-] Części łuku / kuszy,[FFA94D][Peças][-] Peças de arco / besta,[FFA94D][Части][-] Части лука/ арбалета,[FFA94D][Parçaları][-] Yay / Arbalet Parçaları,[FFA94D][部件][-] 弓/弩零件,[FFA94D][零件][-] 弓弩或十字弓部件
gunExplosivesT3RocketLauncherParts,items,Parts,,,,[FFA94D][Parts][-] Rocket Launcher,,[FFA94D][Teile][-] Raketenwerferteile,[FFA94D][Partes][-] Partes de lanzacohetes,[FFA94D][Pièces][-] Pièces de lance-roquettes,[FFA94D][Parti][-] Parti per lanciarazzi,[FFA94D][パーツ][-] ロケットランチャーパーツ,[FFA94D][부품][-] 로켓탄 발사기 부품,[FFA94D][Części][-] Części wyrzutni rakiet,[FFA94D][Peças][-] Peças de lança-foguetes,[FFA94D][Части][-] Части гранатомета,[FFA94D][Parçaları][-] Roketatar Parçaları,[FFA94D][部件][-] 火箭发射器零件,[FFA94D][零件][-] 火箭發射器部件
gunHandgunT1PistolParts,items,Parts,,,,[FFA94D][Parts][-] Handgun,,[FFA94D][Teile][-] Handfeuerwaffenteile,[FFA94D][Partes][-] Partes de pistola,[FFA94D][Pièces][-] Pièces d'arme de poing,[FFA94D][Parti][-] Parti per pistola,[FFA94D][パーツ][-] ハンドガンパーツ,[FFA94D][부품][-] 권총 부품,[FFA94D][Części][-] Części broni krótkiej,[FFA94D][Peças][-] Peças de arma curta,[FFA94D][Части][-] Части пистолета,[FFA94D][Parçaları][-] Tabanca Parçaları,[FFA94D][部件][-] 手枪零件,[FFA94D][零件][-] 手槍部件
gunMGT1AK47Parts,items,Parts,,,,[FFA94D][Parts][-] Machine Gun,,[FFA94D][Teile][-] Maschinengewehrteile,[FFA94D][Partes][-] Partes de metralleta,[FFA94D][Pièces][-] Pièces de mitrailleuse,[FFA94D][Parti][-] Parti per mitragliatrice,[FFA94D][パーツ][-] マシンガンパーツ,[FFA94D][부품][-] 기관총 부품,[FFA94D][Części][-] Części karabinu maszynowego,[FFA94D][Peças][-] Peças de metralhadora,[FFA94D][Части][-] Части автоматического оружия,[FFA94D][Parçaları][-] Makineli Tüfek Parçaları,[FFA94D][部件][-] 机枪零件,[FFA94D][零件][-] 機槍部件
gunRifleT1HuntingRifleParts,items,Parts,,,,[FFA94D][Parts][-] Rifle,,[FFA94D][Teile][-] Gewehrteile,[FFA94D][Partes][-] Partes de rifle,[FFA94D][Pièces][-] Pièces de fusil,[FFA94D][Parti][-] Parti per fucile da caccia,[FFA94D][パーツ][-] ライフルパーツ,[FFA94D][부품][-] 라이플 부품,[FFA94D][Części][-] Części karabinu,[FFA94D][Peças][-] Peças de rifle,[FFA94D][Части][-] Части ружья,[FFA94D][Parçaları][-] Tüfek Parçaları,[FFA94D][部件][-] 步枪零件,[FFA94D][零件][-] 步槍部件
gunShotgunT1DoubleBarrelParts,items,Parts,,,,[FFA94D][Parts][-] Shotgun,,[FFA94D][Teile][-] Schrotflintenteile,[FFA94D][Partes][-] Partes de escopeta,[FFA94D][Pièces][-] Pièces de fusil à pompe,[FFA94D][Parti][-] Parti per fucile,[FFA94D][パーツ][-] ショットガンパーツ,[FFA94D][부품][-] 샷건 부품,[FFA94D][Części][-] Części strzelby,[FFA94D][Peças][-] Peças de espingarda,[FFA94D][Части][-] Части дробовика,[FFA94D][Parçaları][-] Pompalı Parçaları,[FFA94D][部件][-] 霰弹枪零件,[FFA94D][零件][-] 散彈獵槍部件
meleeToolAllSteelParts,items,Parts,,,,[FFA94D][Parts][-] Steel Tool,,[FFA94D][Teile][-] Stahlwerkzeugteile,[FFA94D][Partes][-] Partes de herramienta de acero,[FFA94D][Pièces][-] Pièces d'outil en acier,[FFA94D][Parti][-] Parti di utensili d'acciaio,[FFA94D][パーツ][-] 鉄鋼ツールパーツ,[FFA94D][부품][-] 강철 도구 부품,[FFA94D][Części][-] Części stalowego narzędzia,[FFA94D][Peças][-] Peças de ferramenta de aço,[FFA94D][Части][-] Части стального инструмента,[FFA94D][Parçaları][-] Çelik Alet Parçaları,[FFA94D][部件][-] 钢制工具零件,[FFA94D][零件][-] 鋼工具零件
meleeToolAxeT3ChainsawParts,items,Parts,,,,[FFA94D][Parts][-] Motor Tool,,[FFA94D][Teile][-] Motorwerkzeugteile,[FFA94D][Partes][-] Partes de herramienta de motor,[FFA94D][Pièces][-] Pièces d'outils motorisés,[FFA94D][Parti][-] Parti per attrezzi a motore.,[FFA94D][パーツ][-] 動力ツールパーツ,[FFA94D][부품][-] 모터 도구 부품,[FFA94D][Części][-] Części narzędzia silnikowego,[FFA94D][Peças][-] Peças da ferramenta de motor,[FFA94D][Части][-] Части бензоинструмента,[FFA94D][Parçaları][-] Motorlu Alet Parçaları,[FFA94D][部件][-] 电动工具零件,[FFA94D][零件][-] 電機工具零件
meleeWpnBatonT2StunBatonParts,items,Parts,,,,[FFA94D][Parts][-] Baton,,[FFA94D][Teile][-] Schockstabteile,[FFA94D][Partes][-] Partes de porra,[FFA94D][Pièces][-] Pièces de matraque,[FFA94D][Parti][-] Parti per manganello,[FFA94D][パーツ][-] バトンパーツ,[FFA94D][부품][-] 배턴 부품,[FFA94D][Części][-] Części pałki,[FFA94D][Peças][-] Peças de Cassetete,[FFA94D][Части][-] Части жезла,[FFA94D][Parçaları][-] Elektroşok Cihazı Parçaları,[FFA94D][部件][-] 眩晕棒零件,[FFA94D][零件][-] 致暈棍零件
meleeWpnBladeT3MacheteParts,items,Parts,,,,[FFA94D][Parts][-] Machete,,[FFA94D][Teile][-] Machetenteile,[FFA94D][Partes][-] Partes de machete,[FFA94D][Pièces][-] Pièces de machette,[FFA94D][Parti][-] Parti per machete,[FFA94D][パーツ][-] マチェーテパーツ,[FFA94D][부품][-] 마체테 부품,[FFA94D][Części][-] Części maczety,[FFA94D][Peças][-] Peças de facão,[FFA94D][Части][-] Части мачете,[FFA94D][Parçaları][-] Pala Parçaları,[FFA94D][部件][-] 砍刀零件,[FFA94D][零件][-] 大砍刀部件
meleeWpnClubT3SteelClubParts,items,Parts,,,,[FFA94D][Parts][-] Steel Club,,[FFA94D][Teile][-] Stahlknüppelteile,[FFA94D][Partes][-] Partes de palo de acero,[FFA94D][Pièces][-] Pièces de matraque en acier,[FFA94D][Parti][-] Parti di mazza d'acciaio,[FFA94D][パーツ][-] 鉄鋼製棍棒パーツ,[FFA94D][부품][-] 강철 곤봉 부품,[FFA94D][Części][-] Części stalowej pałki,[FFA94D][Peças][-] Peças de porrete de aço,[FFA94D][Части][-] Части стальной дубины,[FFA94D][Parçaları][-] Çelik Sopa Parçaları,[FFA94D][部件][-] 钢棍零件,[FFA94D][零件][-] 鋼棍零件
meleeWpnKnucklesT3SteelKnucklesParts,items,Parts,,,,[FFA94D][Parts][-] Steel Knuckles,,[FFA94D][Teile][-] Stahlschlagringteile,[FFA94D][Partes][-] Partes de nudillos de acero,[FFA94D][Pièces][-] Pièces de poing américain en acier,[FFA94D][Parti][-] Parti per tirapugni d'acciaio,[FFA94D][パーツ][-] 鉄鋼ナックルパーツ,[FFA94D][부품][-] 강철 너클 부품,[FFA94D][Części][-] Części stalowego kastetu,[FFA94D][Peças][-] Peças de soco inglês de aço,[FFA94D][Части][-] Части стального кастета,[FFA94D][Parçaları][-] Çelik Muşta Parçaları,[FFA94D][部件][-] 钢质拳套零件,[FFA94D][零件][-] 鋼指節部件
meleeWpnSledgeT3SteelSledgehammerParts,items,Parts,,,,[FFA94D][Parts][-] Steel Sledgehammer,,[FFA94D][Teile][-] Stahlvorschlaghammerteile,[FFA94D][Partes][-] Partes de mazo de acero,[FFA94D][Pièces][-] Pièces de masse en acier,[FFA94D][Parti][-] Parti per martello d'acciaio,[FFA94D][パーツ][-] 鉄鋼製スレッジハンマーパーツ,[FFA94D][부품][-] 강철 슬레지해머 부품,[FFA94D][Części][-] Części stalowego młota rozbiórkowego,[FFA94D][Peças][-] Peças de marreta de aço,[FFA94D][Части][-] Части стальной кувалды,[FFA94D][Parçaları][-] Çelik Balyoz Parçaları,[FFA94D][部件][-] 钢质大锤零件,[FFA94D][零件][-] 鋼鎚部件
meleeWpnSpearT3SteelSpearParts,items,Parts,,,,[FFA94D][Parts][-] Steel Spear,,[FFA94D][Teile][-] Stahlspeerteile,[FFA94D][Partes][-] Partes de lanza de acero,[FFA94D][Pièces][-] Pièces de lance en acier,[FFA94D][Parti][-] Parti per lancia d'acciaio,[FFA94D][パーツ][-] 鉄鋼槍パーツ,[FFA94D][부품][-] 강철 창 부품,[FFA94D][Części][-] Części stalowej włóczni,[FFA94D][Peças][-] Peças de lança de aço,[FFA94D][Части][-] Части стального копья,[FFA94D][Parçaları][-] Çelik Mızrak Parçaları,[FFA94D][部件][-] 钢矛零件,[FFA94D][零件][-] 鋼矛部件
resourceArmorCraftingKit,items,Parts,,,,[FFA94D][Parts][-] Armor Crafting Kit,,[FFA94D][Teile][-] Rüstungsfertigungspaket,[FFA94D][Partes][-] Conjunto de fabricación de armaduras,[FFA94D][Pièces][-] Kit de fabrication d'armure,[FFA94D][Parti][-] Kit creazione armatura,[FFA94D][パーツ][-] アーマークラフトキット,[FFA94D][부품][-] 방어구 제작 키트,[FFA94D][Części][-] Pakiet — wytwarzanie pancerza,[FFA94D][Peças][-] Conjunto de fabricação de armadura,[FFA94D][Части][-] Принадлежности для изготовления брони,[FFA94D][Parçaları][-] Zırh Üretim Kiti,[FFA94D][部件][-] 护甲制作包,[FFA94D][零件][-] 護甲製作捆包
resourceElectricParts,items,Resource,,,,[dddd04][-][eeee13][-][FFA94D][Resource][-] Electrical Parts,,[dddd04][-][eeee13][-][FFA94D][Ressource][-] Elektrische Teile,[dddd04][-][eeee13][-][FFA94D][Recurso][-] Piezas eléctricas,[dddd04][-][eeee13][-][FFA94D][Ressource][-] Pièces électriques,[dddd04][-][eeee13][-][FFA94D][Risorsa][-] Parti elettriche,[dddd04][-][eeee13][-][FFA94D][資源][-] 電気部品,[dddd04][-][eeee13][-][FFA94D][자원][-] 전기 부품,[dddd04][-][eeee13][-][FFA94D][Zasób][-] Części elektryczne,[dddd04][-][eeee13][-][FFA94D][Recurso][-] Peças de elétrica,[dddd04][-][eeee13][-][FFA94D][Ресурс][-] Электрика,[dddd04][-][eeee13][-][FFA94D][Kaynak][-] Elektrikli Alet Parçaları,[dddd04][-][eeee13][-][FFA94D][资源][-] 电子零件,[dddd04][-][eeee13][-][FFA94D][資源][-] 電氣零件
resourceLegendaryParts,items,Parts,,,,[FFA94D][Parts][-] Legendary,,[FFA94D][Teile][-] Legendäre Teile,[FFA94D][Partes][-] Piezas legendarias,[FFA94D][Pièces][-] Pièces légendaires,[FFA94D][Parti][-] Parti leggendarie,[FFA94D][パーツ][-] 伝説パーツ,[FFA94D][부품][-] 전설 부품,[FFA94D][Części][-] Legendarne części,[FFA94D][Peças][-] Peças lendárias,[FFA94D][Части][-] Легендарные части,[FFA94D][Parçaları][-] Efsanevi Parçalar,[FFA94D][部件][-] 传奇零件,[FFA94D][零件][-] 傳說零件
resourceMechanicalParts,items,Resource,,,,[dddd04][-][eeee12][-][FFA94D][Resource][-] Mechanical Parts,,[dddd04][-][eeee12][-][FFA94D][Ressource][-] Mechanische Teile,[dddd04][-][eeee12][-][FFA94D][Recurso][-] Piezas mecánicas,[dddd04][-][eeee12][-][FFA94D][Ressource][-] Pièces mécaniques,[dddd04][-][eeee12][-][FFA94D][Risorsa][-] Parti meccaniche,[dddd04][-][eeee12][-][FFA94D][資源][-] 機械部品,[dddd04][-][eeee12][-][FFA94D][자원][-] 기계 부품,[dddd04][-][eeee12][-][FFA94D][Zasób][-] Mechaniczne części,[dddd04][-][eeee12][-][FFA94D][Recurso][-] Peça mecânicas,[dddd04][-][eeee12][-][FFA94D][Ресурс][-] Механические части,[dddd04][-][eeee12][-][FFA94D][Kaynak][-] Mekanik Parçalar,[dddd04][-][eeee12][-][FFA94D][资源][-] 机械零件,[dddd04][-][eeee12][-][FFA94D][資源][-] 機械零件
questReward4x4PartsBundle,items,Bundle,,,,[FFA94D][Reward][-][dddd04][-][eeee02][-] [dddd04][-][eeee02][-]4x4 Parts Bundle,,[FFA94D][Belohnung][-][dddd04][-][eeee02][-] 4x4-Teile-Paket,[FFA94D][Recompensa][-][dddd04][-][eeee02][-] Conjunto de piezas de 4x4,[FFA94D][Récompense][-][dddd04][-][eeee02][-] Paquet composants de 4x4,[FFA94D][Ricompensa][-][dddd04][-][eeee02][-] Pacchetto Parti per 4x4,[FFA94D][報酬][-][dddd04][-][eeee02][-] 4x4駆動トラックパーツ(バンドル),[FFA94D][보상][-][dddd04][-][eeee02][-] 4x4 부품 번들,[FFA94D][Nagroda][-][dddd04][-][eeee02][-] Pakiet – części 4x4,[FFA94D][Recompensa][-][dddd04][-][eeee02][-] Conjunto de peças de 4x4,[FFA94D][Награда][-][dddd04][-][eeee02][-] Комплект запчастей к грузовику 4x4,[FFA94D][Ödül][-][dddd04][-][eeee02][-] 4x4 Parçası Paketi,[FFA94D][报酬][-][dddd04][-][eeee02][-] 4x4零件组合包,[FFA94D][獎勵][-][dddd04][-][eeee02][-] 四輪驅動零件梱包
questRewardAmmoCraftingBundle,items,Bundle,,,,[FFA94D][Reward][-][dddd05][-][eeee01][-] [dddd05][-][eeee01][-]Ammo Crafting Bundle,,[FFA94D][Belohnung][-][dddd05][-][eeee01][-] Munitionsfertigungspaket,[FFA94D][Recompensa][-][dddd05][-][eeee01][-] Conjunto de fabricación de municiones,[FFA94D][Récompense][-][dddd05][-][eeee01][-] Paquet de fabrication de munitions,[FFA94D][Ricompensa][-][dddd05][-][eeee01][-] Pacchetto creazione munizioni,[FFA94D][報酬][-][dddd05][-][eeee01][-] 弾薬クラフト(バンドル),[FFA94D][보상][-][dddd05][-][eeee01][-] 탄약 제작 번들,[FFA94D][Nagroda][-][dddd05][-][eeee01][-] Pakiet – wytwarzanie amunicji,[FFA94D][Recompensa][-][dddd05][-][eeee01][-] Conjunto de fabricação de munição,[FFA94D][Награда][-][dddd05][-][eeee01][-] Комплект для изготовления боеприпасов,[FFA94D][Ödül][-][dddd05][-][eeee01][-] Mühimmat Üretim Paketi,[FFA94D][报酬][-][dddd05][-][eeee01][-] 弹药制作组合包,[FFA94D][獎勵][-][dddd05][-][eeee01][-] 彈藥製作梱包
questRewardAutoTurretBundle,items,Bundle,,,,[FFA94D][Reward][-][dddd03][-][eeee08][-] [dddd03][-][eeee08][-]Auto Turret Bundle,,[FFA94D][Belohnung][-][dddd03][-][eeee08][-] Automatischer-Geschützturm-Paket,[FFA94D][Recompensa][-][dddd03][-][eeee08][-] Conjunto de torreta automática,[FFA94D][Récompense][-][dddd03][-][eeee08][-] Paquet tourelle automatique,[FFA94D][Ricompensa][-][dddd03][-][eeee08][-] Pacchetto Torretta automatica,[FFA94D][報酬][-][dddd03][-][eeee08][-] 自動砲台(バンドル),[FFA94D][보상][-][dddd03][-][eeee08][-] 자동 터렛 번들,[FFA94D][Nagroda][-][dddd03][-][eeee08][-] Pakiet – wieżyczka automatyczna,[FFA94D][Recompensa][-][dddd03][-][eeee08][-] Conjunto da torreta automática,[FFA94D][Награда][-][dddd03][-][eeee08][-] Комплект с автоматической турелью,[FFA94D][Ödül][-][dddd03][-][eeee08][-] Otomatik Taret Paketi,[FFA94D][报酬][-][dddd03][-][eeee08][-] 自动炮塔组合包,[FFA94D][獎勵][-][dddd03][-][eeee08][-] 自動炮臺梱包
questRewardBatonCraftingBundle,items,Bundle,,,,[FFA94D][Reward][-][dddd06][-][eeee01][-] [dddd06][-][eeee01][-]Baton Crafting Bundle,,[FFA94D][Belohnung][-][dddd06][-][eeee01][-] Schlagstock-Fertigungspaket,[FFA94D][Recompensa][-][dddd06][-][eeee01][-] Conjunto de fabricación de porras,[FFA94D][Récompense][-][dddd06][-][eeee01][-] Paquet de fabrication de matraque,[FFA94D][Ricompensa][-][dddd06][-][eeee01][-] Pacchetto creazione manganello,[FFA94D][報酬][-][dddd06][-][eeee01][-] バトンクラフト（バンドル）,[FFA94D][보상][-][dddd06][-][eeee01][-] 배턴 제작 번들,[FFA94D][Nagroda][-][dddd06][-][eeee01][-] Pakiet — wytwarzanie pałki,[FFA94D][Recompensa][-][dddd06][-][eeee01][-] Conjunto de fabricação de cassetete,[FFA94D][Награда][-][dddd06][-][eeee01][-] Комплект для изготовления жезла,[FFA94D][Ödül][-][dddd06][-][eeee01][-] Elektroşok Cihazı Üretim Paketi,[FFA94D][报酬][-][dddd06][-][eeee01][-] 短棒制作组合包,[FFA94D][獎勵][-][dddd06][-][eeee01][-] 棍子製作梱包
questRewardBatteryBankBundle,items,Bundle,,,,[FFA94D][Reward][-][dddd03][-][eeee01][-] [dddd03][-][eeee01][-]Battery Bank Bundle,,[FFA94D][Belohnung][-][dddd03][-][eeee01][-] Batteriebank-Paket,[FFA94D][Recompensa][-][dddd03][-][eeee01][-] Conjunto de batería portátil,[FFA94D][Récompense][-][dddd03][-][eeee01][-] Paquet banc de batteries,[FFA94D][Ricompensa][-][dddd03][-][eeee01][-] Pacchetto Caricabatteria,[FFA94D][報酬][-][dddd03][-][eeee01][-] バッテリーバンク(バンドル),[FFA94D][보상][-][dddd03][-][eeee01][-] 배터리 저장고 번들,[FFA94D][Nagroda][-][dddd03][-][eeee01][-] Pakiet – bateria akumulatorów,[FFA94D][Recompensa][-][dddd03][-][eeee01][-] Conjunto de banco de bateria,[FFA94D][Награда][-][dddd03][-][eeee01][-] Комплект с аккумуляторным блоком,[FFA94D][Ödül][-][dddd03][-][eeee01][-] Pil Şarj Ünitesi Paketi,[FFA94D][报酬][-][dddd03][-][eeee01][-] 电池组组合包,[FFA94D][獎勵][-][dddd03][-][eeee01][-] 電池組梱包
questRewardBladeTrapBundle,items,Bundle,,,,[FFA94D][Reward][-][dddd03][-][eeee06][-] [dddd03][-][eeee06][-]Blade Trap Bundle,,[FFA94D][Belohnung][-][dddd03][-][eeee06][-] Klingenfallenpaket,[FFA94D][Recompensa][-][dddd03][-][eeee06][-] Conjunto de trampa de hojas,[FFA94D][Récompense][-][dddd03][-][eeee06][-] Paquet pièges à lame,[FFA94D][Ricompensa][-][dddd03][-][eeee06][-] Pacchetto Trappola con lame,[FFA94D][報酬][-][dddd03][-][eeee06][-] ブレードトラップ(バンドル),[FFA94D][보상][-][dddd03][-][eeee06][-] 칼날 트랩 번들,[FFA94D][Nagroda][-][dddd03][-][eeee06][-] Pakiet – pułapka z ostrzem,[FFA94D][Recompensa][-][dddd03][-][eeee06][-] Conjunto de armadilha de lâmina,[FFA94D][Награда][-][dddd03][-][eeee06][-] Комплект с ловушкой с клинками,[FFA94D][Ödül][-][dddd03][-][eeee06][-] Bıçaklı Tuzak Paketi,[FFA94D][报酬][-][dddd03][-][eeee06][-] 刀片陷阱组合包,[FFA94D][獎勵][-][dddd03][-][eeee06][-] 刀片陷阱梱包
questRewardBowCraftingBundle,items,Bundle,,,,[FFA94D][Reward][-][dddd06][-][eeee02][-] [dddd06][-][eeee02][-]Bow Crafting Bundle,,[FFA94D][Belohnung][-][dddd06][-][eeee02][-] Bogenfertigungspaket,[FFA94D][Recompensa][-][dddd06][-][eeee02][-] Conjunto de fabricación de arcos,[FFA94D][Récompense][-][dddd06][-][eeee02][-] Paquet de fabrication d'arc,[FFA94D][Ricompensa][-][dddd06][-][eeee02][-] Pacchetto creazione arco,[FFA94D][報酬][-][dddd06][-][eeee02][-] 弓クラフト（バンドル）,[FFA94D][보상][-][dddd06][-][eeee02][-] 활 제작 번들,[FFA94D][Nagroda][-][dddd06][-][eeee02][-] Pakiet — wytwarzanie łuku,[FFA94D][Recompensa][-][dddd06][-][eeee02][-] Conjunto de fabricação de arco,[FFA94D][Награда][-][dddd06][-][eeee02][-] Комплект для изготовления лука,[FFA94D][Ödül][-][dddd06][-][eeee02][-] Yay Üretim Paketi,[FFA94D][报酬][-][dddd06][-][eeee02][-] 弓制作组合包,[FFA94D][獎勵][-][dddd06][-][eeee02][-] 弓弩製作梱包
questRewardDartTrapBundle,items,Bundle,,,,[FFA94D][Reward][-][dddd03][-][eeee07][-] [dddd03][-][eeee07][-]Dart Trap Bundle,,[FFA94D][Belohnung][-][dddd03][-][eeee07][-] Dart-Fallenpaket,[FFA94D][Recompensa][-][dddd03][-][eeee07][-] Conjunto de trampa de dardos,[FFA94D][Récompense][-][dddd03][-][eeee07][-] Paquet pièges à fléchettes,[FFA94D][Ricompensa][-][dddd03][-][eeee07][-] Pacchetto Trappola con dardi,[FFA94D][報酬][-][dddd03][-][eeee07][-] ダーツトラップ(バンドル),[FFA94D][보상][-][dddd03][-][eeee07][-] 다트 트랩 번들,[FFA94D][Nagroda][-][dddd03][-][eeee07][-] Pakiet – pułapka z rzutkami,[FFA94D][Recompensa][-][dddd03][-][eeee07][-] Conjunto de armadilha de dardos,[FFA94D][Награда][-][dddd03][-][eeee07][-] Комплект с ловушкой с дротиками,[FFA94D][Ödül][-][dddd03][-][eeee07][-] Oklu Tuzak Paketi,[FFA94D][报酬][-][dddd03][-][eeee07][-] 飞镖陷阱组合包,[FFA94D][獎勵][-][dddd03][-][eeee07][-] 毒鏢陷阱梱包
questRewardFarmT1Bundle,items,Bundle,,,,[FFA94D][Reward][-][dddd02][-][eeee04][-] [dddd02][-][eeee04][-]Farm Bundle 01,,[FFA94D][Belohnung][-][dddd02][-][eeee04][-] Ackerbaupaket 01,[FFA94D][Recompensa][-][dddd02][-][eeee04][-] Conjunto de granja 01,[FFA94D][Récompense][-][dddd02][-][eeee04][-] Paquet ferme 01,[FFA94D][Ricompensa][-][dddd02][-][eeee04][-] Pacchetto Fattoria 01,[FFA94D][報酬][-][dddd02][-][eeee04][-] 耕作(バンドル) 01,[FFA94D][보상][-][dddd02][-][eeee04][-] 농장 번들 01,[FFA94D][Nagroda][-][dddd02][-][eeee04][-] Pakiet – farma 01,[FFA94D][Recompensa][-][dddd02][-][eeee04][-] Conjunto de fazenda 01,[FFA94D][Награда][-][dddd02][-][eeee04][-] Фермерский комплект 01,[FFA94D][Ödül][-][dddd02][-][eeee04][-] Tarla Paketi 01,[FFA94D][报酬][-][dddd02][-][eeee04][-] 农场组合包01,[FFA94D][獎勵][-][dddd02][-][eeee04][-] 農場梱包 01
questRewardFarmT2Bundle,items,Bundle,,,,[FFA94D][Reward][-][dddd02][-][eeee05][-] [dddd02][-][eeee05][-]Farm Bundle 02,,[FFA94D][Belohnung][-][dddd02][-][eeee05][-] Ackerbaupaket 02,[FFA94D][Recompensa][-][dddd02][-][eeee05][-] Conjunto de granja 02,[FFA94D][Récompense][-][dddd02][-][eeee05][-] Paquet ferme 02,[FFA94D][Ricompensa][-][dddd02][-][eeee05][-] Pacchetto Fattoria 02,[FFA94D][報酬][-][dddd02][-][eeee05][-] 耕作(バンドル) 02,[FFA94D][보상][-][dddd02][-][eeee05][-] 농장 번들 02,[FFA94D][Nagroda][-][dddd02][-][eeee05][-] Pakiet – farma 02,[FFA94D][Recompensa][-][dddd02][-][eeee05][-] Conjunto de fazenda 02,[FFA94D][Награда][-][dddd02][-][eeee05][-] Фермерский комплект 02,[FFA94D][Ödül][-][dddd02][-][eeee05][-] Tarla Paketi 02,[FFA94D][报酬][-][dddd02][-][eeee05][-] 农场组合包02,[FFA94D][獎勵][-][dddd02][-][eeee05][-] 農場梱包 02
questRewardFarmT3Bundle,items,Bundle,,,,[FFA94D][Reward][-][dddd02][-][eeee06][-] [dddd02][-][eeee06][-]Farm Bundle 03,,[FFA94D][Belohnung][-][dddd02][-][eeee06][-] Ackerbaupaket 03,[FFA94D][Recompensa][-][dddd02][-][eeee06][-] Conjunto de granja 03,[FFA94D][Récompense][-][dddd02][-][eeee06][-] Paquet ferme 03,[FFA94D][Ricompensa][-][dddd02][-][eeee06][-] Pacchetto Fattoria 03,[FFA94D][報酬][-][dddd02][-][eeee06][-] 耕作(バンドル) 03,[FFA94D][보상][-][dddd02][-][eeee06][-] 농장 번들 03,[FFA94D][Nagroda][-][dddd02][-][eeee06][-] Pakiet – farma 03,[FFA94D][Recompensa][-][dddd02][-][eeee06][-] Conjunto de fazenda 03,[FFA94D][Награда][-][dddd02][-][eeee06][-] Фермерский комплект 03,[FFA94D][Ödül][-][dddd02][-][eeee06][-] Tarla Paketi 03,[FFA94D][报酬][-][dddd02][-][eeee06][-] 农场组合包03,[FFA94D][獎勵][-][dddd02][-][eeee06][-] 農場梱包 03
questRewardGeneratorBankBundle,items,Bundle,,,,[FFA94D][Reward][-][dddd03][-][eeee02][-] [dddd03][-][eeee02][-]Generator Bank Bundle,,[FFA94D][Belohnung][-][dddd03][-][eeee02][-] Generatorbank-Paket,[FFA94D][Recompensa][-][dddd03][-][eeee02][-] Conjunto de banco generador,[FFA94D][Récompense][-][dddd03][-][eeee02][-] Paquet groupe électrogène,[FFA94D][Ricompensa][-][dddd03][-][eeee02][-] Pacchetto Generatore,[FFA94D][報酬][-][dddd03][-][eeee02][-] 発電バンク(バンドル),[FFA94D][보상][-][dddd03][-][eeee02][-] 제네레이터 뱅크 번들,[FFA94D][Nagroda][-][dddd03][-][eeee02][-] Pakiet – bateria agregatów,[FFA94D][Recompensa][-][dddd03][-][eeee02][-] Conjunto de banco de gerador,[FFA94D][Награда][-][dddd03][-][eeee02][-] Комплект с генератором,[FFA94D][Ödül][-][dddd03][-][eeee02][-] Jeneratör Bankası Paketi,[FFA94D][报酬][-][dddd03][-][eeee02][-] 发电机组组合包,[FFA94D][獎勵][-][dddd03][-][eeee02][-] 發電機梱包
questRewardGyrocopterPartsBundle,items,Bundle,,,,[FFA94D][Reward][-][dddd04][-][eeee03][-] [dddd04][-][eeee03][-]Gyrocopter Parts Bundle,,[FFA94D][Belohnung][-][dddd04][-][eeee03][-] Tragschrauber-Teile-Paket,[FFA94D][Recompensa][-][dddd04][-][eeee03][-] Conjunto de piezas de girocóptero,[FFA94D][Récompense][-][dddd04][-][eeee03][-] Paquet composants d'autogire,[FFA94D][Ricompensa][-][dddd04][-][eeee03][-] Pacchetto Parti per Girocottero,[FFA94D][報酬][-][dddd04][-][eeee03][-] ジャイロコプターパーツ(バンドル),[FFA94D][보상][-][dddd04][-][eeee03][-] 자이로콥터 부품 번들,[FFA94D][Nagroda][-][dddd04][-][eeee03][-] Pakiet – części wiatrakowca,[FFA94D][Recompensa][-][dddd04][-][eeee03][-] Conjunto de peças de girocóptero,[FFA94D][Награда][-][dddd04][-][eeee03][-] Комплект запчастей к автожиру,[FFA94D][Ödül][-][dddd04][-][eeee03][-] Jirokopter Parçası Paketi,[FFA94D][报酬][-][dddd04][-][eeee03][-] 旋翼机零件组合包,[FFA94D][獎勵][-][dddd04][-][eeee03][-] 旋翼機零件梱包
questRewardHandgunCraftingBundle,items,Bundle,,,,[FFA94D][Reward][-][dddd06][-][eeee06][-] [dddd06][-][eeee06][-]Pistol Crafting Bundle,,[FFA94D][Belohnung][-][dddd06][-][eeee06][-] Pistolen-Fertigungspaket,[FFA94D][Recompensa][-][dddd06][-][eeee06][-] Conjunto de fabricación de revólveres,[FFA94D][Récompense][-][dddd06][-][eeee06][-] Paquet de fabrication de pistolet,[FFA94D][Ricompensa][-][dddd06][-][eeee06][-] Pacchetto creazione pistola,[FFA94D][報酬][-][dddd06][-][eeee06][-] ピストルクラフト(バンドル),[FFA94D][보상][-][dddd06][-][eeee06][-] 피스톨 제작 번들,[FFA94D][Nagroda][-][dddd06][-][eeee06][-] Pakiet — wytwarzanie pistoletu,[FFA94D][Recompensa][-][dddd06][-][eeee06][-] Conjunto de fabricação de pistola,[FFA94D][Награда][-][dddd06][-][eeee06][-] Комплект для изготовления пистолета,[FFA94D][Ödül][-][dddd06][-][eeee06][-] Tabanca Üretim Paketi,[FFA94D][报酬][-][dddd06][-][eeee06][-] 手枪制作组合包,[FFA94D][獎勵][-][dddd06][-][eeee06][-] 手槍製作梱包
questRewardLegendaryBatonCraftingBundle,items,Bundle,,,,[FFA94D][Reward][-][dddd10][-][eeee01][-] [dddd10][-][eeee01][-]Legendary Baton Crafting Bundle,,[FFA94D][Belohnung][-][dddd10][-][eeee01][-] Legendäres Schlagstock-Fertigungspaket,[FFA94D][Recompensa][-][dddd10][-][eeee01][-] Conjunto de fabricación de porras legendarias,[FFA94D][Récompense][-][dddd10][-][eeee01][-] Paquet de fabrication de matraque légendaire,[FFA94D][Ricompensa][-][dddd10][-][eeee01][-] Pacchetto creazione manganello leggendario,[FFA94D][報酬][-][dddd10][-][eeee01][-] 伝説バトンクラフト(バンドル),[FFA94D][보상][-][dddd10][-][eeee01][-] 전설 배턴 제작 번들,[FFA94D][Nagroda][-][dddd10][-][eeee01][-] Pakiet — wytwarzanie legendarnej pałki,[FFA94D][Recompensa][-][dddd10][-][eeee01][-] Conjunto de fabricação de cassetete lendário,[FFA94D][Награда][-][dddd10][-][eeee01][-] Комплект для изготовления легендарного жезла,[FFA94D][Ödül][-][dddd10][-][eeee01][-] Efsanevi Elektroşok Cihazı Üretim Paketi,[FFA94D][报酬][-][dddd10][-][eeee01][-] 传奇短棒制作组合包,[FFA94D][獎勵][-][dddd10][-][eeee01][-] 傳說棍子製作梱包
questRewardLegendaryBowCraftingBundle,items,Bundle,,,,[FFA94D][Reward][-][dddd10][-][eeee02][-] [dddd10][-][eeee02][-]Legendary Bow Crafting Bundle,,[FFA94D][Belohnung][-][dddd10][-][eeee02][-] Legendäres Bogen-Fertigungspaket,[FFA94D][Recompensa][-][dddd10][-][eeee02][-] Conjunto de fabricación de arcos legendarios,[FFA94D][Récompense][-][dddd10][-][eeee02][-] Paquet de fabrication d'arc légendaire,[FFA94D][Ricompensa][-][dddd10][-][eeee02][-] Pacchetto creazione arco leggendario,[FFA94D][報酬][-][dddd10][-][eeee02][-] 伝説弓クラフト(バンドル),[FFA94D][보상][-][dddd10][-][eeee02][-] 전설 활 제작 번들,[FFA94D][Nagroda][-][dddd10][-][eeee02][-] Pakiet — wytwarzanie legendarnego łuku,[FFA94D][Recompensa][-][dddd10][-][eeee02][-] Conjunto de fabricação de arco lendário,[FFA94D][Награда][-][dddd10][-][eeee02][-] Комплект для изготовления легендарного лука,[FFA94D][Ödül][-][dddd10][-][eeee02][-] Efsanevi Yay Üretim Paketi,[FFA94D][报酬][-][dddd10][-][eeee02][-] 传奇弓制作组合包,[FFA94D][獎勵][-][dddd10][-][eeee02][-] 傳說弓弩製作梱包
questRewardLegendaryHandgunCraftingBundle,items,Bundle,,,,[FFA94D][Reward][-][dddd10][-][eeee06][-] [dddd10][-][eeee06][-]Legendary Pistol Crafting Bundle,,[FFA94D][Belohnung][-][dddd10][-][eeee06][-] Legendäres Pistolen-Fertigungspaket,[FFA94D][Recompensa][-][dddd10][-][eeee06][-] Conjunto de fabricación de revólveres legendarios,[FFA94D][Récompense][-][dddd10][-][eeee06][-] Paquet de fabrication de pistolet légendaire,[FFA94D][Ricompensa][-][dddd10][-][eeee06][-] Pacchetto creazione pistola leggendaria,[FFA94D][報酬][-][dddd10][-][eeee06][-] 伝説ピストルクラフト(バンドル),[FFA94D][보상][-][dddd10][-][eeee06][-] 전설 피스톨 제작 번들,[FFA94D][Nagroda][-][dddd10][-][eeee06][-] Pakiet — wytwarzanie legendarnego pistoletu,[FFA94D][Recompensa][-][dddd10][-][eeee06][-] Conjunto de fabricação de pistola lendária,[FFA94D][Награда][-][dddd10][-][eeee06][-] Комплект для изготовления легендарного пистолета,[FFA94D][Ödül][-][dddd10][-][eeee06][-] Efsanevi Tabanca Üretim Paketi,[FFA94D][报酬][-][dddd10][-][eeee06][-] 传奇手枪制作组合包,[FFA94D][獎勵][-][dddd10][-][eeee06][-] 傳說手槍製作梱包
questRewardLegendaryMacheteCraftingBundle,items,Bundle,,,,[FFA94D][Reward][-][dddd10][-][eeee03][-] [dddd10][-][eeee03][-]Legendary Machete Crafting Bundle,,[FFA94D][Belohnung][-][dddd10][-][eeee03][-] Legendäres Macheten-Fertigungspaket,[FFA94D][Recompensa][-][dddd10][-][eeee03][-] Conjunto de fabricación de machetes legendarios,[FFA94D][Récompense][-][dddd10][-][eeee03][-] Paquet de fabrication de machette légendaire,[FFA94D][Ricompensa][-][dddd10][-][eeee03][-] Pacchetto creazione machete leggendario,[FFA94D][報酬][-][dddd10][-][eeee03][-] 伝説マチェーテクラフト(バンドル),[FFA94D][보상][-][dddd10][-][eeee03][-] 전설 마체테 제작 번들,[FFA94D][Nagroda][-][dddd10][-][eeee03][-] Pakiet — wytwarzanie legendarnej maczety,[FFA94D][Recompensa][-][dddd10][-][eeee03][-] Conjunto de fabricação de facão lendário,[FFA94D][Награда][-][dddd10][-][eeee03][-] Комплект для изготовления легендарного мачете,[FFA94D][Ödül][-][dddd10][-][eeee03][-] Efsanevi Pala Üretim Paketi,[FFA94D][报酬][-][dddd10][-][eeee03][-] 传奇砍刀制作组合包,[FFA94D][獎勵][-][dddd10][-][eeee03][-] 傳說大砍刀製作梱包
questRewardLegendaryMachineGunCraftingBundle,items,Bundle,,,,[FFA94D][Reward][-][dddd10][-][eeee04][-] [dddd10][-][eeee04][-]Legendary Machine Gun Crafting Bundle,,[FFA94D][Belohnung][-][dddd10][-][eeee04][-] Legendäres Maschinengewehr-Fertigungspaket,[FFA94D][Recompensa][-][dddd10][-][eeee04][-] Conjunto de fabricación de metralletas legendarias,[FFA94D][Récompense][-][dddd10][-][eeee04][-] Paquet de fabrication de mitrailleuse légendaire,[FFA94D][Ricompensa][-][dddd10][-][eeee04][-] Pacchetto creazione mitragliatrice leggendaria,[FFA94D][報酬][-][dddd10][-][eeee04][-] 伝説マシンガンクラフト(バンドル),[FFA94D][보상][-][dddd10][-][eeee04][-] 전설 기관총 제작 번들,[FFA94D][Nagroda][-][dddd10][-][eeee04][-] Pakiet — wytwarzanie legendarnego karabinu maszynowego,[FFA94D][Recompensa][-][dddd10][-][eeee04][-] Conjunto de fabricação de metralhadora lendária,[FFA94D][Награда][-][dddd10][-][eeee04][-] Комплект для изготовления легендарного автомата,[FFA94D][Ödül][-][dddd10][-][eeee04][-] Efsanevi Makinalı Tüfek Üretim Paketi,[FFA94D][报酬][-][dddd10][-][eeee04][-] 传奇机枪制作组合包,[FFA94D][獎勵][-][dddd10][-][eeee04][-] 傳說機槍製作梱包
questRewardLegendaryMotorToolsCraftingBundle,items,Bundle,,,,[FFA94D][Reward][-][dddd10][-][eeee05][-] [dddd10][-][eeee05][-]Legendary Motor Tools Crafting Bundle,,[FFA94D][Belohnung][-][dddd10][-][eeee05][-] Legendäres Motorwerkzeuge-Fertigungspaket,[FFA94D][Recompensa][-][dddd10][-][eeee05][-] Conjunto de fabricación legendario de herramientas de motor,[FFA94D][Récompense][-][dddd10][-][eeee05][-] Paquet de fabrication d'outils motorisés légendaires,[FFA94D][Ricompensa][-][dddd10][-][eeee05][-] Pacchetto creazione attrezzi a motore leggendari,[FFA94D][報酬][-][dddd10][-][eeee05][-] 伝説動力ツールクラフト(バンドル),[FFA94D][보상][-][dddd10][-][eeee05][-] 전설 모터 도구 제작 번들,[FFA94D][Nagroda][-][dddd10][-][eeee05][-] Pakiet — wytwarzanie legendarnych narzędzi silnikowych,[FFA94D][Recompensa][-][dddd10][-][eeee05][-] Conjunto de fabricação de ferramentas de motor lendárias,[FFA94D][Награда][-][dddd10][-][eeee05][-] Комплект для изготовления легендарных бензоинструментов,[FFA94D][Ödül][-][dddd10][-][eeee05][-] Efsanevi Motorlu Alet Üretim Paketi,[FFA94D][报酬][-][dddd10][-][eeee05][-] 传奇电动工具制作组合包,[FFA94D][獎勵][-][dddd10][-][eeee05][-] 傳說電機工具製作梱包
questRewardLegendaryRifleCraftingBundle,items,Bundle,,,,[FFA94D][Reward][-][dddd10][-][eeee07][-] [dddd10][-][eeee07][-]Legendary Rifle Crafting Bundle,,[FFA94D][Belohnung][-][dddd10][-][eeee07][-] Legendäres Gewehr-Fertigungspaket,[FFA94D][Recompensa][-][dddd10][-][eeee07][-] Conjunto de fabricación de rifles legendarios,[FFA94D][Récompense][-][dddd10][-][eeee07][-] Paquet de fabrication de fusil légendaire,[FFA94D][Ricompensa][-][dddd10][-][eeee07][-] Pacchetto creazione fucile di precisione leggendario,[FFA94D][報酬][-][dddd10][-][eeee07][-] 伝説ライフルクラフト(バンドル),[FFA94D][보상][-][dddd10][-][eeee07][-] 전설 라이플 제작 번들,[FFA94D][Nagroda][-][dddd10][-][eeee07][-] Pakiet — wytwarzanie legendarnego karabinu,[FFA94D][Recompensa][-][dddd10][-][eeee07][-] Conjunto de fabricação de fuzil lendário,[FFA94D][Награда][-][dddd10][-][eeee07][-] Комплект для изготовления легендарной винтовки,[FFA94D][Ödül][-][dddd10][-][eeee07][-] Efsanevi Tüfek Üretim Paketi,[FFA94D][报酬][-][dddd10][-][eeee07][-] 传奇步枪制作组合包,[FFA94D][獎勵][-][dddd10][-][eeee07][-] 傳說步槍製作梱包
questRewardLegendaryRoboticsCraftingBundle,items,Bundle,,,,[FFA94D][Reward][-][dddd10][-][eeee08][-] [dddd10][-][eeee08][-]Legendary Robotics Crafting Bundle,,[FFA94D][Belohnung][-][dddd10][-][eeee08][-] Legendäres Robotik-Fertigungspaket,[FFA94D][Recompensa][-][dddd10][-][eeee08][-] Conjunto de fabricación legendario de robótica,[FFA94D][Récompense][-][dddd10][-][eeee08][-] Paquet de fabrication d'éléments robotiques légendaires,[FFA94D][Ricompensa][-][dddd10][-][eeee08][-] Pacchetto creazione robotici leggendari,[FFA94D][報酬][-][dddd10][-][eeee08][-] 伝説ロボットクラフト(バンドル),[FFA94D][보상][-][dddd10][-][eeee08][-] 전설 로보틱 공학 제작 번들,[FFA94D][Nagroda][-][dddd10][-][eeee08][-] Pakiet — wytwarzanie legendarnej robotyki,[FFA94D][Recompensa][-][dddd10][-][eeee08][-] Conjunto de fabricação de robótica lendária,[FFA94D][Награда][-][dddd10][-][eeee08][-] Комплект для изготовления легендарных роботов,[FFA94D][Ödül][-][dddd10][-][eeee08][-] Efsanevi Robot Üretim Paketi,[FFA94D][报酬][-][dddd10][-][eeee08][-] 传奇机器人制作组合包,[FFA94D][獎勵][-][dddd10][-][eeee08][-] 傳說機器人製作梱包
questRewardLegendaryRocketLauncherCraftingBundle,items,Bundle,,,,[FFA94D][Reward][-][dddd10][-][eeee09][-] [dddd10][-][eeee09][-]Legendary Rocket Launcher Crafting Bundle,,[FFA94D][Belohnung][-][dddd10][-][eeee09][-] Legendäres Raketenwerfer-Fertigungspaket,[FFA94D][Recompensa][-][dddd10][-][eeee09][-] Conjunto de fabricación de lanzacohetes legendario,[FFA94D][Récompense][-][dddd10][-][eeee09][-] Paquet de fabrication de lance-roquettes légendaire,[FFA94D][Ricompensa][-][dddd10][-][eeee09][-] Pacchetto creazione lanciarazzi leggendario,[FFA94D][報酬][-][dddd10][-][eeee09][-] 伝説ロケットランチャークラフト(バンドル),[FFA94D][보상][-][dddd10][-][eeee09][-] 전설 로켓탄 발사기 제작 번들,[FFA94D][Nagroda][-][dddd10][-][eeee09][-] Pakiet — wytwarzanie legendarnej wyrzutni rakiet,[FFA94D][Recompensa][-][dddd10][-][eeee09][-] Conjunto de fabricação de lança-foguetes lendário,[FFA94D][Награда][-][dddd10][-][eeee09][-] Комплект для изготовления легендарного гранатомета,[FFA94D][Ödül][-][dddd10][-][eeee09][-] Efsanevi Roketatar Üretim Paketi,[FFA94D][报酬][-][dddd10][-][eeee09][-] 传奇火箭发射器制作组合包,[FFA94D][獎勵][-][dddd10][-][eeee09][-] 傳說火箭發射器製作梱包
questRewardLegendaryShotgunCraftingBundle,items,Bundle,,,,[FFA94D][Reward][-][dddd10][-][eeee10][-] [dddd10][-][eeee10][-]Legendary Shotgun Crafting Bundle,,[FFA94D][Belohnung][-][dddd10][-][eeee10][-] Legendäres Schrotflinten-Fertigungspaket,[FFA94D][Recompensa][-][dddd10][-][eeee10][-] Conjunto de fabricación de escopetas legendarias,[FFA94D][Récompense][-][dddd10][-][eeee10][-] Paquet de fabrication de fusil à pompe légendaire,[FFA94D][Ricompensa][-][dddd10][-][eeee10][-] Pacchetto creazione fucile leggendario,[FFA94D][報酬][-][dddd10][-][eeee10][-] 伝説ショットガンクラフト(バンドル),[FFA94D][보상][-][dddd10][-][eeee10][-] 전설 샷건 제작 번들,[FFA94D][Nagroda][-][dddd10][-][eeee10][-] Pakiet — wytwarzanie legendarnej strzelby,[FFA94D][Recompensa][-][dddd10][-][eeee10][-] Conjunto de fabricação de espingarda lendária,[FFA94D][Награда][-][dddd10][-][eeee10][-] Комплект для изготовления легендарного дробовика,[FFA94D][Ödül][-][dddd10][-][eeee10][-] Efsanevi Pompalı Tüfek Üretim Paketi,[FFA94D][报酬][-][dddd10][-][eeee10][-] 传奇霰弹枪制作组合包,[FFA94D][獎勵][-][dddd10][-][eeee10][-] 傳說散彈獵槍製作梱包
questRewardLegendarySteelClubCraftingBundle,items,Bundle,,,,[FFA94D][Reward][-][dddd10][-][eeee11][-] [dddd10][-][eeee11][-]Legendary Steel Club Crafting Bundle,,[FFA94D][Belohnung][-][dddd10][-][eeee11][-] Legendäres Stahlknüppel-Fertigungspaket,[FFA94D][Recompensa][-][dddd10][-][eeee11][-] Conjunto de fabricación de palos de acero legendarios,[FFA94D][Récompense][-][dddd10][-][eeee11][-] Paquet de fabrication de massue en acier légendaire,[FFA94D][Ricompensa][-][dddd10][-][eeee11][-] Pacchetto creazione mazza d'acciaio leggendaria,[FFA94D][報酬][-][dddd10][-][eeee11][-] 伝説鉄鋼製棍棒クラフト(バンドル),[FFA94D][보상][-][dddd10][-][eeee11][-] 전설 강철 곤봉 제작 번들,[FFA94D][Nagroda][-][dddd10][-][eeee11][-] Pakiet — wytwarzanie legendarnej stalowej maczugi,[FFA94D][Recompensa][-][dddd10][-][eeee11][-] Conjunto de fabricação de porrete de aço lendário,[FFA94D][Награда][-][dddd10][-][eeee11][-] Комплект для изготовления легендарной стальной дубины,[FFA94D][Ödül][-][dddd10][-][eeee11][-] Efsanevi Çelik Sopa Üretim Paketi,[FFA94D][报酬][-][dddd10][-][eeee11][-] 传奇钢棍制作组合包,[FFA94D][獎勵][-][dddd10][-][eeee11][-] 傳說鋼棍製作梱包
questRewardLegendarySteelKnuckleCraftingBundle,items,Bundle,,,,[FFA94D][Reward][-][dddd10][-][eeee12][-] [dddd10][-][eeee12][-]Legendary Steel Knuckle Crafting Bundle,,[FFA94D][Belohnung][-][dddd10][-][eeee12][-] Legendäres Stahlschlagring-Fertigungspaket,[FFA94D][Recompensa][-][dddd10][-][eeee12][-] Conjunto de fabricación de nudillos de acero legendarios,[FFA94D][Récompense][-][dddd10][-][eeee12][-] Paquet de fabrication de poing américain en acier légendaire,[FFA94D][Ricompensa][-][dddd10][-][eeee12][-] Pacchetto creazione tirapugni d'acciaio leggendario,[FFA94D][報酬][-][dddd10][-][eeee12][-] 伝説鉄鋼ナックルクラフト(バンドル),[FFA94D][보상][-][dddd10][-][eeee12][-] 전설 강철 너클 제작 번들,[FFA94D][Nagroda][-][dddd10][-][eeee12][-] Pakiet — wytwarzanie legendarnego stalowego kastetu,[FFA94D][Recompensa][-][dddd10][-][eeee12][-] Conjunto de fabricação de soco inglês de aço lendário,[FFA94D][Награда][-][dddd10][-][eeee12][-] Комплект для изготовления легендарного стального кастета,[FFA94D][Ödül][-][dddd10][-][eeee12][-] Efsanevi Çelik Muşta Üretim Paketi,[FFA94D][报酬][-][dddd10][-][eeee12][-] 传奇钢质拳套制作组合包,[FFA94D][獎勵][-][dddd10][-][eeee12][-] 傳說鋼指節製作梱包
questRewardLegendarySteelSledgehammerCraftingBundle,items,Bundle,,,,[FFA94D][Reward][-][dddd10][-][eeee13][-] [dddd10][-][eeee13][-]Legendary Steel Sledgehammer Crafting Bundle,,[FFA94D][Belohnung][-][dddd10][-][eeee13][-] Legendäres Stahlvorschlaghammer-Fertigungspaket,[FFA94D][Recompensa][-][dddd10][-][eeee13][-] Conjunto de fabricación de mazos de acero legendarios,[FFA94D][Récompense][-][dddd10][-][eeee13][-] Paquet de fabrication de masse en acier légendaire,[FFA94D][Ricompensa][-][dddd10][-][eeee13][-] Pacchetto creazione martello d'acciaio leggendario,[FFA94D][報酬][-][dddd10][-][eeee13][-] 伝説鉄鋼製スレッジハンマークラフト(バンドル),[FFA94D][보상][-][dddd10][-][eeee13][-] 전설 강철 슬레지해머 제작 번들,[FFA94D][Nagroda][-][dddd10][-][eeee13][-] Pakiet — wytwarzanie legendarnego stalowego młota rozbiórkowego,[FFA94D][Recompensa][-][dddd10][-][eeee13][-] Conjunto de fabricação de marreta de aço lendária,[FFA94D][Награда][-][dddd10][-][eeee13][-] Комплект для изготовления легендарной стальной кувалды,[FFA94D][Ödül][-][dddd10][-][eeee13][-] Efsanevi Çelik Balyoz Üretim Paketi,[FFA94D][报酬][-][dddd10][-][eeee13][-] 传奇钢质大锤制作组合包,[FFA94D][獎勵][-][dddd10][-][eeee13][-] 傳說鋼鎚製作梱包
questRewardLegendarySteelSpearCraftingBundle,items,Bundle,,,,[FFA94D][Reward][-][dddd10][-][eeee14][-] [dddd10][-][eeee14][-]Legendary Steel Spear Crafting Bundle,,[FFA94D][Belohnung][-][dddd10][-][eeee14][-] Legendäres Stahlspeer-Fertigungspaket,[FFA94D][Recompensa][-][dddd10][-][eeee14][-] Conjunto de fabricación de lanzas de acero legendarias,[FFA94D][Récompense][-][dddd10][-][eeee14][-] Paquet de fabrication de lance en acier légendaire,[FFA94D][Ricompensa][-][dddd10][-][eeee14][-] Pacchetto creazione lancia d'acciaio leggendaria,[FFA94D][報酬][-][dddd10][-][eeee14][-] 伝説鉄鋼槍クラフト(バンドル),[FFA94D][보상][-][dddd10][-][eeee14][-] 전설 강철 창 제작 번들,[FFA94D][Nagroda][-][dddd10][-][eeee14][-] Pakiet — wytwarzanie legendarnej stalowej włóczni,[FFA94D][Recompensa][-][dddd10][-][eeee14][-] Conjunto de fabricação de lança de aço lendária,[FFA94D][Награда][-][dddd10][-][eeee14][-] Комплект для изготовления легендарного стального копья,[FFA94D][Ödül][-][dddd10][-][eeee14][-] Efsanevi Çelik Mızrak Üretim Paketi,[FFA94D][报酬][-][dddd10][-][eeee14][-] 传奇钢矛制作组合包,[FFA94D][獎勵][-][dddd10][-][eeee14][-] 傳說鋼矛製作梱包
questRewardLegendarySteelToolsCraftingBundle,items,Bundle,,,,[FFA94D][Reward][-][dddd10][-][eeee15][-] [dddd10][-][eeee15][-]Legendary Steel Tools Crafting Bundle,,[FFA94D][Belohnung][-][dddd10][-][eeee15][-] Legendäres Stahlwerkzeuge-Fertigungspaket,[FFA94D][Recompensa][-][dddd10][-][eeee15][-] Conjunto de fabricación legendario de herramientas de acero,[FFA94D][Récompense][-][dddd10][-][eeee15][-] Paquet de fabrication d'outils en acier légendaires,[FFA94D][Ricompensa][-][dddd10][-][eeee15][-] Pacchetto creazione attrezzi d'acciaio leggendari,[FFA94D][報酬][-][dddd10][-][eeee15][-] 伝説鉄鋼ツールクラフト(バンドル),[FFA94D][보상][-][dddd10][-][eeee15][-] 전설 강철 도구 제작 번들,[FFA94D][Nagroda][-][dddd10][-][eeee15][-] Pakiet — wytwarzanie legendarnych stalowych narzędzi,[FFA94D][Recompensa][-][dddd10][-][eeee15][-] Conjunto de fabricação de ferramentas de aço lendárias,[FFA94D][Награда][-][dddd10][-][eeee15][-] Комплект для изготовления легендарных стальных инструментов,[FFA94D][Ödül][-][dddd10][-][eeee15][-] Efsanevi Çelik Alet Üretim Paketi,[FFA94D][报酬][-][dddd10][-][eeee15][-] 传奇钢制工具制作组合包,[FFA94D][獎勵][-][dddd10][-][eeee15][-] 傳說鋼工具製作梱包
questRewardMacheteCraftingBundle,items,Bundle,,,,[FFA94D][Reward][-][dddd06][-][eeee03][-] [dddd06][-][eeee03][-]Machete Crafting Bundle,,[FFA94D][Belohnung][-][dddd06][-][eeee03][-] Macheten-Fertigungspaket,[FFA94D][Recompensa][-][dddd06][-][eeee03][-] Conjunto de fabricación de machetes,[FFA94D][Récompense][-][dddd06][-][eeee03][-] Paquet de fabrication de machette,[FFA94D][Ricompensa][-][dddd06][-][eeee03][-] Pacchetto creazione machete,[FFA94D][報酬][-][dddd06][-][eeee03][-] マチェーテクラフト(バンドル),[FFA94D][보상][-][dddd06][-][eeee03][-] 마체테 제작 번들,[FFA94D][Nagroda][-][dddd06][-][eeee03][-] Pakiet — wytwarzanie maczety,[FFA94D][Recompensa][-][dddd06][-][eeee03][-] Conjunto de fabricação de facão,[FFA94D][Награда][-][dddd06][-][eeee03][-] Комплект для изготовления мачете,[FFA94D][Ödül][-][dddd06][-][eeee03][-] Pala Üretim Paketi,[FFA94D][报酬][-][dddd06][-][eeee03][-] 砍刀制作组合包,[FFA94D][獎勵][-][dddd06][-][eeee03][-] 大砍刀製作梱包
questRewardMachineGunCraftingBundle,items,Bundle,,,,[FFA94D][Reward][-][dddd06][-][eeee04][-] [dddd06][-][eeee04][-]Machine Gun Crafting Bundle,,[FFA94D][Belohnung][-][dddd06][-][eeee04][-] Maschinengewehr-Fertigungspaket,[FFA94D][Recompensa][-][dddd06][-][eeee04][-] Conjunto de fabricación de metralletas,[FFA94D][Récompense][-][dddd06][-][eeee04][-] Paquet de fabrication de mitrailleuse,[FFA94D][Ricompensa][-][dddd06][-][eeee04][-] Pacchetto creazione mitragliatrice,[FFA94D][報酬][-][dddd06][-][eeee04][-] マシンガンクラフト(バンドル),[FFA94D][보상][-][dddd06][-][eeee04][-] 기관총 제작 번들,[FFA94D][Nagroda][-][dddd06][-][eeee04][-] Pakiet — wytwarzanie karabinu maszynowego,[FFA94D][Recompensa][-][dddd06][-][eeee04][-] Conjunto de fabricação de metralhadora,[FFA94D][Награда][-][dddd06][-][eeee04][-] Комплект для изготовления автомата,[FFA94D][Ödül][-][dddd06][-][eeee04][-] Makinalı Tüfek Üretim Paketi,[FFA94D][报酬][-][dddd06][-][eeee04][-] 机枪制作组合包,[FFA94D][獎勵][-][dddd06][-][eeee04][-] 機槍製作梱包
questRewardMinibikePartsBundle,items,Bundle,,,,[FFA94D][Reward][-][dddd04][-][eeee04][-] [dddd04][-][eeee04][-]Minibike Parts Bundle,,[FFA94D][Belohnung][-][dddd04][-][eeee04][-] Taschenmotorrad-Paket,[FFA94D][Recompensa][-][dddd04][-][eeee04][-] Conjunto de piezas de minimoto,[FFA94D][Récompense][-][dddd04][-][eeee04][-] Paquet composants de mini-moto,[FFA94D][Ricompensa][-][dddd04][-][eeee04][-] Pacchetto Parti per minimoto,[FFA94D][報酬][-][dddd04][-][eeee04][-] ミニバイクパーツ(バンドル),[FFA94D][보상][-][dddd04][-][eeee04][-] 미니바이크 부품 번들,[FFA94D][Nagroda][-][dddd04][-][eeee04][-] Pakiet – części motorynki,[FFA94D][Recompensa][-][dddd04][-][eeee04][-] Conjunto de peças de motoneta,[FFA94D][Награда][-][dddd04][-][eeee04][-] Комплект запчастей к мини-байку,[FFA94D][Ödül][-][dddd04][-][eeee04][-] Küçük Motosiklet Parçası Paketi,[FFA94D][报酬][-][dddd04][-][eeee04][-] 小型机车零件组合包,[FFA94D][獎勵][-][dddd04][-][eeee04][-] 小型機車零件梱包
questRewardMotorcyclePartsBundle,items,Bundle,,,,[FFA94D][Reward][-][dddd04][-][eeee05][-] [dddd04][-][eeee05][-]Motorcycle Parts Bundle,,[FFA94D][Belohnung][-][dddd04][-][eeee05][-] Motorradteile-Paket,[FFA94D][Recompensa][-][dddd04][-][eeee05][-] Conjunto de piezas de motocicleta,[FFA94D][Récompense][-][dddd04][-][eeee05][-] Paquet composants de cyclomoteur,[FFA94D][Ricompensa][-][dddd04][-][eeee05][-] Pacchetto Parti per motocicletta,[FFA94D][報酬][-][dddd04][-][eeee05][-] オートバイパーツ(バンドル),[FFA94D][보상][-][dddd04][-][eeee05][-] 오토바이 부품 번들,[FFA94D][Nagroda][-][dddd04][-][eeee05][-] Pakiet – części motocyklowe,[FFA94D][Recompensa][-][dddd04][-][eeee05][-] Conjunto de peças de motocicleta,[FFA94D][Награда][-][dddd04][-][eeee05][-] Комплект мотоциклетных запчастей,[FFA94D][Ödül][-][dddd04][-][eeee05][-] Motosiklet Parçası Paketi,[FFA94D][报酬][-][dddd04][-][eeee05][-] 摩托车零件组合包,[FFA94D][獎勵][-][dddd04][-][eeee05][-] 摩托車零件梱包
questRewardMotorToolsCraftingBundle,items,Bundle,,,,[FFA94D][Reward][-][dddd06][-][eeee05][-] [dddd06][-][eeee05][-]Motor Tools Crafting Bundle,,[FFA94D][Belohnung][-][dddd06][-][eeee05][-] Motorwerkzeuge-Fertigungspaket,[FFA94D][Recompensa][-][dddd06][-][eeee05][-] Conjunto de fabricación de herramientas de motor,[FFA94D][Récompense][-][dddd06][-][eeee05][-] Paquet de fabrication d'outils motorisés,[FFA94D][Ricompensa][-][dddd06][-][eeee05][-] Pacchetto creazione attrezzi a motore,[FFA94D][報酬][-][dddd06][-][eeee05][-] 動力ツールクラフト(バンドル),[FFA94D][보상][-][dddd06][-][eeee05][-] 모터 도구 제작 번들,[FFA94D][Nagroda][-][dddd06][-][eeee05][-] Pakiet — wytwarzanie narzędzi silnikowych,[FFA94D][Recompensa][-][dddd06][-][eeee05][-] Conjunto de fabricação de ferramentas de motor,[FFA94D][Награда][-][dddd06][-][eeee05][-] Комплект для изготовления бензоинструментов,[FFA94D][Ödül][-][dddd06][-][eeee05][-] Motorlu Alet Üretim Paketi,[FFA94D][报酬][-][dddd06][-][eeee05][-] 电动工具制作组合包,[FFA94D][獎勵][-][dddd06][-][eeee05][-] 電機工具製作梱包
questRewardPipeBatonBundle,items,Bundle,,,,[FFA94D][Reward][-][dddd07][-][eeee01][-] [dddd07][-][eeee01][-]Pipe Baton Bundle,,[FFA94D][Belohnung][-][dddd07][-][eeee01][-] Selbstgebauter-Stab-Paket,[FFA94D][Recompensa][-][dddd07][-][eeee01][-] Conjunto de porra de tubería,[FFA94D][Récompense][-][dddd07][-][eeee01][-] Paquet matraque en tuyau,[FFA94D][Ricompensa][-][dddd07][-][eeee01][-] Pacchetto Manganello tubolare,[FFA94D][報酬][-][dddd07][-][eeee01][-] パイプバトン(バンドル),[FFA94D][보상][-][dddd07][-][eeee01][-] 파이프 배턴 번들,[FFA94D][Nagroda][-][dddd07][-][eeee01][-] Pakiet – pałka rurowa,[FFA94D][Recompensa][-][dddd07][-][eeee01][-] Conjunto de Cassetete de cano,[FFA94D][Награда][-][dddd07][-][eeee01][-] Комплект с дубинкой из трубы,[FFA94D][Ödül][-][dddd07][-][eeee01][-] Boru Cop Paketi,[FFA94D][报酬][-][dddd07][-][eeee01][-] 铁管棒组合包,[FFA94D][獎勵][-][dddd07][-][eeee01][-] 鐵管棍梱包
questRewardPipeMachineGunBundle,items,Bundle,,,,[FFA94D][Reward][-][dddd07][-][eeee02][-] [dddd07][-][eeee02][-]Pipe Machine Gun Bundle,,[FFA94D][Belohnung][-][dddd07][-][eeee02][-] Selbstgebautes-Maschinengewehr-Paket,[FFA94D][Recompensa][-][dddd07][-][eeee02][-] Conjunto de metralleta de tubería,[FFA94D][Récompense][-][dddd07][-][eeee02][-] Paquet mitrailleuse en tuyau,[FFA94D][Ricompensa][-][dddd07][-][eeee02][-] Pacchetto Mitragliatrice tubolare,[FFA94D][報酬][-][dddd07][-][eeee02][-] パイプマシンガン(バンドル),[FFA94D][보상][-][dddd07][-][eeee02][-] 파이프 기관총 번들,[FFA94D][Nagroda][-][dddd07][-][eeee02][-] Pakiet – rurowy karabin maszynowy,[FFA94D][Recompensa][-][dddd07][-][eeee02][-] Conjunto de Metralhadora de cano,[FFA94D][Награда][-][dddd07][-][eeee02][-] Комплект с автоматом из трубы,[FFA94D][Ödül][-][dddd07][-][eeee02][-] Boru Makineli Tüfek Paketi,[FFA94D][报酬][-][dddd07][-][eeee02][-] 铁管机枪组合包,[FFA94D][獎勵][-][dddd07][-][eeee02][-] 鐵管機槍梱包
questRewardPipePistolBundle,items,Bundle,,,,[FFA94D][Reward][-][dddd07][-][eeee04][-] [dddd07][-][eeee04][-]Pipe Pistol Bundle,,[FFA94D][Belohnung][-][dddd07][-][eeee04][-] Selbstgebaute-Pistole-Paket,[FFA94D][Recompensa][-][dddd07][-][eeee04][-] Conjunto de revólver de tubería,[FFA94D][Récompense][-][dddd07][-][eeee04][-] Paquet pistolet en tuyau,[FFA94D][Ricompensa][-][dddd07][-][eeee04][-] Pacchetto Pistola tubolare,[FFA94D][報酬][-][dddd07][-][eeee04][-] パイプピストル(バンドル),[FFA94D][보상][-][dddd07][-][eeee04][-] 파이프 피스톨 번들,[FFA94D][Nagroda][-][dddd07][-][eeee04][-] Pakiet – pistolet rurowy,[FFA94D][Recompensa][-][dddd07][-][eeee04][-] Conjunto de Pistola de cano,[FFA94D][Награда][-][dddd07][-][eeee04][-] Комплект с пистолетом из трубы,[FFA94D][Ödül][-][dddd07][-][eeee04][-] Boru Tabanca Paketi,[FFA94D][报酬][-][dddd07][-][eeee04][-] 铁管手枪组合包,[FFA94D][獎勵][-][dddd07][-][eeee04][-] 鐵管手槍梱包
questRewardPipeRifleBundle,items,Bundle,,,,[FFA94D][Reward][-][dddd07][-][eeee06][-] [dddd07][-][eeee06][-]Pipe Rifle Bundle,,[FFA94D][Belohnung][-][dddd07][-][eeee06][-] Selbstgebautes-Gewehr-Paket,[FFA94D][Recompensa][-][dddd07][-][eeee06][-] Conjunto de rifle de tubería,[FFA94D][Récompense][-][dddd07][-][eeee06][-] Paquet fusil en tuyau,[FFA94D][Ricompensa][-][dddd07][-][eeee06][-] Pacchetto Carabina tubolare,[FFA94D][報酬][-][dddd07][-][eeee06][-] パイプライフル(バンドル),[FFA94D][보상][-][dddd07][-][eeee06][-] 파이프 라이플 번들,[FFA94D][Nagroda][-][dddd07][-][eeee06][-] Pakiet – karabin rurowy,[FFA94D][Recompensa][-][dddd07][-][eeee06][-] Conjunto de Fuzil de cano,[FFA94D][Награда][-][dddd07][-][eeee06][-] Комплект с винтовкой из трубы,[FFA94D][Ödül][-][dddd07][-][eeee06][-] Boru Tüfek Paketi,[FFA94D][报酬][-][dddd07][-][eeee06][-] 铁管步枪组合包,[FFA94D][獎勵][-][dddd07][-][eeee06][-] 鐵管步槍梱包
questRewardPipeShotgunBundle,items,Bundle,,,,[FFA94D][Reward][-][dddd07][-][eeee08][-] [dddd07][-][eeee08][-]Pipe Shotgun Bundle,,[FFA94D][Belohnung][-][dddd07][-][eeee08][-] Selbstgebaute-Schrotflinte-Paket,[FFA94D][Recompensa][-][dddd07][-][eeee08][-] Conjunto de escopeta de tubería,[FFA94D][Récompense][-][dddd07][-][eeee08][-] Paquet fusil à pompe en tuyau,[FFA94D][Ricompensa][-][dddd07][-][eeee08][-] Pacchetto Fucile tubolare,[FFA94D][報酬][-][dddd07][-][eeee08][-] パイプショットガン(バンドル),[FFA94D][보상][-][dddd07][-][eeee08][-] 파이프 샷건 번들,[FFA94D][Nagroda][-][dddd07][-][eeee08][-] Pakiet – strzelba rurowa,[FFA94D][Recompensa][-][dddd07][-][eeee08][-] Conjunto de Espingarda de cano,[FFA94D][Награда][-][dddd07][-][eeee08][-] Комплект с дробовиком из трубы,[FFA94D][Ödül][-][dddd07][-][eeee08][-] Boru Pompalı Tüfek Paketi,[FFA94D][报酬][-][dddd07][-][eeee08][-] 铁管霰弹枪组合包,[FFA94D][獎勵][-][dddd07][-][eeee08][-] 鐵管散彈槍梱包
questRewardRifleCraftingBundle,items,Bundle,,,,[FFA94D][Reward][-][dddd06][-][eeee07][-] [dddd06][-][eeee07][-]Rifle Crafting Bundle,,[FFA94D][Belohnung][-][dddd06][-][eeee07][-] Gewehr-Fertigungspaket,[FFA94D][Recompensa][-][dddd06][-][eeee07][-] Conjunto de fabricación de rifles,[FFA94D][Récompense][-][dddd06][-][eeee07][-] Paquet de fabrication de fusil,[FFA94D][Ricompensa][-][dddd06][-][eeee07][-] Pacchetto creazione fucile di precisione,[FFA94D][報酬][-][dddd06][-][eeee07][-] ライフルクラフト(バンドル),[FFA94D][보상][-][dddd06][-][eeee07][-] 라이플 제작 번들,[FFA94D][Nagroda][-][dddd06][-][eeee07][-] Pakiet — wytwarzanie karabinu,[FFA94D][Recompensa][-][dddd06][-][eeee07][-] Conjunto de fabricação de fuzil,[FFA94D][Награда][-][dddd06][-][eeee07][-] Комплект для изготовления винтовки,[FFA94D][Ödül][-][dddd06][-][eeee07][-] Tüfek Üretim Paketi,[FFA94D][报酬][-][dddd06][-][eeee07][-] 步枪制作组合包,[FFA94D][獎勵][-][dddd06][-][eeee07][-] 步槍製作梱包
questRewardRoboticsCraftingBundle,items,Bundle,,,,[FFA94D][Reward][-][dddd06][-][eeee08][-] [dddd06][-][eeee08][-]Robotics Crafting Bundle,,[FFA94D][Belohnung][-][dddd06][-][eeee08][-] Robotik-Fertigungspaket,[FFA94D][Recompensa][-][dddd06][-][eeee08][-] Conjunto de fabricación de robótica,[FFA94D][Récompense][-][dddd06][-][eeee08][-] Paquet de fabrication d'élément robotique,[FFA94D][Ricompensa][-][dddd06][-][eeee08][-] Pacchetto creazione robotici,[FFA94D][報酬][-][dddd06][-][eeee08][-] ロボットクラフト(バンドル),[FFA94D][보상][-][dddd06][-][eeee08][-] 로보틱 공학 제작 번들,[FFA94D][Nagroda][-][dddd06][-][eeee08][-] Pakiet — wytwarzanie robotyki,[FFA94D][Recompensa][-][dddd06][-][eeee08][-] Conjunto de fabricação de robótica,[FFA94D][Награда][-][dddd06][-][eeee08][-] Комплект для изготовления роботов,[FFA94D][Ödül][-][dddd06][-][eeee08][-] Robot Üretim Paketi,[FFA94D][报酬][-][dddd06][-][eeee08][-] 机器人制作组合包,[FFA94D][獎勵][-][dddd06][-][eeee08][-] 機器人製作梱包
questRewardRocketLauncherCraftingBundle,items,Bundle,,,,[FFA94D][Reward][-][dddd06][-][eeee09][-] [dddd06][-][eeee09][-]Rocket Launcher Crafting Bundle,,[FFA94D][Belohnung][-][dddd06][-][eeee09][-] Raketenwerfer-Fertigungspaket,[FFA94D][Recompensa][-][dddd06][-][eeee09][-] Conjunto de fabricación de lanzacohetes,[FFA94D][Récompense][-][dddd06][-][eeee09][-] Paquet de fabrication de lance-roquettes,[FFA94D][Ricompensa][-][dddd06][-][eeee09][-] Pacchetto creazione lanciarazzi,[FFA94D][報酬][-][dddd06][-][eeee09][-] ロケットランチャークラフト(バンドル),[FFA94D][보상][-][dddd06][-][eeee09][-] 로켓탄 발사기 제작 번들,[FFA94D][Nagroda][-][dddd06][-][eeee09][-] Pakiet — wytwarzanie wyrzutni rakiet,[FFA94D][Recompensa][-][dddd06][-][eeee09][-] Conjunto de fabricação de lança-foguetes,[FFA94D][Награда][-][dddd06][-][eeee09][-] Комплект для изготовления гранатомета,[FFA94D][Ödül][-][dddd06][-][eeee09][-] Roketatar Üretim Paketi,[FFA94D][报酬][-][dddd06][-][eeee09][-] 火箭发射器制作组合包,[FFA94D][獎勵][-][dddd06][-][eeee09][-] 火箭發射器製作梱包
questRewardSecuritySystemBundle,items,Bundle,,,,[FFA94D][Reward][-][dddd03][-][eeee10][-] [dddd03][-][eeee10][-]Security Camera Bundle,,[FFA94D][Belohnung][-][dddd03][-][eeee10][-] Sicherheitskamera-Paket,[FFA94D][Recompensa][-][dddd03][-][eeee10][-] Conjunto de cámara de seguridad,[FFA94D][Récompense][-][dddd03][-][eeee10][-] Paquet caméra de sécurité,[FFA94D][Ricompensa][-][dddd03][-][eeee10][-] Pacchetto Telecamera di sorveglianza,[FFA94D][報酬][-][dddd03][-][eeee10][-] 監視カメラ(バンドル),[FFA94D][보상][-][dddd03][-][eeee10][-] 보안 카메라 번들,[FFA94D][Nagroda][-][dddd03][-][eeee10][-] Pakiet – kamera monitoringu,[FFA94D][Recompensa][-][dddd03][-][eeee10][-] Conjunto de câmera de segurança,[FFA94D][Награда][-][dddd03][-][eeee10][-] Комплект с камерой безопасности,[FFA94D][Ödül][-][dddd03][-][eeee10][-] Güvenlik Kamerası Paketi,[FFA94D][报酬][-][dddd03][-][eeee10][-] 安全摄像机组合包,[FFA94D][獎勵][-][dddd03][-][eeee10][-] 保全攝影機梱包
questRewardShotgunCraftingBundle,items,Bundle,,,,[FFA94D][Reward][-][dddd06][-][eeee10][-] [dddd06][-][eeee10][-]Shotgun Crafting Bundle,,[FFA94D][Belohnung][-][dddd06][-][eeee10][-] Schrotflinten-Fertigungspaket,[FFA94D][Recompensa][-][dddd06][-][eeee10][-] Conjunto de fabricación de escopetas,[FFA94D][Récompense][-][dddd06][-][eeee10][-] Paquet de fabrication de fusil à pompe,[FFA94D][Ricompensa][-][dddd06][-][eeee10][-] Pacchetto creazione fucile,[FFA94D][報酬][-][dddd06][-][eeee10][-] ショットガンクラフト(バンドル),[FFA94D][보상][-][dddd06][-][eeee10][-] 샷건 제작 번들,[FFA94D][Nagroda][-][dddd06][-][eeee10][-] Pakiet — wytwarzanie strzelby,[FFA94D][Recompensa][-][dddd06][-][eeee10][-] Conjunto de fabricação de espingarda,[FFA94D][Награда][-][dddd06][-][eeee10][-] Комплект для изготовления дробовика,[FFA94D][Ödül][-][dddd06][-][eeee10][-] Pompalı Tüfek Üretim Paketi,[FFA94D][报酬][-][dddd06][-][eeee10][-] 霰弹枪制作组合包,[FFA94D][獎勵][-][dddd06][-][eeee10][-] 散彈獵槍製作梱包
questRewardShotgunTurretBundle,items,Bundle,,,,[FFA94D][Reward][-][dddd03][-][eeee09][-] [dddd03][-][eeee09][-]Shotgun Turret Bundle,,[FFA94D][Belohnung][-][dddd03][-][eeee09][-] Schrotflintengeschützturm-Paket,[FFA94D][Recompensa][-][dddd03][-][eeee09][-] Conjunto de torreta de escopeta,[FFA94D][Récompense][-][dddd03][-][eeee09][-] Paquet tourelle à fusil à pompe,[FFA94D][Ricompensa][-][dddd03][-][eeee09][-] Pacchetto Torretta per fucile,[FFA94D][報酬][-][dddd03][-][eeee09][-] ショットガン自動砲台(バンドル),[FFA94D][보상][-][dddd03][-][eeee09][-] 샷건 터렛 번들,[FFA94D][Nagroda][-][dddd03][-][eeee09][-] Pakiet – wieżyczka ze strzelbą,[FFA94D][Recompensa][-][dddd03][-][eeee09][-] Conjunto da torreta de espingarda,[FFA94D][Награда][-][dddd03][-][eeee09][-] Комплект с турелью-дробовиком,[FFA94D][Ödül][-][dddd03][-][eeee09][-] Av Tüfeği Tareti Paketi,[FFA94D][报酬][-][dddd03][-][eeee09][-] 霰弹炮塔组合包,[FFA94D][獎勵][-][dddd03][-][eeee09][-] 散彈獵槍炮臺梱包
questRewardSolarBankBundle,items,Bundle,,,,[FFA94D][Reward][-][dddd03][-][eeee03][-] [dddd03][-][eeee03][-]Solar Bank Bundle,,[FFA94D][Belohnung][-][dddd03][-][eeee03][-] Solarpanel-Paket,[FFA94D][Recompensa][-][dddd03][-][eeee03][-] Conjunto de banco de paneles solares,[FFA94D][Récompense][-][dddd03][-][eeee03][-] Paquet groupe solaire,[FFA94D][Ricompensa][-][dddd03][-][eeee03][-] Pacchetto Generatore solare,[FFA94D][報酬][-][dddd03][-][eeee03][-] 太陽充電バンク(バンドル),[FFA94D][보상][-][dddd03][-][eeee03][-] 태양광 저장고 번들,[FFA94D][Nagroda][-][dddd03][-][eeee03][-] Pakiet – bateria słoneczna,[FFA94D][Recompensa][-][dddd03][-][eeee03][-] Conjunto de banco solar,[FFA94D][Награда][-][dddd03][-][eeee03][-] Комплект с солнечной батареей,[FFA94D][Ödül][-][dddd03][-][eeee03][-] Güneş Enerjisi Bankası Paketi,[FFA94D][报酬][-][dddd03][-][eeee03][-] 太阳能组组合包,[FFA94D][獎勵][-][dddd03][-][eeee03][-] 太陽能電源梱包
questRewardSteelClubCraftingBundle,items,Bundle,,,,[FFA94D][Reward][-][dddd06][-][eeee11][-] [dddd06][-][eeee11][-]Steel Club Crafting Bundle,,[FFA94D][Belohnung][-][dddd06][-][eeee11][-] Stahlknüppel-Fertigungspaket,[FFA94D][Recompensa][-][dddd06][-][eeee11][-] Conjunto de fabricación de palos de acero,[FFA94D][Récompense][-][dddd06][-][eeee11][-] Paquet de fabrication de massue en acier,[FFA94D][Ricompensa][-][dddd06][-][eeee11][-] Pacchetto creazione mazza d'acciaio,[FFA94D][報酬][-][dddd06][-][eeee11][-] 鉄鋼製棍棒クラフト(バンドル),[FFA94D][보상][-][dddd06][-][eeee11][-] 강철 곤봉 제작 번들,[FFA94D][Nagroda][-][dddd06][-][eeee11][-] Pakiet — wytwarzanie stalowej maczugi,[FFA94D][Recompensa][-][dddd06][-][eeee11][-] Conjunto de fabricação de porrete de aço,[FFA94D][Награда][-][dddd06][-][eeee11][-] Комплект для изготовления стальной дубины,[FFA94D][Ödül][-][dddd06][-][eeee11][-] Çelik Sopa Üretim Paketi,[FFA94D][报酬][-][dddd06][-][eeee11][-] 钢棍制作组合包,[FFA94D][獎勵][-][dddd06][-][eeee11][-] 鋼棍製作梱包
questRewardSteelKnuckleCraftingBundle,items,Bundle,,,,[FFA94D][Reward][-][dddd06][-][eeee12][-] [dddd06][-][eeee12][-]Steel Knuckle Crafting Bundle,,[FFA94D][Belohnung][-][dddd06][-][eeee12][-] Stahlschlagring-Fertigungspaket,[FFA94D][Recompensa][-][dddd06][-][eeee12][-] Conjunto de fabricación de nudillos de acero,[FFA94D][Récompense][-][dddd06][-][eeee12][-] Paquet de fabrication de poing américain en acier,[FFA94D][Ricompensa][-][dddd06][-][eeee12][-] Pacchetto creazione tirapugni d'acciaio,[FFA94D][報酬][-][dddd06][-][eeee12][-] 鉄鋼ナックルクラフト(バンドル),[FFA94D][보상][-][dddd06][-][eeee12][-] 강철 너클 제작 번들,[FFA94D][Nagroda][-][dddd06][-][eeee12][-] Pakiet — wytwarzanie stalowego kastetu,[FFA94D][Recompensa][-][dddd06][-][eeee12][-] Conjunto de fabricação de soco inglês de aço,[FFA94D][Награда][-][dddd06][-][eeee12][-] Комплект для изготовления стального кастета,[FFA94D][Ödül][-][dddd06][-][eeee12][-] Çelik Muşta Üretim Paketi,[FFA94D][报酬][-][dddd06][-][eeee12][-] 钢质拳套制作组合包,[FFA94D][獎勵][-][dddd06][-][eeee12][-] 鋼指節製作梱包
questRewardSteelSledgehammerCraftingBundle,items,Bundle,,,,[FFA94D][Reward][-][dddd06][-][eeee13][-] [dddd06][-][eeee13][-]Steel Sledgehammer Crafting Bundle,,[FFA94D][Belohnung][-][dddd06][-][eeee13][-] Stahlvorschlaghammer-Fertigungspaket,[FFA94D][Recompensa][-][dddd06][-][eeee13][-] Conjunto de fabricación de mazos de acero,[FFA94D][Récompense][-][dddd06][-][eeee13][-] Paquet de fabrication de masse en acier,[FFA94D][Ricompensa][-][dddd06][-][eeee13][-] Pacchetto creazione martello d'acciaio,[FFA94D][報酬][-][dddd06][-][eeee13][-] 鉄鋼製スレッジハンマークラフト(バンドル),[FFA94D][보상][-][dddd06][-][eeee13][-] 강철 슬레지해머 제작 번들,[FFA94D][Nagroda][-][dddd06][-][eeee13][-] Pakiet — wytwarzanie stalowego młota rozbiórkowego,[FFA94D][Recompensa][-][dddd06][-][eeee13][-] Conjunto de fabricação de marreta de aço,[FFA94D][Награда][-][dddd06][-][eeee13][-] Комплект для изготовления стальной кувалды,[FFA94D][Ödül][-][dddd06][-][eeee13][-] Çelik Balyoz Üretim Paketi,[FFA94D][报酬][-][dddd06][-][eeee13][-] 钢质大锤制作组合包,[FFA94D][獎勵][-][dddd06][-][eeee13][-] 鋼鎚製作梱包
questRewardSteelSpearCraftingBundle,items,Bundle,,,,[FFA94D][Reward][-][dddd06][-][eeee14][-] [dddd06][-][eeee14][-]Steel Spear Crafting Bundle,,[FFA94D][Belohnung][-][dddd06][-][eeee14][-] Stahlspeer-Fertigungspaket,[FFA94D][Recompensa][-][dddd06][-][eeee14][-] Conjunto de fabricación de lanzas de acero,[FFA94D][Récompense][-][dddd06][-][eeee14][-] Paquet de fabrication de lance en acier,[FFA94D][Ricompensa][-][dddd06][-][eeee14][-] Pacchetto creazione lancia d'acciaio,[FFA94D][報酬][-][dddd06][-][eeee14][-] 鉄鋼槍クラフト(バンドル),[FFA94D][보상][-][dddd06][-][eeee14][-] 강철 창 제작 번들,[FFA94D][Nagroda][-][dddd06][-][eeee14][-] Pakiet — wytwarzanie stalowej włóczni,[FFA94D][Recompensa][-][dddd06][-][eeee14][-] Conjunto de fabricação de lança de aço,[FFA94D][Награда][-][dddd06][-][eeee14][-] Комплект для изготовления стального копья,[FFA94D][Ödül][-][dddd06][-][eeee14][-] Çelik Mızrak Üretim Paketi,[FFA94D][报酬][-][dddd06][-][eeee14][-] 钢矛制作组合包,[FFA94D][獎勵][-][dddd06][-][eeee14][-] 鋼矛製作梱包
questRewardSteelToolsCraftingBundle,items,Bundle,,,,[FFA94D][Reward][-][dddd06][-][eeee15][-] [dddd06][-][eeee15][-]Steel Tools Crafting Bundle,,[FFA94D][Belohnung][-][dddd06][-][eeee15][-] Stahlwerkzeuge-Fertigungspaket,[FFA94D][Recompensa][-][dddd06][-][eeee15][-] Conjunto de fabricación de herramientas de acero,[FFA94D][Récompense][-][dddd06][-][eeee15][-] Paquet de fabrication d'outil en acier,[FFA94D][Ricompensa][-][dddd06][-][eeee15][-] Pacchetto creazione attrezzi d'acciaio,[FFA94D][報酬][-][dddd06][-][eeee15][-] 鉄鋼ツールクラフト(バンドル),[FFA94D][보상][-][dddd06][-][eeee15][-] 강철 도구 제작 번들,[FFA94D][Nagroda][-][dddd06][-][eeee15][-] Pakiet — wytwarzanie stalowych narzędzi,[FFA94D][Recompensa][-][dddd06][-][eeee15][-] Conjunto de fabricação de ferramentas de aço,[FFA94D][Награда][-][dddd06][-][eeee15][-] Комплект для изготовления стальных инструментов,[FFA94D][Ödül][-][dddd06][-][eeee15][-] Çelik Alet Üretim Paketi,[FFA94D][报酬][-][dddd06][-][eeee15][-] 钢制工具制作组合包,[FFA94D][獎勵][-][dddd06][-][eeee15][-] 鋼工具製作梱包
questRewardT0HandgunBundle,items,Bundle,,,,[FFA94D][Reward][-][dddd07][-][eeee05][-] [dddd07][-][eeee05][-]Pipe Pistol Bundle,,[FFA94D][Belohnung][-][dddd07][-][eeee05][-] Selbstgebaute-Pistole-Paket,[FFA94D][Recompensa][-][dddd07][-][eeee05][-] Conjunto de revólver de tubería,[FFA94D][Récompense][-][dddd07][-][eeee05][-] Paquet pistolet en tuyau,[FFA94D][Ricompensa][-][dddd07][-][eeee05][-] Pacchetto Pistola tubolare,[FFA94D][報酬][-][dddd07][-][eeee05][-] パイプピストル(バンドル),[FFA94D][보상][-][dddd07][-][eeee05][-] 파이프 피스톨 번들,[FFA94D][Nagroda][-][dddd07][-][eeee05][-] Pakiet – pistolet rurowy,[FFA94D][Recompensa][-][dddd07][-][eeee05][-] Conjunto de pistola de cano,[FFA94D][Награда][-][dddd07][-][eeee05][-] Комплект с пистолетом из трубы,[FFA94D][Ödül][-][dddd07][-][eeee05][-] Boru Tabanca Paketi,[FFA94D][报酬][-][dddd07][-][eeee05][-] 铁管手枪组合包,[FFA94D][獎勵][-][dddd07][-][eeee05][-] 鐵管手槍梱包
questRewardT0MachineGunBundle,items,Bundle,,,,[FFA94D][Reward][-][dddd07][-][eeee03][-] [dddd07][-][eeee03][-]Pipe Machine Gun Bundle,,[FFA94D][Belohnung][-][dddd07][-][eeee03][-] Selbstgebautes-Maschinengewehr-Paket,[FFA94D][Recompensa][-][dddd07][-][eeee03][-] Conjunto de metralleta de tubería,[FFA94D][Récompense][-][dddd07][-][eeee03][-] Paquet mitrailleuse en tuyau,[FFA94D][Ricompensa][-][dddd07][-][eeee03][-] Pacchetto Mitragliatrice tubolare,[FFA94D][報酬][-][dddd07][-][eeee03][-] パイプマシンガン(バンドル),[FFA94D][보상][-][dddd07][-][eeee03][-] 파이프 기관총 번들,[FFA94D][Nagroda][-][dddd07][-][eeee03][-] Pakiet – rurowy karabin maszynowy,[FFA94D][Recompensa][-][dddd07][-][eeee03][-] Conjunto de metralhadora de cano,[FFA94D][Награда][-][dddd07][-][eeee03][-] Комплект с автоматом из трубы,[FFA94D][Ödül][-][dddd07][-][eeee03][-] Boru Makineli Tüfek Paketi,[FFA94D][报酬][-][dddd07][-][eeee03][-] 铁管机枪组合包,[FFA94D][獎勵][-][dddd07][-][eeee03][-] 鐵管機槍梱包
questRewardT0RifleBundle,items,Bundle,,,,[FFA94D][Reward][-][dddd07][-][eeee07][-] [dddd07][-][eeee07][-]Pipe Rifle Bundle,,[FFA94D][Belohnung][-][dddd07][-][eeee07][-] Selbstgebautes-Gewehr-Paket,[FFA94D][Recompensa][-][dddd07][-][eeee07][-] Conjunto de rifle de tubería,[FFA94D][Récompense][-][dddd07][-][eeee07][-] Paquet fusil en tuyau,[FFA94D][Ricompensa][-][dddd07][-][eeee07][-] Pacchetto Carabina tubolare,[FFA94D][報酬][-][dddd07][-][eeee07][-] パイプライフル(バンドル),[FFA94D][보상][-][dddd07][-][eeee07][-] 파이프 라이플 번들,[FFA94D][Nagroda][-][dddd07][-][eeee07][-] Pakiet – karabin rurowy,[FFA94D][Recompensa][-][dddd07][-][eeee07][-] Conjunto de fuzil de cano,[FFA94D][Награда][-][dddd07][-][eeee07][-] Комплект с винтовкой из трубы,[FFA94D][Ödül][-][dddd07][-][eeee07][-] Boru Tüfek Paketi,[FFA94D][报酬][-][dddd07][-][eeee07][-] 铁管步枪组合包,[FFA94D][獎勵][-][dddd07][-][eeee07][-] 鐵管步槍梱包
questRewardT0ShotgunBundle,items,Bundle,,,,[FFA94D][Reward][-][dddd07][-][eeee09][-] [dddd07][-][eeee09][-]Pipe Shotgun Bundle,,[FFA94D][Belohnung][-][dddd07][-][eeee09][-] Selbstgebaute-Schrotflinte-Paket,[FFA94D][Recompensa][-][dddd07][-][eeee09][-] Conjunto de escopeta de tubería,[FFA94D][Récompense][-][dddd07][-][eeee09][-] Paquet fusil à pompe en tuyau,[FFA94D][Ricompensa][-][dddd07][-][eeee09][-] Pacchetto Fucile tubolare,[FFA94D][報酬][-][dddd07][-][eeee09][-] パイプショットガン(バンドル),[FFA94D][보상][-][dddd07][-][eeee09][-] 파이프 샷건 번들,[FFA94D][Nagroda][-][dddd07][-][eeee09][-] Pakiet – strzelba rurowa,[FFA94D][Recompensa][-][dddd07][-][eeee09][-] Conjunto de espingarda de cano,[FFA94D][Награда][-][dddd07][-][eeee09][-] Комплект с дробовиком из трубы,[FFA94D][Ödül][-][dddd07][-][eeee09][-] Boru Pompalı Tüfek Paketi,[FFA94D][报酬][-][dddd07][-][eeee09][-] 铁管霰弹枪组合包,[FFA94D][獎勵][-][dddd07][-][eeee09][-] 鐵管散彈槍梱包
questRewardT1BookBundle,items,Bundle,,,,[FFA94D][Reward][-][dddd01][-][eeee01][-] [dddd01][-][eeee01][-]3 Book Bundle,,[FFA94D][Belohnung][-][dddd01][-][eeee01][-] 3-Bücher-Paket,[FFA94D][Recompensa][-][dddd01][-][eeee01][-] Conjunto de 3 libros,[FFA94D][Récompense][-][dddd01][-][eeee01][-] Paquet 3 livres,[FFA94D][Ricompensa][-][dddd01][-][eeee01][-] Pacchetto libro 3,[FFA94D][報酬][-][dddd01][-][eeee01][-] 本3冊(バンドル),[FFA94D][보상][-][dddd01][-][eeee01][-] 책 3권 꾸러미,[FFA94D][Nagroda][-][dddd01][-][eeee01][-] Pakiet – 3 książki,[FFA94D][Recompensa][-][dddd01][-][eeee01][-] Conjunto de 3 livros,[FFA94D][Награда][-][dddd01][-][eeee01][-] Комплект из 3 книг,[FFA94D][Ödül][-][dddd01][-][eeee01][-] 3 Kitap Paketi,[FFA94D][报酬][-][dddd01][-][eeee01][-] 3本书组合包,[FFA94D][獎勵][-][dddd01][-][eeee01][-] 3 本書籍梱包
questRewardT1HandgunBundle,items,Bundle,,,,[FFA94D][Reward][-][dddd08][-][eeee01][-] [dddd08][-][eeee01][-]Pistol Bundle,,[FFA94D][Belohnung][-][dddd08][-][eeee01][-] Pistolenpaket,[FFA94D][Recompensa][-][dddd08][-][eeee01][-] Conjunto de revólver,[FFA94D][Récompense][-][dddd08][-][eeee01][-] Paquet pistolet,[FFA94D][Ricompensa][-][dddd08][-][eeee01][-] Pacchetto Pistola,[FFA94D][報酬][-][dddd08][-][eeee01][-] ピストル(バンドル),[FFA94D][보상][-][dddd08][-][eeee01][-] 피스톨 번들,[FFA94D][Nagroda][-][dddd08][-][eeee01][-] Pakiet – pistolet,[FFA94D][Recompensa][-][dddd08][-][eeee01][-] Conjunto de pistola,[FFA94D][Награда][-][dddd08][-][eeee01][-] Комплект с пистолетом,[FFA94D][Ödül][-][dddd08][-][eeee01][-] Tabanca Paketi,[FFA94D][报酬][-][dddd08][-][eeee01][-] 手枪组合包,[FFA94D][獎勵][-][dddd08][-][eeee01][-] 手槍梱包
questRewardT1MachineGunBundle,items,Bundle,,,,[FFA94D][Reward][-][dddd08][-][eeee10][-] [dddd08][-][eeee10][-]AK-47 Bundle,,[FFA94D][Belohnung][-][dddd08][-][eeee10][-] AK47-Paket,[FFA94D][Recompensa][-][dddd08][-][eeee10][-] Conjunto de AK47,[FFA94D][Récompense][-][dddd08][-][eeee10][-] Paquet AK47,[FFA94D][Ricompensa][-][dddd08][-][eeee10][-] Pacchetto AK47,[FFA94D][報酬][-][dddd08][-][eeee10][-] AK47(バンドル),[FFA94D][보상][-][dddd08][-][eeee10][-] AK47 번들,[FFA94D][Nagroda][-][dddd08][-][eeee10][-] Pakiet – AK47,[FFA94D][Recompensa][-][dddd08][-][eeee10][-] Conjunto de AK47,[FFA94D][Награда][-][dddd08][-][eeee10][-] Комплект с AK-47,[FFA94D][Ödül][-][dddd08][-][eeee10][-] AK47 Paketi,[FFA94D][报酬][-][dddd08][-][eeee10][-] AK47组合包,[FFA94D][獎勵][-][dddd08][-][eeee10][-] AK47 梱包
questRewardT1MeleeModsBundle,items,Bundle,,,,[FFA94D][Reward][-][dddd09][-][eeee01][-] [dddd09][-][eeee01][-]Melee Mods Bundle 01,,[FFA94D][Belohnung][-][dddd09][-][eeee01][-] Nahkampf-Mods-Paket 01,[FFA94D][Recompensa][-][dddd09][-][eeee01][-] Conjunto de modificaciones cuerpo a cuerpo 01,[FFA94D][Récompense][-][dddd09][-][eeee01][-] Paquet modifications de mêlée 01,[FFA94D][Ricompensa][-][dddd09][-][eeee01][-] Pacchetto Modifiche corpo a corpo 01,[FFA94D][報酬][-][dddd09][-][eeee01][-] 近接用改造パーツ(バンドル) 01,[FFA94D][보상][-][dddd09][-][eeee01][-] 근거리 개조 번들 01,[FFA94D][Nagroda][-][dddd09][-][eeee01][-] Pakiet – mody walki wręcz 01,[FFA94D][Recompensa][-][dddd09][-][eeee01][-] Conjunto de modificações corpo a corpo 01,[FFA94D][Награда][-][dddd09][-][eeee01][-] Комплект модификаций для ближнего боя 01,[FFA94D][Ödül][-][dddd09][-][eeee01][-] Yakın Dövüş Mod Paketi 01,[FFA94D][报酬][-][dddd09][-][eeee01][-] 近战模组组合包01,[FFA94D][獎勵][-][dddd09][-][eeee01][-] 近戰模組梱包 01
questRewardT1RangedModsBundle,items,Bundle,,,,[FFA94D][Reward][-][dddd09][-][eeee04][-] [dddd09][-][eeee04][-]Ranged Mods Bundle 01,,[FFA94D][Belohnung][-][dddd09][-][eeee04][-] Fernkampf-Mods-Paket 01,[FFA94D][Recompensa][-][dddd09][-][eeee04][-] Conjunto de modificaciones a distancia 01,[FFA94D][Récompense][-][dddd09][-][eeee04][-] Paquet modifications à distance 01,[FFA94D][Ricompensa][-][dddd09][-][eeee04][-] Pacchetto Modifiche a distanza 01,[FFA94D][報酬][-][dddd09][-][eeee04][-] 遠隔離用改造パーツ(バンドル) 01,[FFA94D][보상][-][dddd09][-][eeee04][-] 원거리 개조 번들 01,[FFA94D][Nagroda][-][dddd09][-][eeee04][-] Pakiet – mody walki dystansowej 01,[FFA94D][Recompensa][-][dddd09][-][eeee04][-] Conjunto de modificações de longa distância 01,[FFA94D][Награда][-][dddd09][-][eeee04][-] Комплект модификаций для дальнего боя 01,[FFA94D][Ödül][-][dddd09][-][eeee04][-] Menzilli Mod Paketi 01,[FFA94D][报酬][-][dddd09][-][eeee04][-] 远程模组组合包01,[FFA94D][獎勵][-][dddd09][-][eeee04][-] 遠程模組梱包 01
questRewardT1RifleBundle,items,Bundle,,,,[FFA94D][Reward][-][dddd08][-][eeee04][-] [dddd08][-][eeee04][-]Hunting Rifle Bundle,,[FFA94D][Belohnung][-][dddd08][-][eeee04][-] Jagdgewehrpaket,[FFA94D][Recompensa][-][dddd08][-][eeee04][-] Conjunto de rifle de caza,[FFA94D][Récompense][-][dddd08][-][eeee04][-] Paquet fusil de chasse,[FFA94D][Ricompensa][-][dddd08][-][eeee04][-] Pacchetto Fucile da caccia,[FFA94D][報酬][-][dddd08][-][eeee04][-] 狩猟ライフル(バンドル),[FFA94D][보상][-][dddd08][-][eeee04][-] 사냥용 라이플 번들,[FFA94D][Nagroda][-][dddd08][-][eeee04][-] Pakiet – sztucer,[FFA94D][Recompensa][-][dddd08][-][eeee04][-] Conjunto de rifle de caça,[FFA94D][Награда][-][dddd08][-][eeee04][-] Комплект с охотничьим ружьем,[FFA94D][Ödül][-][dddd08][-][eeee04][-] Av Tüfeği Paketi,[FFA94D][报酬][-][dddd08][-][eeee04][-] 猎枪组合包,[FFA94D][獎勵][-][dddd08][-][eeee04][-] 狩獵步槍梱包
questRewardT1ShotgunBundle,items,Bundle,,,,[FFA94D][Reward][-][dddd08][-][eeee07][-] [dddd08][-][eeee07][-]Double Barrel Shotgun Bundle,,[FFA94D][Belohnung][-][dddd08][-][eeee07][-] Doppelläufige-Schrotflinte-Paket,[FFA94D][Recompensa][-][dddd08][-][eeee07][-] Conjunto de escopeta de dos cañones,[FFA94D][Récompense][-][dddd08][-][eeee07][-] Paquet fusil à pompe à double canon,[FFA94D][Ricompensa][-][dddd08][-][eeee07][-] Pacchetto Doppietta,[FFA94D][報酬][-][dddd08][-][eeee07][-] 2連ショットガン(バンドル),[FFA94D][보상][-][dddd08][-][eeee07][-] 2연발 샷건 번들,[FFA94D][Nagroda][-][dddd08][-][eeee07][-] Pakiet – dwururka,[FFA94D][Recompensa][-][dddd08][-][eeee07][-] Conjunto de espingarda de barril duplo,[FFA94D][Награда][-][dddd08][-][eeee07][-] Комплект с двустволкой,[FFA94D][Ödül][-][dddd08][-][eeee07][-] Çift Namlulu Pompalı Tüfek Paketi,[FFA94D][报酬][-][dddd08][-][eeee07][-] 双管霰弹枪组合包,[FFA94D][獎勵][-][dddd08][-][eeee07][-] 雙管散彈獵槍梱包
questRewardT1SkillMagazineBundle,items,Bundle,,,,[FFA94D][Reward][-][dddd01][-][eeee06][-] [dddd01][-][eeee06][-]Crafting Skill Magazine Bundle,,[FFA94D][Belohnung][-][dddd01][-][eeee06][-] Fertigungs-Fertigkeit Zeitschriftenpaket,[FFA94D][Recompensa][-][dddd01][-][eeee06][-] Conjunto de revistas de habilidades de fabricación,[FFA94D][Récompense][-][dddd01][-][eeee06][-] Paquet de magazines sur les compétences en fabrication,[FFA94D][Ricompensa][-][dddd01][-][eeee06][-] Pacchetto Rivista di creazione,[FFA94D][報酬][-][dddd01][-][eeee06][-] クラフトスキル雑誌(バンドル),[FFA94D][보상][-][dddd01][-][eeee06][-] 제작 스킬 잡지 번들,[FFA94D][Nagroda][-][dddd01][-][eeee06][-] Pakiet – czasopisma o wytwórstwie,[FFA94D][Recompensa][-][dddd01][-][eeee06][-] Conjunto de revistas de habilidade em fabricação,[FFA94D][Награда][-][dddd01][-][eeee06][-] Комплект журналов по навыкам изготовления,[FFA94D][Ödül][-][dddd01][-][eeee06][-] Üretim Becerisi Dergi Paketi,[FFA94D][报酬][-][dddd01][-][eeee06][-] 制作技能杂志组合包,[FFA94D][獎勵][-][dddd01][-][eeee06][-] 製作技能雜誌梱包
questRewardT1TrapsBundle,items,Bundle,,,,[FFA94D][Reward][-][dddd03][-][eeee04][-] [dddd03][-][eeee04][-]Traps Bundle 01,,[FFA94D][Belohnung][-][dddd03][-][eeee04][-] Fallenpaket 01,[FFA94D][Recompensa][-][dddd03][-][eeee04][-] Conjunto de trampas 01,[FFA94D][Récompense][-][dddd03][-][eeee04][-] Paquet pièges 01,[FFA94D][Ricompensa][-][dddd03][-][eeee04][-] Pacchetto Trappole 01,[FFA94D][報酬][-][dddd03][-][eeee04][-] トラップ(バンドル) 01,[FFA94D][보상][-][dddd03][-][eeee04][-] 트랩 번들 01,[FFA94D][Nagroda][-][dddd03][-][eeee04][-] Pakiet – pułapki 01,[FFA94D][Recompensa][-][dddd03][-][eeee04][-] Conjunto de armadilhas 01,[FFA94D][Награда][-][dddd03][-][eeee04][-] Комплект ловушек 01,[FFA94D][Ödül][-][dddd03][-][eeee04][-] Tuzak Paketi 01,[FFA94D][报酬][-][dddd03][-][eeee04][-] 陷阱组合包01,[FFA94D][獎勵][-][dddd03][-][eeee04][-] 陷阱梱包 01
questRewardT2BookBundle,items,Bundle,,,,[FFA94D][Reward][-][dddd01][-][eeee02][-] [dddd01][-][eeee02][-]4 Book Bundle,,[FFA94D][Belohnung][-][dddd01][-][eeee02][-] 4-Bücher-Paket,[FFA94D][Recompensa][-][dddd01][-][eeee02][-] Conjunto de 4 libros,[FFA94D][Récompense][-][dddd01][-][eeee02][-] Paquet 4 livres,[FFA94D][Ricompensa][-][dddd01][-][eeee02][-] Pacchetto libro 4,[FFA94D][報酬][-][dddd01][-][eeee02][-] 本4(バンドル),[FFA94D][보상][-][dddd01][-][eeee02][-] 4 책 번들,[FFA94D][Nagroda][-][dddd01][-][eeee02][-] Pakiet – 4 książki,[FFA94D][Recompensa][-][dddd01][-][eeee02][-] Conjunto de 4 livros,[FFA94D][Награда][-][dddd01][-][eeee02][-] Комплект из 4 книг,[FFA94D][Ödül][-][dddd01][-][eeee02][-] 4 Kitap Paketi,[FFA94D][报酬][-][dddd01][-][eeee02][-] 4本书组合包,[FFA94D][獎勵][-][dddd01][-][eeee02][-] 4 書籍梱包
questRewardT2FoodBundle,items,Bundle,,,,[FFA94D][Reward][-][dddd02][-][eeee01][-] [dddd02][-][eeee01][-]Food Bundle 01,,[FFA94D][Belohnung][-][dddd02][-][eeee01][-] Nahrungspaket 01,[FFA94D][Recompensa][-][dddd02][-][eeee01][-] Conjunto de comida 01,[FFA94D][Récompense][-][dddd02][-][eeee01][-] Paquet nourriture 01,[FFA94D][Ricompensa][-][dddd02][-][eeee01][-] Pacchetto Cibo 01,[FFA94D][報酬][-][dddd02][-][eeee01][-] 食品(バンドル) 01,[FFA94D][보상][-][dddd02][-][eeee01][-] 음식 번들 01,[FFA94D][Nagroda][-][dddd02][-][eeee01][-] Pakiet – jedzenie 01,[FFA94D][Recompensa][-][dddd02][-][eeee01][-] Conjunto de comida 01,[FFA94D][Награда][-][dddd02][-][eeee01][-] Комплект еды 01,[FFA94D][Ödül][-][dddd02][-][eeee01][-] Yiyecek Paketi 01,[FFA94D][报酬][-][dddd02][-][eeee01][-] 食物组合包01,[FFA94D][獎勵][-][dddd02][-][eeee01][-] 食物梱包 01
questRewardT2HandgunBundle,items,Bundle,,,,[FFA94D][Reward][-][dddd08][-][eeee02][-] [dddd08][-][eeee02][-].44 Magnum Bundle,,[FFA94D][Belohnung][-][dddd08][-][eeee02][-] .44-Magnum-Paket,[FFA94D][Recompensa][-][dddd08][-][eeee02][-] Conjunto de Magnum 0.44,[FFA94D][Récompense][-][dddd08][-][eeee02][-] Paquet .44 Magnum,[FFA94D][Ricompensa][-][dddd08][-][eeee02][-] Pacchetto .44 Magnum,[FFA94D][報酬][-][dddd08][-][eeee02][-] .44マグナム(バンドル),[FFA94D][보상][-][dddd08][-][eeee02][-] .44 매그넘 번들,[FFA94D][Nagroda][-][dddd08][-][eeee02][-] Pakiet – Magnum .44,[FFA94D][Recompensa][-][dddd08][-][eeee02][-] Conjunto de .44 Magnum,[FFA94D][Награда][-][dddd08][-][eeee02][-] Комплект с .44 Magnum,[FFA94D][Ödül][-][dddd08][-][eeee02][-] .44 Magnum Paketi,[FFA94D][报酬][-][dddd08][-][eeee02][-] .44马格南组合包,[FFA94D][獎勵][-][dddd08][-][eeee02][-] .44 馬格南梱包
questRewardT2MachineGunBundle,items,Bundle,,,,[FFA94D][Reward][-][dddd08][-][eeee11][-] [dddd08][-][eeee11][-]Tactical Assault Rifle Bundle,,[FFA94D][Belohnung][-][dddd08][-][eeee11][-] Taktisches-Sturmgewehr-Paket,[FFA94D][Recompensa][-][dddd08][-][eeee11][-] Conjunto de rifle de asalto táctico,[FFA94D][Récompense][-][dddd08][-][eeee11][-] Paquet fusil d'assaut tactique,[FFA94D][Ricompensa][-][dddd08][-][eeee11][-] Pacchetto Fucile d'assalto tattico,[FFA94D][報酬][-][dddd08][-][eeee11][-] タクティカルアサルトライフル(バンドル),[FFA94D][보상][-][dddd08][-][eeee11][-] 전술용 돌격 라이플 번들,[FFA94D][Nagroda][-][dddd08][-][eeee11][-] Pakiet – taktyczny karabin automatyczny,[FFA94D][Recompensa][-][dddd08][-][eeee11][-] Conjunto de fuzil de assalto tático,[FFA94D][Награда][-][dddd08][-][eeee11][-] Комплект с тактической штурмовой винтовкой,[FFA94D][Ödül][-][dddd08][-][eeee11][-] Taktik Saldırı Tüfeği Paketi,[FFA94D][报酬][-][dddd08][-][eeee11][-] 战术突击步枪组合包,[FFA94D][獎勵][-][dddd08][-][eeee11][-] 戰術突擊步槍梱包
questRewardT2MeleeModsBundle,items,Bundle,,,,[FFA94D][Reward][-][dddd09][-][eeee02][-] [dddd09][-][eeee02][-]Melee Mods Bundle 02,,[FFA94D][Belohnung][-][dddd09][-][eeee02][-] Nahkampf-Mods-Paket 02,[FFA94D][Recompensa][-][dddd09][-][eeee02][-] Conjunto de modificaciones cuerpo a cuerpo 02,[FFA94D][Récompense][-][dddd09][-][eeee02][-] Paquet modifications de mêlée 02,[FFA94D][Ricompensa][-][dddd09][-][eeee02][-] Pacchetto Modifiche corpo a corpo 02,[FFA94D][報酬][-][dddd09][-][eeee02][-] 近接Mod(バンドル) 02,[FFA94D][보상][-][dddd09][-][eeee02][-] 근거리 개조 번들 02,[FFA94D][Nagroda][-][dddd09][-][eeee02][-] Pakiet – mody walki wręcz 02,[FFA94D][Recompensa][-][dddd09][-][eeee02][-] Conjunto de modificações corpo a corpo 02,[FFA94D][Награда][-][dddd09][-][eeee02][-] Комплект модификаций для ближнего боя 02,[FFA94D][Ödül][-][dddd09][-][eeee02][-] Yakın Dövüş Mod Paketi 02,[FFA94D][报酬][-][dddd09][-][eeee02][-] 近战模组组合包02,[FFA94D][獎勵][-][dddd09][-][eeee02][-] 近戰模組梱包 02
questRewardT2RangedModsBundle,items,Bundle,,,,[FFA94D][Reward][-][dddd09][-][eeee05][-] [dddd09][-][eeee05][-]Ranged Mods Bundle 02,,[FFA94D][Belohnung][-][dddd09][-][eeee05][-] Fernkampf-Mods-Paket 02,[FFA94D][Recompensa][-][dddd09][-][eeee05][-] Conjunto de modificaciones a distancia 02,[FFA94D][Récompense][-][dddd09][-][eeee05][-] Paquet modifications à distance 02,[FFA94D][Ricompensa][-][dddd09][-][eeee05][-] Pacchetto Modifiche a distanza 02,[FFA94D][報酬][-][dddd09][-][eeee05][-] 遠距離用Mod(バンドル) 02,[FFA94D][보상][-][dddd09][-][eeee05][-] 원거리 개조 번들 02,[FFA94D][Nagroda][-][dddd09][-][eeee05][-] Pakiet – mody walki dystansowej 02,[FFA94D][Recompensa][-][dddd09][-][eeee05][-] Conjunto de modificações de longa distância 02,[FFA94D][Награда][-][dddd09][-][eeee05][-] Комплект модификаций для дальнего боя 02,[FFA94D][Ödül][-][dddd09][-][eeee05][-] Menzilli Mod Paketi 02,[FFA94D][报酬][-][dddd09][-][eeee05][-] 远程模组组合包02,[FFA94D][獎勵][-][dddd09][-][eeee05][-] 遠程模組梱包 02
questRewardT2RifleBundle,items,Bundle,,,,[FFA94D][Reward][-][dddd08][-][eeee05][-] [dddd08][-][eeee05][-]Lever Action Rifle Bundle,,[FFA94D][Belohnung][-][dddd08][-][eeee05][-] Unterhebelrepetierer-Paket,[FFA94D][Recompensa][-][dddd08][-][eeee05][-] Conjunto de rifle de palanca,[FFA94D][Récompense][-][dddd08][-][eeee05][-] Paquet fusil à levier,[FFA94D][Ricompensa][-][dddd08][-][eeee05][-] Pacchetto Fucile a leva,[FFA94D][報酬][-][dddd08][-][eeee05][-] レバーアクションライフル(バンドル),[FFA94D][보상][-][dddd08][-][eeee05][-] 레버 액션 라이플 번들,[FFA94D][Nagroda][-][dddd08][-][eeee05][-] Pakiet – karabin dwutaktowy,[FFA94D][Recompensa][-][dddd08][-][eeee05][-] Conjunto de fuzil de ação de alavanca,[FFA94D][Награда][-][dddd08][-][eeee05][-] Комплект с винтовкой рычажного действия,[FFA94D][Ödül][-][dddd08][-][eeee05][-] Levyeli Tüfek Paketi,[FFA94D][报酬][-][dddd08][-][eeee05][-] 杠杆式步枪组合包,[FFA94D][獎勵][-][dddd08][-][eeee05][-] 槓桿式步槍梱包
questRewardT2ShotgunBundle,items,Bundle,,,,[FFA94D][Reward][-][dddd08][-][eeee08][-] [dddd08][-][eeee08][-]Pump Shotgun Bundle,,[FFA94D][Belohnung][-][dddd08][-][eeee08][-] Schrotflintenpaket,[FFA94D][Recompensa][-][dddd08][-][eeee08][-] Conjunto de escopeta de bombeo,[FFA94D][Récompense][-][dddd08][-][eeee08][-] Paquet fusil à percussion,[FFA94D][Ricompensa][-][dddd08][-][eeee08][-] Pacchetto Fucile a pompa,[FFA94D][報酬][-][dddd08][-][eeee08][-] ポンプアクション式ショットガン(バンドル),[FFA94D][보상][-][dddd08][-][eeee08][-] 펌프식 샷건 번들,[FFA94D][Nagroda][-][dddd08][-][eeee08][-] Pakiet – pompka,[FFA94D][Recompensa][-][dddd08][-][eeee08][-] Conjunto de espingarda de bombeamento,[FFA94D][Награда][-][dddd08][-][eeee08][-] Комплект с помповым ружьем,[FFA94D][Ödül][-][dddd08][-][eeee08][-] Pompalı Tüfek Paketi,[FFA94D][报酬][-][dddd08][-][eeee08][-] 泵动式霰弹枪组合包,[FFA94D][獎勵][-][dddd08][-][eeee08][-] 泵動式散彈獵槍梱包
questRewardT2TrapsBundle,items,Bundle,,,,[FFA94D][Reward][-][dddd03][-][eeee05][-] [dddd03][-][eeee05][-]Traps Bundle 02,,[FFA94D][Belohnung][-][dddd03][-][eeee05][-] Fallenpaket 02,[FFA94D][Recompensa][-][dddd03][-][eeee05][-] Conjunto de trampas 02,[FFA94D][Récompense][-][dddd03][-][eeee05][-] Paquet pièges 02,[FFA94D][Ricompensa][-][dddd03][-][eeee05][-] Pacchetto Trappole 02,[FFA94D][報酬][-][dddd03][-][eeee05][-] トラップ(バンドル) 02,[FFA94D][보상][-][dddd03][-][eeee05][-] 트랩 번들 02,[FFA94D][Nagroda][-][dddd03][-][eeee05][-] Pakiet – pułapki 02,[FFA94D][Recompensa][-][dddd03][-][eeee05][-] Conjunto de armadilhas 02,[FFA94D][Награда][-][dddd03][-][eeee05][-] Комплект ловушек 02,[FFA94D][Ödül][-][dddd03][-][eeee05][-] Tuzak Paketi 02,[FFA94D][报酬][-][dddd03][-][eeee05][-] 陷阱组合包02,[FFA94D][獎勵][-][dddd03][-][eeee05][-] 陷阱梱包 02
questRewardT3BookBundle,items,Bundle,,,,[FFA94D][Reward][-][dddd01][-][eeee03][-] [dddd01][-][eeee03][-]5 Book Bundle,,[FFA94D][Belohnung][-][dddd01][-][eeee03][-] 5-Bücher-Paket,[FFA94D][Recompensa][-][dddd01][-][eeee03][-] Conjunto de 5 libros,[FFA94D][Récompense][-][dddd01][-][eeee03][-] Paquet 5 livres,[FFA94D][Ricompensa][-][dddd01][-][eeee03][-] Pacchetto libro 5,[FFA94D][報酬][-][dddd01][-][eeee03][-] 本5冊(バンドル),[FFA94D][보상][-][dddd01][-][eeee03][-] 5 책 번들,[FFA94D][Nagroda][-][dddd01][-][eeee03][-] Pakiet – 5 książek,[FFA94D][Recompensa][-][dddd01][-][eeee03][-] Conjunto de 5 livros,[FFA94D][Награда][-][dddd01][-][eeee03][-] Комплект из 5 книг,[FFA94D][Ödül][-][dddd01][-][eeee03][-] 5 Kitap Paketi,[FFA94D][报酬][-][dddd01][-][eeee03][-] 5本书组合包,[FFA94D][獎勵][-][dddd01][-][eeee03][-] 5 書籍梱包
questRewardT3FoodBundle,items,Bundle,,,,[FFA94D][Reward][-][dddd02][-][eeee02][-] [dddd02][-][eeee02][-]Food Bundle 02,,[FFA94D][Belohnung][-][dddd02][-][eeee02][-] Nahrungspaket 02,[FFA94D][Recompensa][-][dddd02][-][eeee02][-] Conjunto de comida 02,[FFA94D][Récompense][-][dddd02][-][eeee02][-] Paquet nourriture 02,[FFA94D][Ricompensa][-][dddd02][-][eeee02][-] Pacchetto Cibo 02,[FFA94D][報酬][-][dddd02][-][eeee02][-] 食品(バンドル) 02,[FFA94D][보상][-][dddd02][-][eeee02][-] 음식 번들 02,[FFA94D][Nagroda][-][dddd02][-][eeee02][-] Pakiet – jedzenie 02,[FFA94D][Recompensa][-][dddd02][-][eeee02][-] Conjunto de comida 02,[FFA94D][Награда][-][dddd02][-][eeee02][-] Комплект еды 02,[FFA94D][Ödül][-][dddd02][-][eeee02][-] Yiyecek Paketi 02,[FFA94D][报酬][-][dddd02][-][eeee02][-] 食物组合包02,[FFA94D][獎勵][-][dddd02][-][eeee02][-] 食物梱包 02
questRewardT3HandgunBundle,items,Bundle,,,,[FFA94D][Reward][-][dddd08][-][eeee03][-] [dddd08][-][eeee03][-].44 Desert Vulture Bundle,,[FFA94D][Belohnung][-][dddd08][-][eeee03][-] .44-Desert-Vulture-Paket,[FFA94D][Recompensa][-][dddd08][-][eeee03][-] Conjunto de Desert Vulture de calibre 0.44,[FFA94D][Récompense][-][dddd08][-][eeee03][-] Paquet .44 Desert Vulture,[FFA94D][Ricompensa][-][dddd08][-][eeee03][-] Pacchetto .44 Avvoltoio del deserto,[FFA94D][報酬][-][dddd08][-][eeee03][-] .44デザートヴァルチャー(バンドル),[FFA94D][보상][-][dddd08][-][eeee03][-] .44 데저트 벌쳐 번들,[FFA94D][Nagroda][-][dddd08][-][eeee03][-] Pakiet – .44 Desert Vulture,[FFA94D][Recompensa][-][dddd08][-][eeee03][-] Conjunto de Desert Vulture .44,[FFA94D][Награда][-][dddd08][-][eeee03][-] Комплект с «Пустынным стервятником» калибра .44,[FFA94D][Ödül][-][dddd08][-][eeee03][-] .44 Desert Vulture Paketi,[FFA94D][报酬][-][dddd08][-][eeee03][-] .44沙漠秃鹰组合包,[FFA94D][獎勵][-][dddd08][-][eeee03][-] .44 沙漠之鷹梱包
questRewardT3HandgunLegendaryBundle,items,Bundle,,,,[FFA94D][Reward][-][dddd10][-][eeee16][-] [dddd10][-][eeee16][-].44 Desert Vulture Legendary Bundle,,[FFA94D][Belohnung][-][dddd10][-][eeee16][-] Legendäres .44-Desert-Vulture-Paket,[FFA94D][Recompensa][-][dddd10][-][eeee16][-] Conjunto legendario de Desert Vulture de calibre 0.44,[FFA94D][Récompense][-][dddd10][-][eeee16][-] Paquet légendaire .44 Desert Vulture,[FFA94D][Ricompensa][-][dddd10][-][eeee16][-] Pacchetto leggendario .44 Avvoltoio del deserto,[FFA94D][報酬][-][dddd10][-][eeee16][-] 伝説.44デザートヴァルチャー(バンドル),[FFA94D][보상][-][dddd10][-][eeee16][-] .44 데저트 벌쳐 전설 번들,[FFA94D][Nagroda][-][dddd10][-][eeee16][-] Legendarny pakiet – .44 Desert Vulture,[FFA94D][Recompensa][-][dddd10][-][eeee16][-] Conjunto lendário de Desert Vulture .44,[FFA94D][Награда][-][dddd10][-][eeee16][-] Легендарный комплект с «Пустынным стервятником» калибра .44,[FFA94D][Ödül][-][dddd10][-][eeee16][-] .44 Desert Vulture Efsanevi Paketi,[FFA94D][报酬][-][dddd10][-][eeee16][-] .44沙漠秃鹰传奇组合包,[FFA94D][獎勵][-][dddd10][-][eeee16][-] .44 沙漠之鷹傳說梱包
questRewardT3MachineGunBundle,items,Bundle,,,,[FFA94D][Reward][-][dddd08][-][eeee12][-] [dddd08][-][eeee12][-]M60 Machine Gun Bundle,,[FFA94D][Belohnung][-][dddd08][-][eeee12][-] M60-Maschinengewehr-Paket,[FFA94D][Recompensa][-][dddd08][-][eeee12][-] Conjunto de metralleta M60,[FFA94D][Récompense][-][dddd08][-][eeee12][-] Paquet mitrailleuse M60,[FFA94D][Ricompensa][-][dddd08][-][eeee12][-] Pacchetto Mitragliatrice M60,[FFA94D][報酬][-][dddd08][-][eeee12][-] M60マシンガン(バンドル),[FFA94D][보상][-][dddd08][-][eeee12][-] M60 기관총 번들,[FFA94D][Nagroda][-][dddd08][-][eeee12][-] Pakiet – karabin maszynowy M60,[FFA94D][Recompensa][-][dddd08][-][eeee12][-] Conjunto de metralhadora M60,[FFA94D][Награда][-][dddd08][-][eeee12][-] Комплект с пулеметом M60,[FFA94D][Ödül][-][dddd08][-][eeee12][-] M60 Makineli Tüfek Paketi,[FFA94D][报酬][-][dddd08][-][eeee12][-] M60机枪组合包,[FFA94D][獎勵][-][dddd08][-][eeee12][-] M60 機槍梱包
questRewardT3MachineGunLegendaryBundle,items,Bundle,,,,[FFA94D][Reward][-][dddd10][-][eeee19][-] [dddd10][-][eeee19][-]M60 Machine Gun Legendary Bundle,,[FFA94D][Belohnung][-][dddd10][-][eeee19][-] Legendäres M60-Maschinengewehr-Paket,[FFA94D][Recompensa][-][dddd10][-][eeee19][-] Conjunto legendario de metralleta M60,[FFA94D][Récompense][-][dddd10][-][eeee19][-] Paquet légendaire Mitrailleuse M60,[FFA94D][Ricompensa][-][dddd10][-][eeee19][-] Pacchetto leggendario Mitragliatrice M60,[FFA94D][報酬][-][dddd10][-][eeee19][-] 伝説M60マシンガン(バンドル),[FFA94D][보상][-][dddd10][-][eeee19][-] M60 기관총 전설 번들,[FFA94D][Nagroda][-][dddd10][-][eeee19][-] Legendarny pakiet – Karabin maszynowy M60,[FFA94D][Recompensa][-][dddd10][-][eeee19][-] Conjunto lendário de metralhadora M60,[FFA94D][Награда][-][dddd10][-][eeee19][-] Легендарный комплект с пулеметом M60,[FFA94D][Ödül][-][dddd10][-][eeee19][-] M60 Makineli Tüfek Efsanevi Paketi,[FFA94D][报酬][-][dddd10][-][eeee19][-] M60机枪传奇组合包,[FFA94D][獎勵][-][dddd10][-][eeee19][-] M60 機槍傳說梱包
questRewardT3MeleeModsBundle,items,Bundle,,,,[FFA94D][Reward][-][dddd09][-][eeee03][-] [dddd09][-][eeee03][-]Melee Mods Bundle 03,,[FFA94D][Belohnung][-][dddd09][-][eeee03][-] Nahkampf-Mods-Paket 03,[FFA94D][Recompensa][-][dddd09][-][eeee03][-] Conjunto de modificaciones cuerpo a cuerpo 03,[FFA94D][Récompense][-][dddd09][-][eeee03][-] Paquet modifications de mêlée 03,[FFA94D][Ricompensa][-][dddd09][-][eeee03][-] Pacchetto Modifiche corpo a corpo 03,[FFA94D][報酬][-][dddd09][-][eeee03][-] 近接用改造パーツ(バンドル) 03,[FFA94D][보상][-][dddd09][-][eeee03][-] 근거리 개조 번들 03,[FFA94D][Nagroda][-][dddd09][-][eeee03][-] Pakiet – mody walki wręcz 03,[FFA94D][Recompensa][-][dddd09][-][eeee03][-] Conjunto de modificações corpo a corpo 03,[FFA94D][Награда][-][dddd09][-][eeee03][-] Комплект модификаций для ближнего боя 03,[FFA94D][Ödül][-][dddd09][-][eeee03][-] Yakın Dövüş Mod Paketi 03,[FFA94D][报酬][-][dddd09][-][eeee03][-] 近战模组组合包03,[FFA94D][獎勵][-][dddd09][-][eeee03][-] 近戰模組梱包 03
questRewardT3RangedModsBundle,items,Bundle,,,,[FFA94D][Reward][-][dddd09][-][eeee06][-] [dddd09][-][eeee06][-]Ranged Mods Bundle 03,,[FFA94D][Belohnung][-][dddd09][-][eeee06][-] Fernkampf-Mods-Paket 03,[FFA94D][Recompensa][-][dddd09][-][eeee06][-] Conjunto de modificaciones a distancia 03,[FFA94D][Récompense][-][dddd09][-][eeee06][-] Paquet modifications à distance 03,[FFA94D][Ricompensa][-][dddd09][-][eeee06][-] Pacchetto Modifiche a distanza 03,[FFA94D][報酬][-][dddd09][-][eeee06][-] 遠隔離用改造パーツ(バンドル) 03,[FFA94D][보상][-][dddd09][-][eeee06][-] 원거리 개조 번들 03,[FFA94D][Nagroda][-][dddd09][-][eeee06][-] Pakiet – mody walki dystansowej 03,[FFA94D][Recompensa][-][dddd09][-][eeee06][-] Conjunto de modificações de longa distância 03,[FFA94D][Награда][-][dddd09][-][eeee06][-] Комплект модификаций для дальнего боя 03,[FFA94D][Ödül][-][dddd09][-][eeee06][-] Menzilli Mod Paketi 03,[FFA94D][报酬][-][dddd09][-][eeee06][-] 远程模组组合包03,[FFA94D][獎勵][-][dddd09][-][eeee06][-] 遠程模組梱包 03
questRewardT3RifleBundle,items,Bundle,,,,[FFA94D][Reward][-][dddd08][-][eeee06][-] [dddd08][-][eeee06][-]Sniper Rifle Bundle,,[FFA94D][Belohnung][-][dddd08][-][eeee06][-] Scharfschützengewehr-Paket,[FFA94D][Recompensa][-][dddd08][-][eeee06][-] Conjunto de rifle de francotirador,[FFA94D][Récompense][-][dddd08][-][eeee06][-] Paquet fusil de précision,[FFA94D][Ricompensa][-][dddd08][-][eeee06][-] Pacchetto Fucile da cecchino,[FFA94D][報酬][-][dddd08][-][eeee06][-] スナイパーライフル(バンドル),[FFA94D][보상][-][dddd08][-][eeee06][-] 저격 라이플 번들,[FFA94D][Nagroda][-][dddd08][-][eeee06][-] Pakiet – karabin snajperski,[FFA94D][Recompensa][-][dddd08][-][eeee06][-] Conjunto de fuzil de precisão,[FFA94D][Награда][-][dddd08][-][eeee06][-] Комплект со снайперской винтовкой,[FFA94D][Ödül][-][dddd08][-][eeee06][-] Keskin Nişancı Tüfeği Paketi,[FFA94D][报酬][-][dddd08][-][eeee06][-] 狙击步枪组合包,[FFA94D][獎勵][-][dddd08][-][eeee06][-] 狙擊步槍梱包
questRewardT3RifleLegendaryBundle,items,Bundle,,,,[FFA94D][Reward][-][dddd10][-][eeee17][-] [dddd10][-][eeee17][-]Sniper Rifle Legendary Bundle,,[FFA94D][Belohnung][-][dddd10][-][eeee17][-] Legendäres Scharfschützengewehr-Paket,[FFA94D][Recompensa][-][dddd10][-][eeee17][-] Conjunto legendario de rifle de francotirador,[FFA94D][Récompense][-][dddd10][-][eeee17][-] Paquet légendaire Fusil de précision,[FFA94D][Ricompensa][-][dddd10][-][eeee17][-] Pacchetto leggendario Fucile da cecchino,[FFA94D][報酬][-][dddd10][-][eeee17][-] 伝説スナイパーライフル(バンドル),[FFA94D][보상][-][dddd10][-][eeee17][-] 저격 라이플 전설 번들,[FFA94D][Nagroda][-][dddd10][-][eeee17][-] Legendarny pakiet – karabin snajperski,[FFA94D][Recompensa][-][dddd10][-][eeee17][-] Conjunto lendário de fuzil de precisão,[FFA94D][Награда][-][dddd10][-][eeee17][-] Легендарный комплект с,[FFA94D][Ödül][-][dddd10][-][eeee17][-] Keskin Nişancı Tüfeği Efsanevi Paketi,[FFA94D][报酬][-][dddd10][-][eeee17][-] 狙击步枪传奇组合包,[FFA94D][獎勵][-][dddd10][-][eeee17][-] 狙擊步槍傳說梱包
questRewardT3ShotgunBundle,items,Bundle,,,,[FFA94D][Reward][-][dddd08][-][eeee09][-] [dddd08][-][eeee09][-]Auto Shotgun Bundle,,[FFA94D][Belohnung][-][dddd08][-][eeee09][-] Automatische-Schrotflinte-Paket,[FFA94D][Recompensa][-][dddd08][-][eeee09][-] Conjunto de escopeta automática,[FFA94D][Récompense][-][dddd08][-][eeee09][-] Paquet fusil à pompe auto,[FFA94D][Ricompensa][-][dddd08][-][eeee09][-] Pacchetto Fucile automatico,[FFA94D][報酬][-][dddd08][-][eeee09][-] オートショットガン(バンドル),[FFA94D][보상][-][dddd08][-][eeee09][-] 자동 샷건 번들,[FFA94D][Nagroda][-][dddd08][-][eeee09][-] Pakiet – strzelba samopowtarzalna,[FFA94D][Recompensa][-][dddd08][-][eeee09][-] Conjunto de espingarda automática,[FFA94D][Награда][-][dddd08][-][eeee09][-] Комплект с автоматическим дробовиком,[FFA94D][Ödül][-][dddd08][-][eeee09][-] Otomatik Pompalı Tüfek Paketi,[FFA94D][报酬][-][dddd08][-][eeee09][-] 自动霰弹枪组合包,[FFA94D][獎勵][-][dddd08][-][eeee09][-] 自動式散彈獵槍梱包
questRewardT3ShotgunLegendaryBundle,items,Bundle,,,,[FFA94D][Reward][-][dddd10][-][eeee18][-] [dddd10][-][eeee18][-]Auto Shotgun Legendary Bundle,,[FFA94D][Belohnung][-][dddd10][-][eeee18][-] Legendäres Automatische-Schrotflinte-Paket,[FFA94D][Recompensa][-][dddd10][-][eeee18][-] Conjunto legendario de escopeta automática,[FFA94D][Récompense][-][dddd10][-][eeee18][-] Paquet légendaire Fusil à pompe auto,[FFA94D][Ricompensa][-][dddd10][-][eeee18][-] Pacchetto leggendario Fucile automatico,[FFA94D][報酬][-][dddd10][-][eeee18][-] 伝説オートショットガン(バンドル),[FFA94D][보상][-][dddd10][-][eeee18][-] 자동 샷건 전설 번들,[FFA94D][Nagroda][-][dddd10][-][eeee18][-] Legendarny pakiet – strzelba samopowtarzalna,[FFA94D][Recompensa][-][dddd10][-][eeee18][-] Conjunto lendário de espingarda automática,[FFA94D][Награда][-][dddd10][-][eeee18][-] Легендарный комплект с автоматическим дробовиком,[FFA94D][Ödül][-][dddd10][-][eeee18][-] Otomatik Pompalı Tüfek Efsanevi Paketi,[FFA94D][报酬][-][dddd10][-][eeee18][-] 自动霰弹枪传奇组合包,[FFA94D][獎勵][-][dddd10][-][eeee18][-] 自動式散彈獵槍傳說梱包
questRewardT3SMGBundle,items,Bundle,,,,[FFA94D][Reward][-][dddd08][-][eeee13][-] [dddd08][-][eeee13][-]SMG-5 Bundle,,[FFA94D][Belohnung][-][dddd08][-][eeee13][-] MP-5-Paket,[FFA94D][Recompensa][-][dddd08][-][eeee13][-] Conjunto de metralleta SMG-5,[FFA94D][Récompense][-][dddd08][-][eeee13][-] Paquet SMG-5,[FFA94D][Ricompensa][-][dddd08][-][eeee13][-] Pacchetto SMG-5,[FFA94D][報酬][-][dddd08][-][eeee13][-] SMG-5(バンドル),[FFA94D][보상][-][dddd08][-][eeee13][-] SMG-5 번들,[FFA94D][Nagroda][-][dddd08][-][eeee13][-] Pakiet – SMG-5,[FFA94D][Recompensa][-][dddd08][-][eeee13][-] Conjunto de SMG-5,[FFA94D][Награда][-][dddd08][-][eeee13][-] Комплект с ПП-5,[FFA94D][Ödül][-][dddd08][-][eeee13][-] SMG-5 Paketi,[FFA94D][报酬][-][dddd08][-][eeee13][-] SMG-5组合包,[FFA94D][獎勵][-][dddd08][-][eeee13][-] SMG-5 梱包
questRewardT3SMGLegendaryBundle,items,Bundle,,,,[FFA94D][Reward][-][dddd10][-][eeee20][-] [dddd10][-][eeee20][-]SMG-5 Legendary Bundle,,[FFA94D][Belohnung][-][dddd10][-][eeee20][-] Legendäres MP-5-Paket,[FFA94D][Recompensa][-][dddd10][-][eeee20][-] Conjunto legendario de metralleta SMG-5,[FFA94D][Récompense][-][dddd10][-][eeee20][-] Paquet légendaire SMG-5,[FFA94D][Ricompensa][-][dddd10][-][eeee20][-] Pacchetto leggendario SMG-5,[FFA94D][報酬][-][dddd10][-][eeee20][-] 伝説SMG-5(バンドル),[FFA94D][보상][-][dddd10][-][eeee20][-] SMG-5 전설 번들,[FFA94D][Nagroda][-][dddd10][-][eeee20][-] Legendarny pakiet – SMG-5,[FFA94D][Recompensa][-][dddd10][-][eeee20][-] Conjunto lendário de SMG-5,[FFA94D][Награда][-][dddd10][-][eeee20][-] Легендарный комплект с ПП-5,[FFA94D][Ödül][-][dddd10][-][eeee20][-] SMG-5 Efsanevi Paketi,[FFA94D][报酬][-][dddd10][-][eeee20][-] SMG-5传奇组合包,[FFA94D][獎勵][-][dddd10][-][eeee20][-] SMG-5 傳說梱包
questRewardT4BookBundle,items,Bundle,,,,[FFA94D][Reward][-][dddd01][-][eeee04][-] [dddd01][-][eeee04][-]6 Book Bundle,,[FFA94D][Belohnung][-][dddd01][-][eeee04][-] 6-Bücher-Paket,[FFA94D][Recompensa][-][dddd01][-][eeee04][-] Conjunto de 6 libros,[FFA94D][Récompense][-][dddd01][-][eeee04][-] Paquet 6 livres,[FFA94D][Ricompensa][-][dddd01][-][eeee04][-] Pacchetto libro 6,[FFA94D][報酬][-][dddd01][-][eeee04][-] 本6(バンドル),[FFA94D][보상][-][dddd01][-][eeee04][-] 6 책 번들,[FFA94D][Nagroda][-][dddd01][-][eeee04][-] Pakiet – 6 książek,[FFA94D][Recompensa][-][dddd01][-][eeee04][-] Conjunto de 6 livros,[FFA94D][Награда][-][dddd01][-][eeee04][-] Комплект из 6 книг,[FFA94D][Ödül][-][dddd01][-][eeee04][-] 6 Kitap Paketi,[FFA94D][报酬][-][dddd01][-][eeee04][-] 6本书组合包,[FFA94D][獎勵][-][dddd01][-][eeee04][-] 6 書籍梱包
questRewardT4FoodBundle,items,Bundle,,,,[FFA94D][Reward][-][dddd02][-][eeee03][-] [dddd02][-][eeee03][-]Food Bundle 03,,[FFA94D][Belohnung][-][dddd02][-][eeee03][-] Nahrungspaket 03,[FFA94D][Recompensa][-][dddd02][-][eeee03][-] Conjunto de comida 03,[FFA94D][Récompense][-][dddd02][-][eeee03][-] Paquet nourriture 03,[FFA94D][Ricompensa][-][dddd02][-][eeee03][-] Pacchetto Cibo 03,[FFA94D][報酬][-][dddd02][-][eeee03][-] 食品(バンドル) 03,[FFA94D][보상][-][dddd02][-][eeee03][-] 음식 번들 03,[FFA94D][Nagroda][-][dddd02][-][eeee03][-] Pakiet – jedzenie 03,[FFA94D][Recompensa][-][dddd02][-][eeee03][-] Conjunto de comida 03,[FFA94D][Награда][-][dddd02][-][eeee03][-] Комплект еды 03,[FFA94D][Ödül][-][dddd02][-][eeee03][-] Yiyecek Paketi 03,[FFA94D][报酬][-][dddd02][-][eeee03][-] 食物组合包03,[FFA94D][獎勵][-][dddd02][-][eeee03][-] 食物梱包 03
questRewardT5BookBundle,items,Bundle,,,,[FFA94D][Reward][-][dddd01][-][eeee05][-] [dddd01][-][eeee05][-]7 Book Bundle,,[FFA94D][Belohnung][-][dddd01][-][eeee05][-] 7-Bücher-Paket,[FFA94D][Recompensa][-][dddd01][-][eeee05][-] Conjunto de 7 libros,[FFA94D][Récompense][-][dddd01][-][eeee05][-] Paquet 7 livres,[FFA94D][Ricompensa][-][dddd01][-][eeee05][-] Pacchetto libro 7,[FFA94D][報酬][-][dddd01][-][eeee05][-] 本7(バンドル),[FFA94D][보상][-][dddd01][-][eeee05][-] 7 책 번들,[FFA94D][Nagroda][-][dddd01][-][eeee05][-] Pakiet – 7 książek,[FFA94D][Recompensa][-][dddd01][-][eeee05][-] Conjunto de 7 livros,[FFA94D][Награда][-][dddd01][-][eeee05][-] Комплект из 7 книг,[FFA94D][Ödül][-][dddd01][-][eeee05][-] 7 Kitap Paketi,[FFA94D][报酬][-][dddd01][-][eeee05][-] 7本书组合包,[FFA94D][獎勵][-][dddd01][-][eeee05][-] 7 書籍梱包
foodCanShamSchematic,items,Schematic,,,,[ffcc01][-][FFA94D][Schematic][-] Can of Sham,,[ffcc01][-][FFA94D][Bauplan][-] Dose Sham,[ffcc01][-][FFA94D][Esquema][-] Lata de jamón Shamway,[ffcc01][-][FFA94D][Schéma][-] Conserve de jambon,[ffcc01][-][FFA94D][Schema][-] Scatoletta di sham,[ffcc01][-][FFA94D][設計図][-] シャム缶,[ffcc01][-][FFA94D][도면][-] 엉터리 고기 통조림,[ffcc01][-][FFA94D][Schemat][-] Puszka Nięsa,[ffcc01][-][FFA94D][Diagrama][-] Lata de carne falsa,[ffcc01][-][FFA94D][Схема][-] Банка «Срама»,[ffcc01][-][FFA94D][Şema][-] Konserve Salam,[ffcc01][-][FFA94D][设计图][-] 山威罐头,[ffcc01][-][FFA94D][原理圖][-] 罐裝假火腿
modArmorAdvancedMuffledConnectorsSchematic,items,Schematic,,,,[ffcc01][-][FFA94D][Schematic][-] Advanced Muffled Connectors,,[ffcc01][-][FFA94D][Bauplan][-] Fortgeschrittene gedämpfte Verbindungs,[ffcc01][-][FFA94D][Esquema][-] Modificación de conectores de amortiguación avanzados,[ffcc01][-][FFA94D][Schéma][-] Modification de connecteurs étouffés avancés,[ffcc01][-][FFA94D][Schema][-] Modifica avanzata dei connettori attutiti,[ffcc01][-][FFA94D][設計図][-] 高性能静音コネクター,[ffcc01][-][FFA94D][도면][-] 고급 소음 방지 연결 장치,[ffcc01][-][FFA94D][Schemat][-] Zaawansowane wytłumione połączenia,[ffcc01][-][FFA94D][Diagrama][-] Modificação de Conectores Abafados Avançados,[ffcc01][-][FFA94D][Схема][-] Модификация «Улучш. бесшумные соединения»,[ffcc01][-][FFA94D][Şema][-] Gelişmiş Sessiz Bağlantı Modu,[ffcc01][-][FFA94D][设计图][-] 高级消音连接器,[ffcc01][-][FFA94D][原理圖][-] 高級消音器
modArmorBandolierSchematic,items,Schematic,,,,[ffcc01][-][FFA94D][Schematic][-] Bandolier,,[ffcc01][-][FFA94D][Bauplan][-] Patronengurt,[ffcc01][-][FFA94D][Esquema][-] Modificación de bandolera,[ffcc01][-][FFA94D][Schéma][-] Modification de bandoulière,[ffcc01][-][FFA94D][Schema][-] Modifica della bandoliera,[ffcc01][-][FFA94D][設計図][-] 弾帯,[ffcc01][-][FFA94D][도면][-] 탄띠,[ffcc01][-][FFA94D][Schemat][-] Pas na naboje,[ffcc01][-][FFA94D][Diagrama][-] Modificação de Bandoleira,[ffcc01][-][FFA94D][Схема][-] Модификация «Патронташ»,[ffcc01][-][FFA94D][Şema][-] Kayış Modu,[ffcc01][-][FFA94D][设计图][-] 弹药带,[ffcc01][-][FFA94D][原理圖][-] 彈夾
modArmorCustomizedFittingsSchematic,items,Schematic,,,,[ffcc01][-][FFA94D][Schematic][-] Advanced Armor Fittings,,[ffcc01][-][FFA94D][Bauplan][-] Fortgeschrittene Rüstung-Fittings,[ffcc01][-][FFA94D][Esquema][-] Modificación de ajuste de armadura avanzada,[ffcc01][-][FFA94D][Schéma][-] Modification de raccords d'armure avancée,[ffcc01][-][FFA94D][Schema][-] Modifica delle finiture per armatura avanzata,[ffcc01][-][FFA94D][設計図][-] 上級接合部,[ffcc01][-][FFA94D][도면][-] 고급 방어구 피팅,[ffcc01][-][FFA94D][Schemat][-] Zaawansowane połączenia pancerza,[ffcc01][-][FFA94D][Diagrama][-] Modificação de Encaixes de Armadura Avançados,[ffcc01][-][FFA94D][Схема][-] Модификация «Улучшенные соединения брони»,[ffcc01][-][FFA94D][Şema][-] Gelişmiş Zırh Donanım Modu,[ffcc01][-][FFA94D][设计图][-] 高级护甲配件,[ffcc01][-][FFA94D][原理圖][-] 高級護甲配件
modArmorDoubleStoragePocketSchematic,items,Schematic,,,,[ffcc01][-][FFA94D][Schematic][-] Armor Double Pocket,,[ffcc01][-][FFA94D][Bauplan][-] Doppeltaschen-Mod für Rüstung,[ffcc01][-][FFA94D][Esquema][-] Modificación de bolsillo doble para armadura,[ffcc01][-][FFA94D][Schéma][-] Modification de double poche d'armure,[ffcc01][-][FFA94D][Schema][-] Modifica della doppia tasca armatura,[ffcc01][-][FFA94D][設計図][-] アーマーダブルポケット,[ffcc01][-][FFA94D][도면][-] 방어구 2배 주머니,[ffcc01][-][FFA94D][Schemat][-] Dwukrotnie większa kieszeń na pancerzu,[ffcc01][-][FFA94D][Diagrama][-] Modificação de bolso duplo de armadura,[ffcc01][-][FFA94D][Схема][-] Модификация «Сдвоенная бронированная сумка»,[ffcc01][-][FFA94D][Şema][-] Zırh İki Kat Cep Modu,[ffcc01][-][FFA94D][设计图][-] 护甲双收纳口袋,[ffcc01][-][FFA94D][原理圖][-] 護甲雙層收納袋
modArmorImpactBracingSchematic,items,Schematic,,,,[ffcc01][-][FFA94D][Schematic][-] Impact Bracing,,[ffcc01][-][FFA94D][Bauplan][-] Schlag-Abwehr,[ffcc01][-][FFA94D][Esquema][-] Modificación de reducción de impacto,[ffcc01][-][FFA94D][Schéma][-] Modification d'amorti d'impact,[ffcc01][-][FFA94D][Schema][-] Modifica dell'impalcatura,[ffcc01][-][FFA94D][設計図][-] 衝撃ブレーシング,[ffcc01][-][FFA94D][도면][-] 낙법,[ffcc01][-][FFA94D][Schemat][-] Amortyzator upadku,[ffcc01][-][FFA94D][Diagrama][-] Modificação de Proteção de Impacto,[ffcc01][-][FFA94D][Схема][-] Модификация «Ударный амортизатор»,[ffcc01][-][FFA94D][Şema][-] Darbeye Hazırlanma Modu,[ffcc01][-][FFA94D][设计图][-] 冲击支撑,[ffcc01][-][FFA94D][原理圖][-] 防衝擊背帶
modArmorImprovedFittingsSchematic,items,Schematic,,,,[ffcc01][-][FFA94D][Schematic][-] Armor Fittings,,[ffcc01][-][FFA94D][Bauplan][-] Rüstung-Fittings,[ffcc01][-][FFA94D][Esquema][-] Modificación de ajuste de armadura,[ffcc01][-][FFA94D][Schéma][-] Modification de raccords d'armure,[ffcc01][-][FFA94D][Schema][-] Modifica delle finiture per armatura,[ffcc01][-][FFA94D][設計図][-] 接合部,[ffcc01][-][FFA94D][도면][-] 방어구 피팅,[ffcc01][-][FFA94D][Schemat][-] Połączenia pancerza,[ffcc01][-][FFA94D][Diagrama][-] Modificação de Encaixes de Armadura,[ffcc01][-][FFA94D][Схема][-] Модификация «Соединения брони»,[ffcc01][-][FFA94D][Şema][-] Zırh Donanım Modu,[ffcc01][-][FFA94D][设计图][-] 护甲配件,[ffcc01][-][FFA94D][原理圖][-] 護甲配件
modArmorMuffledConnectorsSchematic,items,Schematic,,,,[ffcc01][-][FFA94D][Schematic][-] Muffled Connectors,,[ffcc01][-][FFA94D][Bauplan][-] Gedämpfte Verbindungs,[ffcc01][-][FFA94D][Esquema][-] Modificación de conectores de amortiguación,[ffcc01][-][FFA94D][Schéma][-] Modification de connecteurs étouffés,[ffcc01][-][FFA94D][Schema][-] Modifica dei connettori attutiti,[ffcc01][-][FFA94D][設計図][-] 静音コネクター,[ffcc01][-][FFA94D][도면][-] 소음 방지 연결 장치,[ffcc01][-][FFA94D][Schemat][-] Wytłumione połączenia,[ffcc01][-][FFA94D][Diagrama][-] Modificação de Conectores Abafados,[ffcc01][-][FFA94D][Схема][-] Модификация «Бесшумные соединения»,[ffcc01][-][FFA94D][Şema][-] Sessiz Bağlantı Modu,[ffcc01][-][FFA94D][设计图][-] 消音连接器,[ffcc01][-][FFA94D][原理圖][-] 消音器
modArmorPlatingBasicSchematic,items,Schematic,,,,[ffcc01][-][FFA94D][Schematic][-] Armor Plating,,[ffcc01][-][FFA94D][Bauplan][-] Panzerplatten,[ffcc01][-][FFA94D][Esquema][-] Modificación de placas de armadura,[ffcc01][-][FFA94D][Schéma][-] Modification de blindage d'armure,[ffcc01][-][FFA94D][Schema][-] Modifica delle piastre per armatura,[ffcc01][-][FFA94D][設計図][-] アーマープレーティング,[ffcc01][-][FFA94D][도면][-] 갑옷 플레이트 추가,[ffcc01][-][FFA94D][Schemat][-] Dodatkowe płyty,[ffcc01][-][FFA94D][Diagrama][-] Modificação de Blindagem de Armadura,[ffcc01][-][FFA94D][Схема][-] Модификация «Бронепластины»,[ffcc01][-][FFA94D][Şema][-] Zırh Plakası Modu,[ffcc01][-][FFA94D][设计图][-] 装甲板,[ffcc01][-][FFA94D][原理圖][-] 裝甲防護板
modArmorPlatingReinforcedSchematic,items,Schematic,,,,[ffcc01][-][FFA94D][Schematic][-] Advanced Armor Plating,,[ffcc01][-][FFA94D][Bauplan][-] Fortgeschrittene Panzerplatten,[ffcc01][-][FFA94D][Esquema][-] Modificación de placas de armadura avanzada,[ffcc01][-][FFA94D][Schéma][-] Modification de blindage d'armure avancée,[ffcc01][-][FFA94D][Schema][-] Modifica delle piastre per armatura avanzata,[ffcc01][-][FFA94D][設計図][-] 上級アーマープレーティング,[ffcc01][-][FFA94D][도면][-] 고급 방어구 플레이트,[ffcc01][-][FFA94D][Schemat][-] Zaawansowane dodatkowe płyty,[ffcc01][-][FFA94D][Diagrama][-] Modificação de Placa de Armadura Avançada,[ffcc01][-][FFA94D][Схема][-] Модификация «Улучшенные бронепластины»,[ffcc01][-][FFA94D][Şema][-] Gelişmiş Zırh Plakası Modu,[ffcc01][-][FFA94D][设计图][-] 高级护甲镀层,[ffcc01][-][FFA94D][原理圖][-] 高級護甲防護板
modArmorStoragePocketSchematic,items,Schematic,,,,[ffcc01][-][FFA94D][Schematic][-] Armor Pocket,,[ffcc01][-][FFA94D][Bauplan][-] Taschen-Mod für Rüstung,[ffcc01][-][FFA94D][Esquema][-] Modificación de bolsillo para armadura,[ffcc01][-][FFA94D][Schéma][-] Modification de poche d'armure,[ffcc01][-][FFA94D][Schema][-] Modifica della tasca armatura,[ffcc01][-][FFA94D][設計図][-] アーマーポケット,[ffcc01][-][FFA94D][도면][-] 방어구 주머니,[ffcc01][-][FFA94D][Schemat][-] Kieszeń na pancerzu,[ffcc01][-][FFA94D][Diagrama][-] Modificação de bolso de armadura,[ffcc01][-][FFA94D][Схема][-] Модификация «Бронированная сумка»,[ffcc01][-][FFA94D][Şema][-] Zırh Cep Modu,[ffcc01][-][FFA94D][设计图][-] 护甲收纳口袋,[ffcc01][-][FFA94D][原理圖][-] 護甲收納袋
modArmorTripleStoragePocketSchematic,items,Schematic,,,,[ffcc01][-][FFA94D][Schematic][-] Armor Triple Pocket,,[ffcc01][-][FFA94D][Bauplan][-] Dreifachtaschen-Mod für Rüstung,[ffcc01][-][FFA94D][Esquema][-] Modificación de bolsillo triple para armadura,[ffcc01][-][FFA94D][Schéma][-] Modification de triple poche d'armure,[ffcc01][-][FFA94D][Schema][-] Modifica della tripla tasca armatura,[ffcc01][-][FFA94D][設計図][-] アーマートリプルポケット,[ffcc01][-][FFA94D][도면][-] 방어구 3배 주머니,[ffcc01][-][FFA94D][Schemat][-] Trzykrotnie większa kieszeń na pancerzu,[ffcc01][-][FFA94D][Diagrama][-] Modificação de bolso triplo de armadura,[ffcc01][-][FFA94D][Схема][-] Модификация «Тройная бронированная сумка»,[ffcc01][-][FFA94D][Şema][-] Zırh Üç Kat Cep Modu,[ffcc01][-][FFA94D][设计图][-] 护甲三收纳口袋,[ffcc01][-][FFA94D][原理圖][-] 護甲三層收納袋
modArmorWaterPurifierSchematic,items,Schematic,,,,[ffcc01][-][FFA94D][Schematic][-] Water Purifier,,[ffcc01][-][FFA94D][Bauplan][-] Wasserreinigungs,[ffcc01][-][FFA94D][Esquema][-] Modificación de purificador de agua,[ffcc01][-][FFA94D][Schéma][-] Modification de purificateur d'eau,[ffcc01][-][FFA94D][Schema][-] Modifica del depuratore d'acqua,[ffcc01][-][FFA94D][設計図][-] 浄水器,[ffcc01][-][FFA94D][도면][-] 정수기,[ffcc01][-][FFA94D][Schemat][-] Oczyszczacz wody,[ffcc01][-][FFA94D][Diagrama][-] Modificação de Purificador de Água,[ffcc01][-][FFA94D][Схема][-] Модификация «Очиститель воды»,[ffcc01][-][FFA94D][Şema][-] Su Arıtma Modu,[ffcc01][-][FFA94D][设计图][-] 净水器,[ffcc01][-][FFA94D][原理圖][-] 淨水器
modFuelTankLargeSchematic,items,Schematic,,,,[ffcc01][-][FFA94D][Schematic][-] Motor Tool Large Tank,,[ffcc01][-][FFA94D][Bauplan][-] Großer-Motorwerkzeugtank,[ffcc01][-][FFA94D][Esquema][-] Modificación de herramienta con motor de tanque grande,[ffcc01][-][FFA94D][Schéma][-] Modification de grand réservoir d'outils motorisés,[ffcc01][-][FFA94D][Schema][-] Modifica del serbatoio dell'utensile a motore grande,[ffcc01][-][FFA94D][設計図][-] 動力ツール大容量タンク,[ffcc01][-][FFA94D][도면][-] 모터 도구 대형 탱크,"[ffcc01][-][FFA94D][Schemat][-] Narzędzia spalinowe — duży zbiornik,",[ffcc01][-][FFA94D][Diagrama][-] Modificação de Ferramenta de Motor de Tanque Grande,[ffcc01][-][FFA94D][Схема][-] Модификация «Большой бак бензоинструмента»,[ffcc01][-][FFA94D][Şema][-] Motorlu Alet Büyük Hazne Modu,[ffcc01][-][FFA94D][设计图][-] 电动工具大油箱,[ffcc01][-][FFA94D][原理圖][-] 大電機工具箱
modFuelTankSmallSchematic,items,Schematic,,,,[ffcc01][-][FFA94D][Schematic][-] Motor Tool Small Tank,,[ffcc01][-][FFA94D][Bauplan][-] Kleiner-Motorwerkzeugtank,[ffcc01][-][FFA94D][Esquema][-] Modificación de herramienta con motor de tanque pequeño,[ffcc01][-][FFA94D][Schéma][-] Modification de petit réservoir d'outils motorisés,[ffcc01][-][FFA94D][Schema][-] Modifica del serbatoio dell'utensile a motore piccolo,[ffcc01][-][FFA94D][設計図][-] 動力ツール小容量タンク,[ffcc01][-][FFA94D][도면][-] 모터 도구 소형 탱크,"[ffcc01][-][FFA94D][Schemat][-] Narzędzia spalinowe — mały zbiornik,",[ffcc01][-][FFA94D][Diagrama][-] Modificação de Ferramenta de Motor de Tanque Pequena,[ffcc01][-][FFA94D][Схема][-] Модификация «Малый бак бензоинструмента»,[ffcc01][-][FFA94D][Şema][-] Motorlu Alet Küçük Hazne Modu,[ffcc01][-][FFA94D][设计图][-] 电动工具小油箱,[ffcc01][-][FFA94D][原理圖][-] 小電機工具箱
modGunBarrelExtenderSchematic,items,Schematic,,,,[ffcc01][-][FFA94D][Schematic][-] Barrel Extender,,[ffcc01][-][FFA94D][Bauplan][-] Vergrößerter-Gewehrlauf,[ffcc01][-][FFA94D][Esquema][-] Modificación de ampliación de cañón,[ffcc01][-][FFA94D][Schéma][-] Modification de prolongement de canon,[ffcc01][-][FFA94D][Schema][-] Modifica dell'espansione della canna,[ffcc01][-][FFA94D][設計図][-] バレル拡張,[ffcc01][-][FFA94D][도면][-] 총열 확장,[ffcc01][-][FFA94D][Schemat][-] Przedłużenie lufy,[ffcc01][-][FFA94D][Diagrama][-] Modificação de Extensor de Cano,[ffcc01][-][FFA94D][Схема][-] Модификация «Удлиненный ствол»,[ffcc01][-][FFA94D][Şema][-] Namlu Uzatıcı,[ffcc01][-][FFA94D][设计图][-] 枪管延伸,[ffcc01][-][FFA94D][原理圖][-] 機槽
modGunBipodSchematic,items,Schematic,,,,[ffcc01][-][FFA94D][Schematic][-] Bipod,,[ffcc01][-][FFA94D][Bauplan][-] Gewehrzweibein,[ffcc01][-][FFA94D][Esquema][-] Modificación de estabilizador,[ffcc01][-][FFA94D][Schéma][-] Modification de bipied,[ffcc01][-][FFA94D][Schema][-] Modifica del bipiede,[ffcc01][-][FFA94D][設計図][-] 二脚,[ffcc01][-][FFA94D][도면][-] 2각대,[ffcc01][-][FFA94D][Schemat][-] Dwójnóg,[ffcc01][-][FFA94D][Diagrama][-] Modificação de Bipé,[ffcc01][-][FFA94D][Схема][-] Модификация «Сошка»,[ffcc01][-][FFA94D][Şema][-] Çatal Ayak Modu,[ffcc01][-][FFA94D][设计图][-] 双脚支架,[ffcc01][-][FFA94D][原理圖][-] 兩足支架
modGunBowArrowRestSchematic,items,Schematic,,,,[ffcc01][-][FFA94D][Schematic][-] Arrow Rest,,[ffcc01][-][FFA94D][Bauplan][-] Pfeilauflage,[ffcc01][-][FFA94D][Esquema][-] Modificación de apoyo para flecha,[ffcc01][-][FFA94D][Schéma][-] Modification d'appuie-flèche,[ffcc01][-][FFA94D][Schema][-] Modifica dell'appoggiafreccia,[ffcc01][-][FFA94D][設計図][-] アローレスト,[ffcc01][-][FFA94D][도면][-] 화살 받침,[ffcc01][-][FFA94D][Schemat][-] Podstawka pod strzałę,[ffcc01][-][FFA94D][Diagrama][-] Modificação de Apoio para Flechas,[ffcc01][-][FFA94D][Схема][-] Модификация «Полка для стрельбы»,[ffcc01][-][FFA94D][Şema][-] Ok Yatağı Modu,[ffcc01][-][FFA94D][设计图][-] 箭托,[ffcc01][-][FFA94D][原理圖][-] 箭託
modGunBowPolymerStringSchematic,items,Schematic,,,,[ffcc01][-][FFA94D][Schematic][-] Polymer String,,[ffcc01][-][FFA94D][Bauplan][-] Kunststoffsehne,[ffcc01][-][FFA94D][Esquema][-] Modificación de cadena de polímeros,[ffcc01][-][FFA94D][Schéma][-] Modification de ficelle en polymère,[ffcc01][-][FFA94D][Schema][-] Modifica della sequenza di polimeri,[ffcc01][-][FFA94D][設計図][-] ポリマーストリング,[ffcc01][-][FFA94D][도면][-] 중합체 끈,[ffcc01][-][FFA94D][Schemat][-] Cięciwa z polimeru,[ffcc01][-][FFA94D][Diagrama][-] Modificação de Corda de Polímero,[ffcc01][-][FFA94D][Схема][-] Модификация «Синтетическая тетива»,[ffcc01][-][FFA94D][Şema][-] Polimer İp Modu,[ffcc01][-][FFA94D][设计图][-] 聚合物弓弦,[ffcc01][-][FFA94D][原理圖][-] 聚合綫
modGunChokeSchematic,items,Schematic,,,,[ffcc01][-][FFA94D][Schematic][-] Shotgun Choke,,[ffcc01][-][FFA94D][Bauplan][-] Schrotflintendrossel,[ffcc01][-][FFA94D][Esquema][-] Modificación estrangulador de escopeta,[ffcc01][-][FFA94D][Schéma][-] Modification d'étranglement de fusil à pompe,[ffcc01][-][FFA94D][Schema][-] Modifica dello strozzatore per fucile,[ffcc01][-][FFA94D][設計図][-] ショットガンチョーク,[ffcc01][-][FFA94D][도면][-] 샷건 총구,[ffcc01][-][FFA94D][Schemat][-] Czok strzelby,[ffcc01][-][FFA94D][Diagrama][-] Modificação de Estrangulador de Espingarda,[ffcc01][-][FFA94D][Схема][-] Модификация «Чок для дробовика»,[ffcc01][-][FFA94D][Şema][-] Pompalı Tüfek Şok Modu,[ffcc01][-][FFA94D][设计图][-] 霰弹枪喉缩,[ffcc01][-][FFA94D][原理圖][-] 散彈獵槍縮口
modGunCrippleEmSchematic,items,Schematic,,,,[ffcc01][-][FFA94D][Schematic][-] Cripple 'Em,,[ffcc01][-][FFA94D][Bauplan][-] Lähm-sie,[ffcc01][-][FFA94D][Esquema][-] Modificación mutílalos a todos,[ffcc01][-][FFA94D][Schéma][-] Modification de paralysie,[ffcc01][-][FFA94D][Schema][-] Modifica dello zoppo,[ffcc01][-][FFA94D][設計図][-] 歩行困難化,[ffcc01][-][FFA94D][도면][-] 불구,[ffcc01][-][FFA94D][Schemat][-] Stopostop,[ffcc01][-][FFA94D][Diagrama][-] Modificação Aleijadora,[ffcc01][-][FFA94D][Схема][-] Модификация «Разрывные пули»,[ffcc01][-][FFA94D][Şema][-] Topal Modu,[ffcc01][-][FFA94D][设计图][-] 致残,[ffcc01][-][FFA94D][原理圖][-] 瘸腿
modGunDuckbillSchematic,items,Schematic,,,,[ffcc01][-][FFA94D][Schematic][-] Shotgun Duckbill,,[ffcc01][-][FFA94D][Bauplan][-] Schrotflinten-Entenschnabel,[ffcc01][-][FFA94D][Esquema][-] Modificación estrangulador Duckbill de escopeta,[ffcc01][-][FFA94D][Schéma][-] Modification de bec de canard de fusil à pompe,[ffcc01][-][FFA94D][Schema][-] Modifica del fucile ornitorinco,[ffcc01][-][FFA94D][設計図][-] ショットガンダックビル,[ffcc01][-][FFA94D][도면][-] 샷건 덕빌,[ffcc01][-][FFA94D][Schemat][-] Duckbill strzelby,[ffcc01][-][FFA94D][Diagrama][-] Modificação de Estrangulador Bico de Pato de Espingarda,[ffcc01][-][FFA94D][Схема][-] Модификация «Веерная дульная насадка»,[ffcc01][-][FFA94D][Şema][-] Pompalı Tüfek Duckbill Modu,[ffcc01][-][FFA94D][设计图][-] 霰弹枪鸭嘴枪口,[ffcc01][-][FFA94D][原理圖][-] 散彈獵槍鴨嘴槍口
modGunFlashlightSchematic,items,Schematic,,,,[ffcc01][-][FFA94D][Schematic][-] Weapon Flashlight,,[ffcc01][-][FFA94D][Bauplan][-] Waffen-Taschenlampe,[ffcc01][-][FFA94D][Esquema][-] Modificación linterna de arma,[ffcc01][-][FFA94D][Schéma][-] Modification de lampe d'arme,[ffcc01][-][FFA94D][Schema][-] Modifica della torcia per armi,[ffcc01][-][FFA94D][設計図][-] 武器用フラッシュライト,[ffcc01][-][FFA94D][도면][-] 무기 손전등,[ffcc01][-][FFA94D][Schemat][-] Latarka do broni,[ffcc01][-][FFA94D][Diagrama][-] Modificação de Lanterna de Arma,[ffcc01][-][FFA94D][Схема][-] Модификация «Тактический фонарь»,[ffcc01][-][FFA94D][Şema][-] Silah Feneri Modu,[ffcc01][-][FFA94D][设计图][-] 武器照明,[ffcc01][-][FFA94D][原理圖][-] 武器閃光燈
modGunForegripSchematic,items,Schematic,,,,[ffcc01][-][FFA94D][Schematic][-] Fore Grip,,[ffcc01][-][FFA94D][Bauplan][-] Handgriff,[ffcc01][-][FFA94D][Esquema][-] Modificación empuñadura frontal,[ffcc01][-][FFA94D][Schéma][-] Modification de poignée,[ffcc01][-][FFA94D][Schema][-] Modifica della presa anteriore,[ffcc01][-][FFA94D][設計図][-] フォアグリップ,[ffcc01][-][FFA94D][도면][-] 전방 손잡이,[ffcc01][-][FFA94D][Schemat][-] Uchwyt przedni,[ffcc01][-][FFA94D][Diagrama][-] Modificação de Empunhadura Frontal,[ffcc01][-][FFA94D][Схема][-] Модификация «Передняя рукоятка»,[ffcc01][-][FFA94D][Şema][-] Önden Tutma Modu,[ffcc01][-][FFA94D][设计图][-] 前握把,[ffcc01][-][FFA94D][原理圖][-] 握把
modGunLaserSightSchematic,items,Schematic,,,,[ffcc01][-][FFA94D][Schematic][-] Laser Sight,,[ffcc01][-][FFA94D][Bauplan][-] Laser-Zielhilfe,[ffcc01][-][FFA94D][Esquema][-] Modificación mira láser,[ffcc01][-][FFA94D][Schéma][-] Modification de viseur laser,[ffcc01][-][FFA94D][Schema][-] Modifica del mirino laser,[ffcc01][-][FFA94D][設計図][-] レーザー照準,[ffcc01][-][FFA94D][도면][-] 레이저 조준기,[ffcc01][-][FFA94D][Schemat][-] Celownik laserowy,[ffcc01][-][FFA94D][Diagrama][-] Modificação de Mira à Laser,[ffcc01][-][FFA94D][Схема][-] Модификация «Лазерный целеуказатель»,[ffcc01][-][FFA94D][Şema][-] Lazerli Nişangâh Modu,[ffcc01][-][FFA94D][设计图][-] 激光瞄准器,[ffcc01][-][FFA94D][原理圖][-] 激光瞄準器
modGunMagazineExtenderSchematic,items,Schematic,,,,[ffcc01][-][FFA94D][Schematic][-] Magazine Extender,,[ffcc01][-][FFA94D][Bauplan][-] Magazinvergrößerungs,[ffcc01][-][FFA94D][Esquema][-] Modificación de ampliación de cargador,[ffcc01][-][FFA94D][Schéma][-] Modification de magasin XXL,[ffcc01][-][FFA94D][Schema][-] Modifica dell'estensione del caricatore,[ffcc01][-][FFA94D][設計図][-] 弾倉拡張,[ffcc01][-][FFA94D][도면][-] 탄창 확장,[ffcc01][-][FFA94D][Schemat][-] Przedłużenie magazynka,[ffcc01][-][FFA94D][Diagrama][-] Modificação de Extensor de Pente,[ffcc01][-][FFA94D][Схема][-] Модификация «Увеличенный магазин»,[ffcc01][-][FFA94D][Şema][-] Şarjör Uzatıcı,[ffcc01][-][FFA94D][设计图][-] 弹匣扩充,[ffcc01][-][FFA94D][原理圖][-] 彈藥擴展
modGunMeleeRadRemoverSchematic,items,Schematic,,,,[ffcc01][-][FFA94D][Schematic][-] Rad Remover,,[ffcc01][-][FFA94D][Bauplan][-] Strahlungsentferner,[ffcc01][-][FFA94D][Esquema][-] Modificación eliminación de irradiados,[ffcc01][-][FFA94D][Schéma][-] Modification d'élimination des radiations,[ffcc01][-][FFA94D][Schema][-] Modifica del togli-radiazioni,[ffcc01][-][FFA94D][設計図][-] 放射能除去装置,[ffcc01][-][FFA94D][도면][-] 방사능 제거,[ffcc01][-][FFA94D][Schemat][-] Neutralizator promieniowania,[ffcc01][-][FFA94D][Diagrama][-] Modificação Remove-radiação,[ffcc01][-][FFA94D][Схема][-] Модификация «Подавитель радиации»,[ffcc01][-][FFA94D][Şema][-] Radyasyon Yok Edici Modu,[ffcc01][-][FFA94D][设计图][-] 辐射去除,[ffcc01][-][FFA94D][原理圖][-] 輻射去除劑
modGunMeleeTheHunterSchematic,items,Schematic,,,,[ffcc01][-][FFA94D][Schematic][-] The Hunter,,[ffcc01][-][FFA94D][Bauplan][-] Die Jäger,[ffcc01][-][FFA94D][Esquema][-] Modificación cazador,[ffcc01][-][FFA94D][Schéma][-] Modification du chasseur,[ffcc01][-][FFA94D][Schema][-] Modifica del cacciatore,[ffcc01][-][FFA94D][設計図][-] ハンター,[ffcc01][-][FFA94D][도면][-] 사냥꾼,[ffcc01][-][FFA94D][Schemat][-] Łowca,[ffcc01][-][FFA94D][Diagrama][-] Modificação O Caçador,[ffcc01][-][FFA94D][Схема][-] Модификация «Охотник»,[ffcc01][-][FFA94D][Şema][-] Avcı Modu,[ffcc01][-][FFA94D][设计图][-] 猎人,[ffcc01][-][FFA94D][原理圖][-] 獵人
modGunMuzzleBrakeSchematic,items,Schematic,,,,[ffcc01][-][FFA94D][Schematic][-] Muzzle Brake,,[ffcc01][-][FFA94D][Bauplan][-] Mündungsbremse,[ffcc01][-][FFA94D][Esquema][-] Modificación freno de mordaza,[ffcc01][-][FFA94D][Schéma][-] Modification de frein de bouche,[ffcc01][-][FFA94D][Schema][-] Modifica del compensatore,[ffcc01][-][FFA94D][設計図][-] マズルブレーキ,[ffcc01][-][FFA94D][도면][-] 소염기,[ffcc01][-][FFA94D][Schemat][-] Hamulec wylotowy,[ffcc01][-][FFA94D][Diagrama][-] Modificação de Freio de Boca,[ffcc01][-][FFA94D][Схема][-] Модификация «Дульный тормоз»,[ffcc01][-][FFA94D][Şema][-] Namlu Ağız Baskısı Modu,[ffcc01][-][FFA94D][设计图][-] 枪口制动,[ffcc01][-][FFA94D][原理圖][-] 炮口制退器
modGunReflexSightSchematic,items,Schematic,,,,[ffcc01][-][FFA94D][Schematic][-] Reflex Sight,,[ffcc01][-][FFA94D][Bauplan][-] Reflexzielen,[ffcc01][-][FFA94D][Esquema][-] Modificación mira holográfica,[ffcc01][-][FFA94D][Schéma][-] Modification de viseur point rouge,[ffcc01][-][FFA94D][Schema][-] Modifica del mirino red dot,[ffcc01][-][FFA94D][設計図][-] リフレックス照準,[ffcc01][-][FFA94D][도면][-] 반사조준경,[ffcc01][-][FFA94D][Schemat][-] Celownik kolimatorowy,[ffcc01][-][FFA94D][Diagrama][-] Modificação de Mira Reflexiva,[ffcc01][-][FFA94D][Схема][-] Модификация «Коллиматорный прицел»,[ffcc01][-][FFA94D][Şema][-] Yansımalı Nişangâh Modu,[ffcc01][-][FFA94D][设计图][-] 反射式瞄准镜,[ffcc01][-][FFA94D][原理圖][-] 反射式瞄準器
modGunRetractingStockSchematic,items,Schematic,,,,[ffcc01][-][FFA94D][Schematic][-] Retracting Stock,,[ffcc01][-][FFA94D][Bauplan][-] Einziehbarer-Schaft,[ffcc01][-][FFA94D][Esquema][-] Modificación culata retráctil,[ffcc01][-][FFA94D][Schéma][-] Modification de crosse rétractable,[ffcc01][-][FFA94D][Schema][-] Modifica del calcio retrattile,[ffcc01][-][FFA94D][設計図][-] リトラクタブルストック,[ffcc01][-][FFA94D][도면][-] 수축식 개머리판,[ffcc01][-][FFA94D][Schemat][-] Wysuwana kolba,[ffcc01][-][FFA94D][Diagrama][-] Modificação de Coronha Retrátil,[ffcc01][-][FFA94D][Схема][-] Модификация «Складной приклад»,[ffcc01][-][FFA94D][Şema][-] Geri Çekilebilen Dipçik Modu,[ffcc01][-][FFA94D][设计图][-] 收缩枪托,[ffcc01][-][FFA94D][原理圖][-] 伸縮式槍託
modGunScopeLargeSchematic,items,Schematic,,,,[ffcc01][-][FFA94D][Schematic][-] Scope 8x,,[ffcc01][-][FFA94D][Bauplan][-] Sichtbereich-8x,[ffcc01][-][FFA94D][Esquema][-] Modificación mira x8,[ffcc01][-][FFA94D][Schéma][-] Modification de lunette x8,[ffcc01][-][FFA94D][Schema][-] Modifica del mirino 8x,[ffcc01][-][FFA94D][設計図][-] 8xスコープ,[ffcc01][-][FFA94D][도면][-] 8배 스코프,[ffcc01][-][FFA94D][Schemat][-] Luneta 8x,[ffcc01][-][FFA94D][Diagrama][-] Modificação de Mira 8x,[ffcc01][-][FFA94D][Схема][-] Модификация «8-кратный оптический прицел»,[ffcc01][-][FFA94D][Şema][-] Dürbün 8x Modu,[ffcc01][-][FFA94D][设计图][-] 8倍镜,[ffcc01][-][FFA94D][原理圖][-] 瞄準 8x
modGunScopeMediumSchematic,items,Schematic,,,,[ffcc01][-][FFA94D][Schematic][-] Scope 4x,,[ffcc01][-][FFA94D][Bauplan][-] Sichtbereich-4x,[ffcc01][-][FFA94D][Esquema][-] Modificación mira x4,[ffcc01][-][FFA94D][Schéma][-] Modification de lunette x4,[ffcc01][-][FFA94D][Schema][-] Modifica del mirino 4x,[ffcc01][-][FFA94D][設計図][-] 4xスコープ,[ffcc01][-][FFA94D][도면][-] 4배 스코프,[ffcc01][-][FFA94D][Schemat][-] Luneta 4x,[ffcc01][-][FFA94D][Diagrama][-] Modificação de Mira 4x,[ffcc01][-][FFA94D][Схема][-] Модификация «4-кратный оптический прицел»,[ffcc01][-][FFA94D][Şema][-] Dürbün 4x Modu,[ffcc01][-][FFA94D][设计图][-] 4倍镜,[ffcc01][-][FFA94D][原理圖][-] 瞄準 4x
modGunScopeSmallSchematic,items,Schematic,,,,[ffcc01][-][FFA94D][Schematic][-] Scope 2x,,[ffcc01][-][FFA94D][Bauplan][-] Sichtbereich-2x,[ffcc01][-][FFA94D][Esquema][-] Modificación mira x2,[ffcc01][-][FFA94D][Schéma][-] Modification de lunette x2,[ffcc01][-][FFA94D][Schema][-] Modifica del mirino 2x,[ffcc01][-][FFA94D][設計図][-] 2xスコープ,[ffcc01][-][FFA94D][도면][-] 2배 스코프,[ffcc01][-][FFA94D][Schemat][-] Luneta 2x,[ffcc01][-][FFA94D][Diagrama][-] Modificação de Mira 2x,[ffcc01][-][FFA94D][Схема][-] Модификация «2-кратный оптический прицел»,[ffcc01][-][FFA94D][Şema][-] Dürbün 2x Modu,[ffcc01][-][FFA94D][设计图][-] 2倍镜,[ffcc01][-][FFA94D][原理圖][-] 瞄準 2x
modGunSoundSuppressorSilencerSchematic,items,Schematic,,,,[ffcc01][-][FFA94D][Schematic][-] Silencer,,[ffcc01][-][FFA94D][Bauplan][-] Schalldämpfer,[ffcc01][-][FFA94D][Esquema][-] Modificación silenciador,[ffcc01][-][FFA94D][Schéma][-] Modification de silencieux,[ffcc01][-][FFA94D][Schema][-] Modifica del silenziatore,[ffcc01][-][FFA94D][設計図][-] サイレンサー,[ffcc01][-][FFA94D][도면][-] 소음기,[ffcc01][-][FFA94D][Schemat][-] Tłumik,[ffcc01][-][FFA94D][Diagrama][-] Modificação de Silenciador,[ffcc01][-][FFA94D][Схема][-] Модификация «Глушитель»,[ffcc01][-][FFA94D][Şema][-] Susturucu Modu,[ffcc01][-][FFA94D][设计图][-] 消声器,[ffcc01][-][FFA94D][原理圖][-] 消音器
modGunTriggerGroupAutomaticSchematic,items,Schematic,,,,[ffcc01][-][FFA94D][Schematic][-] Trigger Group: Full Auto,,[ffcc01][-][FFA94D][Bauplan][-] Auslösergruppe: Vollautomatik,[ffcc01][-][FFA94D][Esquema][-] Conjunto del gatillo: Modificación todo automático,[ffcc01][-][FFA94D][Schéma][-] Corps de la gâchette : modification automatique,[ffcc01][-][FFA94D][Schema][-] Gruppo scatto: Modifica delle armi automatiche,[ffcc01][-][FFA94D][設計図][-] 引き金式武器グループ:フルオート,[ffcc01][-][FFA94D][도면][-] 방아쇠 그룹: 완전 자동 모드,[ffcc01][-][FFA94D][Schemat][-] Mechanizm spustowy: W pełni automatyczny,[ffcc01][-][FFA94D][Diagrama][-] Classe de Gatilho: Modificação de Modo Automático Total,[ffcc01][-][FFA94D][Схема][-] Спусковой механизм: Модификация «Автоматический»,[ffcc01][-][FFA94D][Şema][-] Tetik Grubu: Tam Otomatik,[ffcc01][-][FFA94D][设计图][-] 触发器组：全自动,[ffcc01][-][FFA94D][原理圖][-] 扳機集合：全自動
modGunTriggerGroupBurst3Schematic,items,Schematic,,,,[ffcc01][-][FFA94D][Schematic][-] Trigger Group: Burst,,[ffcc01][-][FFA94D][Bauplan][-] Auslösergruppe: Feuerstoß,[ffcc01][-][FFA94D][Esquema][-] Conjunto del gatillo: Modificación ráfagas,[ffcc01][-][FFA94D][Schéma][-] Corps de la gâchette : modification rafale,[ffcc01][-][FFA94D][Schema][-] Gruppo scatto: Modifica della raffica,[ffcc01][-][FFA94D][設計図][-] 引き金式武器グループ:バースト,[ffcc01][-][FFA94D][도면][-] 방아쇠 그룹: 파열,[ffcc01][-][FFA94D][Schemat][-] Mechanizm spustowy: Seryjny,[ffcc01][-][FFA94D][Diagrama][-] Classe de Gatilho: Modificação de Explosão,[ffcc01][-][FFA94D][Схема][-] Спусковой механизм: Модификация «Очередь с отсечкой»,[ffcc01][-][FFA94D][Şema][-] Tetik Grubu: Seri Atış Modu,[ffcc01][-][FFA94D][设计图][-] 触发器组：三发点放,[ffcc01][-][FFA94D][原理圖][-] 扳機集合：點射
modGunTriggerGroupSemiSchematic,items,Schematic,,,,[ffcc01][-][FFA94D][Schematic][-] Trigger Group: Semi,,[ffcc01][-][FFA94D][Bauplan][-] Auslösergruppe: Halbautomatik,[ffcc01][-][FFA94D][Esquema][-] Conjunto del gatillo: Modificación semi,[ffcc01][-][FFA94D][Schéma][-] Corps de la gâchette : modification semi-automatique,[ffcc01][-][FFA94D][Schema][-] Gruppo scatto: Modifica delle armi semiautomatiche,[ffcc01][-][FFA94D][設計図][-] 引き金式武器グループ:セミ,[ffcc01][-][FFA94D][도면][-] 방아쇠 그룹: 반자동,[ffcc01][-][FFA94D][Schemat][-] Mechanizm spustowy: Półautomatyczny,[ffcc01][-][FFA94D][Diagrama][-] Classe de Gatilho: Modificação de Modo Semiautomático,[ffcc01][-][FFA94D][Схема][-] Спусковой механизм: Модификация «Полуавтоматический»,[ffcc01][-][FFA94D][Şema][-] Tetik Grubu: Yarı Otomatik Modu,[ffcc01][-][FFA94D][设计图][-] 触发器组：半自动,[ffcc01][-][FFA94D][原理圖][-] 扳機集合：半自動
modMeleeBunkerBusterSchematic,items,Schematic,,,,[ffcc01][-][FFA94D][Schematic][-] Bunker Buster,,[ffcc01][-][FFA94D][Bauplan][-] Bunkerknacker,[ffcc01][-][FFA94D][Esquema][-] Modificación destrucción de búnkeres,[ffcc01][-][FFA94D][Schéma][-] Modification de concasseur,[ffcc01][-][FFA94D][Schema][-] Modifica della punta dorata,[ffcc01][-][FFA94D][設計図][-] バンカーバスター,[ffcc01][-][FFA94D][도면][-] 벙커 버스터,[ffcc01][-][FFA94D][Schemat][-] Niszczyciel bunkrów,[ffcc01][-][FFA94D][Diagrama][-] Modificação de Antibunker,[ffcc01][-][FFA94D][Схема][-] Модификация «Подрывник»,[ffcc01][-][FFA94D][Şema][-] Sığınak Patlatıcı,[ffcc01][-][FFA94D][设计图][-] 掩体炸弹,[ffcc01][-][FFA94D][原理圖][-] 掩體炸彈
modMeleeClubBarbedWireSchematic,items,Schematic,,,,[ffcc01][-][FFA94D][Schematic][-] Barbed Wire,,[ffcc01][-][FFA94D][Bauplan][-] Stacheldraht,[ffcc01][-][FFA94D][Esquema][-] Modificación cable con pinchos,[ffcc01][-][FFA94D][Schéma][-] Modification de barbelé,[ffcc01][-][FFA94D][Schema][-] Modifica del filo spinato,[ffcc01][-][FFA94D][設計図][-] 有刺鉄線,[ffcc01][-][FFA94D][도면][-] 가시철사,[ffcc01][-][FFA94D][Schemat][-] Drut kolczasty,[ffcc01][-][FFA94D][Diagrama][-] Modificação de Arame Farpado,[ffcc01][-][FFA94D][Схема][-] Модификация «Колючая проволока»,[ffcc01][-][FFA94D][Şema][-] Dikenli Tel Modu,[ffcc01][-][FFA94D][设计图][-] 铁丝网,[ffcc01][-][FFA94D][原理圖][-] 帶刺鐵絲網
modMeleeClubBurningShaftSchematic,items,Schematic,,,,[ffcc01][-][FFA94D][Schematic][-] Burning Shaft,,[ffcc01][-][FFA94D][Bauplan][-] Brennender-Schaft,[ffcc01][-][FFA94D][Esquema][-] Modificación pozo de combustión,[ffcc01][-][FFA94D][Schéma][-] Modification de tige enflammée,[ffcc01][-][FFA94D][Schema][-] Modifica dell'asta incandescente,[ffcc01][-][FFA94D][設計図][-] バーニングシャフト,[ffcc01][-][FFA94D][도면][-] 화염 자루,[ffcc01][-][FFA94D][Schemat][-] Płonący drąg,[ffcc01][-][FFA94D][Diagrama][-] Modificação de Setas Flamejantes,[ffcc01][-][FFA94D][Схема][-] Модификация «Пылающий прут»,[ffcc01][-][FFA94D][Şema][-] Yanan Değnek Modu,[ffcc01][-][FFA94D][设计图][-] 燃烧杆,[ffcc01][-][FFA94D][原理圖][-] 燃燒桿
modMeleeClubMetalSpikesSchematic,items,Schematic,,,,[ffcc01][-][FFA94D][Schematic][-] Metal Spikes,,[ffcc01][-][FFA94D][Bauplan][-] Metallstachel,[ffcc01][-][FFA94D][Esquema][-] Modificación pinchos de metal,[ffcc01][-][FFA94D][Schéma][-] Modification de piques en métal,[ffcc01][-][FFA94D][Schema][-] Modifica degli spuntoni di metallo,[ffcc01][-][FFA94D][設計図][-] メタルスパイク,[ffcc01][-][FFA94D][도면][-] 금속 스파이크,[ffcc01][-][FFA94D][Schemat][-] Metalowe kolce,[ffcc01][-][FFA94D][Diagrama][-] Modificação de Cravos de Metal,[ffcc01][-][FFA94D][Схема][-] Модификация «Металлические шипы»,[ffcc01][-][FFA94D][Şema][-] Metal Diken Modu,[ffcc01][-][FFA94D][设计图][-] 金属长钉,[ffcc01][-][FFA94D][原理圖][-] 金屬釘
modMeleeErgonomicGripSchematic,items,Schematic,,,,[ffcc01][-][FFA94D][Schematic][-] Ergonomic Grip,,[ffcc01][-][FFA94D][Bauplan][-] Ergonomischer-Griff,[ffcc01][-][FFA94D][Esquema][-] Modificación de empuñadura ergonómica,[ffcc01][-][FFA94D][Schéma][-] Modification de poignée ergonomique,[ffcc01][-][FFA94D][Schema][-] Modifica della presa ergonomica,[ffcc01][-][FFA94D][設計図][-] エルゴグリップ,[ffcc01][-][FFA94D][도면][-] 인체 공학 손잡이,[ffcc01][-][FFA94D][Schemat][-] Ergonomiczny uchwyt,[ffcc01][-][FFA94D][Diagrama][-] Modificação de Empunhadura Ergonômica,[ffcc01][-][FFA94D][Схема][-] Модификация «Эргономичная рукоять»,[ffcc01][-][FFA94D][Şema][-] Ergonomik Tutuş Modu,[ffcc01][-][FFA94D][设计图][-] 人体工学握把,[ffcc01][-][FFA94D][原理圖][-] 符合人體工程學的握把
modMeleeFortifyingGripSchematic,items,Schematic,,,,[ffcc01][-][FFA94D][Schematic][-] Fortifying Grip,,[ffcc01][-][FFA94D][Bauplan][-] Bekräftigender-Griff,[ffcc01][-][FFA94D][Esquema][-] Modificación empuñadura robusta,[ffcc01][-][FFA94D][Schéma][-] Modification de poignée revigorante,[ffcc01][-][FFA94D][Schema][-] Modifica della presa vigorosa,[ffcc01][-][FFA94D][設計図][-] 防備グリップ,[ffcc01][-][FFA94D][도면][-] 강화 손잡이,[ffcc01][-][FFA94D][Schemat][-] Wzmacniający uchwyt,[ffcc01][-][FFA94D][Diagrama][-] Modificação de Empunhadura Fortificante,[ffcc01][-][FFA94D][Схема][-] Модификация «Усиленная рукоять»,[ffcc01][-][FFA94D][Şema][-] Güçlü Tutma Modu,[ffcc01][-][FFA94D][设计图][-] 强化握把,[ffcc01][-][FFA94D][原理圖][-] 強化握把
modMeleeGraveDiggerSchematic,items,Schematic,,,,[ffcc01][-][FFA94D][Schematic][-] Grave Digger,,[ffcc01][-][FFA94D][Bauplan][-] Totengräber,[ffcc01][-][FFA94D][Esquema][-] Modificación enterrador,[ffcc01][-][FFA94D][Schéma][-] Modification du fossoyeur,[ffcc01][-][FFA94D][Schema][-] Modifica del necroforo,[ffcc01][-][FFA94D][設計図][-] 墓守,[ffcc01][-][FFA94D][도면][-] 무덤 굴착,[ffcc01][-][FFA94D][Schemat][-] Grabarz,[ffcc01][-][FFA94D][Diagrama][-] Modificação Cava-tumbas,[ffcc01][-][FFA94D][Схема][-] Модификация «Расхититель могил»,[ffcc01][-][FFA94D][Şema][-] Mezar Kazıcı Modu,[ffcc01][-][FFA94D][设计图][-] 掘墓者,[ffcc01][-][FFA94D][原理圖][-] 盜墓者
modMeleeIronBreakerSchematic,items,Schematic,,,,[ffcc01][-][FFA94D][Schematic][-] Iron Breaker,,[ffcc01][-][FFA94D][Bauplan][-] Eisenbrecher,[ffcc01][-][FFA94D][Esquema][-] Modificación rompehierros,[ffcc01][-][FFA94D][Schéma][-] Modification du brise-fer,[ffcc01][-][FFA94D][Schema][-] Modifica dello spaccaferro,[ffcc01][-][FFA94D][設計図][-] アイアンブレーカー,[ffcc01][-][FFA94D][도면][-] 강철제 브레이커,[ffcc01][-][FFA94D][Schemat][-] Żelazołamacz,[ffcc01][-][FFA94D][Diagrama][-] Modificação Quebra-ferro,[ffcc01][-][FFA94D][Схема][-] Модификация «Железолом»,[ffcc01][-][FFA94D][Şema][-] Demir Kırıcı Modu,[ffcc01][-][FFA94D][设计图][-] 铁见愁,[ffcc01][-][FFA94D][原理圖][-] 碎鐵戰士
modMeleeSerratedBladeSchematic,items,Schematic,,,,[ffcc01][-][FFA94D][Schematic][-] Serrated Blade,,[ffcc01][-][FFA94D][Bauplan][-] Gezähnte-Klinge,[ffcc01][-][FFA94D][Esquema][-] Modificación hoja dentada,[ffcc01][-][FFA94D][Schéma][-] Modification de lame en dents de scie,[ffcc01][-][FFA94D][Schema][-] Modifica della lama seghettata,[ffcc01][-][FFA94D][設計図][-] ノコギリブレード,[ffcc01][-][FFA94D][도면][-] 톱날,[ffcc01][-][FFA94D][Schemat][-] Ząbkowane ostrze,[ffcc01][-][FFA94D][Diagrama][-] Modificação de Lâmina Serrilhada,[ffcc01][-][FFA94D][Схема][-] Модификация «Зазубренное лезвие»,[ffcc01][-][FFA94D][Şema][-] Dişli Kılıç Modu,[ffcc01][-][FFA94D][设计图][-] 锯齿刀片,[ffcc01][-][FFA94D][原理圖][-] 鋸齒利刃
modMeleeStructuralBraceSchematic,items,Schematic,,,,[ffcc01][-][FFA94D][Schematic][-] Structural Brace,,[ffcc01][-][FFA94D][Bauplan][-] Strukturelle-Klammer,[ffcc01][-][FFA94D][Esquema][-] Modificación soporte estructural,[ffcc01][-][FFA94D][Schéma][-] Modification de structure renforcée,[ffcc01][-][FFA94D][Schema][-] Modifica del tutore strutturale,[ffcc01][-][FFA94D][設計図][-] 構造ブレース,[ffcc01][-][FFA94D][도면][-] 구조적 죔쇠,[ffcc01][-][FFA94D][Schemat][-] Wzmocnienie struktury,[ffcc01][-][FFA94D][Diagrama][-] Modificação de Braçadeira de Estrutura,[ffcc01][-][FFA94D][Схема][-] Модификация «Конструктивное усиление»,[ffcc01][-][FFA94D][Şema][-] İnşaat Teli Modu,[ffcc01][-][FFA94D][设计图][-] 结构支撑,[ffcc01][-][FFA94D][原理圖][-] 結構支撐
modMeleeTemperedBladeSchematic,items,Schematic,,,,[ffcc01][-][FFA94D][Schematic][-] Tempered Blade,,[ffcc01][-][FFA94D][Bauplan][-] Temperierte-Klinge,[ffcc01][-][FFA94D][Esquema][-] Modificación hoja templada,[ffcc01][-][FFA94D][Schéma][-] Modification de lame trempée,[ffcc01][-][FFA94D][Schema][-] Modifica della lama temperata,[ffcc01][-][FFA94D][設計図][-] 焼き入れブレード,[ffcc01][-][FFA94D][도면][-] 강화 칼날,[ffcc01][-][FFA94D][Schemat][-] Hartowane ostrze,[ffcc01][-][FFA94D][Diagrama][-] Modificação de Lâmina Temperada,[ffcc01][-][FFA94D][Схема][-] Модификация «Закаленная сталь»,[ffcc01][-][FFA94D][Şema][-] Tavlı Kılıç Modu,[ffcc01][-][FFA94D][设计图][-] 钢化刀片,[ffcc01][-][FFA94D][原理圖][-] 強化刀片
modMeleeWeightedHeadSchematic,items,Schematic,,,,[ffcc01][-][FFA94D][Schematic][-] Weighted Head,,[ffcc01][-][FFA94D][Bauplan][-] Beschwerter-Kopf,[ffcc01][-][FFA94D][Esquema][-] Modificación cabeza ponderada,[ffcc01][-][FFA94D][Schéma][-] Modification de tête lestée,[ffcc01][-][FFA94D][Schema][-] Modifica della testa appesantita,[ffcc01][-][FFA94D][設計図][-] おもりヘッド,[ffcc01][-][FFA94D][도면][-] 무거운 헤드,[ffcc01][-][FFA94D][Schemat][-] Wyważona głownia,[ffcc01][-][FFA94D][Diagrama][-] Modificação Cabeça Pesada,[ffcc01][-][FFA94D][Схема][-] Модификация «Утяжелитель»,[ffcc01][-][FFA94D][Şema][-] Ağır Topuz Modu,[ffcc01][-][FFA94D][设计图][-] 重头,[ffcc01][-][FFA94D][原理圖][-] 頭部加重
modMeleeWoodSplitterSchematic,items,Schematic,,,,[ffcc01][-][FFA94D][Schematic][-] Wood Splitter,,[ffcc01][-][FFA94D][Bauplan][-] Holzsplitter,[ffcc01][-][FFA94D][Esquema][-] Modificación cortamaderas,[ffcc01][-][FFA94D][Schéma][-] Modification de fendeur,[ffcc01][-][FFA94D][Schema][-] Modifica dello spaccalegna,[ffcc01][-][FFA94D][設計図][-] ウッドスプリッター,[ffcc01][-][FFA94D][도면][-] 목재 절삭기,[ffcc01][-][FFA94D][Schemat][-] Rozłupywarka drewna — schemat,[ffcc01][-][FFA94D][Diagrama][-] Modificação Racha Madeira,[ffcc01][-][FFA94D][Схема][-] Модификация «Колун»,[ffcc01][-][FFA94D][Şema][-] Tahta Bölücü Modu,[ffcc01][-][FFA94D][设计图][-] 劈木,[ffcc01][-][FFA94D][原理圖][-] 伐木機
modRoboticDroneArmorPlatingModSchematic,items,Schematic,,,,[ffcc01][-][FFA94D][Schematic][-] Robotic Drone Armor Plating,,[ffcc01][-][FFA94D][Bauplan][-] Robotik-Drohne-Panzerplatten,[ffcc01][-][FFA94D][Esquema][-] Modificación de placas de armaduras de dron robótico,[ffcc01][-][FFA94D][Schéma][-] Modification de blindage d'armure pour drone robotique,[ffcc01][-][FFA94D][Schema][-] Modifica piastre per armatura Drone robotico,[ffcc01][-][FFA94D][設計図][-] ロボットドローンアーマープレーティング,[ffcc01][-][FFA94D][도면][-] 로보틱 드론 갑옷 플레이트,[ffcc01][-][FFA94D][Schemat][-] Pancerz płytowy robotycznego drona,[ffcc01][-][FFA94D][Diagrama][-] Modificação de Placa de Blindagem de Drone Robótico,[ffcc01][-][FFA94D][Схема][-] Модификация роботизированного дрона «Бронепластины»,[ffcc01][-][FFA94D][Şema][-] Robot Drone Zırh Plakası Modu,[ffcc01][-][FFA94D][设计图][-] 机器人无人机装甲板,[ffcc01][-][FFA94D][原理圖][-] 機器人無人機護甲防護板
modRoboticDroneCargoModSchematic,items,Schematic,,,,[ffcc01][-][FFA94D][Schematic][-] Robotic Drone Cargo,,[ffcc01][-][FFA94D][Bauplan][-] Robotik-Drohne-Fracht,[ffcc01][-][FFA94D][Esquema][-] Modificación de cargamento de dron robótico,[ffcc01][-][FFA94D][Schéma][-] Modification cargo pour drone robotique,[ffcc01][-][FFA94D][Schema][-] Modifica carico del drone robotico,[ffcc01][-][FFA94D][設計図][-] ロボットドローンカーゴ,[ffcc01][-][FFA94D][도면][-] 로보틱 드론 화물,[ffcc01][-][FFA94D][Schemat][-] Bagażnik robotycznego drona,[ffcc01][-][FFA94D][Diagrama][-] Modificação de Carga de Drone Robótico,[ffcc01][-][FFA94D][Схема][-] Модификация роботизированного дрона «Грузоподъемность»,[ffcc01][-][FFA94D][Şema][-] Robot Drone Kargo Modu,[ffcc01][-][FFA94D][设计图][-] 机器人无人机储物,[ffcc01][-][FFA94D][原理圖][-] 機器人無人機儲物
modRoboticDroneHeadlampModSchematic,items,Schematic,,,,[ffcc01][-][FFA94D][Schematic][-] Robotic Headlamp,,[ffcc01][-][FFA94D][Bauplan][-] Robotik-Drohne-Scheinwerfer,[ffcc01][-][FFA94D][Esquema][-] Modificación de linterna de dron robótico,[ffcc01][-][FFA94D][Schéma][-] Modification de lampe frontale pour drone robotique,[ffcc01][-][FFA94D][Schema][-] Modifica luce frontale del drone robotico,[ffcc01][-][FFA94D][設計図][-] ロボットドローンヘッドランプ,[ffcc01][-][FFA94D][도면][-] 로보틱 헤드램프,[ffcc01][-][FFA94D][Schemat][-] Lampa robotycznego drona,[ffcc01][-][FFA94D][Diagrama][-] Modificação de Farol de Drone Robótico,[ffcc01][-][FFA94D][Схема][-] Модификация роботизированного дрона «Прожектор»,[ffcc01][-][FFA94D][Şema][-] Robot Drone Far Modu,[ffcc01][-][FFA94D][设计图][-] 机器人无人机头灯,[ffcc01][-][FFA94D][原理圖][-] 機器人無人機頭燈
modRoboticDroneMedicModSchematic,items,Schematic,,,,[ffcc01][-][FFA94D][Schematic][-] Robotic Drone Medic,,[ffcc01][-][FFA94D][Bauplan][-] Robotik-Drohne-Medizin,[ffcc01][-][FFA94D][Esquema][-] Modificación médica de dron robótico,[ffcc01][-][FFA94D][Schéma][-] Modification médicale pour drone robotique,[ffcc01][-][FFA94D][Schema][-] Modifica medica del drone robotico,[ffcc01][-][FFA94D][設計図][-] ロボットドローン医療,[ffcc01][-][FFA94D][도면][-] 로보틱 드론 의료,[ffcc01][-][FFA94D][Schemat][-] Robotyczny dron medyk,[ffcc01][-][FFA94D][Diagrama][-] Modificação de Médico de Drone Robótico,[ffcc01][-][FFA94D][Схема][-] Модификация роботизированного дрона «Медик»,[ffcc01][-][FFA94D][Şema][-] Robot Drone Sıhhiye Modu,[ffcc01][-][FFA94D][设计图][-] 机器人无人机医疗,[ffcc01][-][FFA94D][原理圖][-] 機器人無人機醫療
modRoboticDroneMoraleBoosterModSchematic,items,Schematic,,,,[ffcc01][-][FFA94D][Schematic][-] Robotic Drone Morale Booster,,[ffcc01][-][FFA94D][Bauplan][-] Robotik-Drohne-Booster,[ffcc01][-][FFA94D][Esquema][-] Modificación de apoyo moral de dron robótico,[ffcc01][-][FFA94D][Schéma][-] Modification de boost de moral pour drone robotique,[ffcc01][-][FFA94D][Schema][-] Modifica rinforzo morale del drone robotico,[ffcc01][-][FFA94D][設計図][-] ロボットドローン士気ブースター,[ffcc01][-][FFA94D][도면][-] 로보틱 드론 사기 증진,[ffcc01][-][FFA94D][Schemat][-] Dopalenie morale robotycznego drona,[ffcc01][-][FFA94D][Diagrama][-] Modificação de Incentivo de Moral de Drone Robótico,[ffcc01][-][FFA94D][Схема][-] Модификация роботизированного дрона «Поддержка»,[ffcc01][-][FFA94D][Şema][-] Robot Drone Moral Desteği Modu,[ffcc01][-][FFA94D][设计图][-] 机器人无人机鼓舞士气,[ffcc01][-][FFA94D][原理圖][-] 機器人無人機鼓舞士氣
modShotgunSawedOffBarrelSchematic,items,Schematic,,,,[ffcc01][-][FFA94D][Schematic][-] Sawed-Off Shotgun,,[ffcc01][-][FFA94D][Bauplan][-] Abgesägte-Schrotflinte,[ffcc01][-][FFA94D][Esquema][-] Modificación escopeta serrada,[ffcc01][-][FFA94D][Schéma][-] Modification de fusil à canon scié,[ffcc01][-][FFA94D][Schema][-] Modifica del fucile a canne segate,[ffcc01][-][FFA94D][設計図][-] ソードオフ・ショットガン,[ffcc01][-][FFA94D][도면][-] 총신 절단 샷건,[ffcc01][-][FFA94D][Schemat][-] Obrzyn,[ffcc01][-][FFA94D][Diagrama][-] Modificação de Espingarda de Cano Serrado,[ffcc01][-][FFA94D][Схема][-] Модификация «Обрез»,[ffcc01][-][FFA94D][Şema][-] Namlusu Kesik Pompalı Tüfek Modu,[ffcc01][-][FFA94D][设计图][-] 削短型霰弹枪,[ffcc01][-][FFA94D][原理圖][-] 短管散彈獵槍
modVehicleArmorSchematic,items,Schematic,,,,[ffcc01][-][FFA94D][Schematic][-] Vehicle Armor,,[ffcc01][-][FFA94D][Bauplan][-] Fahrzeugrüstung,[ffcc01][-][FFA94D][Esquema][-] Modificación de vehículo blindado,[ffcc01][-][FFA94D][Schéma][-] Modification d'armure de véhicule,[ffcc01][-][FFA94D][Schema][-] Modifica dell'armatura del veicolo,[ffcc01][-][FFA94D][設計図][-] 車両用アーマー,[ffcc01][-][FFA94D][도면][-] 차량 방어구 모드,[ffcc01][-][FFA94D][Schemat][-] Pancerz pojazdu,[ffcc01][-][FFA94D][Diagrama][-] Modificação de armadura de veículo,[ffcc01][-][FFA94D][Схема][-] Модификация транспорта «Броня»,[ffcc01][-][FFA94D][Şema][-] Araç Zırh Modu,[ffcc01][-][FFA94D][设计图][-] 载具护甲,[ffcc01][-][FFA94D][原理圖][-] 車輛護甲
modVehicleExpandedSeatSchematic,items,Schematic,,,,[ffcc01][-][FFA94D][Schematic][-] Vehicle Expanded Seating,,[ffcc01][-][FFA94D][Bauplan][-] Fahrzeug-Sitzplatz,[ffcc01][-][FFA94D][Esquema][-] Modificación de más asientos para vehículos,[ffcc01][-][FFA94D][Schéma][-] Modification de capacité assise augmentée de véhicule,[ffcc01][-][FFA94D][Schema][-] Modifica aggiunta posti a sedere del veicolo,[ffcc01][-][FFA94D][設計図][-] 車両用座席拡大,[ffcc01][-][FFA94D][도면][-] 차량 좌석 확장,[ffcc01][-][FFA94D][Schemat][-] Dodatkowe siedzenia w pojeździe,[ffcc01][-][FFA94D][Diagrama][-] Modificação de Assento Expandido de Veículo,[ffcc01][-][FFA94D][Схема][-] Модификация транспорта «Пассажировместимость»,[ffcc01][-][FFA94D][Şema][-] Araç Fazladan Koltuk Modu,[ffcc01][-][FFA94D][设计图][-] 载具扩展座椅,[ffcc01][-][FFA94D][原理圖][-] 車輛加大座椅
modVehicleFuelSaverSchematic,items,Schematic,,,,[ffcc01][-][FFA94D][Schematic][-] Vehicle Fuel Saver,,[ffcc01][-][FFA94D][Bauplan][-] Fahrzeug-Brennstoffsparer,[ffcc01][-][FFA94D][Esquema][-] Modificación ahorro de combustible de vehículos,[ffcc01][-][FFA94D][Schéma][-] Modification de véhicule économe en carburant,[ffcc01][-][FFA94D][Schema][-] Modifica del risparmio di carburante,[ffcc01][-][FFA94D][設計図][-] 車両用省燃料,[ffcc01][-][FFA94D][도면][-] 차량 연료 절감,[ffcc01][-][FFA94D][Schemat][-] Zestaw redukujący spalanie,[ffcc01][-][FFA94D][Diagrama][-] Modificação Economiza Combustível,[ffcc01][-][FFA94D][Схема][-] Модификация транспорта «Ограничитель расхода топлива»,[ffcc01][-][FFA94D][Şema][-] Araç Yakıt Tasarrufu Modu,[ffcc01][-][FFA94D][设计图][-] 载具节油器,[ffcc01][-][FFA94D][原理圖][-] 車輛節油器
modVehicleOffRoadHeadlightsSchematic,items,Schematic,,,,[ffcc01][-][FFA94D][Schematic][-] Vehicle Off Road Headlights,,[ffcc01][-][FFA94D][Bauplan][-] Gelände-Fahrzeugscheinwerfer,[ffcc01][-][FFA94D][Esquema][-] Modificación de luces todo terreno para vehículos,[ffcc01][-][FFA94D][Schéma][-] Modification de phares hors-pistes de véhicule,[ffcc01][-][FFA94D][Schema][-] Modifica fari fuoristrada del veicolo,[ffcc01][-][FFA94D][設計図][-] 車両用オフロードヘッドライト,[ffcc01][-][FFA94D][도면][-] 차량 오프로드 헤드라이트,[ffcc01][-][FFA94D][Schemat][-] Reflektory terenowe pojazdu,[ffcc01][-][FFA94D][Diagrama][-] Modificação de Farol Veicular Fora de Estrada,[ffcc01][-][FFA94D][Схема][-] Модификация транспорта «Внедорожные фары»,[ffcc01][-][FFA94D][Şema][-] Araç Arazi Farları Modu,[ffcc01][-][FFA94D][设计图][-] 载具越野头灯,[ffcc01][-][FFA94D][原理圖][-] 車輛越野車頭燈
modVehiclePlowSchematic,items,Schematic,,,,[ffcc01][-][FFA94D][Schematic][-] Vehicle Plow,,[ffcc01][-][FFA94D][Bauplan][-] Fahrzeugpflug,[ffcc01][-][FFA94D][Esquema][-] Modificación de arado vehicular,[ffcc01][-][FFA94D][Schéma][-] Modification de charrue de véhicule,[ffcc01][-][FFA94D][Schema][-] Modifica aratro,[ffcc01][-][FFA94D][設計図][-] 車両用プラウ,[ffcc01][-][FFA94D][도면][-] 차량 가래 모드,[ffcc01][-][FFA94D][Schemat][-] Pług pojazdu,[ffcc01][-][FFA94D][Diagrama][-] Modificação de charrua de veículo,[ffcc01][-][FFA94D][Схема][-] Модификация транспорта «Ковш»,[ffcc01][-][FFA94D][Şema][-] Araç Pulluk Modu,[ffcc01][-][FFA94D][设计图][-] 载具犁,[ffcc01][-][FFA94D][原理圖][-] 車輛犁地
modVehicleReserveFuelTankSchematic,items,Schematic,,,,[ffcc01][-][FFA94D][Schematic][-] Vehicle Reserve Fuel Tank,,[ffcc01][-][FFA94D][Bauplan][-] Fahrzeug-Reservetank,[ffcc01][-][FFA94D][Esquema][-] Modificación de tanque de combustible de reserva para vehículos,[ffcc01][-][FFA94D][Schéma][-] Modification du réservoir d'appoint de carburant de véhicule,[ffcc01][-][FFA94D][Schema][-] Modifica riserva di carburante del veicolo,[ffcc01][-][FFA94D][設計図][-] 車両用予備燃料タンク,[ffcc01][-][FFA94D][도면][-] 차량 예비 연료 탱크,[ffcc01][-][FFA94D][Schemat][-] Zapasowy bak pojazdu,[ffcc01][-][FFA94D][Diagrama][-] Modificação de Tanque de Gasolina Reserva de Veículo,[ffcc01][-][FFA94D][Схема][-] Модификация транспорта «Резервный бак»,[ffcc01][-][FFA94D][Şema][-] Araç Yedek Yakıt Deposu Modu,[ffcc01][-][FFA94D][设计图][-] 载具备用油箱,[ffcc01][-][FFA94D][原理圖][-] 車輛儲量油箱
modVehicleSuperChargerSchematic,items,Schematic,,,,[ffcc01][-][FFA94D][Schematic][-] Vehicle Super Charger,,[ffcc01][-][FFA94D][Bauplan][-] Fahrzeug-Superlader,[ffcc01][-][FFA94D][Esquema][-] Modificación de supercarga para vehículos,[ffcc01][-][FFA94D][Schéma][-] Modification du compresseur de véhicule,[ffcc01][-][FFA94D][Schema][-] Modifica super ricarica del veicolo,[ffcc01][-][FFA94D][設計図][-] 車両スーパーチャージャー,[ffcc01][-][FFA94D][도면][-] 차량 슈퍼 차저,[ffcc01][-][FFA94D][Schemat][-] Turbodoładowanie pojazdu,[ffcc01][-][FFA94D][Diagrama][-] Modificação de Supercarregador de Veículo,[ffcc01][-][FFA94D][Схема][-] Модификация транспорта «Заряженный»,[ffcc01][-][FFA94D][Şema][-] Araç Kompresör Modu,[ffcc01][-][FFA94D][设计图][-] 载具增压器,[ffcc01][-][FFA94D][原理圖][-] 車輛超級充電器
plantedGraceCorn1Schematic,items,Schematic,,,,[ffcc01][-][FFA94D][Schematic][-] Super Corn,,[ffcc01][-][FFA94D][Bauplan][-] Super-Mais,[ffcc01][-][FFA94D][Esquema][-] Supermaíz,[ffcc01][-][FFA94D][Schéma][-] Super maïs,[ffcc01][-][FFA94D][Schema][-] Granoturco super,[ffcc01][-][FFA94D][設計図][-] スーパーコーン,[ffcc01][-][FFA94D][도면][-] 슈퍼 옥수수,[ffcc01][-][FFA94D][Schemat][-] Super kukurydza,[ffcc01][-][FFA94D][Diagrama][-] Supermilho,[ffcc01][-][FFA94D][Схема][-] Суперкукуруза,[ffcc01][-][FFA94D][Şema][-] Süper Mısır,[ffcc01][-][FFA94D][设计图][-] 超级玉米,[ffcc01][-][FFA94D][原理圖][-] 超級玉米
ammoBundle44MagnumBulletAP,items,Ammo,,,,"[dddd01][-][eeee03][-][FFA94D][Ammo][-] .44 Magnum, AP [DECEA3](100)[-]",,[dddd01][-][eeee03][-][FFA94D][Munition][-] Panzerbrechende .44-Magnum-Munition [DECEA3](100)[-],[dddd01][-][eeee03][-][FFA94D][Municiones][-] Munición con perforación de armadura de Magnum 0.44 [DECEA3](100)[-],[dddd01][-][eeee03][-][FFA94D][Munitions][-] Munition AP .44 Magnum [DECEA3](100)[-],[dddd01][-][eeee03][-][FFA94D][Munizioni][-] Munizioni perforanti per .44 Magnum [DECEA3](100)[-],[dddd01][-][eeee03][-][FFA94D][弾薬][-] AP.44マグナム弾 [DECEA3](100)[-],[dddd01][-][eeee03][-][FFA94D][탄약][-] AP .44 매그넘 탄약 [DECEA3](100)[-],[dddd01][-][eeee03][-][FFA94D][Amunicja][-] Przeciwpancerna amunicja Magnum .44 [DECEA3](100)[-],[dddd01][-][eeee03][-][FFA94D][Munição][-] Munição de .44 Magnum AP [DECEA3](100)[-],[dddd01][-][eeee03][-][FFA94D][Боеприпасы][-] Бронебойные патроны .44 Magnum [DECEA3](100)[-],[dddd01][-][eeee03][-][FFA94D][Mühimmat][-] AP .44 Magnum Mühimmatı [DECEA3](100)[-],[dddd01][-][eeee03][-][FFA94D][弹药][-] .44马格南穿甲弹 [DECEA3](100)[-],[dddd01][-][eeee03][-][FFA94D][彈藥][-] AP .44 馬格南彈藥 [DECEA3](100)[-]
ammoBundle44MagnumBulletBall,items,Ammo,,,,[dddd01][-][eeee01][-][FFA94D][Ammo][-] .44 Magnum [DECEA3](100)[-],,[dddd01][-][eeee01][-][FFA94D][Munition][-] .44-Magnum-Munition [DECEA3](100)[-],[dddd01][-][eeee01][-][FFA94D][Municiones][-] Munición de Magnum 0.44 [DECEA3](100)[-],[dddd01][-][eeee01][-][FFA94D][Munitions][-] Munition .44 Magnum [DECEA3](100)[-],[dddd01][-][eeee01][-][FFA94D][Munizioni][-] Munizioni per .44 Magnum [DECEA3](100)[-],[dddd01][-][eeee01][-][FFA94D][弾薬][-] .44マグナム弾 [DECEA3](100)[-],[dddd01][-][eeee01][-][FFA94D][탄약][-] .44 매그넘 탄약 [DECEA3](100)[-],[dddd01][-][eeee01][-][FFA94D][Amunicja][-] Amunicja Magnum .44 [DECEA3](100)[-],[dddd01][-][eeee01][-][FFA94D][Munição][-] Munição de .44 Magnum [DECEA3](100)[-],[dddd01][-][eeee01][-][FFA94D][Боеприпасы][-] Патроны .44 Magnum [DECEA3](100)[-],[dddd01][-][eeee01][-][FFA94D][Mühimmat][-] .44 Magnum Mühimmatı [DECEA3](100)[-],[dddd01][-][eeee01][-][FFA94D][弹药][-] .44马格南弹药 [DECEA3](100)[-],[dddd01][-][eeee01][-][FFA94D][彈藥][-] .44 馬格南彈藥 [DECEA3](100)[-]
ammoBundle44MagnumBulletHP,items,Ammo,,,,"[dddd01][-][eeee02][-][FFA94D][Ammo][-] .44 Magnum, HiPower [DECEA3](100)[-]",,[dddd01][-][eeee02][-][FFA94D][Munition][-] HiPower-.44-Magnum-Munition [DECEA3](100)[-],[dddd01][-][eeee02][-][FFA94D][Municiones][-] Munición expansiva de Magnum 0.44 [DECEA3](100)[-],[dddd01][-][eeee02][-][FFA94D][Munitions][-] Munition HtePuissance .44 Magnum [DECEA3](100)[-],[dddd01][-][eeee02][-][FFA94D][Munizioni][-] Munizioni HiPower per .44 Magnum [DECEA3](100)[-],[dddd01][-][eeee02][-][FFA94D][弾薬][-] ハイパワー.44マグナム弾 [DECEA3](100)[-],[dddd01][-][eeee02][-][FFA94D][탄약][-] 하이파워 .44 매그넘 탄약 [DECEA3](100)[-],[dddd01][-][eeee02][-][FFA94D][Amunicja][-] Wzmocniona amunicja Magnum .44 [DECEA3](100)[-],[dddd01][-][eeee02][-][FFA94D][Munição][-] Munição .44 Magnum de alto desempenho [DECEA3](100)[-],[dddd01][-][eeee02][-][FFA94D][Боеприпасы][-] Усиленные патроны .44 Magnum [DECEA3](100)[-],[dddd01][-][eeee02][-][FFA94D][Mühimmat][-] HiPower .44 Magnum Mühimmatı [DECEA3](100)[-],[dddd01][-][eeee02][-][FFA94D][弹药][-] .44马格南空心弹 [DECEA3](100)[-],[dddd01][-][eeee02][-][FFA94D][彈藥][-] HiPower .44馬格南彈藥 [DECEA3](100)[-]
ammoBundle762mmBulletAP,items,Ammo,,,,"[dddd02][-][eeee03][-][FFA94D][Ammo][-] 7.62mm, AP [DECEA3](100)[-]",,"[dddd02][-][eeee03][-][FFA94D][Munition][-] Panzerbrechende 7,62-mm-Munition [DECEA3](100)[-]","[dddd02][-][eeee03][-][FFA94D][Municiones][-] Munición con perforación de armadura de 7,62 mm [DECEA3](100)[-]","[dddd02][-][eeee03][-][FFA94D][Munitions][-] Munition AP cal. 7,62 mm [DECEA3](100)[-]","[dddd02][-][eeee03][-][FFA94D][Munizioni][-] Munizioni perforanti per una 7,62 mm [DECEA3](100)[-]",[dddd02][-][eeee03][-][FFA94D][弾薬][-] AP 7.62mm弾 [DECEA3](100)[-],[dddd02][-][eeee03][-][FFA94D][탄약][-] AP 7.62mm 탄약 [DECEA3](100)[-],"[dddd02][-][eeee03][-][FFA94D][Amunicja][-] Przeciwpancerna amunicja 7,62 mm [DECEA3](100)[-]",[dddd02][-][eeee03][-][FFA94D][Munição][-] Munição 7.62 mm AP [DECEA3](100)[-],"[dddd02][-][eeee03][-][FFA94D][Боеприпасы][-] Бронебойные патроны 7,62 мм [DECEA3](100)[-]","[dddd02][-][eeee03][-][FFA94D][Mühimmat][-] AP 7,62 mm Mühimmat [DECEA3](100)[-]",[dddd02][-][eeee03][-][FFA94D][弹药][-] 7.62毫米穿甲弹 [DECEA3](100)[-],[dddd02][-][eeee03][-][FFA94D][彈藥][-] AP 7.62 毫米彈藥 [DECEA3](100)[-]
ammoBundle762mmBulletBall,items,Ammo,,,,[dddd02][-][eeee01][-][FFA94D][Ammo][-] 7.62mm [DECEA3](100)[-],,"[dddd02][-][eeee01][-][FFA94D][Munition][-] 7,62-mm-Munition [DECEA3](100)[-]","[dddd02][-][eeee01][-][FFA94D][Municiones][-] Munición de 7,62 mm [DECEA3](100)[-]","[dddd02][-][eeee01][-][FFA94D][Munitions][-] Munition cal. 7,62 mm [DECEA3](100)[-]","[dddd02][-][eeee01][-][FFA94D][Munizioni][-] Munizioni per una 7,62 mm [DECEA3](100)[-]",[dddd02][-][eeee01][-][FFA94D][弾薬][-] 7.62mm弾 [DECEA3](100)[-],[dddd02][-][eeee01][-][FFA94D][탄약][-] 7.62mm 탄약 [DECEA3](100)[-],"[dddd02][-][eeee01][-][FFA94D][Amunicja][-] Amunicja 7,62 mm [DECEA3](100)[-]",[dddd02][-][eeee01][-][FFA94D][Munição][-] Munição 7.62 mm [DECEA3](100)[-],"[dddd02][-][eeee01][-][FFA94D][Боеприпасы][-] Патроны 7,62 мм [DECEA3](100)[-]","[dddd02][-][eeee01][-][FFA94D][Mühimmat][-] 7,62 mm Mühimmat [DECEA3](100)[-]",[dddd02][-][eeee01][-][FFA94D][弹药][-] 7.62毫米弹药 [DECEA3](100)[-],[dddd02][-][eeee01][-][FFA94D][彈藥][-] 7.62 毫米彈藥 [DECEA3](100)[-]
ammoBundle762mmBulletHP,items,Ammo,,,,"[dddd02][-][eeee02][-][FFA94D][Ammo][-] 7.62mm, HiPower [DECEA3](100)[-]",,"[dddd02][-][eeee02][-][FFA94D][Munition][-] HiPower-7,62-mm-Munition [DECEA3](100)[-]",[dddd02][-][eeee02][-][FFA94D][Municiones][-] Munición expansiva de 7.62 mm [DECEA3](100)[-],"[dddd02][-][eeee02][-][FFA94D][Munitions][-] Munition HtePuissance cal. 7,62 mm [DECEA3](100)[-]","[dddd02][-][eeee02][-][FFA94D][Munizioni][-] Munizioni HiPower per 7,62 mm [DECEA3](100)[-]",[dddd02][-][eeee02][-][FFA94D][弾薬][-] ハイパワー7.62mm弾 [DECEA3](100)[-],[dddd02][-][eeee02][-][FFA94D][탄약][-] 하이파워 7.62mm 탄약 [DECEA3](100)[-],"[dddd02][-][eeee02][-][FFA94D][Amunicja][-] Wzmocniona amunicja 7,62 mm [DECEA3](100)[-]",[dddd02][-][eeee02][-][FFA94D][Munição][-] Munição 7.62 mm de alto desempenho [DECEA3](100)[-],"[dddd02][-][eeee02][-][FFA94D][Боеприпасы][-] Усиленные патроны 7,62 мм [DECEA3](100)[-]","[dddd02][-][eeee02][-][FFA94D][Mühimmat][-] HiPower 7,62 mm Mühimmatı [DECEA3](100)[-]",[dddd02][-][eeee02][-][FFA94D][弹药][-] 7.62毫米马格南空心弹 [DECEA3](100)[-],[dddd02][-][eeee02][-][FFA94D][彈藥][-] HiPower 7.62毫米彈藥 [DECEA3](100)[-]
ammoBundle9mmBulletAP,items,Ammo,,,,"[dddd03][-][eeee03][-][FFA94D][Ammo][-] 9mm, AP [DECEA3](100)[-]",,[dddd03][-][eeee03][-][FFA94D][Munition][-] Panzerbrechende 9-mm-Munition [DECEA3](100)[-],[dddd03][-][eeee03][-][FFA94D][Municiones][-] Munición con perforación de armadura de 9 mm [DECEA3](100)[-],[dddd03][-][eeee03][-][FFA94D][Munitions][-] Munition AP cal. 9 mm [DECEA3](100)[-],[dddd03][-][eeee03][-][FFA94D][Munizioni][-] Munizioni perforanti per 9 mm [DECEA3](100)[-],[dddd03][-][eeee03][-][FFA94D][弾薬][-] AP 9mm弾 [DECEA3](100)[-],[dddd03][-][eeee03][-][FFA94D][탄약][-] AP 9mm 탄약 [DECEA3](100)[-],[dddd03][-][eeee03][-][FFA94D][Amunicja][-] Przeciwpancerna amunicja 9 mm [DECEA3](100)[-],[dddd03][-][eeee03][-][FFA94D][Munição][-] Munição 9 mm AP [DECEA3](100)[-],[dddd03][-][eeee03][-][FFA94D][Боеприпасы][-] Бронебойные патроны 9 мм [DECEA3](100)[-],[dddd03][-][eeee03][-][FFA94D][Mühimmat][-] AP 9 mm Mühimmat [DECEA3](100)[-],[dddd03][-][eeee03][-][FFA94D][弹药][-] 9毫米穿甲弹 [DECEA3](100)[-],[dddd03][-][eeee03][-][FFA94D][彈藥][-] AP 9 毫米彈藥 [DECEA3](100)[-]
ammoBundle9mmBulletBall,items,Ammo,,,,[dddd03][-][eeee01][-][FFA94D][Ammo][-] 9mm [DECEA3](100)[-],,[dddd03][-][eeee01][-][FFA94D][Munition][-] 9-mm-Munition [DECEA3](100)[-],[dddd03][-][eeee01][-][FFA94D][Municiones][-] Munición de 9 mm [DECEA3](100)[-],[dddd03][-][eeee01][-][FFA94D][Munitions][-] Munition cal. 9 mm [DECEA3](100)[-],[dddd03][-][eeee01][-][FFA94D][Munizioni][-] Munizioni per 9 mm [DECEA3](100)[-],[dddd03][-][eeee01][-][FFA94D][弾薬][-] 9mm弾 [DECEA3](100)[-],[dddd03][-][eeee01][-][FFA94D][탄약][-] 9mm 탄약 [DECEA3](100)[-],[dddd03][-][eeee01][-][FFA94D][Amunicja][-] Amunicja 9 mm [DECEA3](100)[-],[dddd03][-][eeee01][-][FFA94D][Munição][-] Munição 9 mm [DECEA3](100)[-],[dddd03][-][eeee01][-][FFA94D][Боеприпасы][-] Патроны 9 мм [DECEA3](100)[-],[dddd03][-][eeee01][-][FFA94D][Mühimmat][-] 9 mm Mühimmat [DECEA3](100)[-],[dddd03][-][eeee01][-][FFA94D][弹药][-] 9毫米弹药 [DECEA3](100)[-],[dddd03][-][eeee01][-][FFA94D][彈藥][-] 9 毫米彈藥 [DECEA3](100)[-]
ammoBundle9mmBulletHP,items,Ammo,,,,"[dddd03][-][eeee02][-][FFA94D][Ammo][-] 9mm, HiPower [DECEA3](100)[-]",,[dddd03][-][eeee02][-][FFA94D][Munition][-] HiPower-9-mm-Munition [DECEA3](100)[-],[dddd03][-][eeee02][-][FFA94D][Municiones][-] Munición expansiva de 9 mm [DECEA3](100)[-],[dddd03][-][eeee02][-][FFA94D][Munitions][-] Munition HtePuissance cal. 9 mm [DECEA3](100)[-],[dddd03][-][eeee02][-][FFA94D][Munizioni][-] Munizioni HiPower per 9 mm [DECEA3](100)[-],[dddd03][-][eeee02][-][FFA94D][弾薬][-] ハイパワー9mm弾 [DECEA3](100)[-],[dddd03][-][eeee02][-][FFA94D][탄약][-] 하이파워 9mm 탄약 [DECEA3](100)[-],[dddd03][-][eeee02][-][FFA94D][Amunicja][-] Wzmocniona amunicja 9 mm [DECEA3](100)[-],[dddd03][-][eeee02][-][FFA94D][Munição][-] Munição 9 mm de alto desempenho [DECEA3](100)[-],[dddd03][-][eeee02][-][FFA94D][Боеприпасы][-] Усиленные патроны 9 мм [DECEA3](100)[-],[dddd03][-][eeee02][-][FFA94D][Mühimmat][-] HiPower 9 mm Mühimmatı [DECEA3](100)[-],[dddd03][-][eeee02][-][FFA94D][弹药][-] 9毫米空心弹 [DECEA3](100)[-],[dddd03][-][eeee02][-][FFA94D][彈藥][-] HiPower 9毫米彈藥 [DECEA3](100)[-]
ammoBundleArrowExploding,items,Ammo,,,,"[dddd04][-][eeee05][-][FFA94D][Ammo][-] Arrow, Exploding [DECEA3](75)[-]",,[dddd04][-][eeee05][-][FFA94D][Munition][-] Sprengpfeil (Munition) [DECEA3](75)[-],[dddd04][-][eeee05][-][FFA94D][Municiones][-] Flecha explosiva (munición) [DECEA3](75)[-],[dddd04][-][eeee05][-][FFA94D][Munitions][-] Flèche explosive (munition) [DECEA3](75)[-],[dddd04][-][eeee05][-][FFA94D][Munizioni][-] Freccia esplosiva (Munizioni) [DECEA3](75)[-],[dddd04][-][eeee05][-][FFA94D][弾薬][-] 爆発矢（弾薬） [DECEA3](75)[-],[dddd04][-][eeee05][-][FFA94D][탄약][-] 폭발 화살 (탄약) [DECEA3](75)[-],[dddd04][-][eeee05][-][FFA94D][Amunicja][-] Wybuchowa strzała (amunicja) [DECEA3](75)[-],[dddd04][-][eeee05][-][FFA94D][Munição][-] Flecha Explosiva (Munição) [DECEA3](75)[-],[dddd04][-][eeee05][-][FFA94D][Боеприпасы][-] Взрывная стрела (боеприпасы) [DECEA3](75)[-],[dddd04][-][eeee05][-][FFA94D][Mühimmat][-] Patlayan Ok (Mühimmat) [DECEA3](75)[-],[dddd04][-][eeee05][-][FFA94D][弹药][-] 爆炸箭（弹药） [DECEA3](75)[-],[dddd04][-][eeee05][-][FFA94D][彈藥][-] 爆炸箭（彈藥） [DECEA3](75)[-]
ammoBundleArrowFlaming,items,Ammo,,,,"[dddd04][-][eeee04][-][FFA94D][Ammo][-] Arrow, Flaming [DECEA3](100)[-]",,[dddd04][-][eeee04][-][FFA94D][Munition][-] Feuerpfeil (Munition) [DECEA3](100)[-],[dddd04][-][eeee04][-][FFA94D][Municiones][-] Flecha en llamas (munición) [DECEA3](100)[-],[dddd04][-][eeee04][-][FFA94D][Munitions][-] Flèche enflammée (munition) [DECEA3](100)[-],[dddd04][-][eeee04][-][FFA94D][Munizioni][-] Freccia di fuoco (Munizioni) [DECEA3](100)[-],[dddd04][-][eeee04][-][FFA94D][弾薬][-] 燃焼矢（弾薬） [DECEA3](100)[-],[dddd04][-][eeee04][-][FFA94D][탄약][-] 불화살 (탄약) [DECEA3](100)[-],[dddd04][-][eeee04][-][FFA94D][Amunicja][-] Płonąca strzała (amunicja) [DECEA3](100)[-],[dddd04][-][eeee04][-][FFA94D][Munição][-] Flecha Flamejante (Munição) [DECEA3](100)[-],[dddd04][-][eeee04][-][FFA94D][Боеприпасы][-] Зажигательная стрела (боеприпасы) [DECEA3](100)[-],[dddd04][-][eeee04][-][FFA94D][Mühimmat][-] Alevli Ok (Mühimmat) [DECEA3](100)[-],[dddd04][-][eeee04][-][FFA94D][弹药][-] 燃烧箭（弹药） [DECEA3](100)[-],[dddd04][-][eeee04][-][FFA94D][彈藥][-] 燃燒箭（彈藥） [DECEA3](100)[-]
ammoBundleArrowIron,items,Ammo,,,,"[dddd04][-][eeee02][-][FFA94D][Ammo][-] Arrow, Iron [DECEA3](100)[-]",,[dddd04][-][eeee02][-][FFA94D][Munition][-] Eisenpfeil (Munition) [DECEA3](100)[-],[dddd04][-][eeee02][-][FFA94D][Municiones][-] Flecha de hierro (munición) [DECEA3](100)[-],[dddd04][-][eeee02][-][FFA94D][Munitions][-] Flèche en fer (munition) [DECEA3](100)[-],[dddd04][-][eeee02][-][FFA94D][Munizioni][-] Freccia di ferro (Munizioni) [DECEA3](100)[-],[dddd04][-][eeee02][-][FFA94D][弾薬][-] 鉄矢（弾薬） [DECEA3](100)[-],[dddd04][-][eeee02][-][FFA94D][탄약][-] 철제 화살 (탄약) [DECEA3](100)[-],[dddd04][-][eeee02][-][FFA94D][Amunicja][-] Żelazna strzała (amunicja) [DECEA3](100)[-],[dddd04][-][eeee02][-][FFA94D][Munição][-] Flecha de Ferro (Munição) [DECEA3](100)[-],[dddd04][-][eeee02][-][FFA94D][Боеприпасы][-] Железная стрела (боеприпасы) [DECEA3](100)[-],[dddd04][-][eeee02][-][FFA94D][Mühimmat][-] Demir Ok (Mühimmat) [DECEA3](100)[-],[dddd04][-][eeee02][-][FFA94D][弹药][-] 铁箭（弹药） [DECEA3](100)[-],[dddd04][-][eeee02][-][FFA94D][彈藥][-] 鐵箭（彈藥） [DECEA3](100)[-]
ammoBundleArrowSteelAP,items,Ammo,,,,"[dddd04][-][eeee03][-][FFA94D][Ammo][-] Arrow, Steel [DECEA3](100)[-]",,[dddd04][-][eeee03][-][FFA94D][Munition][-] Stahlpfeil (Munition) [DECEA3](100)[-],[dddd04][-][eeee03][-][FFA94D][Municiones][-] Flecha de acero (munición) [DECEA3](100)[-],[dddd04][-][eeee03][-][FFA94D][Munitions][-] Flèche en acier (munition) [DECEA3](100)[-],[dddd04][-][eeee03][-][FFA94D][Munizioni][-] Freccia di acciaio (Munizioni) [DECEA3](100)[-],[dddd04][-][eeee03][-][FFA94D][弾薬][-] 鉄鋼矢（弾薬） [DECEA3](100)[-],[dddd04][-][eeee03][-][FFA94D][탄약][-] 강철 화살 (탄약) [DECEA3](100)[-],[dddd04][-][eeee03][-][FFA94D][Amunicja][-] Stalowa strzała (amunicja) [DECEA3](100)[-],[dddd04][-][eeee03][-][FFA94D][Munição][-] Flecha de Aço (Munição) [DECEA3](100)[-],[dddd04][-][eeee03][-][FFA94D][Боеприпасы][-] Стальная стрела (боеприпасы) [DECEA3](100)[-],[dddd04][-][eeee03][-][FFA94D][Mühimmat][-] Çelik Ok (Mühimmat) [DECEA3](100)[-],[dddd04][-][eeee03][-][FFA94D][弹药][-] 钢箭（弹药） [DECEA3](100)[-],[dddd04][-][eeee03][-][FFA94D][彈藥][-] 鋼箭（彈藥） [DECEA3](100)[-]
ammoBundleArrowStone,items,Ammo,,,,"[dddd04][-][eeee01][-][FFA94D][Ammo][-] Arrow, Stone [DECEA3](100)[-]",,[dddd04][-][eeee01][-][FFA94D][Munition][-] Steinpfeil (Munition) [DECEA3](100)[-],[dddd04][-][eeee01][-][FFA94D][Municiones][-] Flecha de piedra (munición) [DECEA3](100)[-],[dddd04][-][eeee01][-][FFA94D][Munitions][-] Flèche en pierre (munition) [DECEA3](100)[-],[dddd04][-][eeee01][-][FFA94D][Munizioni][-] Freccia di pietra (Munizioni) [DECEA3](100)[-],[dddd04][-][eeee01][-][FFA94D][弾薬][-] 石矢（弾薬） [DECEA3](100)[-],[dddd04][-][eeee01][-][FFA94D][탄약][-] 돌 화살 (탄약) [DECEA3](100)[-],[dddd04][-][eeee01][-][FFA94D][Amunicja][-] Kamienna strzała (amunicja) [DECEA3](100)[-],[dddd04][-][eeee01][-][FFA94D][Munição][-] Flecha de Pedra (Munição) [DECEA3](100)[-],[dddd04][-][eeee01][-][FFA94D][Боеприпасы][-] Каменная стрела (боеприпасы) [DECEA3](100)[-],[dddd04][-][eeee01][-][FFA94D][Mühimmat][-] Taş Ok (Mühimmat) [DECEA3](100)[-],[dddd04][-][eeee01][-][FFA94D][弹药][-] 石箭（弹药） [DECEA3](100)[-],[dddd04][-][eeee01][-][FFA94D][彈藥][-] 石箭（彈藥） [DECEA3](100)[-]
ammoBundleCrossbowBoltExploding,items,Ammo,,,,"[dddd05][-][eeee05][-][FFA94D][Ammo][-] Bolt, Exploding [DECEA3](75)[-]",,[dddd05][-][eeee05][-][FFA94D][Munition][-] Sprengbolzen für Armbrüste [DECEA3](75)[-],[dddd05][-][eeee05][-][FFA94D][Municiones][-] Saetas explosiva para ballesta [DECEA3](75)[-],[dddd05][-][eeee05][-][FFA94D][Munitions][-] Carreaux d'arbalète explosifs [DECEA3](75)[-],[dddd05][-][eeee05][-][FFA94D][Munizioni][-] Dardi per balestra esplosivi [DECEA3](75)[-],[dddd05][-][eeee05][-][FFA94D][弾薬][-] クロスボウ用爆発ボルト [DECEA3](75)[-],[dddd05][-][eeee05][-][FFA94D][탄약][-] 폭발 석궁 볼트 [DECEA3](75)[-],[dddd05][-][eeee05][-][FFA94D][Amunicja][-] Wybuchowe bełty [DECEA3](75)[-],[dddd05][-][eeee05][-][FFA94D][Munição][-] Virotes de Besta Explosivos [DECEA3](75)[-],[dddd05][-][eeee05][-][FFA94D][Боеприпасы][-] Взрывные болты для арбалета [DECEA3](75)[-],[dddd05][-][eeee05][-][FFA94D][Mühimmat][-] Patlayan Arbalet Oku [DECEA3](75)[-],[dddd05][-][eeee05][-][FFA94D][弹药][-] 爆炸弩箭 [DECEA3](75)[-],[dddd05][-][eeee05][-][FFA94D][彈藥][-] 爆炸十字弓箭 [DECEA3](75)[-]
ammoBundleCrossbowBoltFlaming,items,Ammo,,,,"[dddd05][-][eeee04][-][FFA94D][Ammo][-] Bolt, Flaming [DECEA3](100)[-]",,[dddd05][-][eeee04][-][FFA94D][Munition][-] Feuerbolzen für Armbrüste (Munition) [DECEA3](100)[-],[dddd05][-][eeee04][-][FFA94D][Municiones][-] Saeta en llamas para ballesta (munición) [DECEA3](100)[-],[dddd05][-][eeee04][-][FFA94D][Munitions][-] Carreau d'arbalète enflammé (munition) [DECEA3](100)[-],[dddd05][-][eeee04][-][FFA94D][Munizioni][-] Dardo per balestra infuocato (Munizioni) [DECEA3](100)[-],[dddd05][-][eeee04][-][FFA94D][弾薬][-] クロスボウ用燃焼ボルト（弾薬） [DECEA3](100)[-],[dddd05][-][eeee04][-][FFA94D][탄약][-] 불 석궁 볼트 (탄약) [DECEA3](100)[-],[dddd05][-][eeee04][-][FFA94D][Amunicja][-] Płonący bełt (amunicja) [DECEA3](100)[-],[dddd05][-][eeee04][-][FFA94D][Munição][-] Virotes de Besta Flamejantes (Munição) [DECEA3](100)[-],[dddd05][-][eeee04][-][FFA94D][Боеприпасы][-] Зажигательный болт для арбалета (боеприпасы) [DECEA3](100)[-],[dddd05][-][eeee04][-][FFA94D][Mühimmat][-] Alevli Arbalet Oku (Mühimmat) [DECEA3](100)[-],[dddd05][-][eeee04][-][FFA94D][弹药][-] 燃烧弩箭（弹药） [DECEA3](100)[-],[dddd05][-][eeee04][-][FFA94D][彈藥][-] 燃燒十字弓箭（彈藥） [DECEA3](100)[-]
ammoBundleCrossbowBoltIron,items,Ammo,,,,"[dddd05][-][eeee02][-][FFA94D][Ammo][-] Bolt, Iron [DECEA3](100)[-]",,[dddd05][-][eeee02][-][FFA94D][Munition][-] Eisenbolzen für Armbrüste (Munition) [DECEA3](100)[-],[dddd05][-][eeee02][-][FFA94D][Municiones][-] Saeta de hierro para ballesta (munición) [DECEA3](100)[-],[dddd05][-][eeee02][-][FFA94D][Munitions][-] Carreau d'arbalète en fer (munition) [DECEA3](100)[-],[dddd05][-][eeee02][-][FFA94D][Munizioni][-] Dardo per balestra di ferro (Munizioni) [DECEA3](100)[-],[dddd05][-][eeee02][-][FFA94D][弾薬][-] クロスボウ用鉄ボルト（弾薬） [DECEA3](100)[-],[dddd05][-][eeee02][-][FFA94D][탄약][-] 철제 석궁 볼트 (탄약) [DECEA3](100)[-],[dddd05][-][eeee02][-][FFA94D][Amunicja][-] Żelazny bełt (amunicja) [DECEA3](100)[-],[dddd05][-][eeee02][-][FFA94D][Munição][-] Virotes de Besta de Ferro (Munição) [DECEA3](100)[-],[dddd05][-][eeee02][-][FFA94D][Боеприпасы][-] Железный болт для арбалета (боеприпасы) [DECEA3](100)[-],[dddd05][-][eeee02][-][FFA94D][Mühimmat][-] Demir Arbalet Oku (Mühimmat) [DECEA3](100)[-],[dddd05][-][eeee02][-][FFA94D][弹药][-] 铁弩箭（弹药） [DECEA3](100)[-],[dddd05][-][eeee02][-][FFA94D][彈藥][-] 鐵十字弓箭（彈藥） [DECEA3](100)[-]
ammoBundleCrossbowBoltSteelAP,items,Ammo,,,,"[dddd05][-][eeee03][-][FFA94D][Ammo][-] Bolt, Steel [DECEA3](100)[-]",,[dddd05][-][eeee03][-][FFA94D][Munition][-] Stahlbolzen für Armbrüste (Munition) [DECEA3](100)[-],[dddd05][-][eeee03][-][FFA94D][Municiones][-] Saeta de acero para ballesta (munición) [DECEA3](100)[-],[dddd05][-][eeee03][-][FFA94D][Munitions][-] Carreau d'arbalète en acier (munition) [DECEA3](100)[-],[dddd05][-][eeee03][-][FFA94D][Munizioni][-] Dardo per balestra d'acciaio (Munizioni) [DECEA3](100)[-],[dddd05][-][eeee03][-][FFA94D][弾薬][-] クロスボウ用鉄鋼ボルト（弾薬） [DECEA3](100)[-],[dddd05][-][eeee03][-][FFA94D][탄약][-] 강철 석궁 볼트 (탄약) [DECEA3](100)[-],[dddd05][-][eeee03][-][FFA94D][Amunicja][-] Stalowy bełt (amunicja) [DECEA3](100)[-],[dddd05][-][eeee03][-][FFA94D][Munição][-] Virotes de Besta de Aço (Munição) [DECEA3](100)[-],[dddd05][-][eeee03][-][FFA94D][Боеприпасы][-] Стальной болт для арбалета (боеприпасы) [DECEA3](100)[-],[dddd05][-][eeee03][-][FFA94D][Mühimmat][-] Çelik Arbalet Oku (Mühimmat) [DECEA3](100)[-],[dddd05][-][eeee03][-][FFA94D][弹药][-] 钢弩箭（弹药） [DECEA3](100)[-],[dddd05][-][eeee03][-][FFA94D][彈藥][-] 鋼十字弓箭（彈藥） [DECEA3](100)[-]
ammoBundleCrossbowBoltStone,items,Ammo,,,,"[dddd05][-][eeee01][-][FFA94D][Ammo][-] Bolt, Stone [DECEA3](100)[-]",,[dddd05][-][eeee01][-][FFA94D][Munition][-] Steinbolzen für Armbrüste (Munition) [DECEA3](100)[-],[dddd05][-][eeee01][-][FFA94D][Municiones][-] Saeta de piedra para ballesta (munición) [DECEA3](100)[-],[dddd05][-][eeee01][-][FFA94D][Munitions][-] Carreau d'arbalète en pierre (munition) [DECEA3](100)[-],[dddd05][-][eeee01][-][FFA94D][Munizioni][-] Dardo per balestra di pietra (Munizioni) [DECEA3](100)[-],[dddd05][-][eeee01][-][FFA94D][弾薬][-] クロスボウ用石ボルト（弾薬） [DECEA3](100)[-],[dddd05][-][eeee01][-][FFA94D][탄약][-] 돌 석궁 볼트 (탄약) [DECEA3](100)[-],[dddd05][-][eeee01][-][FFA94D][Amunicja][-] Kamienny bełt (amunicja) [DECEA3](100)[-],[dddd05][-][eeee01][-][FFA94D][Munição][-] Virotes de Besta de Pedra (Munição) [DECEA3](100)[-],[dddd05][-][eeee01][-][FFA94D][Боеприпасы][-] Каменный болт для арбалета (боеприпасы) [DECEA3](100)[-],[dddd05][-][eeee01][-][FFA94D][Mühimmat][-] Taş Arbalet Oku (Mühimmat) [DECEA3](100)[-],[dddd05][-][eeee01][-][FFA94D][弹药][-] 石头弩箭（弹药） [DECEA3](100)[-],[dddd05][-][eeee01][-][FFA94D][彈藥][-] 石十字弓箭（彈藥） [DECEA3](100)[-]
ammoBundleJunkTurretAP,items,Ammo,,,,"[dddd08][-][eeee03][-][FFA94D][Ammo][-] Robotic Turret, AP [DECEA3](1000)[-]",,[dddd08][-][eeee03][-][FFA94D][Munition][-] Panzerbrechende Robotik-Geschützturm-Munition [DECEA3](1000)[-],[dddd08][-][eeee03][-][FFA94D][Municiones][-] Munición perforante para torretas robóticas [DECEA3](1000)[-],[dddd08][-][eeee03][-][FFA94D][Munitions][-] Munitions AP de tourelle robotique [DECEA3](1000)[-],[dddd08][-][eeee03][-][FFA94D][Munizioni][-] Munizioni perforanti per torretta robotica [DECEA3](1000)[-],[dddd08][-][eeee03][-][FFA94D][弾薬][-] APロボット砲台弾 [DECEA3](1000)[-],[dddd08][-][eeee03][-][FFA94D][탄약][-] 로보틱 터렛 철갑탄 [DECEA3](1000)[-],[dddd08][-][eeee03][-][FFA94D][Amunicja][-] Amunicja przeciwpancerna do robotycznej wieżyczki [DECEA3](1000)[-],[dddd08][-][eeee03][-][FFA94D][Munição][-] Munição de Torreta Robótica AP [DECEA3](1000)[-],[dddd08][-][eeee03][-][FFA94D][Боеприпасы][-] Бронебойные боеприпасы для роботизированной пушки [DECEA3](1000)[-],[dddd08][-][eeee03][-][FFA94D][Mühimmat][-] Zırh Delici Robot Taret Mühimmatı [DECEA3](1000)[-],[dddd08][-][eeee03][-][FFA94D][弹药][-] 机器人炮塔穿甲弹药 [DECEA3](1000)[-],[dddd08][-][eeee03][-][FFA94D][彈藥][-] AP機器人炮塔彈藥 [DECEA3](1000)[-]
ammoBundleJunkTurretRegular,items,Ammo,,,,[dddd08][-][eeee01][-][FFA94D][Ammo][-] Robotic Turret [DECEA3](1000)[-],,[dddd08][-][eeee01][-][FFA94D][Munition][-] Robotik-Geschützturm-Munition [DECEA3](1000)[-],[dddd08][-][eeee01][-][FFA94D][Municiones][-] Munición de torreta robótica [DECEA3](1000)[-],[dddd08][-][eeee01][-][FFA94D][Munitions][-] Munitions de tourelle robotique [DECEA3](1000)[-],[dddd08][-][eeee01][-][FFA94D][Munizioni][-] Munizioni per torretta robotica [DECEA3](1000)[-],[dddd08][-][eeee01][-][FFA94D][弾薬][-] ロボット砲台用弾薬 [DECEA3](1000)[-],[dddd08][-][eeee01][-][FFA94D][탄약][-] 로보틱 터렛 탄약 [DECEA3](1000)[-],[dddd08][-][eeee01][-][FFA94D][Amunicja][-] Amunicja do robotycznej wieżyczki [DECEA3](1000)[-],[dddd08][-][eeee01][-][FFA94D][Munição][-] Munição de Torreta Robótica [DECEA3](1000)[-],[dddd08][-][eeee01][-][FFA94D][Боеприпасы][-] Боеприпасы для роботизированной пушки [DECEA3](1000)[-],[dddd08][-][eeee01][-][FFA94D][Mühimmat][-] Robot Taret Mühimmatı [DECEA3](1000)[-],[dddd08][-][eeee01][-][FFA94D][弹药][-] 机器人炮塔弹药 [DECEA3](1000)[-],[dddd08][-][eeee01][-][FFA94D][彈藥][-] 機器人炮塔彈藥 [DECEA3](1000)[-]
ammoBundleJunkTurretShell,items,Ammo,,,,"[dddd08][-][eeee02][-][FFA94D][Ammo][-] Robotic Turret, Shells [DECEA3](1000)[-]",,[dddd08][-][eeee02][-][FFA94D][Munition][-] Robotik-Geschützturm-Patronen (Munition) [DECEA3](1000)[-],[dddd08][-][eeee02][-][FFA94D][Municiones][-] Cartuchos para torretas robóticas (munición) [DECEA3](1000)[-],[dddd08][-][eeee02][-][FFA94D][Munitions][-] Cartouches de tourelle robotique (munitions) [DECEA3](1000)[-],[dddd08][-][eeee02][-][FFA94D][Munizioni][-] Bossoli per torretta robotica (Munizioni) [DECEA3](1000)[-],[dddd08][-][eeee02][-][FFA94D][弾薬][-] ロボット砲台シェル(弾) [DECEA3](1000)[-],[dddd08][-][eeee02][-][FFA94D][탄약][-] 로보틱 터렛 포탄(탄약) [DECEA3](1000)[-],[dddd08][-][eeee02][-][FFA94D][Amunicja][-] Naboje ze śrutem do robotycznej wieżyczki (amunicja) [DECEA3](1000)[-],[dddd08][-][eeee02][-][FFA94D][Munição][-] Cartuchos de Torreta Robótica (Munição) [DECEA3](1000)[-],[dddd08][-][eeee02][-][FFA94D][Боеприпасы][-] Патроны для роботизированной пушки (боеприпасы) [DECEA3](1000)[-],[dddd08][-][eeee02][-][FFA94D][Mühimmat][-] Robot Taret Fişeği (Mühimmat) [DECEA3](1000)[-],[dddd08][-][eeee02][-][FFA94D][弹药][-] 机器人炮塔霰弹（弹药） [DECEA3](1000)[-],[dddd08][-][eeee02][-][FFA94D][彈藥][-] 機器人炮塔散彈 (彈藥) [DECEA3](1000)[-]
ammoBundleShotgunBreachingSlug,items,Ammo,,,,"[dddd07][-][eeee03][-][FFA94D][Ammo][-] Shotgun, Slug, Breaching [DECEA3](100)[-]",,[dddd07][-][eeee03][-][FFA94D][Munition][-] Schrotflinten-Türöffnergeschoss (Munition) [DECEA3](100)[-],[dddd07][-][eeee03][-][FFA94D][Municiones][-] Bala de rotura de escopeta (munición) [DECEA3](100)[-],[dddd07][-][eeee03][-][FFA94D][Munitions][-] Balle brise-porte pour fusil à pompe [DECEA3](100)[-],[dddd07][-][eeee03][-][FFA94D][Munizioni][-] Cartuccia da irruzione per fucile (Munizioni) [DECEA3](100)[-],[dddd07][-][eeee03][-][FFA94D][弾薬][-] ショットガン用ブリーチング弾（弾薬） [DECEA3](100)[-],[dddd07][-][eeee03][-][FFA94D][탄약][-] 샷건 돌파 슬러그 (탄약) [DECEA3](100)[-],[dddd07][-][eeee03][-][FFA94D][Amunicja][-] Amunicja do strzelby do wyważania drzwi (amunicja) [DECEA3](100)[-],[dddd07][-][eeee03][-][FFA94D][Munição][-] Projétil Pesado de Espingarda (Munição) [DECEA3](100)[-],[dddd07][-][eeee03][-][FFA94D][Боеприпасы][-] Патроны с разделённым пороховым зарядом для дробовика (боеприпасы) [DECEA3](100)[-],[dddd07][-][eeee03][-][FFA94D][Mühimmat][-] Pompalı Tüfek Savunma Fişeği (Mühimmat) [DECEA3](100)[-],[dddd07][-][eeee03][-][FFA94D][弹药][-] 霰弹枪拆门弹（弹药） [DECEA3](100)[-],[dddd07][-][eeee03][-][FFA94D][彈藥][-] 散彈獵槍破門彈盒（彈藥） [DECEA3](100)[-]
ammoBundleShotgunShell,items,Ammo,,,,"[dddd07][-][eeee01][-][FFA94D][Ammo][-] Shotgun, Shell [DECEA3](100)[-]",,[dddd07][-][eeee01][-][FFA94D][Munition][-] Schrotflintenpatrone (Munition) [DECEA3](100)[-],[dddd07][-][eeee01][-][FFA94D][Municiones][-] Cartucho de escopeta (munición) [DECEA3](100)[-],[dddd07][-][eeee01][-][FFA94D][Munitions][-] Cartouche de fusil à pompe (munition) [DECEA3](100)[-],[dddd07][-][eeee01][-][FFA94D][Munizioni][-] Bossolo per fucile (Munizioni) [DECEA3](100)[-],[dddd07][-][eeee01][-][FFA94D][弾薬][-] ショットガン用シェル（弾薬） [DECEA3](100)[-],[dddd07][-][eeee01][-][FFA94D][탄약][-] 샷건 탄약 (탄약) [DECEA3](100)[-],[dddd07][-][eeee01][-][FFA94D][Amunicja][-] Naboje do strzelby (amunicja) [DECEA3](100)[-],[dddd07][-][eeee01][-][FFA94D][Munição][-] Cartucho de Espingarda (Munição) [DECEA3](100)[-],[dddd07][-][eeee01][-][FFA94D][Боеприпасы][-] Патроны для дробовика (боеприпасы) [DECEA3](100)[-],[dddd07][-][eeee01][-][FFA94D][Mühimmat][-] Pompalı Tüfek Fişeği (Mühimmat) [DECEA3](100)[-],[dddd07][-][eeee01][-][FFA94D][弹药][-] 霰弹（弹药） [DECEA3](100)[-],[dddd07][-][eeee01][-][FFA94D][彈藥][-] 散彈獵槍子彈（彈藥） [DECEA3](100)[-]
ammoBundleShotgunSlug,items,Ammo,,,,"[dddd07][-][eeee02][-][FFA94D][Ammo][-] Shotgun, Slug, AP [DECEA3](100)[-]",,[dddd07][-][eeee02][-][FFA94D][Munition][-] Panzerbrechendes Schrotflintengeschoss (Munition) [DECEA3](100)[-],[dddd07][-][eeee02][-][FFA94D][Municiones][-] Bala con perforación de armadura de escopeta (munición) [DECEA3](100)[-],[dddd07][-][eeee02][-][FFA94D][Munitions][-] Balle AP pour fusil à pompe (munition) [DECEA3](100)[-],[dddd07][-][eeee02][-][FFA94D][Munizioni][-] Cartuccia perforante per fucile (Munizioni) [DECEA3](100)[-],[dddd07][-][eeee02][-][FFA94D][弾薬][-] ショットガン用AP弾（弾薬） [DECEA3](100)[-],[dddd07][-][eeee02][-][FFA94D][탄약][-] 샷건 AP 슬러그 (탄약) [DECEA3](100)[-],[dddd07][-][eeee02][-][FFA94D][Amunicja][-] Przeciwpancerne naboje kulowe do strzelby (amunicja) [DECEA3](100)[-],[dddd07][-][eeee02][-][FFA94D][Munição][-] Projétil AP de Espingarda (Munição) [DECEA3](100)[-],[dddd07][-][eeee02][-][FFA94D][Боеприпасы][-] Бронебойные патроны для дробовика (боеприпасы) [DECEA3](100)[-],[dddd07][-][eeee02][-][FFA94D][Mühimmat][-] Pompalı Tüfek AP Fişeği (Mühimmat) [DECEA3](100)[-],[dddd07][-][eeee02][-][FFA94D][弹药][-] 霰弹枪穿甲弹（弹药） [DECEA3](100)[-],[dddd07][-][eeee02][-][FFA94D][彈藥][-] 散彈獵槍穿甲彈（彈藥） [DECEA3](100)[-]
ammoGasCanBundle,items,Bundle,,,,[bbbb00][-][eeee03][-] Gas Can Bundle [DECEA3](5000)[-],,[bbbb00][-][eeee03][-] Benzinkanister Bundle [DECEA3](5000)[-],[bbbb00][-][eeee03][-] Bidón de gas Bundle [DECEA3](5000)[-],[bbbb00][-][eeee03][-] Bidon d'essence Bundle [DECEA3](5000)[-],[bbbb00][-][eeee03][-] Tanica di benzina Bundle [DECEA3](5000)[-],[bbbb00][-][eeee03][-] ガソリン缶 Bundle [DECEA3](5000)[-],[bbbb00][-][eeee03][-] 석유통 Bundle [DECEA3](5000)[-],[bbbb00][-][eeee03][-] Kanister benzyny Bundle [DECEA3](5000)[-],[bbbb00][-][eeee03][-] Galão de combustível Bundle [DECEA3](5000)[-],[bbbb00][-][eeee03][-] Канистра с бензином Bundle [DECEA3](5000)[-],[bbbb00][-][eeee03][-] Benzin Bidonu Bundle [DECEA3](5000)[-],[bbbb00][-][eeee03][-] 汽油罐 Bundle [DECEA3](5000)[-],[bbbb00][-][eeee03][-] 汽油桶 Bundle [DECEA3](5000)[-]
resourceCoalBundle,items,Bundle,,,,[dddd02][-][eeee09][-][FFA94D][Ore][-] Coal Bundle [DECEA3](6000)[-],,[dddd02][-][eeee09][-][FFA94D][Erz][-] Kohle Bundle [DECEA3](6000)[-],[dddd02][-][eeee09][-][FFA94D][Mineral][-] Carbón Bundle [DECEA3](6000)[-],[dddd02][-][eeee09][-][FFA94D][Minerai][-] Charbon Bundle [DECEA3](6000)[-],[dddd02][-][eeee09][-][FFA94D][Minerale][-] Carbone Bundle [DECEA3](6000)[-],[dddd02][-][eeee09][-][FFA94D][鉱石][-] 石炭 Bundle [DECEA3](6000)[-],[dddd02][-][eeee09][-][FFA94D][광석][-] 석탄 Bundle [DECEA3](6000)[-],[dddd02][-][eeee09][-][FFA94D][Ruda][-] Węgiel Bundle [DECEA3](6000)[-],[dddd02][-][eeee09][-][FFA94D][Minério][-] Carvão Bundle [DECEA3](6000)[-],[dddd02][-][eeee09][-][FFA94D][Руда][-] Уголь Bundle [DECEA3](6000)[-],[dddd02][-][eeee09][-][FFA94D][Cevher][-] Kömür Bundle [DECEA3](6000)[-],[dddd02][-][eeee09][-][FFA94D][矿石][-] 煤炭 Bundle [DECEA3](6000)[-],[dddd02][-][eeee09][-][FFA94D][礦石][-] 煤炭 Bundle [DECEA3](6000)[-]
resourceGunPowderBundle,items,Bundle,,,,[dddd00][-][eeee01][-][FFA94D][Ammo-I][-] Gunpowder Bundle [DECEA3](1000)[-],,[dddd00][-][eeee01][-][FFA94D][Munition-Zutat][-] Schießpulver Bundle [DECEA3](1000)[-],[dddd00][-][eeee01][-][FFA94D][Municiones-Ingrediente][-] Pólvora Bundle [DECEA3](1000)[-],[dddd00][-][eeee01][-][FFA94D][Munitions-Composant][-] Poudre à canon Bundle [DECEA3](1000)[-],[dddd00][-][eeee01][-][FFA94D][Munizioni-Ingrediente][-] Polvere da sparo Bundle [DECEA3](1000)[-],[dddd00][-][eeee01][-][FFA94D][弾薬-材料][-] 火薬 Bundle [DECEA3](1000)[-],[dddd00][-][eeee01][-][FFA94D][탄약-요소][-] 화약 Bundle [DECEA3](1000)[-],[dddd00][-][eeee01][-][FFA94D][Amunicja-Składnik][-] Proch strzelniczy Bundle [DECEA3](1000)[-],[dddd00][-][eeee01][-][FFA94D][Munição-Ingrediente][-] Pólvora Bundle [DECEA3](1000)[-],[dddd00][-][eeee01][-][FFA94D][Боеприпасы-Ингредиент][-] Порох Bundle [DECEA3](1000)[-],[dddd00][-][eeee01][-][FFA94D][Mühimmat-Bileşen][-] Barut Bundle [DECEA3](1000)[-],[dddd00][-][eeee01][-][FFA94D][弹药-原料][-] 火药 Bundle [DECEA3](1000)[-],[dddd00][-][eeee01][-][FFA94D][彈藥-配料][-] 火藥 Bundle [DECEA3](1000)[-]
resourceLeadBundle,items,Bundle,,,,[dddd02][-][eeee06][-][FFA94D][Ore][-] Lead Bundle [DECEA3](6000)[-],,[dddd02][-][eeee06][-][FFA94D][Erz][-] Blei Bundle [DECEA3](6000)[-],[dddd02][-][eeee06][-][FFA94D][Mineral][-] Plomo Bundle [DECEA3](6000)[-],[dddd02][-][eeee06][-][FFA94D][Minerai][-] Plomb Bundle [DECEA3](6000)[-],[dddd02][-][eeee06][-][FFA94D][Minerale][-] Piombo Bundle [DECEA3](6000)[-],[dddd02][-][eeee06][-][FFA94D][鉱石][-] 鉛 Bundle [DECEA3](6000)[-],[dddd02][-][eeee06][-][FFA94D][광석][-] 납 Bundle [DECEA3](6000)[-],[dddd02][-][eeee06][-][FFA94D][Ruda][-] Ołów Bundle [DECEA3](6000)[-],[dddd02][-][eeee06][-][FFA94D][Minério][-] Chumbo Bundle [DECEA3](6000)[-],[dddd02][-][eeee06][-][FFA94D][Руда][-] Свинец Bundle [DECEA3](6000)[-],[dddd02][-][eeee06][-][FFA94D][Cevher][-] Kurşun Bundle [DECEA3](6000)[-],[dddd02][-][eeee06][-][FFA94D][矿石][-] 铅 Bundle [DECEA3](6000)[-],[dddd02][-][eeee06][-][FFA94D][礦石][-] 鉛 Bundle [DECEA3](6000)[-]
resourceLockPickBundle,items,Bundle,,,,[bbbb00][-][eeee02][-] Lockpick Bundle [DECEA3](50)[-],,[bbbb00][-][eeee02][-] Dietrich Bundle [DECEA3](50)[-],[bbbb00][-][eeee02][-] Ganzúa Bundle [DECEA3](50)[-],[bbbb00][-][eeee02][-] Outil de crochetage Bundle [DECEA3](50)[-],[bbbb00][-][eeee02][-] Grimaldello Bundle [DECEA3](50)[-],[bbbb00][-][eeee02][-] ロックピック Bundle [DECEA3](50)[-],[bbbb00][-][eeee02][-] 자물쇠 따개 Bundle [DECEA3](50)[-],[bbbb00][-][eeee02][-] Wytrych Bundle [DECEA3](50)[-],[bbbb00][-][eeee02][-] Gazua Bundle [DECEA3](50)[-],[bbbb00][-][eeee02][-] Отмычка Bundle [DECEA3](50)[-],[bbbb00][-][eeee02][-] Maymuncuk Bundle [DECEA3](50)[-],[bbbb00][-][eeee02][-] 撬锁工具 Bundle [DECEA3](50)[-],[bbbb00][-][eeee02][-] 撬鎖工具 Bundle [DECEA3](50)[-]
resourceOilShaleBundle,items,Bundle,,,,[dddd02][-][eeee10][-][FFA94D][Ore][-] Oil Shale Bundle [DECEA3](6000)[-],,[dddd02][-][eeee10][-][FFA94D][Erz][-] Ölschiefer Bundle [DECEA3](6000)[-],[dddd02][-][eeee10][-][FFA94D][Mineral][-] Esquisto bituminoso Bundle [DECEA3](6000)[-],[dddd02][-][eeee10][-][FFA94D][Minerai][-] Schiste bitumineux Bundle [DECEA3](6000)[-],[dddd02][-][eeee10][-][FFA94D][Minerale][-] Scisto bituminoso Bundle [DECEA3](6000)[-],[dddd02][-][eeee10][-][FFA94D][鉱石][-] オイルシェール Bundle [DECEA3](6000)[-],[dddd02][-][eeee10][-][FFA94D][광석][-] 오일 셰일 Bundle [DECEA3](6000)[-],[dddd02][-][eeee10][-][FFA94D][Ruda][-] Łupek bitumiczny Bundle [DECEA3](6000)[-],[dddd02][-][eeee10][-][FFA94D][Minério][-] Óleo de Xisto Bundle [DECEA3](6000)[-],[dddd02][-][eeee10][-][FFA94D][Руда][-] Горючий сланец Bundle [DECEA3](6000)[-],[dddd02][-][eeee10][-][FFA94D][Cevher][-] Petrol Kayası Bundle [DECEA3](6000)[-],[dddd02][-][eeee10][-][FFA94D][矿石][-] 油页岩 Bundle [DECEA3](6000)[-],[dddd02][-][eeee10][-][FFA94D][礦石][-] 油頁岩 Bundle [DECEA3](6000)[-]
resourcePotassiumNitratePowderBundle,items,Bundle,,,,[dddd02][-][eeee08][-][FFA94D][Ore][-] Nitrate Powder Bundle [DECEA3](6000)[-],,[dddd02][-][eeee08][-][FFA94D][Erz][-] Nitratpulver Bundle [DECEA3](6000)[-],[dddd02][-][eeee08][-][FFA94D][Mineral][-] Pólvora de nitrato Bundle [DECEA3](6000)[-],[dddd02][-][eeee08][-][FFA94D][Minerai][-] Poudre de nitrate Bundle [DECEA3](6000)[-],[dddd02][-][eeee08][-][FFA94D][Minerale][-] Salnitro Bundle [DECEA3](6000)[-],[dddd02][-][eeee08][-][FFA94D][鉱石][-] 硝石粉末 Bundle [DECEA3](6000)[-],[dddd02][-][eeee08][-][FFA94D][광석][-] 질산염 분말 Bundle [DECEA3](6000)[-],[dddd02][-][eeee08][-][FFA94D][Ruda][-] Azotan potasu w postaci sypkiej Bundle [DECEA3](6000)[-],[dddd02][-][eeee08][-][FFA94D][Minério][-] Nitrato de potássio Bundle [DECEA3](6000)[-],[dddd02][-][eeee08][-][FFA94D][Руда][-] Порошковая селитра Bundle [DECEA3](6000)[-],[dddd02][-][eeee08][-][FFA94D][Cevher][-] Nitrat Tozu Bundle [DECEA3](6000)[-],[dddd02][-][eeee08][-][FFA94D][矿石][-] 硝酸盐粉 Bundle [DECEA3](6000)[-],[dddd02][-][eeee08][-][FFA94D][礦石][-] 硝酸鹽粉 Bundle [DECEA3](6000)[-]
resourceRockSmallBundle,items,Bundle,,,,[dddd02][-][eeee02][-][FFA94D][Ore][-] Small Stone Bundle [DECEA3](6000)[-],,[dddd02][-][eeee02][-][FFA94D][Erz][-] Kleiner Stein Bundle [DECEA3](6000)[-],[dddd02][-][eeee02][-][FFA94D][Mineral][-] Piedra pequeña Bundle [DECEA3](6000)[-],[dddd02][-][eeee02][-][FFA94D][Minerai][-] Petite pierre Bundle [DECEA3](6000)[-],[dddd02][-][eeee02][-][FFA94D][Minerale][-] Sasso Bundle [DECEA3](6000)[-],[dddd02][-][eeee02][-][FFA94D][鉱石][-] 小石 Bundle [DECEA3](6000)[-],[dddd02][-][eeee02][-][FFA94D][광석][-] 작은 돌 Bundle [DECEA3](6000)[-],[dddd02][-][eeee02][-][FFA94D][Ruda][-] Mały kamyk Bundle [DECEA3](6000)[-],[dddd02][-][eeee02][-][FFA94D][Minério][-] Pedra pequena Bundle [DECEA3](6000)[-],[dddd02][-][eeee02][-][FFA94D][Руда][-] Маленький камень Bundle [DECEA3](6000)[-],[dddd02][-][eeee02][-][FFA94D][Cevher][-] Küçük Taş Bundle [DECEA3](6000)[-],[dddd02][-][eeee02][-][FFA94D][矿石][-] 小石子 Bundle [DECEA3](6000)[-],[dddd02][-][eeee02][-][FFA94D][礦石][-] 小石頭 Bundle [DECEA3](6000)[-]
resourceScrapIronBundle,items,Bundle,,,,[dddd02][-][eeee05][-][FFA94D][Ore][-] Iron Bundle [DECEA3](6000)[-],,[dddd02][-][eeee05][-][FFA94D][Erz][-] Eisen Bundle [DECEA3](6000)[-],[dddd02][-][eeee05][-][FFA94D][Mineral][-] Hierro Bundle [DECEA3](6000)[-],[dddd02][-][eeee05][-][FFA94D][Minerai][-] Fer Bundle [DECEA3](6000)[-],[dddd02][-][eeee05][-][FFA94D][Minerale][-] Ferro Bundle [DECEA3](6000)[-],[dddd02][-][eeee05][-][FFA94D][鉱石][-] 鉄 Bundle [DECEA3](6000)[-],[dddd02][-][eeee05][-][FFA94D][광석][-] 철제 Bundle [DECEA3](6000)[-],[dddd02][-][eeee05][-][FFA94D][Ruda][-] Żelazo Bundle [DECEA3](6000)[-],[dddd02][-][eeee05][-][FFA94D][Minério][-] Ferro Bundle [DECEA3](6000)[-],[dddd02][-][eeee05][-][FFA94D][Руда][-] Железо Bundle [DECEA3](6000)[-],[dddd02][-][eeee05][-][FFA94D][Cevher][-] Demir Bundle [DECEA3](6000)[-],[dddd02][-][eeee05][-][FFA94D][矿石][-] 铁 Bundle [DECEA3](6000)[-],[dddd02][-][eeee05][-][FFA94D][礦石][-] 鐵 Bundle [DECEA3](6000)[-]
resourceWoodBundle,items,Bundle,,,,[dddd01][-][eeee01][-][FFA94D][Build][-] Wood Bundle [DECEA3](6000)[-],,[dddd01][-][eeee01][-][FFA94D][Bau][-] Holz Bundle [DECEA3](6000)[-],[dddd01][-][eeee01][-][FFA94D][Construcción][-] Madera Bundle [DECEA3](6000)[-],[dddd01][-][eeee01][-][FFA94D][Construction][-] Bois Bundle [DECEA3](6000)[-],[dddd01][-][eeee01][-][FFA94D][Costruzione][-] Legno Bundle [DECEA3](6000)[-],[dddd01][-][eeee01][-][FFA94D][建築][-] 木材 Bundle [DECEA3](6000)[-],[dddd01][-][eeee01][-][FFA94D][건축][-] 목재 Bundle [DECEA3](6000)[-],[dddd01][-][eeee01][-][FFA94D][Budowa][-] Drewno Bundle [DECEA3](6000)[-],[dddd01][-][eeee01][-][FFA94D][Construção][-] Madeira Bundle [DECEA3](6000)[-],[dddd01][-][eeee01][-][FFA94D][Строй][-] Дерево Bundle [DECEA3](6000)[-],[dddd01][-][eeee01][-][FFA94D][Yapı][-] Tahta Bundle [DECEA3](6000)[-],[dddd01][-][eeee01][-][FFA94D][建造][-] 木头 Bundle [DECEA3](6000)[-],[dddd01][-][eeee01][-][FFA94D][建造][-] 木頭 Bundle [DECEA3](6000)[-]
toolBeaker,items,Station-C,,,,[FFA94D][Station][-][dddd01][-][eeee03][-] Beaker [DECEA3](Campfire)[-],,[FFA94D][Station][-][dddd01][-][eeee03][-] Messbecher [DECEA3](Lagerfeuer)[-],[FFA94D][Estación][-][dddd01][-][eeee03][-] Matraz [DECEA3](Fogata)[-],[FFA94D][Station][-][dddd01][-][eeee03][-] Bécher [DECEA3](Feu de camp)[-],[FFA94D][Stazione][-][dddd01][-][eeee03][-] Becher [DECEA3](Falò)[-],[FFA94D][装置][-][dddd01][-][eeee03][-] ビーカー [DECEA3](キャンプファイヤー)[-],[FFA94D][작업대][-][dddd01][-][eeee03][-] 비커 [DECEA3](캠프파이어)[-],[FFA94D][Stacja][-][dddd01][-][eeee03][-] Zlewka [DECEA3](Ognisko)[-],[FFA94D][Estação][-][dddd01][-][eeee03][-] Proveta [DECEA3](Fogueira)[-],[FFA94D][Станция][-][dddd01][-][eeee03][-] Мерный стакан [DECEA3](Костер)[-],[FFA94D][İstasyon][-][dddd01][-][eeee03][-] Kap [DECEA3](Kamp Ateşi)[-],[FFA94D][设施][-][dddd01][-][eeee03][-] 烧杯 [DECEA3](篝火)[-],[FFA94D][設施][-][dddd01][-][eeee03][-] 燒杯 [DECEA3](營火)[-]
toolCookingGrill,items,Station-C,,,,[FFA94D][Station][-][dddd01][-][eeee02][-] Cooking Grill [DECEA3](Campfire)[-],,[FFA94D][Station][-][dddd01][-][eeee02][-] Kochgrill [DECEA3](Lagerfeuer)[-],[FFA94D][Estación][-][dddd01][-][eeee02][-] Parrilla [DECEA3](Fogata)[-],[FFA94D][Station][-][dddd01][-][eeee02][-] Grill [DECEA3](Feu de camp)[-],[FFA94D][Stazione][-][dddd01][-][eeee02][-] Griglia [DECEA3](Falò)[-],[FFA94D][装置][-][dddd01][-][eeee02][-] 調理グリル [DECEA3](キャンプファイヤー)[-],[FFA94D][작업대][-][dddd01][-][eeee02][-] 요리 그릴 [DECEA3](캠프파이어)[-],[FFA94D][Stacja][-][dddd01][-][eeee02][-] Grill [DECEA3](Ognisko)[-],[FFA94D][Estação][-][dddd01][-][eeee02][-] Grelha [DECEA3](Fogueira)[-],[FFA94D][Станция][-][dddd01][-][eeee02][-] Гриль [DECEA3](Костер)[-],[FFA94D][İstasyon][-][dddd01][-][eeee02][-] Yemek Izgarası [DECEA3](Kamp Ateşi)[-],[FFA94D][设施][-][dddd01][-][eeee02][-] 烤架 [DECEA3](篝火)[-],[FFA94D][設施][-][dddd01][-][eeee02][-] 烹飪烤爐 [DECEA3](營火)[-]
toolCookingPot,items,Station-C,,,,[FFA94D][Station][-][dddd01][-][eeee01][-] Cooking Pot [DECEA3](Campfire)[-],,[FFA94D][Station][-][dddd01][-][eeee01][-] Kochtopf [DECEA3](Lagerfeuer)[-],[FFA94D][Estación][-][dddd01][-][eeee01][-] Olla [DECEA3](Fogata)[-],[FFA94D][Station][-][dddd01][-][eeee01][-] Marmite [DECEA3](Feu de camp)[-],[FFA94D][Stazione][-][dddd01][-][eeee01][-] Pentola [DECEA3](Falò)[-],[FFA94D][装置][-][dddd01][-][eeee01][-] 調理鍋 [DECEA3](キャンプファイヤー)[-],[FFA94D][작업대][-][dddd01][-][eeee01][-] 요리용 냄비 [DECEA3](캠프파이어)[-],[FFA94D][Stacja][-][dddd01][-][eeee01][-] Garnek [DECEA3](Ognisko)[-],[FFA94D][Estação][-][dddd01][-][eeee01][-] Panela [DECEA3](Fogueira)[-],[FFA94D][Станция][-][dddd01][-][eeee01][-] Кастрюля [DECEA3](Костер)[-],[FFA94D][İstasyon][-][dddd01][-][eeee01][-] Tencere [DECEA3](Kamp Ateşi)[-],[FFA94D][设施][-][dddd01][-][eeee01][-] 烹饪锅 [DECEA3](篝火)[-],[FFA94D][設施][-][dddd01][-][eeee01][-] 烹飪鍋 [DECEA3](營火)[-]
toolDewFilter,items,Station-D,,,,[FFA94D][Station][-][dddd03][-][eeee03][-] Water Filter [DECEA3](Dew Collector)[-],,[FFA94D][Station][-][dddd03][-][eeee03][-] Wasserfilter [DECEA3](Tausammler)[-],[FFA94D][Estación][-][dddd03][-][eeee03][-] Filtro de agua [DECEA3](Recolector de rocío)[-],[FFA94D][Station][-][dddd03][-][eeee03][-] Filtre à eau [DECEA3](Ramasseur de rosée)[-],[FFA94D][Stazione][-][dddd03][-][eeee03][-] Filtro dell'acqua [DECEA3](Raccoglitore di rugiada)[-],[FFA94D][装置][-][dddd03][-][eeee03][-] ウォーターフィルター [DECEA3](水滴収集器)[-],[FFA94D][작업대][-][dddd03][-][eeee03][-] 정수 필터 [DECEA3](이슬 수집기)[-],[FFA94D][Stacja][-][dddd03][-][eeee03][-] Filtr wody [DECEA3](Kolektor rosy)[-],[FFA94D][Estação][-][dddd03][-][eeee03][-] Filtro de água [DECEA3](Coletor de orvalho)[-],[FFA94D][Станция][-][dddd03][-][eeee03][-] Фильтр для воды [DECEA3](Коллектор росы)[-],[FFA94D][İstasyon][-][dddd03][-][eeee03][-] Su Filtresi [DECEA3](Çiy Toplayıcı)[-],[FFA94D][设施][-][dddd03][-][eeee03][-] 滤水器 [DECEA3](露水收集器)[-],[FFA94D][設施][-][dddd03][-][eeee03][-] 濾水器 [DECEA3](露水收集器)[-]
toolDewGatherer,items,Station-D,,,,[FFA94D][Station][-][dddd03][-][eeee01][-] Gatherer [DECEA3](Dew Collector)[-],,[FFA94D][Station][-][dddd03][-][eeee01][-] Sammler [DECEA3](Tausammler)[-],[FFA94D][Estación][-][dddd03][-][eeee01][-] Recolector [DECEA3](Recolector de rocío)[-],[FFA94D][Station][-][dddd03][-][eeee01][-] Collecteur [DECEA3](Ramasseur de rosée)[-],[FFA94D][Stazione][-][dddd03][-][eeee01][-] Raccoglitore [DECEA3](Raccoglitore di rugiada)[-],[FFA94D][装置][-][dddd03][-][eeee01][-] 収集器 [DECEA3](水滴収集器)[-],[FFA94D][작업대][-][dddd03][-][eeee01][-] 채집꾼 [DECEA3](이슬 수집기)[-],[FFA94D][Stacja][-][dddd03][-][eeee01][-] Zbieracz [DECEA3](Kolektor rosy)[-],[FFA94D][Estação][-][dddd03][-][eeee01][-] Coletor [DECEA3](Coletor de orvalho)[-],[FFA94D][Станция][-][dddd03][-][eeee01][-] Собиратель [DECEA3](Коллектор росы)[-],[FFA94D][İstasyon][-][dddd03][-][eeee01][-] Toplayıcı [DECEA3](Çiy Toplayıcı)[-],[FFA94D][设施][-][dddd03][-][eeee01][-] 采集者 [DECEA3](露水收集器)[-],[FFA94D][設施][-][dddd03][-][eeee01][-] 採集者 [DECEA3](露水收集器)[-]
toolDewTarp,items,Station-D,,,,[FFA94D][Station][-][dddd03][-][eeee02][-] Tarp [DECEA3](Dew Collector)[-],,[FFA94D][Station][-][dddd03][-][eeee02][-] Plane [DECEA3](Tausammler)[-],[FFA94D][Estación][-][dddd03][-][eeee02][-] Lona [DECEA3](Recolector de rocío)[-],[FFA94D][Station][-][dddd03][-][eeee02][-] Bâche [DECEA3](Ramasseur de rosée)[-],[FFA94D][Stazione][-][dddd03][-][eeee02][-] Telone [DECEA3](Raccoglitore di rugiada)[-],[FFA94D][装置][-][dddd03][-][eeee02][-] タープ [DECEA3](水滴収集器)[-],[FFA94D][작업대][-][dddd03][-][eeee02][-] 타프 [DECEA3](이슬 수집기)[-],[FFA94D][Stacja][-][dddd03][-][eeee02][-] Brezent [DECEA3](Kolektor rosy)[-],[FFA94D][Estação][-][dddd03][-][eeee02][-] Lona [DECEA3](Coletor de orvalho)[-],[FFA94D][Станция][-][dddd03][-][eeee02][-] Парусина [DECEA3](Коллектор росы)[-],[FFA94D][İstasyon][-][dddd03][-][eeee02][-] Branda [DECEA3](Çiy Toplayıcı)[-],[FFA94D][设施][-][dddd03][-][eeee02][-] 油布 [DECEA3](露水收集器)[-],[FFA94D][設施][-][dddd03][-][eeee02][-] 篷帆布 [DECEA3](露水收集器)[-]
toolAnvil,items,Station-F,,,,[FFA94D][Station][-][dddd02][-][eeee02][-] Anvil [DECEA3](Forge)[-],,[FFA94D][Station][-][dddd02][-][eeee02][-] Amboss [DECEA3](Schmiede)[-],[FFA94D][Estación][-][dddd02][-][eeee02][-] Yunque [DECEA3](Fragua)[-],[FFA94D][Station][-][dddd02][-][eeee02][-] Enclume [DECEA3](Forge)[-],[FFA94D][Stazione][-][dddd02][-][eeee02][-] Incudine [DECEA3](Fucina)[-],[FFA94D][装置][-][dddd02][-][eeee02][-] 鉄床 [DECEA3](炉)[-],[FFA94D][작업대][-][dddd02][-][eeee02][-] 모루 [DECEA3](화덕)[-],[FFA94D][Stacja][-][dddd02][-][eeee02][-] Kowadło [DECEA3](Kuźnia)[-],[FFA94D][Estação][-][dddd02][-][eeee02][-] Bigorna [DECEA3](Forja)[-],[FFA94D][Станция][-][dddd02][-][eeee02][-] Наковальня [DECEA3](Кузница)[-],[FFA94D][İstasyon][-][dddd02][-][eeee02][-] Örs [DECEA3](Demirci Ocağı)[-],[FFA94D][设施][-][dddd02][-][eeee02][-] 铁砧 [DECEA3](锻造炉)[-],[FFA94D][設施][-][dddd02][-][eeee02][-] 鐵砧 [DECEA3](鍛造爐)[-]
toolBellows,items,Station-F,,,,[FFA94D][Station][-][dddd02][-][eeee01][-] Advanced Bellows [DECEA3](Forge)[-],,[FFA94D][Station][-][dddd02][-][eeee01][-] Fortgeschrittener Blasebalg [DECEA3](Schmiede)[-],[FFA94D][Estación][-][dddd02][-][eeee01][-] Fuelles avanzados [DECEA3](Fragua)[-],[FFA94D][Station][-][dddd02][-][eeee01][-] Soufflet avancé [DECEA3](Forge)[-],[FFA94D][Stazione][-][dddd02][-][eeee01][-] Soffietto avanzato [DECEA3](Fucina)[-],[FFA94D][装置][-][dddd02][-][eeee01][-] 鞴（ふいご） [DECEA3](炉)[-],[FFA94D][작업대][-][dddd02][-][eeee01][-] 고급 풀무 [DECEA3](화덕)[-],[FFA94D][Stacja][-][dddd02][-][eeee01][-] Zaawansowany miech [DECEA3](Kuźnia)[-],[FFA94D][Estação][-][dddd02][-][eeee01][-] Fole avançado [DECEA3](Forja)[-],[FFA94D][Станция][-][dddd02][-][eeee01][-] Улучшенные кузнечные меха [DECEA3](Кузница)[-],[FFA94D][İstasyon][-][dddd02][-][eeee01][-] Gelişmiş Körükler [DECEA3](Demirci Ocağı)[-],[FFA94D][设施][-][dddd02][-][eeee01][-] 高级风箱 [DECEA3](锻造炉)[-],[FFA94D][設施][-][dddd02][-][eeee01][-] 高級風箱 [DECEA3](鍛造爐)[-]
toolForgeCrucible,items,Station-F,,,,[FFA94D][Station][-][dddd02][-][eeee03][-] Crucible [DECEA3](Forge)[-],,[FFA94D][Station][-][dddd02][-][eeee03][-] Schmelztiegel [DECEA3](Schmiede)[-],[FFA94D][Estación][-][dddd02][-][eeee03][-] Crisol [DECEA3](Fragua)[-],[FFA94D][Station][-][dddd02][-][eeee03][-] Creuset [DECEA3](Forge)[-],[FFA94D][Stazione][-][dddd02][-][eeee03][-] Crogiolo [DECEA3](Fucina)[-],[FFA94D][装置][-][dddd02][-][eeee03][-] 坩堝（るつぼ） [DECEA3](炉)[-],[FFA94D][작업대][-][dddd02][-][eeee03][-] 도가니 [DECEA3](화덕)[-],[FFA94D][Stacja][-][dddd02][-][eeee03][-] Tygiel [DECEA3](Kuźnia)[-],[FFA94D][Estação][-][dddd02][-][eeee03][-] Cadinho [DECEA3](Forja)[-],[FFA94D][Станция][-][dddd02][-][eeee03][-] Тигель [DECEA3](Кузница)[-],[FFA94D][İstasyon][-][dddd02][-][eeee03][-] Pota [DECEA3](Demirci Ocağı)[-],[FFA94D][设施][-][dddd02][-][eeee03][-] 坩埚 [DECEA3](锻造炉)[-],[FFA94D][設施][-][dddd02][-][eeee03][-] 坩堝 [DECEA3](鍛造爐)[-]
meleeToolRepairT0TazasStoneAxe,items,Tool,,,,[bbbb01][-][eeee01][-] Taza's Stone Axe,,[bbbb01][-][eeee01][-] Tazas Steinaxt,[bbbb01][-][eeee01][-] Hacha de piedra de Taza,[bbbb01][-][eeee01][-] Hache de pierre de Taza,[bbbb01][-][eeee01][-] Ascia di pietra di Taza,[bbbb01][-][eeee01][-] タサの石斧,[bbbb01][-][eeee01][-] 타자의 돌 도끼,[bbbb01][-][eeee01][-] Kamienna Siekiera Tazy,[bbbb01][-][eeee01][-] Machado de Pedra do Taza,[bbbb01][-][eeee01][-] Каменный топор Тазы,[bbbb01][-][eeee01][-] Taza'nın Taş Baltası,[bbbb01][-][eeee01][-] 塔萨的石斧,[bbbb01][-][eeee01][-] 塔紮的石斧
meleeToolRepairT0StoneAxe,items,Tool,,,,[bbbb01][-][eeee02][-] Stone Axe,,[bbbb01][-][eeee02][-] Steinaxt,[bbbb01][-][eeee02][-] Hacha de piedra,[bbbb01][-][eeee02][-] Hache de pierre,[bbbb01][-][eeee02][-] Ascia di pietra,[bbbb01][-][eeee02][-] 石斧,[bbbb01][-][eeee02][-] 돌 도끼,[bbbb01][-][eeee02][-] Kamienna siekiera,[bbbb01][-][eeee02][-] Machado de Pedra,[bbbb01][-][eeee02][-] Каменный топор,[bbbb01][-][eeee02][-] Taş Balta,[bbbb01][-][eeee02][-] 石斧,[bbbb01][-][eeee02][-] 石斧
meleeToolShovelT0StoneShovel,items,Tool,,,,[bbbb03][-][eeee01][-] Stone Shovel,,[bbbb03][-][eeee01][-] Steinschaufel,[bbbb03][-][eeee01][-] Pala de piedra,[bbbb03][-][eeee01][-] Pelle en pierre,[bbbb03][-][eeee01][-] Pala di pietra,[bbbb03][-][eeee01][-] 石ショベル,[bbbb03][-][eeee01][-] 돌삽,[bbbb03][-][eeee01][-] Kamienna łopata,[bbbb03][-][eeee01][-] Pá de Pedra,[bbbb03][-][eeee01][-] Каменная лопата,[bbbb03][-][eeee01][-] Taş Kürek,[bbbb03][-][eeee01][-] 石铲,[bbbb03][-][eeee01][-] 石鏟
meleeToolAxeT1IronFireaxe,items,Tool,,,,[bbbb02][-][eeee01][-] Iron Fireaxe,,[bbbb02][-][eeee01][-] Eiserne Feueraxt,[bbbb02][-][eeee01][-] Hacha de bombero de hierro,[bbbb02][-][eeee01][-] Hache de pompier en fer,[bbbb02][-][eeee01][-] Ascia antincendio di ferro,[bbbb02][-][eeee01][-] 鉄製消防斧,[bbbb02][-][eeee01][-] 철제 소방 도끼,[bbbb02][-][eeee01][-] Żelazna siekiera strażacka,[bbbb02][-][eeee01][-] Machado de Ferro,[bbbb02][-][eeee01][-] Железный пожарный топор,[bbbb02][-][eeee01][-] Demir Yangın Baltası,[bbbb02][-][eeee01][-] 铁斧,[bbbb02][-][eeee01][-] 鐵消防斧
meleeToolPickT1IronPickaxe,items,Tool,,,,[bbbb04][-][eeee01][-] Iron Pickaxe,,[bbbb04][-][eeee01][-] Eisenspitzhacke,[bbbb04][-][eeee01][-] Pico de hierro,[bbbb04][-][eeee01][-] Pioche en fer,[bbbb04][-][eeee01][-] Piccone di ferro,[bbbb04][-][eeee01][-] 鉄つるはし,[bbbb04][-][eeee01][-] 철제 곡괭이,[bbbb04][-][eeee01][-] Żelazny kilof,[bbbb04][-][eeee01][-] Picareta de Ferro,[bbbb04][-][eeee01][-] Железная кирка,[bbbb04][-][eeee01][-] Demir Kazma,[bbbb04][-][eeee01][-] 铁制鹤嘴锄,[bbbb04][-][eeee01][-] 鐵鎬
meleeToolShovelT1IronShovel,items,Tool,,,,[bbbb03][-][eeee02][-] Iron Shovel,,[bbbb03][-][eeee02][-] Eisenschaufel,[bbbb03][-][eeee02][-] Pala de hierro,[bbbb03][-][eeee02][-] Pelle en fer,[bbbb03][-][eeee02][-] Pala di ferro,[bbbb03][-][eeee02][-] 鉄ショベル,[bbbb03][-][eeee02][-] 철삽,[bbbb03][-][eeee02][-] Żelazna łopata,[bbbb03][-][eeee02][-] Pá de Ferro,[bbbb03][-][eeee02][-] Железная лопата,[bbbb03][-][eeee02][-] Demir Kürek,[bbbb03][-][eeee02][-] 铁铲,[bbbb03][-][eeee02][-] 鐵鏟
meleeToolAxeT2SteelAxe,items,Tool,,,,[bbbb02][-][eeee02][-] Steel Axe,,[bbbb02][-][eeee02][-] Stahlaxt,[bbbb02][-][eeee02][-] Hacha de acero,[bbbb02][-][eeee02][-] Hache en acier,[bbbb02][-][eeee02][-] Ascia d'acciaio,[bbbb02][-][eeee02][-] 鉄鋼斧,[bbbb02][-][eeee02][-] 강철 도끼,[bbbb02][-][eeee02][-] Stalowa siekiera,[bbbb02][-][eeee02][-] Machado de Aço,[bbbb02][-][eeee02][-] Стальной топор,[bbbb02][-][eeee02][-] Çelik Balta,[bbbb02][-][eeee02][-] 钢斧,[bbbb02][-][eeee02][-] 鋼斧
meleeToolPickT2SteelPickaxe,items,Tool,,,,[bbbb04][-][eeee02][-] Steel Pickaxe,,[bbbb04][-][eeee02][-] Stahlspitzhacke,[bbbb04][-][eeee02][-] Pico de acero,[bbbb04][-][eeee02][-] Pioche en acier,[bbbb04][-][eeee02][-] Piccone d'acciaio,[bbbb04][-][eeee02][-] 鉄鋼つるはし,[bbbb04][-][eeee02][-] 강철 곡괭이,[bbbb04][-][eeee02][-] Stalowy kilof,[bbbb04][-][eeee02][-] Picareta de Aço,[bbbb04][-][eeee02][-] Стальная кирка,[bbbb04][-][eeee02][-] Çelik Kazma,[bbbb04][-][eeee02][-] 钢制鹤嘴锄,[bbbb04][-][eeee02][-] 鋼鎬
meleeToolShovelT2SteelShovel,items,Tool,,,,[bbbb03][-][eeee03][-] Steel Shovel,,[bbbb03][-][eeee03][-] Stahlschaufel,[bbbb03][-][eeee03][-] Pala de acero,[bbbb03][-][eeee03][-] Pelle en acier,[bbbb03][-][eeee03][-] Pala d'acciaio,[bbbb03][-][eeee03][-] 鉄鋼ショベル,[bbbb03][-][eeee03][-] 강철삽,[bbbb03][-][eeee03][-] Stalowa łopata,[bbbb03][-][eeee03][-] Pá de Aço,[bbbb03][-][eeee03][-] Стальная лопата,[bbbb03][-][eeee03][-] Çelik Kürek,[bbbb03][-][eeee03][-] 钢铲,[bbbb03][-][eeee03][-] 鋼鏟
meleeToolAxeT3Chainsaw,items,Tool,,,,[bbbb02][-][eeee03][-] Chainsaw,,[bbbb02][-][eeee03][-] Kettensäge,[bbbb02][-][eeee03][-] Motosierra,[bbbb02][-][eeee03][-] Tronçonneuse,[bbbb02][-][eeee03][-] Motosega,[bbbb02][-][eeee03][-] チェーンソー,[bbbb02][-][eeee03][-] 전기톱,[bbbb02][-][eeee03][-] Piła łańcuchowa,[bbbb02][-][eeee03][-] Motosserra,[bbbb02][-][eeee03][-] Бензопила,[bbbb02][-][eeee03][-] Testere,[bbbb02][-][eeee03][-] 电锯,[bbbb02][-][eeee03][-] 鏈鋸
meleeToolPickT3Auger,items,Tool,,,,[bbbb04][-][eeee03][-] Auger,,[bbbb04][-][eeee03][-] Erdbohrer,[bbbb04][-][eeee03][-] Barrena,[bbbb04][-][eeee03][-] Foreuse,[bbbb04][-][eeee03][-] Trivella,[bbbb04][-][eeee03][-] オーガー,[bbbb04][-][eeee03][-] 나사송곳,[bbbb04][-][eeee03][-] Świder,[bbbb04][-][eeee03][-] Broca,[bbbb04][-][eeee03][-] Бур,[bbbb04][-][eeee03][-] Delgi,[bbbb04][-][eeee03][-] 螺旋钻,[bbbb04][-][eeee03][-] 螺旋鉆
meleeToolRepairT1ClawHammer,items,Tool,,,,[bbbb01][-][eeee03][-] Claw Hammer,,[bbbb01][-][eeee03][-] Klauenhammer,[bbbb01][-][eeee03][-] Martillo de orejas,[bbbb01][-][eeee03][-] Arrache-clou,[bbbb01][-][eeee03][-] Martello,[bbbb01][-][eeee03][-] くぎ抜きハンマー,[bbbb01][-][eeee03][-] 장도리,[bbbb01][-][eeee03][-] Młotek do gwoździ,[bbbb01][-][eeee03][-] Martelo,[bbbb01][-][eeee03][-] Молоток-гвоздодер,[bbbb01][-][eeee03][-] Çatal Çekiç,[bbbb01][-][eeee03][-] 羊角锤,[bbbb01][-][eeee03][-] 羊角錘
meleeToolRepairT3Nailgun,items,Tool,,,,[bbbb01][-][eeee04][-] Nailgun,,[bbbb01][-][eeee04][-] Nagelpistole,[bbbb01][-][eeee04][-] Pistola de clavos,[bbbb01][-][eeee04][-] Pistolet à clous,[bbbb01][-][eeee04][-] Sparachiodi,[bbbb01][-][eeee04][-] ネイルガン,[bbbb01][-][eeee04][-] 네일 건,[bbbb01][-][eeee04][-] Gwoździarka,[bbbb01][-][eeee04][-] Pistola de pregos,[bbbb01][-][eeee04][-] Гвоздомет,[bbbb01][-][eeee04][-] Çivi Tabancası,[bbbb01][-][eeee04][-] 钉枪,[bbbb01][-][eeee04][-] 釘槍
meleeToolSalvageT1Wrench,items,Tool,,,,[bbbb05][-][eeee01][-] Wrench,,[bbbb05][-][eeee01][-] Schraubenschlüssel,[bbbb05][-][eeee01][-] Llave inglesa,[bbbb05][-][eeee01][-] Clé à molette,[bbbb05][-][eeee01][-] Chiave inglese,[bbbb05][-][eeee01][-] レンチ,[bbbb05][-][eeee01][-] 렌치,[bbbb05][-][eeee01][-] Klucz,[bbbb05][-][eeee01][-] Chave Inglesa,[bbbb05][-][eeee01][-] Гаечный ключ,[bbbb05][-][eeee01][-] İngiliz Anahtarı,[bbbb05][-][eeee01][-] 扳手,[bbbb05][-][eeee01][-] 扳手
meleeToolSalvageT2Ratchet,items,Tool,,,,[bbbb05][-][eeee02][-] Ratchet,,[bbbb05][-][eeee02][-] Knarre,[bbbb05][-][eeee02][-] Trinquete,[bbbb05][-][eeee02][-] Cliquet,[bbbb05][-][eeee02][-] Cricchetto,[bbbb05][-][eeee02][-] ラチェット,[bbbb05][-][eeee02][-] 래칫,[bbbb05][-][eeee02][-] Klucz z grzechotką,[bbbb05][-][eeee02][-] Chave Catraca,[bbbb05][-][eeee02][-] Ключ-трещотка,[bbbb05][-][eeee02][-] Mandal,[bbbb05][-][eeee02][-] 棘齿,[bbbb05][-][eeee02][-] 棘輪扳手
meleeToolSalvageT3ImpactDriver,items,Tool,,,,[bbbb05][-][eeee03][-] Impact Driver,,[bbbb05][-][eeee03][-] Schlagschrauber,[bbbb05][-][eeee03][-] Atornillador de impacto,[bbbb05][-][eeee03][-] Boulonneuse à choc,[bbbb05][-][eeee03][-] Cacciavite a percussione,[bbbb05][-][eeee03][-] 衝撃ドライバー,[bbbb05][-][eeee03][-] 임팩트 드라이버,[bbbb05][-][eeee03][-] Mechanizm udarowy,[bbbb05][-][eeee03][-] Chave de Impacto,[bbbb05][-][eeee03][-] Гайковерт,[bbbb05][-][eeee03][-] Darbeli Matkap,[bbbb05][-][eeee03][-] 冲击起子,[bbbb05][-][eeee03][-] 衝擊起子
meleeToolTorch,items,Tool,,,,[bbbb06][-][eeee01][-] Torch,,[bbbb06][-][eeee01][-] Fackel,[bbbb06][-][eeee01][-] Antorcha,[bbbb06][-][eeee01][-] Torche,[bbbb06][-][eeee01][-] Torcia,[bbbb06][-][eeee01][-] 松明,[bbbb06][-][eeee01][-] 횃불,[bbbb06][-][eeee01][-] Pochodnia,[bbbb06][-][eeee01][-] Tocha,[bbbb06][-][eeee01][-] Факел,[bbbb06][-][eeee01][-] Meşale,[bbbb06][-][eeee01][-] 火把,[bbbb06][-][eeee01][-] 火把
meleeToolFlashlight02,items,Tool,,,,[bbbb06][-][eeee02][-] Flashlight,,[bbbb06][-][eeee02][-] Taschenlampe,[bbbb06][-][eeee02][-] Linterna,[bbbb06][-][eeee02][-] Lampe de poche,[bbbb06][-][eeee02][-] Torcia elettrica,[bbbb06][-][eeee02][-] フラッシュライト,[bbbb06][-][eeee02][-] 손전등,[bbbb06][-][eeee02][-] Latarka,[bbbb06][-][eeee02][-] Lanterna,[bbbb06][-][eeee02][-] Фонарик,[bbbb06][-][eeee02][-] El Feneri,[bbbb06][-][eeee02][-] 手电筒,[bbbb06][-][eeee02][-] 手電筒
meleeToolWireTool,items,Tool,,,,[bbbb06][-][eeee03][-] Wire Tool,,[bbbb06][-][eeee03][-] Drahtwerkzeug,[bbbb06][-][eeee03][-] Herramienta de cableado,[bbbb06][-][eeee03][-] Outil de câblage,[bbbb06][-][eeee03][-] Tronchese,[bbbb06][-][eeee03][-] 配線ツール,[bbbb06][-][eeee03][-] 와이어 도구,[bbbb06][-][eeee03][-] Cążki do drutu,[bbbb06][-][eeee03][-] Alicate,[bbbb06][-][eeee03][-] Стриппер,[bbbb06][-][eeee03][-] Kablolama Aleti,[bbbb06][-][eeee03][-] 电线工具,[bbbb06][-][eeee03][-] 接綫工具
meleeToolPaintTool,items,Tool,,,,[bbbb06][-][eeee04][-] Paint Brush,,[bbbb06][-][eeee04][-] Malerpinsel,[bbbb06][-][eeee04][-] Pincel,[bbbb06][-][eeee04][-] Pinceau,[bbbb06][-][eeee04][-] Pennello,[bbbb06][-][eeee04][-] はけ,[bbbb06][-][eeee04][-] 페인트 브러시,[bbbb06][-][eeee04][-] Pędzel,[bbbb06][-][eeee04][-] Pincel,[bbbb06][-][eeee04][-] Кисточка,[bbbb06][-][eeee04][-] Boya Fırçası,[bbbb06][-][eeee04][-] 油漆刷,[bbbb06][-][eeee04][-] 填色刷
meleeWpnSpearT0StoneSpear,weapon,Weapon,,,,[cccc05][-][eeee01][-] Stone Spear,,[cccc05][-][eeee01][-] Steinspeer,[cccc05][-][eeee01][-] Lanza de piedra,[cccc05][-][eeee01][-] Lance en pierre,[cccc05][-][eeee01][-] Lancia di pietra,[cccc05][-][eeee01][-] 石槍,[cccc05][-][eeee01][-] 돌 창,[cccc05][-][eeee01][-] Kamienna włócznia,[cccc05][-][eeee01][-] Lança de Pedra,[cccc05][-][eeee01][-] Каменное копье,[cccc05][-][eeee01][-] Taş Mızrak,[cccc05][-][eeee01][-] 石矛,[cccc05][-][eeee01][-] 石矛
meleeWpnSpearT1IronSpear,weapon,Weapon,,,,[cccc05][-][eeee02][-] Iron Spear,,[cccc05][-][eeee02][-] Eisenspeer,[cccc05][-][eeee02][-] Lanza de hierro,[cccc05][-][eeee02][-] Lance en fer,[cccc05][-][eeee02][-] Lancia di ferro,[cccc05][-][eeee02][-] 鉄槍,[cccc05][-][eeee02][-] 철제 창,[cccc05][-][eeee02][-] Żelazna włócznia,[cccc05][-][eeee02][-] Lança de Ferro,[cccc05][-][eeee02][-] Железное копье,[cccc05][-][eeee02][-] Demir Mızrak,[cccc05][-][eeee02][-] 铁矛,[cccc05][-][eeee02][-] 鐵矛
meleeWpnSpearT3SteelSpear,weapon,Weapon,,,,[cccc05][-][eeee03][-] Steel Spear,,[cccc05][-][eeee03][-] Stahlspeer,[cccc05][-][eeee03][-] Lanza de acero,[cccc05][-][eeee03][-] Lance en acier,[cccc05][-][eeee03][-] Lancia d'acciaio,[cccc05][-][eeee03][-] 鉄鋼槍,[cccc05][-][eeee03][-] 강철 창,[cccc05][-][eeee03][-] Stalowa włócznia,[cccc05][-][eeee03][-] Lança de Aço,[cccc05][-][eeee03][-] Стальное копье,[cccc05][-][eeee03][-] Çelik Mızrak,[cccc05][-][eeee03][-] 钢矛,[cccc05][-][eeee03][-] 鋼矛
meleeWpnClubT1CandyClub,weapon,Weapon,,,,[cccc03][-][eeee03][-] Candy Cane Club,,[cccc03][-][eeee03][-] Zuckerstangenknüppel,[cccc03][-][eeee03][-] Bate de bastón de caramelo,[cccc03][-][eeee03][-] Massue sucre d'orge,[cccc03][-][eeee03][-] Bastone di zucchero,[cccc03][-][eeee03][-] キャンディーケーン型棍棒,[cccc03][-][eeee03][-] 지팡이 사탕 둔기,[cccc03][-][eeee03][-] Zabójcza laska cukrowa,[cccc03][-][eeee03][-] Taco de Doce,[cccc03][-][eeee03][-] Дубинка из карамельной трости,[cccc03][-][eeee03][-] Şeker Sopa,[cccc03][-][eeee03][-] 拐杖糖棍棒,[cccc03][-][eeee03][-] 糖果拐杖棍
meleeWpnClubT0WoodenClub,weapon,Weapon,,,,[cccc03][-][eeee01][-] Wooden Club,,[cccc03][-][eeee01][-] Holzknüppel,[cccc03][-][eeee01][-] Garrote de madera,[cccc03][-][eeee01][-] Massue en bois,[cccc03][-][eeee01][-] Mazza di legno,[cccc03][-][eeee01][-] 木製棍棒,[cccc03][-][eeee01][-] 나무 둔기,[cccc03][-][eeee01][-] Drewniana maczuga,[cccc03][-][eeee01][-] Taco de Madeira,[cccc03][-][eeee01][-] Деревянная дубинка,[cccc03][-][eeee01][-] Tahta Sopa,[cccc03][-][eeee01][-] 木棒,[cccc03][-][eeee01][-] 木棍
meleeWpnClubT1BaseballBat,weapon,Weapon,,,,[cccc03][-][eeee02][-] Baseball Bat,,[cccc03][-][eeee02][-] Baseballschläger,[cccc03][-][eeee02][-] Bate de béisbol,[cccc03][-][eeee02][-] Batte de baseball,[cccc03][-][eeee02][-] Mazza da baseball,[cccc03][-][eeee02][-] ベースボールバット,[cccc03][-][eeee02][-] 야구방망이,[cccc03][-][eeee02][-] Kij baseballowy,[cccc03][-][eeee02][-] Taco de beisebol,[cccc03][-][eeee02][-] Бейсбольная бита,[cccc03][-][eeee02][-] Beyzbol Sopası,[cccc03][-][eeee02][-] 球棒,[cccc03][-][eeee02][-] 棒球棒
meleeWpnClubT3SteelClub,weapon,Weapon,,,,[cccc03][-][eeee04][-] Steel Club,,[cccc03][-][eeee04][-] Stahlknüppel,[cccc03][-][eeee04][-] Esquema de palo de acero,[cccc03][-][eeee04][-] Massue en acier,[cccc03][-][eeee04][-] Mazza d'acciaio,[cccc03][-][eeee04][-] 鉄鋼製棍棒,[cccc03][-][eeee04][-] 강철 곤봉,[cccc03][-][eeee04][-] Stalowa pałka,[cccc03][-][eeee04][-] Porrete de aço,[cccc03][-][eeee04][-] Стальная дубина,[cccc03][-][eeee04][-] Çelik Sopa,[cccc03][-][eeee04][-] 钢棍,[cccc03][-][eeee04][-] 鋼棍
meleeWpnSledgeT0StoneSledgehammer,weapon,Weapon,,,,[cccc06][-][eeee01][-] Stone Sledgehammer,,[cccc06][-][eeee01][-] Steinvorschlaghammer,[cccc06][-][eeee01][-] Mazo de piedra,[cccc06][-][eeee01][-] Masse en pierre,[cccc06][-][eeee01][-] Martello di pietra,[cccc06][-][eeee01][-] 石製スレッジハンマー,[cccc06][-][eeee01][-] 돌 슬레지해머,[cccc06][-][eeee01][-] Kamienny młot rozbiórkowy,[cccc06][-][eeee01][-] Marreta de Pedra,[cccc06][-][eeee01][-] Каменная кувалда,[cccc06][-][eeee01][-] Taş Balyoz,[cccc06][-][eeee01][-] 石质大锤,[cccc06][-][eeee01][-] 石鎚
meleeWpnSledgeT1IronSledgehammer,weapon,Weapon,,,,[cccc06][-][eeee02][-] Iron Sledgehammer,,[cccc06][-][eeee02][-] Eisenvorschlaghammer,[cccc06][-][eeee02][-] Mazo de hierro,[cccc06][-][eeee02][-] Masse en fer,[cccc06][-][eeee02][-] Martello di ferro,[cccc06][-][eeee02][-] 鉄製スレッジハンマー,[cccc06][-][eeee02][-] 철제 슬레지해머,[cccc06][-][eeee02][-] Żelazny młot rozbiórkowy,[cccc06][-][eeee02][-] Marreta de Ferro,[cccc06][-][eeee02][-] Железная кувалда,[cccc06][-][eeee02][-] Demir Balyoz,[cccc06][-][eeee02][-] 铁质大锤,[cccc06][-][eeee02][-] 鐵鎚
meleeWpnSledgeT3SteelSledgehammer,weapon,Weapon,,,,[cccc06][-][eeee03][-] Steel Sledgehammer,,[cccc06][-][eeee03][-] Stahlvorschlaghammer,[cccc06][-][eeee03][-] Mazo de acero,[cccc06][-][eeee03][-] Masse en acier,[cccc06][-][eeee03][-] Martello d'acciaio,[cccc06][-][eeee03][-] 鉄鋼製スレッジハンマー,[cccc06][-][eeee03][-] 강철 슬레지해머,[cccc06][-][eeee03][-] Stalowy młot rozbiórkowy,[cccc06][-][eeee03][-] Marreta de Aço,[cccc06][-][eeee03][-] Стальная кувалда,[cccc06][-][eeee03][-] Çelik Balyoz,[cccc06][-][eeee03][-] 钢质大锤,[cccc06][-][eeee03][-] 鋼鎚
meleeWpnKnucklesT0LeatherKnuckles,weapon,Weapon,,,,[cccc01][-][eeee01][-] Knuckle Wraps,,[cccc01][-][eeee01][-] Handwickel,[cccc01][-][eeee01][-] Protector de nudillos,[cccc01][-][eeee01][-] Bandages de boxe en cuir,[cccc01][-][eeee01][-] Fascia per le mani,[cccc01][-][eeee01][-] ナックルラップ,[cccc01][-][eeee01][-] 너클 랩,[cccc01][-][eeee01][-] Skórzane owijki bokserskie,[cccc01][-][eeee01][-] Faixas para as mãos,[cccc01][-][eeee01][-] Кожаная обмотка,[cccc01][-][eeee01][-] Yumruk Sargısı,[cccc01][-][eeee01][-] 拳手绑带,[cccc01][-][eeee01][-] 指套
meleeWpnKnucklesT1IronKnuckles,weapon,Weapon,,,,[cccc01][-][eeee02][-] Iron Knuckles,,[cccc01][-][eeee02][-] Eisenschlagring,[cccc01][-][eeee02][-] Nudillos de hierro,[cccc01][-][eeee02][-] Poing américain en fer,[cccc01][-][eeee02][-] Tirapugni di ferro,[cccc01][-][eeee02][-] 鉄ナックル,[cccc01][-][eeee02][-] 철제 너클,[cccc01][-][eeee02][-] Żelazny kastet,[cccc01][-][eeee02][-] Soco Inglês,[cccc01][-][eeee02][-] Железный кастет,[cccc01][-][eeee02][-] Demir Muşta,[cccc01][-][eeee02][-] 铁质拳套,[cccc01][-][eeee02][-] 鐵指節
meleeWpnKnucklesT3SteelKnuckles,weapon,Weapon,,,,[cccc01][-][eeee03][-] Steel Knuckles,,[cccc01][-][eeee03][-] Stahlschlagring,[cccc01][-][eeee03][-] Nudillos de acero,[cccc01][-][eeee03][-] Poing américain en acier,[cccc01][-][eeee03][-] Tirapugni d'acciaio,[cccc01][-][eeee03][-] 鉄鋼ナックル,[cccc01][-][eeee03][-] 강철 너클,[cccc01][-][eeee03][-] Stalowy kastet,[cccc01][-][eeee03][-] Soco Inglês de Aço,[cccc01][-][eeee03][-] Стальной кастет,[cccc01][-][eeee03][-] Çelik Muşta,[cccc01][-][eeee03][-] 钢质拳套,[cccc01][-][eeee03][-] 鋼指節
meleeWpnBladeT1CandyKnife,weapon,Weapon,,,,[cccc02][-][eeee02][-] Candy Cane Knife,,[cccc02][-][eeee02][-] Zuckerstangenmesser,[cccc02][-][eeee02][-] Cuchillo de bastón de caramelo,[cccc02][-][eeee02][-] Couteau sucre d'orge,[cccc02][-][eeee02][-] Pugnale di zucchero,[cccc02][-][eeee02][-] キャンディーケーン型ナイフ,[cccc02][-][eeee02][-] 지팡이 사탕 칼,[cccc02][-][eeee02][-] Zaostrzona laska cukrowa,[cccc02][-][eeee02][-] Faca de Doce,[cccc02][-][eeee02][-] Нож из карамельной трости,[cccc02][-][eeee02][-] Şeker Bıçak,[cccc02][-][eeee02][-] 拐杖糖刀,[cccc02][-][eeee02][-] 糖果拐杖刀
meleeWpnBladeT0BoneKnife,weapon,Weapon,,,,[cccc02][-][eeee01][-] Bone Knife,,[cccc02][-][eeee01][-] Knochenmesser,[cccc02][-][eeee01][-] Cuchillo de hueso,[cccc02][-][eeee01][-] Couteau en os,[cccc02][-][eeee01][-] Pugnale d'osso,[cccc02][-][eeee01][-] 骨ナイフ,[cccc02][-][eeee01][-] 뼈칼,[cccc02][-][eeee01][-] Kościany nóż,[cccc02][-][eeee01][-] Faca de Osso,[cccc02][-][eeee01][-] Костяной нож,[cccc02][-][eeee01][-] Kemik Bıçağı,[cccc02][-][eeee01][-] 骨刀,[cccc02][-][eeee01][-] 骨刀
meleeWpnBladeT1HuntingKnife,weapon,Weapon,,,,[cccc02][-][eeee03][-] Hunting Knife,,[cccc02][-][eeee03][-] Jagdmesser,[cccc02][-][eeee03][-] Cuchillo de caza,[cccc02][-][eeee03][-] Couteau de chasse,[cccc02][-][eeee03][-] Pugnale da caccia,[cccc02][-][eeee03][-] 狩猟ナイフ,[cccc02][-][eeee03][-] 사냥용 칼,[cccc02][-][eeee03][-] Nóż myśliwski,[cccc02][-][eeee03][-] Faca de Caça,[cccc02][-][eeee03][-] Охотничий нож,[cccc02][-][eeee03][-] Av Bıçağı,[cccc02][-][eeee03][-] 猎刀,[cccc02][-][eeee03][-] 獵刀
meleeWpnBladeT3Machete,weapon,Weapon,,,,[cccc02][-][eeee04][-] Machete,,[cccc02][-][eeee04][-] Machete,[cccc02][-][eeee04][-] Machete,[cccc02][-][eeee04][-] Machette,[cccc02][-][eeee04][-] Machete,[cccc02][-][eeee04][-] マチェーテ,[cccc02][-][eeee04][-] 마체테,[cccc02][-][eeee04][-] Maczeta,[cccc02][-][eeee04][-] Facão,[cccc02][-][eeee04][-] Мачете,[cccc02][-][eeee04][-] Pala,[cccc02][-][eeee04][-] 砍刀,[cccc02][-][eeee04][-] 大砍刀
meleeWpnBatonT0PipeBaton,weapon,Weapon,,,,[cccc04][-][eeee01][-] Pipe Baton,,[cccc04][-][eeee01][-] Selbstgebauter Stab,[cccc04][-][eeee01][-] Porra de tubería,[cccc04][-][eeee01][-] Matraque en tuyau,[cccc04][-][eeee01][-] Manganello tubolare,[cccc04][-][eeee01][-] パイプバトン,[cccc04][-][eeee01][-] 파이프 배턴,[cccc04][-][eeee01][-] Pałka rurowa,[cccc04][-][eeee01][-] Cassetete de cano,[cccc04][-][eeee01][-] Дубинка из трубы,[cccc04][-][eeee01][-] Boru Cop,[cccc04][-][eeee01][-] 铁管棒,[cccc04][-][eeee01][-] 鐵管棍
meleeWpnBatonT2StunBaton,weapon,Weapon,,,,[cccc04][-][eeee02][-] Stun Baton,,[cccc04][-][eeee02][-] Schockstab,[cccc04][-][eeee02][-] Porra de aturdimiento,[cccc04][-][eeee02][-] Matraque électrique,[cccc04][-][eeee02][-] Manganello elettrico.,[cccc04][-][eeee02][-] スタンバトン,[cccc04][-][eeee02][-] 전기 몽둥이,[cccc04][-][eeee02][-] Pałka z paralizatorem,[cccc04][-][eeee02][-] Cassetete Atordoante,[cccc04][-][eeee02][-] Оглушающий жезл,[cccc04][-][eeee02][-] Elektroşok Cihazı,[cccc04][-][eeee02][-] 电击棒,[cccc04][-][eeee02][-] 致暈棍
gunBowT0PrimitiveBow,weapon,Weapon,,,,[cccc07][-][eeee01][-] Primitive Bow,,[cccc07][-][eeee01][-] Primitiver Bogen,[cccc07][-][eeee01][-] Arco primitivo,[cccc07][-][eeee01][-] Arc primitif,[cccc07][-][eeee01][-] Arco rudimentale,[cccc07][-][eeee01][-] 粗末な弓,[cccc07][-][eeee01][-] 원시적 활,[cccc07][-][eeee01][-] Prymitywny łuk,[cccc07][-][eeee01][-] Arco primitivo,[cccc07][-][eeee01][-] Простейший лук,[cccc07][-][eeee01][-] İlkel Yay,[cccc07][-][eeee01][-] 传统弓,[cccc07][-][eeee01][-] 原始弓
gunBowT1WoodenBow,weapon,Weapon,,,,[cccc07][-][eeee02][-] Wooden Bow,,[cccc07][-][eeee02][-] Holzbogen,[cccc07][-][eeee02][-] Arco de madera,[cccc07][-][eeee02][-] Arc en bois,[cccc07][-][eeee02][-] Arco di legno,[cccc07][-][eeee02][-] 木の弓,[cccc07][-][eeee02][-] 목재 활,[cccc07][-][eeee02][-] Drewniany łuk,[cccc07][-][eeee02][-] Arco de madeira.,[cccc07][-][eeee02][-] Деревянный лук,[cccc07][-][eeee02][-] Tahta Yay,[cccc07][-][eeee02][-] 木弓,[cccc07][-][eeee02][-] 木弓
gunBowT3CompoundBow,weapon,Weapon,,,,[cccc07][-][eeee03][-] Compound Bow,,[cccc07][-][eeee03][-] Compoundbogen,[cccc07][-][eeee03][-] Arco compuesto,[cccc07][-][eeee03][-] Arc à poulies,[cccc07][-][eeee03][-] Arco composito,[cccc07][-][eeee03][-] 複合弓,[cccc07][-][eeee03][-] 컴파운드 활,[cccc07][-][eeee03][-] Łuk bloczkowy,[cccc07][-][eeee03][-] Arco composto,[cccc07][-][eeee03][-] Композитный лук,[cccc07][-][eeee03][-] Yoğun Yay,[cccc07][-][eeee03][-] 复合弓,[cccc07][-][eeee03][-] 複合弓
gunBowT1IronCrossbow,weapon,Weapon,,,,[cccc08][-][eeee01][-] Iron Crossbow,,[cccc08][-][eeee01][-] Eiserne Armbrust,[cccc08][-][eeee01][-] Ballesta de hierro,[cccc08][-][eeee01][-] Arbalète en fer,[cccc08][-][eeee01][-] Balestra di ferro,[cccc08][-][eeee01][-] 鉄製クロスボウ,[cccc08][-][eeee01][-] 철제 석궁,[cccc08][-][eeee01][-] Żelazna kusza,[cccc08][-][eeee01][-] Besta de ferro,[cccc08][-][eeee01][-] Железный арбалет,[cccc08][-][eeee01][-] Demir Arbalet,[cccc08][-][eeee01][-] 铁弩,[cccc08][-][eeee01][-] 鐵十字弓
gunBowT3CompoundCrossbow,weapon,Weapon,,,,[cccc08][-][eeee02][-] Compound Crossbow,,[cccc08][-][eeee02][-] Compoundarmbrust,[cccc08][-][eeee02][-] Ballesta compuesta,[cccc08][-][eeee02][-] Arbalète à poulies,[cccc08][-][eeee02][-] Balestra composita,[cccc08][-][eeee02][-] 複合クロスボウ,[cccc08][-][eeee02][-] 컴파운드 석궁,[cccc08][-][eeee02][-] Kusza bloczkowa,[cccc08][-][eeee02][-] Besta composta,[cccc08][-][eeee02][-] Композитный арбалет,[cccc08][-][eeee02][-] Yoğun Arbalet,[cccc08][-][eeee02][-] 复合弩,[cccc08][-][eeee02][-] 複合十字弓
gunShotgunT0PipeShotgun,weapon,Weapon,,,,[cccc10][-][eeee01][-] Pipe Shotgun,,[cccc10][-][eeee01][-] Selbstgebaute Schrotflinte,[cccc10][-][eeee01][-] Escopeta de tubería,[cccc10][-][eeee01][-] Fusil à pompe en tuyau,[cccc10][-][eeee01][-] Fucile tubolare,[cccc10][-][eeee01][-] パイプショットガン,[cccc10][-][eeee01][-] 파이프 샷건,[cccc10][-][eeee01][-] Strzelba rurowa,[cccc10][-][eeee01][-] Espingarda de cano,[cccc10][-][eeee01][-] Дробовик из трубы,[cccc10][-][eeee01][-] Boru Pompalı Tüfek,[cccc10][-][eeee01][-] 铁管霰弹枪,[cccc10][-][eeee01][-] 鐵管散彈槍
gunShotgunT1DoubleBarrel,weapon,Weapon,,,,[cccc10][-][eeee02][-] Double Barrel Shotgun,,[cccc10][-][eeee02][-] Doppelläufige Schrotflinte,[cccc10][-][eeee02][-] Escopeta de dos cañones,[cccc10][-][eeee02][-] Fusil à pompe à double canon,[cccc10][-][eeee02][-] Doppietta,[cccc10][-][eeee02][-] 2連ショットガン,[cccc10][-][eeee02][-] 2연발 샷건,[cccc10][-][eeee02][-] Dwururka,[cccc10][-][eeee02][-] Espingarda de cano duplo,[cccc10][-][eeee02][-] Двустволка,[cccc10][-][eeee02][-] Çift Namlulu Pompalı Tüfek,[cccc10][-][eeee02][-] 双管霰弹枪,[cccc10][-][eeee02][-] 雙管散彈獵槍
gunShotgunT2PumpShotgun,weapon,Weapon,,,,[cccc10][-][eeee03][-] Pump Shotgun,,[cccc10][-][eeee03][-] Pumpgun,[cccc10][-][eeee03][-] Escopeta de bombeo,[cccc10][-][eeee03][-] Fusil à percussion,[cccc10][-][eeee03][-] Fucile a pompa,[cccc10][-][eeee03][-] ポンプアクション式ショットガン,[cccc10][-][eeee03][-] 펌프식 샷건,[cccc10][-][eeee03][-] Pompka,[cccc10][-][eeee03][-] Espingarda de ação bomba,[cccc10][-][eeee03][-] Помповое ружье,[cccc10][-][eeee03][-] Pompalı Tüfek,[cccc10][-][eeee03][-] 泵动式霰弹枪,[cccc10][-][eeee03][-] 泵動式散彈獵槍
gunShotgunT3AutoShotgun,weapon,Weapon,,,,[cccc10][-][eeee04][-] Auto Shotgun,,[cccc10][-][eeee04][-] Automatische Schrotflinte,[cccc10][-][eeee04][-] Escopeta automática,[cccc10][-][eeee04][-] Fusil à pompe auto,[cccc10][-][eeee04][-] Fucile automatico,[cccc10][-][eeee04][-] オートショットガン,[cccc10][-][eeee04][-] 자동 샷건,[cccc10][-][eeee04][-] Strzelba samopowtarzalna,[cccc10][-][eeee04][-] Espingarda Automática,[cccc10][-][eeee04][-] Автоматический дробовик,[cccc10][-][eeee04][-] Otomatik Pompalı Tüfek,[cccc10][-][eeee04][-] 自动霰弹枪,[cccc10][-][eeee04][-] 自動式散彈獵槍
gunHandgunT0PipePistol,weapon,Weapon,,,,[cccc09][-][eeee01][-] Pipe Pistol,,[cccc09][-][eeee01][-] Selbstgebaute Pistole,[cccc09][-][eeee01][-] Revólver de tubería,[cccc09][-][eeee01][-] Pistolet en tuyau,[cccc09][-][eeee01][-] Pistola tubolare,[cccc09][-][eeee01][-] パイプピストル,[cccc09][-][eeee01][-] 파이프 피스톨,[cccc09][-][eeee01][-] Pistolet rurowy,[cccc09][-][eeee01][-] Pistola de cano,[cccc09][-][eeee01][-] Пистолет из трубы,[cccc09][-][eeee01][-] Boru Tabanca,[cccc09][-][eeee01][-] 铁管手枪,[cccc09][-][eeee01][-] 鐵管手槍
gunHandgunT1Pistol,weapon,Weapon,,,,[cccc09][-][eeee02][-] Pistol,,[cccc09][-][eeee02][-] Pistole,[cccc09][-][eeee02][-] PIstola,[cccc09][-][eeee02][-] Pistolet,[cccc09][-][eeee02][-] Pistola,[cccc09][-][eeee02][-] ピストル,[cccc09][-][eeee02][-] 피스톨,[cccc09][-][eeee02][-] Pistolet,[cccc09][-][eeee02][-] Pistola,[cccc09][-][eeee02][-] Пистолет,[cccc09][-][eeee02][-] Tabanca,[cccc09][-][eeee02][-] 手枪,[cccc09][-][eeee02][-] 手槍
gunHandgunT3SMG5,weapon,Weapon,,,,[cccc09][-][eeee03][-] SMG-5,,[cccc09][-][eeee03][-] MP-5,[cccc09][-][eeee03][-] SMG-5,[cccc09][-][eeee03][-] SMG-5,[cccc09][-][eeee03][-] SMG-5,[cccc09][-][eeee03][-] SMG-5,[cccc09][-][eeee03][-] SMG-5,[cccc09][-][eeee03][-] SMG-5,[cccc09][-][eeee03][-] SMG -5,[cccc09][-][eeee03][-] ПП-5,[cccc09][-][eeee03][-] SMG-5,[cccc09][-][eeee03][-] SMG-5,[cccc09][-][eeee03][-] 衝鋒槍-5
gunHandgunT2Magnum44,weapon,Weapon,,,,[cccc09][-][eeee04][-] .44 Magnum,,[cccc09][-][eeee04][-] .44 Magnum,[cccc09][-][eeee04][-] Magnum 44,[cccc09][-][eeee04][-] .44 Magnum,[cccc09][-][eeee04][-] .44 Magnum,[cccc09][-][eeee04][-] .44マグナム,[cccc09][-][eeee04][-] .44 매그넘,[cccc09][-][eeee04][-] Magnum .44,[cccc09][-][eeee04][-] .44 Magnum,[cccc09][-][eeee04][-] Револьвер .44 Magnum,[cccc09][-][eeee04][-] .44 Magnum,[cccc09][-][eeee04][-] .44马格南,[cccc09][-][eeee04][-] .44 馬格南手槍
gunHandgunT3DesertVulture,weapon,Weapon,,,,[cccc09][-][eeee05][-] .44 Desert Vulture,,[cccc09][-][eeee05][-] .44 Desert Vulture,[cccc09][-][eeee05][-] Desert Vulture de calibre 44,[cccc09][-][eeee05][-] .44 Desert Vulture,[cccc09][-][eeee05][-] .44 Avvoltoio del deserto,[cccc09][-][eeee05][-] .44 デザートヴァルチャー,[cccc09][-][eeee05][-] 44구경 데저트 벌쳐,[cccc09][-][eeee05][-] .44 Desert Vulture,[cccc09][-][eeee05][-] Desert Vulture calibre 44,[cccc09][-][eeee05][-] «Пустынный стервятник» калибра .44,[cccc09][-][eeee05][-] .44 Desert Vulture,[cccc09][-][eeee05][-] .44 口径沙漠秃鹰,[cccc09][-][eeee05][-] .44荒漠禿鷹
gunRifleT0PipeRifle,weapon,Weapon,,,,[cccc11][-][eeee01][-] Pipe Rifle,,[cccc11][-][eeee01][-] Selbstgebautes Gewehr,[cccc11][-][eeee01][-] Rifle de tubería,[cccc11][-][eeee01][-] Fusil en tuyau,[cccc11][-][eeee01][-] Carabina tubolare,[cccc11][-][eeee01][-] パイプライフル,[cccc11][-][eeee01][-] 파이프 라이플,[cccc11][-][eeee01][-] Karabin rurowy,[cccc11][-][eeee01][-] Fuzil de cano,[cccc11][-][eeee01][-] Винтовка из трубы,[cccc11][-][eeee01][-] Boru Tüfek,[cccc11][-][eeee01][-] 铁管步枪,[cccc11][-][eeee01][-] 鐵管步槍
gunRifleT1HuntingRifle,weapon,Weapon,,,,[cccc11][-][eeee02][-] Hunting Rifle,,[cccc11][-][eeee02][-] Jagdgewehr,[cccc11][-][eeee02][-] Rifle de caza,[cccc11][-][eeee02][-] Fusil de chasse,[cccc11][-][eeee02][-] Fucile da caccia,[cccc11][-][eeee02][-] 狩猟ライフル,[cccc11][-][eeee02][-] 사냥용 라이플,[cccc11][-][eeee02][-] Sztucer,[cccc11][-][eeee02][-] Rifle de caça,[cccc11][-][eeee02][-] Охотничье ружье,[cccc11][-][eeee02][-] Av Tüfeği,[cccc11][-][eeee02][-] 猎枪,[cccc11][-][eeee02][-] 狩獵步槍
gunRifleT2LeverActionRifle,weapon,Weapon,,,,[cccc11][-][eeee03][-] Lever Action Rifle,,[cccc11][-][eeee03][-] Unterhebelrepetierer,[cccc11][-][eeee03][-] Rifle de palanca,[cccc11][-][eeee03][-] Fusil à levier,[cccc11][-][eeee03][-] Fucile a leva,[cccc11][-][eeee03][-] レバーアクションライフル,[cccc11][-][eeee03][-] 레버 액션 라이플,[cccc11][-][eeee03][-] Karabin dwutaktowy,[cccc11][-][eeee03][-] Fuzil de ação de alavanca,[cccc11][-][eeee03][-] Винтовка рычажного действия,[cccc11][-][eeee03][-] Levyeli Tüfek,[cccc11][-][eeee03][-] 杠杆式步枪,[cccc11][-][eeee03][-] 槓桿式步槍
gunRifleT3SniperRifle,weapon,Weapon,,,,[cccc11][-][eeee04][-] Sniper Rifle,,[cccc11][-][eeee04][-] Scharfschützengewehr,[cccc11][-][eeee04][-] Rifle de francotirador,[cccc11][-][eeee04][-] Fusil de précision,[cccc11][-][eeee04][-] Fucile da cecchino,[cccc11][-][eeee04][-] スナイパーライフル,[cccc11][-][eeee04][-] 저격 라이플,[cccc11][-][eeee04][-] Karabin snajperski,[cccc11][-][eeee04][-] Fuzil de Precisão,[cccc11][-][eeee04][-] Снайперская винтовка,[cccc11][-][eeee04][-] Keskin Nişancı Tüfeği,[cccc11][-][eeee04][-] 狙击步枪,[cccc11][-][eeee04][-] 狙擊步槍
gunMGT0PipeMachineGun,weapon,Weapon,,,,[cccc12][-][eeee01][-] Pipe Machine Gun,,[cccc12][-][eeee01][-] Selbstgebautes Maschinengewehr,[cccc12][-][eeee01][-] Metralleta de tubería,[cccc12][-][eeee01][-] Mitrailleuse en tuyau,[cccc12][-][eeee01][-] Mitragliatrice tubolare,[cccc12][-][eeee01][-] パイプマシンガン,[cccc12][-][eeee01][-] 파이프 기관총,[cccc12][-][eeee01][-] Rurowy karabin maszynowy,[cccc12][-][eeee01][-] Metralhadora de cano,[cccc12][-][eeee01][-] Автомат из трубы,[cccc12][-][eeee01][-] Boru Makineli Tüfek,[cccc12][-][eeee01][-] 铁管机枪,[cccc12][-][eeee01][-] 鐵管機槍
gunMGT1AK47,weapon,Weapon,,,,[cccc12][-][eeee02][-] AK-47 Machine Gun,,[cccc12][-][eeee02][-] AK-47-Maschinengewehr,[cccc12][-][eeee02][-] Metralleta AK-47,[cccc12][-][eeee02][-] Mitrailleuse AK-47,[cccc12][-][eeee02][-] Mitragliatrice AK-47,[cccc12][-][eeee02][-] AK-47マシンガン,[cccc12][-][eeee02][-] AK-47 기관총,[cccc12][-][eeee02][-] Karabin maszynowy AK-47,[cccc12][-][eeee02][-] Metralhadora AK-47,[cccc12][-][eeee02][-] Автомат АК-47,[cccc12][-][eeee02][-] AK-47 Makineli Tüfek,[cccc12][-][eeee02][-] AK-47机枪,[cccc12][-][eeee02][-] AK-47 機槍
gunMGT2TacticalAR,weapon,Weapon,,,,[cccc12][-][eeee03][-] Tactical Assault Rifle,,[cccc12][-][eeee03][-] Taktisches Sturmgewehr,[cccc12][-][eeee03][-] Rifle de asalto táctico,[cccc12][-][eeee03][-] Fusil d'assaut tactique,[cccc12][-][eeee03][-] Fucile d'assalto tattico,[cccc12][-][eeee03][-] タクティカルアサルトライフル,[cccc12][-][eeee03][-] 전술용 돌격 라이플,[cccc12][-][eeee03][-] Taktyczny karabin automatyczny,[cccc12][-][eeee03][-] Rifle de Assalto Tático,[cccc12][-][eeee03][-] Тактическая штурмовая винтовка,[cccc12][-][eeee03][-] Taktik Saldırı Tüfeği,[cccc12][-][eeee03][-] 战术突击步枪,[cccc12][-][eeee03][-] 戰術突擊步槍
gunMGT3M60,weapon,Weapon,,,,[cccc12][-][eeee04][-] M60 Machine Gun,,[cccc12][-][eeee04][-] M60-Maschinengewehr,[cccc12][-][eeee04][-] Metralleta M60,[cccc12][-][eeee04][-] Mitrailleuse M60,[cccc12][-][eeee04][-] Mitragliatrice M60,[cccc12][-][eeee04][-] M60マシンガン,[cccc12][-][eeee04][-] M60 기관총,[cccc12][-][eeee04][-] Karabin maszynowy M60,[cccc12][-][eeee04][-] Metralhadora M60,[cccc12][-][eeee04][-] Пулемет М60,[cccc12][-][eeee04][-] M60 Makineli Tüfek,[cccc12][-][eeee04][-] M60机枪,[cccc12][-][eeee04][-] M60 機槍
gunExplosivesT3RocketLauncher,weapon,Weapon,,,,[cccc13][-][eeee01][-] Rocket Launcher,,[cccc13][-][eeee01][-] Raketenwerfer,[cccc13][-][eeee01][-] Lanzacohetes,[cccc13][-][eeee01][-] Lance-roquettes,[cccc13][-][eeee01][-] Lanciarazzi,[cccc13][-][eeee01][-] ロケットランチャー,[cccc13][-][eeee01][-] 로켓탄 발사기,[cccc13][-][eeee01][-] Wyrzutnia rakiet,[cccc13][-][eeee01][-] Lança-foguetes,[cccc13][-][eeee01][-] Гранатомет,[cccc13][-][eeee01][-] Roketatar,[cccc13][-][eeee01][-] 火箭发射器,[cccc13][-][eeee01][-] 火箭發射器
gunBotT1JunkSledge,weapon,Weapon,,,,[cccc14][-][eeee01][-] Robotic Sledge,,[cccc14][-][eeee01][-] Robotik-Hammer,[cccc14][-][eeee01][-] Mazo robótico,[cccc14][-][eeee01][-] Marteau robotique,[cccc14][-][eeee01][-] Martello robotico,[cccc14][-][eeee01][-] ロボットスレッジ,[cccc14][-][eeee01][-] 로보틱 슬레지,[cccc14][-][eeee01][-] Robotyczny młot,[cccc14][-][eeee01][-] Marreta Robótica,[cccc14][-][eeee01][-] Роботизированный молот,[cccc14][-][eeee01][-] Robot Kızak,[cccc14][-][eeee01][-] 机器人大锤,[cccc14][-][eeee01][-] 機器人大錘
gunBotT2JunkTurret,weapon,Weapon,,,,[cccc14][-][eeee02][-] Robotic Turret,,[cccc14][-][eeee02][-] Robotik-Geschützturm,[cccc14][-][eeee02][-] Torreta robótica,[cccc14][-][eeee02][-] Tourelle robotique,[cccc14][-][eeee02][-] Torretta robotica,[cccc14][-][eeee02][-] ロボット砲台,[cccc14][-][eeee02][-] 로보틱 터렛,[cccc14][-][eeee02][-] Robotyczna wieżyczka,[cccc14][-][eeee02][-] Torreta Robótica,[cccc14][-][eeee02][-] Роботизированная пушка,[cccc14][-][eeee02][-] Robot Taret,[cccc14][-][eeee02][-] 机器人炮塔,[cccc14][-][eeee02][-] 機器人炮塔
gunBotT3JunkDrone,weapon,Weapon,,,,[cccc14][-][eeee03][-] Robotic Drone,,[cccc14][-][eeee03][-] Robotik-Drohne,[cccc14][-][eeee03][-] Dron robótico,[cccc14][-][eeee03][-] Drone de ferraille,[cccc14][-][eeee03][-] Drone robotico,[cccc14][-][eeee03][-] ロボットドローン,[cccc14][-][eeee03][-] 로보틱 드론,[cccc14][-][eeee03][-] Robotyczny dron,[cccc14][-][eeee03][-] Drone Robótico,[cccc14][-][eeee03][-] Роботизированный дрон,[cccc14][-][eeee03][-] Robot Drone,[cccc14][-][eeee03][-] 机器人无人机,[cccc14][-][eeee03][-] 機器人無人機
foodRawMeatBundle,items,Bundle,,,,[f00002][-][FFA94D][Food][-][fd0002][-][fe1000][-] Raw Meat Bundle [DECEA3](5)[-],,[f00002][-][FFA94D][Nahrung][-][fd0002][-][fe1000][-] Wildbret Bundle [DECEA3](5)[-],[f00002][-][FFA94D][Comida][-][fd0002][-][fe1000][-] Carne cruda Bundle [DECEA3](5)[-],[f00002][-][FFA94D][Nourriture][-][fd0002][-][fe1000][-] Viande crue Bundle [DECEA3](5)[-],[f00002][-][FFA94D][Cibo][-][fd0002][-][fe1000][-] Carne cruda Bundle [DECEA3](5)[-],[f00002][-][FFA94D][食料][-][fd0002][-][fe1000][-] 生肉 Bundle [DECEA3](5)[-],[f00002][-][FFA94D][음식][-][fd0002][-][fe1000][-] 날고기 Bundle [DECEA3](5)[-],[f00002][-][FFA94D][Żywność][-][fd0002][-][fe1000][-] Surowe mięso Bundle [DECEA3](5)[-],[f00002][-][FFA94D][Comida][-][fd0002][-][fe1000][-] Carne crua Bundle [DECEA3](5)[-],[f00002][-][FFA94D][Еда][-][fd0002][-][fe1000][-] Сырое мясо Bundle [DECEA3](5)[-],[f00002][-][FFA94D][Gıda][-][fd0002][-][fe1000][-] Çiğ Et Bundle [DECEA3](5)[-],[f00002][-][FFA94D][食物][-][fd0002][-][fe1000][-] 生肉 Bundle [DECEA3](5)[-],[f00002][-][FFA94D][食物][-][fd0002][-][fe1000][-] 生肉 Bundle [DECEA3](5)[-]
modVehicleStorageSchematic,items,Schematic,,,,[ffcc01][-][FFA94D][Schematic][-] Vehicle Storage,,[ffcc01][-][FFA94D][Bauplan][-] Fahrzeuglager,[ffcc01][-][FFA94D][Esquema][-] Modificación de almacenamiento de vehículos,[ffcc01][-][FFA94D][Schéma][-] Modification de stockage du véhicule,[ffcc01][-][FFA94D][Schema][-] Modifica della cassa veicolo,[ffcc01][-][FFA94D][設計図][-] 車両用ストレージ,[ffcc01][-][FFA94D][도면][-] 차량 보관함,[ffcc01][-][FFA94D][Schemat][-] Modyfikacja bagażnika pojazdu,[ffcc01][-][FFA94D][Diagrama][-] Modificação de Armazenamento Veicular,[ffcc01][-][FFA94D][Схема][-] Модификация гаража,[ffcc01][-][FFA94D][Şema][-] Araç Bagajı Modu,[ffcc01][-][FFA94D][设计图][-] 载具储物,[ffcc01][-][FFA94D][原理圖][-] 車輛存儲
toolApiarySmoker,,Station-A,,,,[FFA94D][Station][-][dddd04][-][eeee03][-] Smoker [DECEA3](Apiary)[-],[DECEA3]()[-] ,[FFA94D][Station][-][dddd04][-][eeee03][-] Smoker [DECEA3](Bienenhaus)[-],[FFA94D][Estación][-][dddd04][-][eeee03][-] Ahumador [DECEA3](Colmenar)[-],[FFA94D][Station][-][dddd04][-][eeee03][-] Enfumoir [DECEA3](Rucher)[-],[FFA94D][Stazione][-][dddd04][-][eeee03][-] Affumicatore [DECEA3](Apiario)[-],[FFA94D][装置][-][dddd04][-][eeee03][-] 燻煙器 [DECEA3](養蜂箱)[-],[FFA94D][작업대][-][dddd04][-][eeee03][-] 훈연기 [DECEA3](양봉장)[-],[FFA94D][Stacja][-][dddd04][-][eeee03][-] Podkurzacz [DECEA3](Pasieka)[-],[FFA94D][Estação][-][dddd04][-][eeee03][-] Defumador [DECEA3](Apiário)[-],[FFA94D][Станция][-][dddd04][-][eeee03][-] Дымарь [DECEA3](Пасека)[-],[FFA94D][İstasyon][-][dddd04][-][eeee03][-] Arıcı Körüğü [DECEA3](Kovanlık)[-],[FFA94D][设施][-][dddd04][-][eeee03][-] 烟熏器 [DECEA3](蜂房)[-],[FFA94D][設施][-][dddd04][-][eeee03][-] 煙燻器 [DECEA3](養蜂箱)[-]
toolApiaryBroodBox,,Station-A,,,,[FFA94D][Station][-][dddd04][-][eeee02][-] Brood Box [DECEA3](Apiary)[-],[DECEA3]()[-] ,[FFA94D][Station][-][dddd04][-][eeee02][-] Brutkasten [DECEA3](Bienenhaus)[-],[FFA94D][Estación][-][dddd04][-][eeee02][-] Caja de cría [DECEA3](Colmenar)[-],[FFA94D][Station][-][dddd04][-][eeee02][-] Boîte à couvain [DECEA3](Rucher)[-],[FFA94D][Stazione][-][dddd04][-][eeee02][-] Cassetta nido [DECEA3](Apiario)[-],[FFA94D][装置][-][dddd04][-][eeee02][-] 巣箱 [DECEA3](養蜂箱)[-],[FFA94D][작업대][-][dddd04][-][eeee02][-] 번식 상자 [DECEA3](양봉장)[-],[FFA94D][Stacja][-][dddd04][-][eeee02][-] Skrzynka lęgowa [DECEA3](Pasieka)[-],[FFA94D][Estação][-][dddd04][-][eeee02][-] Caixa de Criação [DECEA3](Apiário)[-],[FFA94D][Станция][-][dddd04][-][eeee02][-] Гнездовая секция [DECEA3](Пасека)[-],[FFA94D][İstasyon][-][dddd04][-][eeee02][-] Kuluçka Kutusu [DECEA3](Kovanlık)[-],[FFA94D][设施][-][dddd04][-][eeee02][-] 育蜂箱 [DECEA3](蜂房)[-],[FFA94D][設施][-][dddd04][-][eeee02][-] 巢箱 [DECEA3](養蜂箱)[-]
toolApiaryExtractor,,Station-A,,,,[FFA94D][Station][-][dddd04][-][eeee01][-] Honey Extractor [DECEA3](Apiary)[-],[DECEA3]()[-] ,[FFA94D][Station][-][dddd04][-][eeee01][-] Honigschleuder [DECEA3](Bienenhaus)[-],[FFA94D][Estación][-][dddd04][-][eeee01][-] Extractor de miel [DECEA3](Colmenar)[-],[FFA94D][Station][-][dddd04][-][eeee01][-] Extracteur de miel [DECEA3](Rucher)[-],[FFA94D][Stazione][-][dddd04][-][eeee01][-] Estrattore di miele [DECEA3](Apiario)[-],[FFA94D][装置][-][dddd04][-][eeee01][-] 蜂蜜分離器 [DECEA3](養蜂箱)[-],[FFA94D][작업대][-][dddd04][-][eeee01][-] 꿀 추출기 [DECEA3](양봉장)[-],[FFA94D][Stacja][-][dddd04][-][eeee01][-] Ekstraktor miodu [DECEA3](Pasieka)[-],[FFA94D][Estação][-][dddd04][-][eeee01][-] Extrator de Mel [DECEA3](Apiário)[-],[FFA94D][Станция][-][dddd04][-][eeee01][-] Экстрактор мёда [DECEA3](Пасека)[-],[FFA94D][İstasyon][-][dddd04][-][eeee01][-] Bal Süzme Makinesi [DECEA3](Kovanlık)[-],[FFA94D][设施][-][dddd04][-][eeee01][-] 采蜜器 [DECEA3](蜂房)[-],[FFA94D][設施][-][dddd04][-][eeee01][-] 蜂蜜萃取器 [DECEA3](養蜂箱)[-]
foodHoneyGlazedSham,items,Food,,,,[f00002][-][FFA94D][Food][-][fd0098][-][fe1000][-] Honey Glazed Sham [00de50](98)[-][FFA94D](5%)[-],,[f00002][-][FFA94D][Nahrung][-][fd0098][-][fe1000][-] Sham mit Honig glasiert [00de50](98)[-][FFA94D](5%)[-],[f00002][-][FFA94D][Comida][-][fd0098][-][fe1000][-] Sham glaseado con miel [00de50](98)[-][FFA94D](5%)[-],[f00002][-][FFA94D][Nourriture][-][fd0098][-][fe1000][-] Jambon artificiel au miel [00de50](98)[-][FFA94D](5%)[-],[f00002][-][FFA94D][Cibo][-][fd0098][-][fe1000][-] Sham glassata al miele [00de50](98)[-][FFA94D](5%)[-],[f00002][-][FFA94D][食料][-][fd0098][-][fe1000][-] ハニーグレーズシャム [00de50](98)[-][FFA94D](5%)[-],[f00002][-][FFA94D][음식][-][fd0098][-][fe1000][-] 꿀 바른 샴 [00de50](98)[-][FFA94D](5%)[-],[f00002][-][FFA94D][Żywność][-][fd0098][-][fe1000][-] Nięso w polewie miodowej [00de50](98)[-][FFA94D](5%)[-],[f00002][-][FFA94D][Comida][-][fd0098][-][fe1000][-] Gororoba com Mel [00de50](98)[-][FFA94D](5%)[-],[f00002][-][FFA94D][Еда][-][fd0098][-][fe1000][-] «Срам» в медовой глазури [00de50](98)[-][FFA94D](5%)[-],[f00002][-][FFA94D][Gıda][-][fd0098][-][fe1000][-] Balla Kaplı Sham [00de50](98)[-][FFA94D](5%)[-],[f00002][-][FFA94D][食物][-][fd0098][-][fe1000][-] 蜜汁山威 [00de50](98)[-][FFA94D](5%)[-],[f00002][-][FFA94D][食物][-][fd0098][-][fe1000][-] 蜜汁假肉 [00de50](98)[-][FFA94D](5%)[-]
foodHoneyBrisket,items,Food,,,,[f00002][-][FFA94D][Food][-][fd0141][-][fe1000][-] Honey Brisket [00de50](141)[-][FFA94D](5%)[-],,[f00002][-][FFA94D][Nahrung][-][fd0141][-][fe1000][-] Honig-Brisket [00de50](141)[-][FFA94D](5%)[-],[f00002][-][FFA94D][Comida][-][fd0141][-][fe1000][-] Pecho de res con miel [00de50](141)[-][FFA94D](5%)[-],[f00002][-][FFA94D][Nourriture][-][fd0141][-][fe1000][-] Poitrine de bœuf au miel [00de50](141)[-][FFA94D](5%)[-],[f00002][-][FFA94D][Cibo][-][fd0141][-][fe1000][-] Petto di manzo al miele [00de50](141)[-][FFA94D](5%)[-],[f00002][-][FFA94D][食料][-][fd0141][-][fe1000][-] ハニーブリスケット [00de50](141)[-][FFA94D](5%)[-],[f00002][-][FFA94D][음식][-][fd0141][-][fe1000][-] 꿀 브리스켓 [00de50](141)[-][FFA94D](5%)[-],[f00002][-][FFA94D][Żywność][-][fd0141][-][fe1000][-] Miodowy mostek [00de50](141)[-][FFA94D](5%)[-],[f00002][-][FFA94D][Comida][-][fd0141][-][fe1000][-] Brisket com Mel [00de50](141)[-][FFA94D](5%)[-],[f00002][-][FFA94D][Еда][-][fd0141][-][fe1000][-] Грудинка с мёдом [00de50](141)[-][FFA94D](5%)[-],[f00002][-][FFA94D][Gıda][-][fd0141][-][fe1000][-] Ballı Rosto [00de50](141)[-][FFA94D](5%)[-],[f00002][-][FFA94D][食物][-][fd0141][-][fe1000][-] 蜜汁牛腩 [00de50](141)[-][FFA94D](5%)[-],[f00002][-][FFA94D][食物][-][fd0141][-][fe1000][-] 蜜汁牛腩 [00de50](141)[-][FFA94D](5%)[-]
drinkJarHoneyTea,items,Drink-Special,,,,[f00001][-][FFA94D][Drink][-][ed0024][-][ee1008][-] Honey Tea [00c8ff](24)[-][00de50](8)[-][FFA94D](5%)[-],,[f00001][-][FFA94D][Getränk][-][ed0024][-][ee1008][-] Honigtee [00c8ff](24)[-][00de50](8)[-][FFA94D](5%)[-],[f00001][-][FFA94D][Bebida][-][ed0024][-][ee1008][-] Té con miel [00c8ff](24)[-][00de50](8)[-][FFA94D](5%)[-],[f00001][-][FFA94D][Boisson][-][ed0024][-][ee1008][-] Thé au miel [00c8ff](24)[-][00de50](8)[-][FFA94D](5%)[-],[f00001][-][FFA94D][Bevanda][-][ed0024][-][ee1008][-] Infuso al miele [00c8ff](24)[-][00de50](8)[-][FFA94D](5%)[-],[f00001][-][FFA94D][飲み物][-][ed0024][-][ee1008][-] 蜂蜜茶 [00c8ff](24)[-][00de50](8)[-][FFA94D](5%)[-],[f00001][-][FFA94D][음료][-][ed0024][-][ee1008][-] 꿀차 [00c8ff](24)[-][00de50](8)[-][FFA94D](5%)[-],[f00001][-][FFA94D][Napój][-][ed0024][-][ee1008][-] Herbata z miodem [00c8ff](24)[-][00de50](8)[-][FFA94D](5%)[-],[f00001][-][FFA94D][Bebida][-][ed0024][-][ee1008][-] Chá de Mel [00c8ff](24)[-][00de50](8)[-][FFA94D](5%)[-],[f00001][-][FFA94D][Напиток][-][ed0024][-][ee1008][-] Чай с мёдом [00c8ff](24)[-][00de50](8)[-][FFA94D](5%)[-],[f00001][-][FFA94D][İçecek][-][ed0024][-][ee1008][-] Ballı Çay [00c8ff](24)[-][00de50](8)[-][FFA94D](5%)[-],[f00001][-][FFA94D][饮料][-][ed0024][-][ee1008][-] 蜂蜜茶 [00c8ff](24)[-][00de50](8)[-][FFA94D](5%)[-],[f00001][-][FFA94D][飲料][-][ed0024][-][ee1008][-] 蜂蜜茶 [00c8ff](24)[-][00de50](8)[-][FFA94D](5%)[-]
drinkJarEmpty,items,Drink,,,,[f00001][-][FFA94D][Drink][-][ed0001][-][ee1000][-] Empty Water Jar [DECEA3](I)[-],,[f00001][-][FFA94D][Getränk][-][ed0001][-][ee1000][-] Leerer Wasserkrug [DECEA3](I)[-],[f00001][-][FFA94D][Bebida][-][ed0001][-][ee1000][-] Tarro de agua vacío [DECEA3](I)[-],[f00001][-][FFA94D][Boisson][-][ed0001][-][ee1000][-] Bocal d'eau vide [DECEA3](I)[-],[f00001][-][FFA94D][Bevanda][-][ed0001][-][ee1000][-] Barattolo di acqua vuoto [DECEA3](I)[-],[f00001][-][FFA94D][飲み物][-][ed0001][-][ee1000][-] 空の水瓶 [DECEA3](I)[-],[f00001][-][FFA94D][음료][-][ed0001][-][ee1000][-] 빈 물병 [DECEA3](I)[-],[f00001][-][FFA94D][Napój][-][ed0001][-][ee1000][-] Pusty szklany słoik [DECEA3](I)[-],[f00001][-][FFA94D][Bebida][-][ed0001][-][ee1000][-] Jarra vazia de água [DECEA3](I)[-],[f00001][-][FFA94D][Напиток][-][ed0001][-][ee1000][-] Пустая банка для воды [DECEA3](I)[-],[f00001][-][FFA94D][İçecek][-][ed0001][-][ee1000][-] Boş Su Kavanozu [DECEA3](I)[-],[f00001][-][FFA94D][饮料][-][ed0001][-][ee1000][-] 空水罐 [DECEA3](I)[-],[f00001][-][FFA94D][飲料][-][ed0001][-][ee1000][-] 空水罐 [DECEA3](I)[-]
clothingFeetT1,items,Clothes,,,,[FFA94D][Clothing][-][aaaaad][-][aa0001][-] Tattered Socks [DECEA3](T1)[-],,[FFA94D][Kleidung][-][aaaaad][-][aa0001][-] Zerfledderte Socken [DECEA3](T1)[-],[FFA94D][Ropa][-][aaaaad][-][aa0001][-] Calcetines raídos [DECEA3](T1)[-],[FFA94D][Vêtements][-][aaaaad][-][aa0001][-] Chaussettes en lambeaux [DECEA3](T1)[-],[FFA94D][Vestiti][-][aaaaad][-][aa0001][-] Calzini lacerati [DECEA3](T1)[-],[FFA94D][衣服][-][aaaaad][-][aa0001][-] ボロボロの靴下 [DECEA3](T1)[-],[FFA94D][의류][-][aaaaad][-][aa0001][-] 너덜너덜한 양말 [DECEA3](T1)[-],[FFA94D][Ubranie][-][aaaaad][-][aa0001][-] Sfatygowane skarpety [DECEA3](T1)[-],[FFA94D][Roupas][-][aaaaad][-][aa0001][-] Meias desgastadas [DECEA3](T1)[-],[FFA94D][Одежда][-][aaaaad][-][aa0001][-] Порванные носки [DECEA3](T1)[-],[FFA94D][Giyim][-][aaaaad][-][aa0001][-] Yırtık Çorap [DECEA3](T1)[-],[FFA94D][衣物][-][aaaaad][-][aa0001][-] 破旧袜子 [DECEA3](T1)[-],[FFA94D][服裝][-][aaaaad][-][aa0001][-] 破舊襪子 [DECEA3](T1)[-]
clothingFeetT2,items,Clothes,,,,[FFA94D][Clothing][-][aaaaad][-][aa0002][-] Patchwork Socks [DECEA3](T2)[-],,[FFA94D][Kleidung][-][aaaaad][-][aa0002][-] Patchwork-Socken [DECEA3](T2)[-],[FFA94D][Ropa][-][aaaaad][-][aa0002][-] Calcetines parchados [DECEA3](T2)[-],[FFA94D][Vêtements][-][aaaaad][-][aa0002][-] Chaussettes rapiécées [DECEA3](T2)[-],[FFA94D][Vestiti][-][aaaaad][-][aa0002][-] Calzini rappezzati [DECEA3](T2)[-],[FFA94D][衣服][-][aaaaad][-][aa0002][-] パッチワークの靴下 [DECEA3](T2)[-],[FFA94D][의류][-][aaaaad][-][aa0002][-] 패치워크 양말 [DECEA3](T2)[-],[FFA94D][Ubranie][-][aaaaad][-][aa0002][-] Łatane skarpety [DECEA3](T2)[-],[FFA94D][Roupas][-][aaaaad][-][aa0002][-] Meias remendadas [DECEA3](T2)[-],[FFA94D][Одежда][-][aaaaad][-][aa0002][-] Лоскутные носки [DECEA3](T2)[-],[FFA94D][Giyim][-][aaaaad][-][aa0002][-] Yamalı Çorap [DECEA3](T2)[-],[FFA94D][衣物][-][aaaaad][-][aa0002][-] 拼布袜子 [DECEA3](T2)[-],[FFA94D][服裝][-][aaaaad][-][aa0002][-] 拼布襪子 [DECEA3](T2)[-]
clothingFeetT3,items,Clothes,,,,[FFA94D][Clothing][-][aaaaad][-][aa0003][-] ThermaCore Socks [DECEA3](T3)[-],,[FFA94D][Kleidung][-][aaaaad][-][aa0003][-] ThermaCore-Socken [DECEA3](T3)[-],[FFA94D][Ropa][-][aaaaad][-][aa0003][-] Calcetines ThermaCore [DECEA3](T3)[-],[FFA94D][Vêtements][-][aaaaad][-][aa0003][-] Chaussettes ThermaCore [DECEA3](T3)[-],[FFA94D][Vestiti][-][aaaaad][-][aa0003][-] Calzini ThermaCore [DECEA3](T3)[-],[FFA94D][衣服][-][aaaaad][-][aa0003][-] サーマコアの靴下 [DECEA3](T3)[-],[FFA94D][의류][-][aaaaad][-][aa0003][-] 서멀코어 양말 [DECEA3](T3)[-],[FFA94D][Ubranie][-][aaaaad][-][aa0003][-] Skarpety ThermaCore [DECEA3](T3)[-],[FFA94D][Roupas][-][aaaaad][-][aa0003][-] Meias ThermaCore [DECEA3](T3)[-],[FFA94D][Одежда][-][aaaaad][-][aa0003][-] Носки ThermaCore [DECEA3](T3)[-],[FFA94D][Giyim][-][aaaaad][-][aa0003][-] Termal Dolgulu Çorap [DECEA3](T3)[-],[FFA94D][衣物][-][aaaaad][-][aa0003][-] 热核袜子 [DECEA3](T3)[-],[FFA94D][服裝][-][aaaaad][-][aa0003][-] 熱能核心襪子 [DECEA3](T3)[-]
clothingHandsT1,items,Clothes,,,,[FFA94D][Clothing][-][aaaaac][-][aa0001][-] Tattered Glove Liners [DECEA3](T1)[-],,[FFA94D][Kleidung][-][aaaaac][-][aa0001][-] Zerfleddertes Handschuhfutter [DECEA3](T1)[-],[FFA94D][Ropa][-][aaaaac][-][aa0001][-] Forro raído de guantes [DECEA3](T1)[-],[FFA94D][Vêtements][-][aaaaac][-][aa0001][-] Doublures de gants en lambeaux [DECEA3](T1)[-],[FFA94D][Vestiti][-][aaaaac][-][aa0001][-] Rivestimento guanti lacerati [DECEA3](T1)[-],[FFA94D][衣服][-][aaaaac][-][aa0001][-] ボロボロのライナーグローブ [DECEA3](T1)[-],[FFA94D][의류][-][aaaaac][-][aa0001][-] 너덜너덜한 속장갑 [DECEA3](T1)[-],[FFA94D][Ubranie][-][aaaaac][-][aa0001][-] Sfatygowana wyściółka rękawic [DECEA3](T1)[-],[FFA94D][Roupas][-][aaaaac][-][aa0001][-] Forro de luvas desgastado [DECEA3](T1)[-],[FFA94D][Одежда][-][aaaaac][-][aa0001][-] Подкладка порванных перчаток [DECEA3](T1)[-],[FFA94D][Giyim][-][aaaaac][-][aa0001][-] Yırtık Eldiven Astarı [DECEA3](T1)[-],[FFA94D][衣物][-][aaaaac][-][aa0001][-] 破旧手套衬 [DECEA3](T1)[-],[FFA94D][服裝][-][aaaaac][-][aa0001][-] 破舊手套襯 [DECEA3](T1)[-]
clothingHandsT2,items,Clothes,,,,[FFA94D][Clothing][-][aaaaac][-][aa0002][-] Patchwork Glove Liners [DECEA3](T2)[-],,[FFA94D][Kleidung][-][aaaaac][-][aa0002][-] Patchwork-Handschuhfutter [DECEA3](T2)[-],[FFA94D][Ropa][-][aaaaac][-][aa0002][-] Forro parchado de guantes [DECEA3](T2)[-],[FFA94D][Vêtements][-][aaaaac][-][aa0002][-] Doublures de gants rapiécée [DECEA3](T2)[-],[FFA94D][Vestiti][-][aaaaac][-][aa0002][-] Rivestimento guanti rappezzati [DECEA3](T2)[-],[FFA94D][衣服][-][aaaaac][-][aa0002][-] パッチワークのライナーグローブ [DECEA3](T2)[-],[FFA94D][의류][-][aaaaac][-][aa0002][-] 패치워크 속장갑 [DECEA3](T2)[-],[FFA94D][Ubranie][-][aaaaac][-][aa0002][-] Łatana wyściółka rękawic [DECEA3](T2)[-],[FFA94D][Roupas][-][aaaaac][-][aa0002][-] Forros de luvas remendadas [DECEA3](T2)[-],[FFA94D][Одежда][-][aaaaac][-][aa0002][-] Подкладка лоскутных перчаток [DECEA3](T2)[-],[FFA94D][Giyim][-][aaaaac][-][aa0002][-] Yamalı Eldiven Astarı [DECEA3](T2)[-],[FFA94D][衣物][-][aaaaac][-][aa0002][-] 拼布手套衬 [DECEA3](T2)[-],[FFA94D][服裝][-][aaaaac][-][aa0002][-] 拼布手套襯 [DECEA3](T2)[-]
clothingHandsT3,items,Clothes,,,,[FFA94D][Clothing][-][aaaaac][-][aa0003][-] ThermaCore Glove Liners [DECEA3](T3)[-],,[FFA94D][Kleidung][-][aaaaac][-][aa0003][-] ThermaCore-Handschuhfutter [DECEA3](T3)[-],[FFA94D][Ropa][-][aaaaac][-][aa0003][-] Forro de guantes ThermaCore [DECEA3](T3)[-],[FFA94D][Vêtements][-][aaaaac][-][aa0003][-] Doublures de gants ThermaCore [DECEA3](T3)[-],[FFA94D][Vestiti][-][aaaaac][-][aa0003][-] Rivestimento guanti ThermaCore [DECEA3](T3)[-],[FFA94D][衣服][-][aaaaac][-][aa0003][-] サーマコアのライナーグローブ [DECEA3](T3)[-],[FFA94D][의류][-][aaaaac][-][aa0003][-] 서멀코어 속장갑 [DECEA3](T3)[-],[FFA94D][Ubranie][-][aaaaac][-][aa0003][-] Wyściółka rękawic ThermaCore [DECEA3](T3)[-],[FFA94D][Roupas][-][aaaaac][-][aa0003][-] Forros de luvas ThermaCore [DECEA3](T3)[-],[FFA94D][Одежда][-][aaaaac][-][aa0003][-] Подкладка перчаток ThermaCore [DECEA3](T3)[-],[FFA94D][Giyim][-][aaaaac][-][aa0003][-] Termal Dolgulu Eldiven Astarı [DECEA3](T3)[-],[FFA94D][衣物][-][aaaaac][-][aa0003][-] 热核手套衬 [DECEA3](T3)[-],[FFA94D][服裝][-][aaaaac][-][aa0003][-] 熱能核心手套襯 [DECEA3](T3)[-]
clothingHeadT1,items,Clothes,,,,[FFA94D][Clothing][-][aaaaaa][-][aa0001][-] Tattered Cap Liner [DECEA3](T1)[-],,[FFA94D][Kleidung][-][aaaaaa][-][aa0001][-] Zerfleddertes Mützenfutter [DECEA3](T1)[-],[FFA94D][Ropa][-][aaaaaa][-][aa0001][-] Forro raído de gorra [DECEA3](T1)[-],[FFA94D][Vêtements][-][aaaaaa][-][aa0001][-] Doublure de casquette en lambeaux [DECEA3](T1)[-],[FFA94D][Vestiti][-][aaaaaa][-][aa0001][-] Rivestimento cappello lacerato [DECEA3](T1)[-],[FFA94D][衣服][-][aaaaaa][-][aa0001][-] ボロボロのインナーキャップ [DECEA3](T1)[-],[FFA94D][의류][-][aaaaaa][-][aa0001][-] 너덜너덜한 속모자 [DECEA3](T1)[-],[FFA94D][Ubranie][-][aaaaaa][-][aa0001][-] Sfatygowana wyściółka czapki [DECEA3](T1)[-],[FFA94D][Roupas][-][aaaaaa][-][aa0001][-] Forro de gorro desgastado [DECEA3](T1)[-],[FFA94D][Одежда][-][aaaaaa][-][aa0001][-] Подкладка порванной шапки [DECEA3](T1)[-],[FFA94D][Giyim][-][aaaaaa][-][aa0001][-] Yırtık Şapka Astarı [DECEA3](T1)[-],[FFA94D][衣物][-][aaaaaa][-][aa0001][-] 破旧帽衬 [DECEA3](T1)[-],[FFA94D][服裝][-][aaaaaa][-][aa0001][-] 破舊帽襯 [DECEA3](T1)[-]
clothingHeadT2,items,Clothes,,,,[FFA94D][Clothing][-][aaaaaa][-][aa0002][-] Patchwork Cap Liner [DECEA3](T2)[-],,[FFA94D][Kleidung][-][aaaaaa][-][aa0002][-] Patchwork-Mützenfutter [DECEA3](T2)[-],[FFA94D][Ropa][-][aaaaaa][-][aa0002][-] Forro parchado de gorra [DECEA3](T2)[-],[FFA94D][Vêtements][-][aaaaaa][-][aa0002][-] Doublure de casquette rapiécée [DECEA3](T2)[-],[FFA94D][Vestiti][-][aaaaaa][-][aa0002][-] Rivestimento cappello rappezzato [DECEA3](T2)[-],[FFA94D][衣服][-][aaaaaa][-][aa0002][-] パッチワークのインナーキャップ [DECEA3](T2)[-],[FFA94D][의류][-][aaaaaa][-][aa0002][-] 패치워크 속모자 [DECEA3](T2)[-],[FFA94D][Ubranie][-][aaaaaa][-][aa0002][-] Łatana wyściółka czapki [DECEA3](T2)[-],[FFA94D][Roupas][-][aaaaaa][-][aa0002][-] Forro de gorro remendado [DECEA3](T2)[-],[FFA94D][Одежда][-][aaaaaa][-][aa0002][-] Подкладка лоскутной шапки [DECEA3](T2)[-],[FFA94D][Giyim][-][aaaaaa][-][aa0002][-] Yamalı Şapka Astarı [DECEA3](T2)[-],[FFA94D][衣物][-][aaaaaa][-][aa0002][-] 拼布帽衬 [DECEA3](T2)[-],[FFA94D][服裝][-][aaaaaa][-][aa0002][-] 拼布帽襯 [DECEA3](T2)[-]
clothingHeadT3,items,Clothes,,,,[FFA94D][Clothing][-][aaaaaa][-][aa0003][-] ThermaCore Cap Liner [DECEA3](T3)[-],,[FFA94D][Kleidung][-][aaaaaa][-][aa0003][-] ThermaCore-Mützenfutter [DECEA3](T3)[-],[FFA94D][Ropa][-][aaaaaa][-][aa0003][-] Forro de gorra ThermaCore [DECEA3](T3)[-],[FFA94D][Vêtements][-][aaaaaa][-][aa0003][-] Doublure de casquette ThermaCore [DECEA3](T3)[-],[FFA94D][Vestiti][-][aaaaaa][-][aa0003][-] Rivestimento cappello ThermaCore [DECEA3](T3)[-],[FFA94D][衣服][-][aaaaaa][-][aa0003][-] サーマコアのインナーキャップ [DECEA3](T3)[-],[FFA94D][의류][-][aaaaaa][-][aa0003][-] 서멀코어 속모자 [DECEA3](T3)[-],[FFA94D][Ubranie][-][aaaaaa][-][aa0003][-] Wyściółka czapki ThermaCore [DECEA3](T3)[-],[FFA94D][Roupas][-][aaaaaa][-][aa0003][-] Forro de gorro ThermaCore [DECEA3](T3)[-],[FFA94D][Одежда][-][aaaaaa][-][aa0003][-] Подкладка шапки ThermaCore [DECEA3](T3)[-],[FFA94D][Giyim][-][aaaaaa][-][aa0003][-] Termal Dolgulu Şapka Astarı [DECEA3](T3)[-],[FFA94D][衣物][-][aaaaaa][-][aa0003][-] 热核帽衬 [DECEA3](T3)[-],[FFA94D][服裝][-][aaaaaa][-][aa0003][-] 熱能核心帽襯 [DECEA3](T3)[-]
clothingOutfitT1,items,Clothes,,,,[FFA94D][Clothing][-][aaaaab][-][aa0001][-] Tattered Undergarments [DECEA3](T1)[-],,[FFA94D][Kleidung][-][aaaaab][-][aa0001][-] Zerfledderte Unterwäsche [DECEA3](T1)[-],[FFA94D][Ropa][-][aaaaab][-][aa0001][-] Ropa interior raída [DECEA3](T1)[-],[FFA94D][Vêtements][-][aaaaab][-][aa0001][-] Sous-vêtements en lambeaux [DECEA3](T1)[-],[FFA94D][Vestiti][-][aaaaab][-][aa0001][-] Indumenti intimi lacerati [DECEA3](T1)[-],[FFA94D][衣服][-][aaaaab][-][aa0001][-] ボロボロの下着 [DECEA3](T1)[-],[FFA94D][의류][-][aaaaab][-][aa0001][-] 너덜너덜한 속옷 [DECEA3](T1)[-],[FFA94D][Ubranie][-][aaaaab][-][aa0001][-] Sfatygowana bielizna [DECEA3](T1)[-],[FFA94D][Roupas][-][aaaaab][-][aa0001][-] Roupas de baixo desgastadas [DECEA3](T1)[-],[FFA94D][Одежда][-][aaaaab][-][aa0001][-] Порванное белье [DECEA3](T1)[-],[FFA94D][Giyim][-][aaaaab][-][aa0001][-] Yırtık İç Çamaşırları [DECEA3](T1)[-],[FFA94D][衣物][-][aaaaab][-][aa0001][-] 破旧内衣 [DECEA3](T1)[-],[FFA94D][服裝][-][aaaaab][-][aa0001][-] 破舊內衣褲 [DECEA3](T1)[-]
clothingOutfitT2,items,Clothes,,,,[FFA94D][Clothing][-][aaaaab][-][aa0002][-] Patchwork Long Underwear [DECEA3](T2)[-],,[FFA94D][Kleidung][-][aaaaab][-][aa0002][-] Lange Patchwork-Unterwäsche [DECEA3](T2)[-],[FFA94D][Ropa][-][aaaaab][-][aa0002][-] Calzón largo parchado [DECEA3](T2)[-],[FFA94D][Vêtements][-][aaaaab][-][aa0002][-] Sous-vêtements longs rapiécés [DECEA3](T2)[-],[FFA94D][Vestiti][-][aaaaab][-][aa0002][-] Calzamaglia rappezzata [DECEA3](T2)[-],[FFA94D][衣服][-][aaaaab][-][aa0002][-] 長袖下着 [DECEA3](T2)[-],[FFA94D][의류][-][aaaaab][-][aa0002][-] 패치워크 긴 속옷 [DECEA3](T2)[-],[FFA94D][Ubranie][-][aaaaab][-][aa0002][-] Łatana długa bielizna [DECEA3](T2)[-],[FFA94D][Roupas][-][aaaaab][-][aa0002][-] Roupa íntima de frio remendada [DECEA3](T2)[-],[FFA94D][Одежда][-][aaaaab][-][aa0002][-] Лоскутное длинное белье [DECEA3](T2)[-],[FFA94D][Giyim][-][aaaaab][-][aa0002][-] Yamalı Uzun Don [DECEA3](T2)[-],[FFA94D][衣物][-][aaaaab][-][aa0002][-] 拼布长内衣 [DECEA3](T2)[-],[FFA94D][服裝][-][aaaaab][-][aa0002][-] 拼布長內衣褲 [DECEA3](T2)[-]
clothingOutfitT3,items,Clothes,,,,[FFA94D][Clothing][-][aaaaab][-][aa0003][-] ThermaCore Combat Layer [DECEA3](T3)[-],,[FFA94D][Kleidung][-][aaaaab][-][aa0003][-] ThermaCore-Kampfschicht [DECEA3](T3)[-],[FFA94D][Ropa][-][aaaaab][-][aa0003][-] Capa de combate ThermaCore [DECEA3](T3)[-],[FFA94D][Vêtements][-][aaaaab][-][aa0003][-] Couche de combat ThermaCore [DECEA3](T3)[-],[FFA94D][Vestiti][-][aaaaab][-][aa0003][-] Strato da combattimento ThermaCore [DECEA3](T3)[-],[FFA94D][衣服][-][aaaaab][-][aa0003][-] サーマコア戦闘用レイヤー [DECEA3](T3)[-],[FFA94D][의류][-][aaaaab][-][aa0003][-] 서멀코어 전투 레이어 [DECEA3](T3)[-],[FFA94D][Ubranie][-][aaaaab][-][aa0003][-] Warstwa bojowa ThermaCore [DECEA3](T3)[-],[FFA94D][Roupas][-][aaaaab][-][aa0003][-] Camada de combate ThermaCore [DECEA3](T3)[-],[FFA94D][Одежда][-][aaaaab][-][aa0003][-] Подкладка с защитой от ударов ThermaCore [DECEA3](T3)[-],[FFA94D][Giyim][-][aaaaab][-][aa0003][-] Termal Dolgulu Savaş Katmanı [DECEA3](T3)[-],[FFA94D][衣物][-][aaaaab][-][aa0003][-] 热核战斗内层衣 [DECEA3](T3)[-],[FFA94D][服裝][-][aaaaab][-][aa0003][-] 熱能核心作戰層衣 [DECEA3](T3)[-]
ammoGasCan,items,Tool,,,,[bbbb00][-][eeee03][-] Gas Can,,[bbbb00][-][eeee03][-] Benzinkanister,[bbbb00][-][eeee03][-] Bidón de gas,[bbbb00][-][eeee03][-] Bidon d'essence,[bbbb00][-][eeee03][-] Tanica di benzina,[bbbb00][-][eeee03][-] ガソリン缶,[bbbb00][-][eeee03][-] 석유통,[bbbb00][-][eeee03][-] Kanister benzyny,[bbbb00][-][eeee03][-] Galão de combustível,[bbbb00][-][eeee03][-] Канистра с бензином,[bbbb00][-][eeee03][-] Benzin Bidonu,[bbbb00][-][eeee03][-] 汽油罐,[bbbb00][-][eeee03][-] 汽油桶
vehicleWheels,vehicles,Resource,,,,[dddd06][-][eeee01][-][FFA94D][Vehicle][-] Wheel,,[dddd06][-][eeee01][-][FFA94D][Fahrzeug][-] Rad,[dddd06][-][eeee01][-][FFA94D][Vehículo][-] Rueda,[dddd06][-][eeee01][-][FFA94D][Véhicule][-] Roue,[dddd06][-][eeee01][-][FFA94D][Veicolo][-] Ruota,[dddd06][-][eeee01][-][FFA94D][車両][-] タイヤ,[dddd06][-][eeee01][-][FFA94D][차량][-] 바퀴,[dddd06][-][eeee01][-][FFA94D][Pojazd][-] Koło,[dddd06][-][eeee01][-][FFA94D][Veículo][-] Roda,[dddd06][-][eeee01][-][FFA94D][Транспорт][-] Колесо,[dddd06][-][eeee01][-][FFA94D][Araç][-] Tekerlek,[dddd06][-][eeee01][-][FFA94D][载具][-] 车轮,[dddd06][-][eeee01][-][FFA94D][載具][-] 車輪
smallEngine,items,Resource,,,,[dddd06][-][eeee05][-][FFA94D][Vehicle][-] Engine,,[dddd06][-][eeee05][-][FFA94D][Fahrzeug][-] Motor,[dddd06][-][eeee05][-][FFA94D][Vehículo][-] Motor,[dddd06][-][eeee05][-][FFA94D][Véhicule][-] Moteur,[dddd06][-][eeee05][-][FFA94D][Veicolo][-] Motore,[dddd06][-][eeee05][-][FFA94D][車両][-] エンジン,[dddd06][-][eeee05][-][FFA94D][차량][-] 엔진,[dddd06][-][eeee05][-][FFA94D][Pojazd][-] Silnik,[dddd06][-][eeee05][-][FFA94D][Veículo][-] Motor,[dddd06][-][eeee05][-][FFA94D][Транспорт][-] Двигатель,[dddd06][-][eeee05][-][FFA94D][Araç][-] Motor,[dddd06][-][eeee05][-][FFA94D][载具][-] 发动机,[dddd06][-][eeee05][-][FFA94D][載具][-] 發動機
carBattery,items,Resource,,,,[dddd06][-][eeee06][-][FFA94D][Vehicle][-] Car Battery,,[dddd06][-][eeee06][-][FFA94D][Fahrzeug][-] Bleibatterie für Autos,[dddd06][-][eeee06][-][FFA94D][Vehículo][-] Batería de Plomo para Coche,[dddd06][-][eeee06][-][FFA94D][Véhicule][-] Batterie de voiture en plomb,[dddd06][-][eeee06][-][FFA94D][Veicolo][-] Batteria per auto,[dddd06][-][eeee06][-][FFA94D][車両][-] バッテリー,[dddd06][-][eeee06][-][FFA94D][차량][-] 차량용 납 배터리,[dddd06][-][eeee06][-][FFA94D][Pojazd][-] Ołowiowy akumulator samochodowy,[dddd06][-][eeee06][-][FFA94D][Veículo][-] Bateria automotiva de chumbo,[dddd06][-][eeee06][-][FFA94D][Транспорт][-] Автомобильный аккумулятор,[dddd06][-][eeee06][-][FFA94D][Araç][-] Kurşun Araba Aküsü,[dddd06][-][eeee06][-][FFA94D][载具][-] 汽车铅蓄电池,[dddd06][-][eeee06][-][FFA94D][載具][-] 汽車鉛蓄電池組
vehicleBicycleChassis,vehicles,Resource,,,,[dddd06][-][eeee07][-][FFA94D][Vehicle][-] Bicycle Chassis,,[dddd06][-][eeee07][-][FFA94D][Fahrzeug][-] Fahrrad-Fahrwerk,[dddd06][-][eeee07][-][FFA94D][Vehículo][-] Chasis de bicicleta,[dddd06][-][eeee07][-][FFA94D][Véhicule][-] Châssis de bicyclette,[dddd06][-][eeee07][-][FFA94D][Veicolo][-] Chassis della bicicletta,[dddd06][-][eeee07][-][FFA94D][車両][-] 自転車シャーシ,[dddd06][-][eeee07][-][FFA94D][차량][-] 자전거 섀시,[dddd06][-][eeee07][-][FFA94D][Pojazd][-] Rower — rama,[dddd06][-][eeee07][-][FFA94D][Veículo][-] Chassi da bicicleta,[dddd06][-][eeee07][-][FFA94D][Транспорт][-] Каркас велосипеда,[dddd06][-][eeee07][-][FFA94D][Araç][-] Bisiklet Şasisi,[dddd06][-][eeee07][-][FFA94D][载具][-] 自行车底盘,[dddd06][-][eeee07][-][FFA94D][載具][-] 腳踏車底盤
vehicleBicycleHandlebars,vehicles,Resource,,,,[dddd06][-][eeee08][-][FFA94D][Vehicle][-] Bicycle Handlebars,,[dddd06][-][eeee08][-][FFA94D][Fahrzeug][-] Fahrrad-Lenker,[dddd06][-][eeee08][-][FFA94D][Vehículo][-] Manillares para bicicletas,[dddd06][-][eeee08][-][FFA94D][Véhicule][-] Guidon de bicyclette,[dddd06][-][eeee08][-][FFA94D][Veicolo][-] Manubrio della bicicletta,[dddd06][-][eeee08][-][FFA94D][車両][-] 自転車ハンドルバー,[dddd06][-][eeee08][-][FFA94D][차량][-] 자전거 핸들바,[dddd06][-][eeee08][-][FFA94D][Pojazd][-] Rower — kierownica,[dddd06][-][eeee08][-][FFA94D][Veículo][-] Guidões da bicicleta,[dddd06][-][eeee08][-][FFA94D][Транспорт][-] Руль велосипеда,[dddd06][-][eeee08][-][FFA94D][Araç][-] Bisiklet Gidonu,[dddd06][-][eeee08][-][FFA94D][载具][-] 自行车车把,[dddd06][-][eeee08][-][FFA94D][載具][-] 腳踏車手把
vehicleMinibikeChassis,vehicles,Resource,,,,[dddd06][-][eeee09][-][FFA94D][Vehicle][-] Minibike Chassis,,[dddd06][-][eeee09][-][FFA94D][Fahrzeug][-] Mini-Motorrad-Fahrwerk,[dddd06][-][eeee09][-][FFA94D][Vehículo][-] Chasis de la minimoto,[dddd06][-][eeee09][-][FFA94D][Véhicule][-] Châssis de mini-moto,[dddd06][-][eeee09][-][FFA94D][Veicolo][-] Chassis della minimoto,[dddd06][-][eeee09][-][FFA94D][車両][-] ミニバイクシャーシ,[dddd06][-][eeee09][-][FFA94D][차량][-] 미니바이크 섀시,[dddd06][-][eeee09][-][FFA94D][Pojazd][-] Motorynka — obudowa,[dddd06][-][eeee09][-][FFA94D][Veículo][-] Chassi da mini moto,[dddd06][-][eeee09][-][FFA94D][Транспорт][-] Каркас мини-байка,[dddd06][-][eeee09][-][FFA94D][Araç][-] Küçük Motosiklet Şasisi,[dddd06][-][eeee09][-][FFA94D][载具][-] 小型机车底盘,[dddd06][-][eeee09][-][FFA94D][載具][-] 小型機車底盤
vehicleMinibikeHandlebars,vehicles,Resource,,,,[dddd06][-][eeee10][-][FFA94D][Vehicle][-] Minibike Handlebars,,[dddd06][-][eeee10][-][FFA94D][Fahrzeug][-] Mini-Motorrad-Lenker,[dddd06][-][eeee10][-][FFA94D][Vehículo][-] Manillar de la minimoto,[dddd06][-][eeee10][-][FFA94D][Véhicule][-] Guidon de mini-moto,[dddd06][-][eeee10][-][FFA94D][Veicolo][-] Manubrio della minimoto,[dddd06][-][eeee10][-][FFA94D][車両][-] ミニバイクハンドルバー,[dddd06][-][eeee10][-][FFA94D][차량][-] 미니바이크 핸들바,[dddd06][-][eeee10][-][FFA94D][Pojazd][-] Motorynka — kierownica,[dddd06][-][eeee10][-][FFA94D][Veículo][-] Guidões da mini moto,[dddd06][-][eeee10][-][FFA94D][Транспорт][-] Руль мини-байка,[dddd06][-][eeee10][-][FFA94D][Araç][-] Küçük Motosiklet Gidonu,[dddd06][-][eeee10][-][FFA94D][载具][-] 小型机车车把,[dddd06][-][eeee10][-][FFA94D][載具][-] 小型機車手把
vehicleMotorcycleChassis,vehicles,Resource,,,,[dddd06][-][eeee11][-][FFA94D][Vehicle][-] Motorcycle Chassis,,[dddd06][-][eeee11][-][FFA94D][Fahrzeug][-] Motorrad-Fahrwerk,[dddd06][-][eeee11][-][FFA94D][Vehículo][-] Chasis de motocicleta,[dddd06][-][eeee11][-][FFA94D][Véhicule][-] Châssis de cyclomoteur,[dddd06][-][eeee11][-][FFA94D][Veicolo][-] Chassis della motocicletta,[dddd06][-][eeee11][-][FFA94D][車両][-] オートバイシャーシ,[dddd06][-][eeee11][-][FFA94D][차량][-] 오토바이 섀시,[dddd06][-][eeee11][-][FFA94D][Pojazd][-] Motocykl — rama,[dddd06][-][eeee11][-][FFA94D][Veículo][-] Chassi da motocicleta,[dddd06][-][eeee11][-][FFA94D][Транспорт][-] Каркас мотоцикла,[dddd06][-][eeee11][-][FFA94D][Araç][-] Motosiklet Şasisi,[dddd06][-][eeee11][-][FFA94D][载具][-] 摩托车底盘,[dddd06][-][eeee11][-][FFA94D][載具][-] 機車底盤
vehicleMotorcycleHandlebars,vehicles,Resource,,,,[dddd06][-][eeee12][-][FFA94D][Vehicle][-] Motorcycle Handlebars,,[dddd06][-][eeee12][-][FFA94D][Fahrzeug][-] Motorrad-Lenker,[dddd06][-][eeee12][-][FFA94D][Vehículo][-] Manillares para motocicletas,[dddd06][-][eeee12][-][FFA94D][Véhicule][-] Guidon de cyclomoteur,[dddd06][-][eeee12][-][FFA94D][Veicolo][-] Manubrio della motocicletta,[dddd06][-][eeee12][-][FFA94D][車両][-] オートバイハンドルバー,[dddd06][-][eeee12][-][FFA94D][차량][-] 오토바이 핸들바,[dddd06][-][eeee12][-][FFA94D][Pojazd][-] Motocykl — kierownica,[dddd06][-][eeee12][-][FFA94D][Veículo][-] Guidões da motocicleta,[dddd06][-][eeee12][-][FFA94D][Транспорт][-] Руль мотоцикла,[dddd06][-][eeee12][-][FFA94D][Araç][-] Motosiklet Gidonu,[dddd06][-][eeee12][-][FFA94D][载具][-] 摩托车车把,[dddd06][-][eeee12][-][FFA94D][載具][-] 機車手把
vehicleTruck4x4Chassis,vehicles,Resource,,,,[dddd06][-][eeee13][-][FFA94D][Vehicle][-] 4x4 Truck Chassis,,[dddd06][-][eeee13][-][FFA94D][Fahrzeug][-] 4x4-Truck-Fahrwerk,[dddd06][-][eeee13][-][FFA94D][Vehículo][-] Chasis de camión 4x4,[dddd06][-][eeee13][-][FFA94D][Véhicule][-] Châssis de 4x4,[dddd06][-][eeee13][-][FFA94D][Veicolo][-] Chassis del fuoristrada 4x4,[dddd06][-][eeee13][-][FFA94D][車両][-] 4x4駆動トラックシャーシ,[dddd06][-][eeee13][-][FFA94D][차량][-] 4x4 트럭 섀시,[dddd06][-][eeee13][-][FFA94D][Pojazd][-] Samochód terenowy 4x4 — podwozie,[dddd06][-][eeee13][-][FFA94D][Veículo][-] Chassi do caminhão 4x4,[dddd06][-][eeee13][-][FFA94D][Транспорт][-] Каркас грузовика 4х4,[dddd06][-][eeee13][-][FFA94D][Araç][-] 4x4 Kamyonet Şasisi,[dddd06][-][eeee13][-][FFA94D][载具][-] 4x4 卡车底盘,[dddd06][-][eeee13][-][FFA94D][載具][-] 4x4 卡車底盤
vehicleTruck4x4Accessories,vehicles,Resource,,,,[dddd06][-][eeee14][-][FFA94D][Vehicle][-] 4x4 Truck Accessories,,[dddd06][-][eeee14][-][FFA94D][Fahrzeug][-] 4x4-Truck-Zubehör,[dddd06][-][eeee14][-][FFA94D][Vehículo][-] Accesorios para camiones 4x4,[dddd06][-][eeee14][-][FFA94D][Véhicule][-] Accessoires de 4x4,[dddd06][-][eeee14][-][FFA94D][Veicolo][-] Accessori del fuoristrada 4x4,[dddd06][-][eeee14][-][FFA94D][車両][-] 4x4駆動トラック付属品,[dddd06][-][eeee14][-][FFA94D][차량][-] 4x4 트럭 부속품,[dddd06][-][eeee14][-][FFA94D][Pojazd][-] Samochód terenowy 4x4 — akcesoria,[dddd06][-][eeee14][-][FFA94D][Veículo][-] Acessórios do caminhão 4x4,[dddd06][-][eeee14][-][FFA94D][Транспорт][-] Запчасти грузовика 4х4,[dddd06][-][eeee14][-][FFA94D][Araç][-] 4x4 Kamyonet Aksesuarları,[dddd06][-][eeee14][-][FFA94D][载具][-] 4x4 卡车附件,[dddd06][-][eeee14][-][FFA94D][載具][-] 4x4 卡車配件
vehicleGyroCopterChassis,vehicles,Resource,,,,[dddd06][-][eeee15][-][FFA94D][Vehicle][-] Gyrocopter Chassis,,[dddd06][-][eeee15][-][FFA94D][Fahrzeug][-] Tragschrauber-Fahrwerk,[dddd06][-][eeee15][-][FFA94D][Vehículo][-] Chasis del giróscopo,[dddd06][-][eeee15][-][FFA94D][Véhicule][-] Châssis d'autogire,[dddd06][-][eeee15][-][FFA94D][Veicolo][-] Chassis del girocottero,[dddd06][-][eeee15][-][FFA94D][車両][-] ジャイロコプターシャーシ,[dddd06][-][eeee15][-][FFA94D][차량][-] 자이로콥터 섀시,[dddd06][-][eeee15][-][FFA94D][Pojazd][-] Wiatrakowiec — korpus,[dddd06][-][eeee15][-][FFA94D][Veículo][-] Chassi do Girocóptero,[dddd06][-][eeee15][-][FFA94D][Транспорт][-] Каркас автожира,[dddd06][-][eeee15][-][FFA94D][Araç][-] Jirokopter Şasisi,[dddd06][-][eeee15][-][FFA94D][载具][-] 旋翼机底盘,[dddd06][-][eeee15][-][FFA94D][載具][-] 旋翼機底盤
vehicleGyroCopterAccessories,vehicles,Resource,,,,[dddd06][-][eeee16][-][FFA94D][Vehicle][-] Gyrocopter Accessories,,[dddd06][-][eeee16][-][FFA94D][Fahrzeug][-] Tragschrauber-Zubehör,[dddd06][-][eeee16][-][FFA94D][Vehículo][-] Accesorios para el giróscopo,[dddd06][-][eeee16][-][FFA94D][Véhicule][-] Accessoires d'autogire,[dddd06][-][eeee16][-][FFA94D][Veicolo][-] Accessori del girocottero,[dddd06][-][eeee16][-][FFA94D][車両][-] ジャイロコプター付属品,[dddd06][-][eeee16][-][FFA94D][차량][-] 자이로콥터 부속품,[dddd06][-][eeee16][-][FFA94D][Pojazd][-] Wiatrakowiec — akcesoria,[dddd06][-][eeee16][-][FFA94D][Veículo][-] Acessórios do Girocóptero,[dddd06][-][eeee16][-][FFA94D][Транспорт][-] Запчасти автожира,[dddd06][-][eeee16][-][FFA94D][Araç][-] Jirokopter Aksesuarları,[dddd06][-][eeee16][-][FFA94D][载具][-] 旋翼机配件,[dddd06][-][eeee16][-][FFA94D][載具][-] 旋翼機配件
vehicleBicyclePlaceable,vehicles,Resource,,,,[dddd06][-][eeee17][-][FFA94D][Vehicle][-] Bicycle,,[dddd06][-][eeee17][-][FFA94D][Fahrzeug][-] Fahrrad,[dddd06][-][eeee17][-][FFA94D][Vehículo][-] Bicicleta,[dddd06][-][eeee17][-][FFA94D][Véhicule][-] Bicyclette,[dddd06][-][eeee17][-][FFA94D][Veicolo][-] Bicicletta,[dddd06][-][eeee17][-][FFA94D][車両][-] 自転車,[dddd06][-][eeee17][-][FFA94D][차량][-] 자전거,[dddd06][-][eeee17][-][FFA94D][Pojazd][-] Rower,[dddd06][-][eeee17][-][FFA94D][Veículo][-] Bicicleta,[dddd06][-][eeee17][-][FFA94D][Транспорт][-] Велосипед,[dddd06][-][eeee17][-][FFA94D][Araç][-] Bisiklet,[dddd06][-][eeee17][-][FFA94D][载具][-] 自行车,[dddd06][-][eeee17][-][FFA94D][載具][-] 腳踏車
vehicleMinibikePlaceable,vehicles,Resource,,,,[dddd06][-][eeee18][-][FFA94D][Vehicle][-] Minibike,,[dddd06][-][eeee18][-][FFA94D][Fahrzeug][-] Mini-Motorrad,[dddd06][-][eeee18][-][FFA94D][Vehículo][-] Minimoto,[dddd06][-][eeee18][-][FFA94D][Véhicule][-] Mini-moto,[dddd06][-][eeee18][-][FFA94D][Veicolo][-] Minimoto,[dddd06][-][eeee18][-][FFA94D][車両][-] ミニバイク,[dddd06][-][eeee18][-][FFA94D][차량][-] 미니바이크,[dddd06][-][eeee18][-][FFA94D][Pojazd][-] Motorynka,[dddd06][-][eeee18][-][FFA94D][Veículo][-] Mini moto,[dddd06][-][eeee18][-][FFA94D][Транспорт][-] Мини-байк,[dddd06][-][eeee18][-][FFA94D][Araç][-] Küçük Motosiklet,[dddd06][-][eeee18][-][FFA94D][载具][-] 小型机车,[dddd06][-][eeee18][-][FFA94D][載具][-] 小型機車
vehicleMotorcyclePlaceable,vehicles,Resource,,,,[dddd06][-][eeee19][-][FFA94D][Vehicle][-] Motorcycle,,[dddd06][-][eeee19][-][FFA94D][Fahrzeug][-] Motorrad,[dddd06][-][eeee19][-][FFA94D][Vehículo][-] Moto,[dddd06][-][eeee19][-][FFA94D][Véhicule][-] Cyclomoteur,[dddd06][-][eeee19][-][FFA94D][Veicolo][-] Motocicletta,[dddd06][-][eeee19][-][FFA94D][車両][-] オートバイ,[dddd06][-][eeee19][-][FFA94D][차량][-] 오토바이,[dddd06][-][eeee19][-][FFA94D][Pojazd][-] Motocykl,[dddd06][-][eeee19][-][FFA94D][Veículo][-] Motocicleta,[dddd06][-][eeee19][-][FFA94D][Транспорт][-] Мотоцикл,[dddd06][-][eeee19][-][FFA94D][Araç][-] Motosiklet,[dddd06][-][eeee19][-][FFA94D][载具][-] 摩托车,[dddd06][-][eeee19][-][FFA94D][載具][-] 機車
vehicleTruck4x4Placeable,vehicles,Resource,,,,[dddd06][-][eeee20][-][FFA94D][Vehicle][-] 4x4 Truck,,[dddd06][-][eeee20][-][FFA94D][Fahrzeug][-] 4x4-Truck,[dddd06][-][eeee20][-][FFA94D][Vehículo][-] Camión 4x4,[dddd06][-][eeee20][-][FFA94D][Véhicule][-] 4x4,[dddd06][-][eeee20][-][FFA94D][Veicolo][-] Fuoristrada 4x4,[dddd06][-][eeee20][-][FFA94D][車両][-] 4x4駆動トラック,[dddd06][-][eeee20][-][FFA94D][차량][-] 4x4 트럭,[dddd06][-][eeee20][-][FFA94D][Pojazd][-] Samochód terenowy 4x4,[dddd06][-][eeee20][-][FFA94D][Veículo][-] Caminhão 4x4,[dddd06][-][eeee20][-][FFA94D][Транспорт][-] Грузовик 4х4,[dddd06][-][eeee20][-][FFA94D][Araç][-] 4x4 Kamyonet,[dddd06][-][eeee20][-][FFA94D][载具][-] 4x4 卡车,[dddd06][-][eeee20][-][FFA94D][載具][-] 4x4 卡車
vehicleGyrocopterPlaceable,vehicles,Resource,,,,[dddd06][-][eeee21][-][FFA94D][Vehicle][-] Gyrocopter,,[dddd06][-][eeee21][-][FFA94D][Fahrzeug][-] Tragschrauber,[dddd06][-][eeee21][-][FFA94D][Vehículo][-] Giróscopo,[dddd06][-][eeee21][-][FFA94D][Véhicule][-] Autogire,[dddd06][-][eeee21][-][FFA94D][Veicolo][-] Girocottero,[dddd06][-][eeee21][-][FFA94D][車両][-] ジャイロコプター,[dddd06][-][eeee21][-][FFA94D][차량][-] 자이로콥터,[dddd06][-][eeee21][-][FFA94D][Pojazd][-] Wiatrakowiec,[dddd06][-][eeee21][-][FFA94D][Veículo][-] Girocóptero,[dddd06][-][eeee21][-][FFA94D][Транспорт][-] Автожир,[dddd06][-][eeee21][-][FFA94D][Araç][-] Jirokopter,[dddd06][-][eeee21][-][FFA94D][载具][-] 旋翼机,[dddd06][-][eeee21][-][FFA94D][載具][-] 旋翼機
solarCell,items,Resource,,,,[dddd07][-][eeee01][-][FFA94D][Electric][-] Solar Cell,,[dddd07][-][eeee01][-][FFA94D][Elektro][-] Solarzelle,[dddd07][-][eeee01][-][FFA94D][Eléctrico][-] Panel solar,[dddd07][-][eeee01][-][FFA94D][Électrique][-] Panneau solaire,[dddd07][-][eeee01][-][FFA94D][Elettrico][-] Cella solare,[dddd07][-][eeee01][-][FFA94D][電気][-] 太陽電池,[dddd07][-][eeee01][-][FFA94D][전기][-] 태양광 전지,[dddd07][-][eeee01][-][FFA94D][Elektryka][-] Ogniwo słoneczne,[dddd07][-][eeee01][-][FFA94D][Elétrico][-] Células solares,[dddd07][-][eeee01][-][FFA94D][Электрика][-] Солнечный элемент,[dddd07][-][eeee01][-][FFA94D][Elektrik][-] Güneş Hücresi,[dddd07][-][eeee01][-][FFA94D][电力][-] 太阳能电池,[dddd07][-][eeee01][-][FFA94D][電力][-] 太陽能電池
generatorbank,blocks,Resource,,,,[dddd07][-][eeee02][-][FFA94D][Electric][-] Generator Bank,,[dddd07][-][eeee02][-][FFA94D][Elektro][-] Generator,[dddd07][-][eeee02][-][FFA94D][Eléctrico][-] Banco generador,[dddd07][-][eeee02][-][FFA94D][Électrique][-] Groupe électrogène,[dddd07][-][eeee02][-][FFA94D][Elettrico][-] Generatore,[dddd07][-][eeee02][-][FFA94D][電気][-] 発電バンク,[dddd07][-][eeee02][-][FFA94D][전기][-] 제네레이터 뱅크,[dddd07][-][eeee02][-][FFA94D][Elektryka][-] Bateria agregatów,[dddd07][-][eeee02][-][FFA94D][Elétrico][-] Banco de geradores,[dddd07][-][eeee02][-][FFA94D][Электрика][-] Генератор,[dddd07][-][eeee02][-][FFA94D][Elektrik][-] Jeneratör Bankası,[dddd07][-][eeee02][-][FFA94D][电力][-] 发电机组,[dddd07][-][eeee02][-][FFA94D][電力][-] 發電機
batterybank,blocks,Resource,,,,[dddd07][-][eeee03][-][FFA94D][Electric][-] Battery Bank,,[dddd07][-][eeee03][-][FFA94D][Elektro][-] Batteriebank,[dddd07][-][eeee03][-][FFA94D][Eléctrico][-] Batería portátil,[dddd07][-][eeee03][-][FFA94D][Électrique][-] Banc de batteries,[dddd07][-][eeee03][-][FFA94D][Elettrico][-] Caricabatteria,[dddd07][-][eeee03][-][FFA94D][電気][-] バッテリーバンク,[dddd07][-][eeee03][-][FFA94D][전기][-] 배터리 저장고,[dddd07][-][eeee03][-][FFA94D][Elektryka][-] Bateria akumulatorów,[dddd07][-][eeee03][-][FFA94D][Elétrico][-] Banco de baterias,[dddd07][-][eeee03][-][FFA94D][Электрика][-] Аккумуляторный блок,[dddd07][-][eeee03][-][FFA94D][Elektrik][-] Pil Şarj Ünitesi,[dddd07][-][eeee03][-][FFA94D][电力][-] 电池组,[dddd07][-][eeee03][-][FFA94D][電力][-] 電池組
carBatteryCharge,items,Resource,,,,[dddd07][-][eeee03][-][FFA94D][Electric][-] Rechargeable Battery,,[dddd07][-][eeee03][-][FFA94D][Elektro][-] Wiederaufladbare Batterie,[dddd07][-][eeee03][-][FFA94D][Eléctrico][-] Batería recargable,[dddd07][-][eeee03][-][FFA94D][Électrique][-] Batterie rechargeable,[dddd07][-][eeee03][-][FFA94D][Elettrico][-] Batteria ricaricabile,[dddd07][-][eeee03][-][FFA94D][電気][-] 充電式バッテリー,[dddd07][-][eeee03][-][FFA94D][전기][-] 충전식 배터리,[dddd07][-][eeee03][-][FFA94D][Elektryka][-] Bateria do ponownego naładowania,[dddd07][-][eeee03][-][FFA94D][Elétrico][-] Bateria recarregável,[dddd07][-][eeee03][-][FFA94D][Электрика][-] Аккумуляторная батарея,[dddd07][-][eeee03][-][FFA94D][Elektrik][-] Şarj edilebilir pil,[dddd07][-][eeee03][-][FFA94D][电力][-] 可充电电池,[dddd07][-][eeee03][-][FFA94D][電力][-] 可充電電池
solarbank,blocks,Resource,,,,[dddd07][-][eeee04][-][FFA94D][Electric][-] Solar Bank,,[dddd07][-][eeee04][-][FFA94D][Elektro][-] Solarpanel,[dddd07][-][eeee04][-][FFA94D][Eléctrico][-] Banco de paneles solares,[dddd07][-][eeee04][-][FFA94D][Électrique][-] Groupe solaire,[dddd07][-][eeee04][-][FFA94D][Elettrico][-] Generatore solare,[dddd07][-][eeee04][-][FFA94D][電気][-] 太陽充電バンク,[dddd07][-][eeee04][-][FFA94D][전기][-] 태양광 저장고,[dddd07][-][eeee04][-][FFA94D][Elektryka][-] Bateria słoneczna,[dddd07][-][eeee04][-][FFA94D][Elétrico][-] Banco solar,[dddd07][-][eeee04][-][FFA94D][Электрика][-] Солнечная батарея,[dddd07][-][eeee04][-][FFA94D][Elektrik][-] Güneş Enerjisi Bankası,[dddd07][-][eeee04][-][FFA94D][电力][-] 太阳能组,[dddd07][-][eeee04][-][FFA94D][電力][-] 太陽能電源
ceilingLight01_player,blocks,Resource,,,,[dddd07][-][eeee05][-][FFA94D][Electric][-] Basic Light Bulb,,[dddd07][-][eeee05][-][FFA94D][Elektro][-] Einfache Glühbirne,[dddd07][-][eeee05][-][FFA94D][Eléctrico][-] Bombilla básica,[dddd07][-][eeee05][-][FFA94D][Électrique][-] Ampoule simple,[dddd07][-][eeee05][-][FFA94D][Elettrico][-] Lampadina di base,[dddd07][-][eeee05][-][FFA94D][電気][-] ベーシック電球,[dddd07][-][eeee05][-][FFA94D][전기][-] 기본 전구,[dddd07][-][eeee05][-][FFA94D][Elektryka][-] Podstawowa żarówka,[dddd07][-][eeee05][-][FFA94D][Elétrico][-] Lâmpada Básica,[dddd07][-][eeee05][-][FFA94D][Электрика][-] Базовая лампочка,[dddd07][-][eeee05][-][FFA94D][Elektrik][-] Temel Ampul,[dddd07][-][eeee05][-][FFA94D][电力][-] 基础灯泡,[dddd07][-][eeee05][-][FFA94D][電力][-] 標準燈泡
ceilingLight07_player,blocks,Resource,,,,[dddd07][-][eeee06][-][FFA94D][Electric][-] Fluorescent Light,,[dddd07][-][eeee06][-][FFA94D][Elektro][-] Fluoreszierendes Licht,[dddd07][-][eeee06][-][FFA94D][Eléctrico][-] Lámpara fluorescente,[dddd07][-][eeee06][-][FFA94D][Électrique][-] Lampe fluorescente,[dddd07][-][eeee06][-][FFA94D][Elettrico][-] Luce fluorescente,[dddd07][-][eeee06][-][FFA94D][電気][-] 蛍光灯,[dddd07][-][eeee06][-][FFA94D][전기][-] 형광등,[dddd07][-][eeee06][-][FFA94D][Elektryka][-] Lampa fluorescencyjna,[dddd07][-][eeee06][-][FFA94D][Elétrico][-] Luz Fluorescente,[dddd07][-][eeee06][-][FFA94D][Электрика][-] Светильник дневного света,[dddd07][-][eeee06][-][FFA94D][Elektrik][-] Floresan Işığı,[dddd07][-][eeee06][-][FFA94D][电力][-] 萤光灯,[dddd07][-][eeee06][-][FFA94D][電力][-] 日光燈
spotlightPlayer,blocks,Resource,,,,[dddd07][-][eeee07][-][FFA94D][Electric][-] Spotlight,,[dddd07][-][eeee07][-][FFA94D][Elektro][-] Scheinwerfer,[dddd07][-][eeee07][-][FFA94D][Eléctrico][-] Foco,[dddd07][-][eeee07][-][FFA94D][Électrique][-] Projecteur,[dddd07][-][eeee07][-][FFA94D][Elettrico][-] Faretto,[dddd07][-][eeee07][-][FFA94D][電気][-] スポットライト,[dddd07][-][eeee07][-][FFA94D][전기][-] 스포트라이트,[dddd07][-][eeee07][-][FFA94D][Elektryka][-] Reflektor,[dddd07][-][eeee07][-][FFA94D][Elétrico][-] Holofote,[dddd07][-][eeee07][-][FFA94D][Электрика][-] Прожектор,[dddd07][-][eeee07][-][FFA94D][Elektrik][-] Spot Lambası,[dddd07][-][eeee07][-][FFA94D][电力][-] 聚光灯,[dddd07][-][eeee07][-][FFA94D][電力][-] 探照燈
switch,blocks,Resource,,,,[dddd07][-][eeee08][-][FFA94D][Electric][-] Switch,,[dddd07][-][eeee08][-][FFA94D][Elektro][-] Schalter,[dddd07][-][eeee08][-][FFA94D][Eléctrico][-] Interruptor,[dddd07][-][eeee08][-][FFA94D][Électrique][-] Interrupteur,[dddd07][-][eeee08][-][FFA94D][Elettrico][-] Interruttore,[dddd07][-][eeee08][-][FFA94D][電気][-] スイッチ,[dddd07][-][eeee08][-][FFA94D][전기][-] 스위치,[dddd07][-][eeee08][-][FFA94D][Elektryka][-] Przełącznik,[dddd07][-][eeee08][-][FFA94D][Elétrico][-] Interruptor,[dddd07][-][eeee08][-][FFA94D][Электрика][-] Выключатель,[dddd07][-][eeee08][-][FFA94D][Elektrik][-] Düğme,[dddd07][-][eeee08][-][FFA94D][电力][-] 开关,[dddd07][-][eeee08][-][FFA94D][電力][-] 開關
electricwirerelay,blocks,Resource,,,,[dddd07][-][eeee09][-][FFA94D][Electric][-] Electric Wire Relay,,[dddd07][-][eeee09][-][FFA94D][Elektro][-] Elektrokabelverschaltung,[dddd07][-][eeee09][-][FFA94D][Eléctrico][-] Relé de cable eléctrico,[dddd07][-][eeee09][-][FFA94D][Électrique][-] Relais filaire électrique,[dddd07][-][eeee09][-][FFA94D][Elettrico][-] Relè elettrico,[dddd07][-][eeee09][-][FFA94D][電気][-] 電気配線リレー,[dddd07][-][eeee09][-][FFA94D][전기][-] 전기 와이어 계전기,[dddd07][-][eeee09][-][FFA94D][Elektryka][-] Elektryczny przekaźnik przewodowy,[dddd07][-][eeee09][-][FFA94D][Elétrico][-] Transmissor de Fio Elétrico,[dddd07][-][eeee09][-][FFA94D][Электрика][-] Реле с электрическими проводами,[dddd07][-][eeee09][-][FFA94D][Elektrik][-] Elektrikli Telli Röle,[dddd07][-][eeee09][-][FFA94D][电力][-] 电线继电器,[dddd07][-][eeee09][-][FFA94D][電力][-] 電線繼電器
electrictimerrelay,blocks,Resource,,,,[dddd07][-][eeee10][-][FFA94D][Electric][-] Electric Timer Relay,,[dddd07][-][eeee10][-][FFA94D][Elektro][-] Elektrozeitschalter-Relais,[dddd07][-][eeee10][-][FFA94D][Eléctrico][-] Relé de temporizador eléctrico,[dddd07][-][eeee10][-][FFA94D][Électrique][-] Relais horaire électrique,[dddd07][-][eeee10][-][FFA94D][Elettrico][-] Relè elettrico con timer,[dddd07][-][eeee10][-][FFA94D][電気][-] 電気タイマーリレー,[dddd07][-][eeee10][-][FFA94D][전기][-] 전기 타이머 계전기,[dddd07][-][eeee10][-][FFA94D][Elektryka][-] Elektryczny przekaźnik czasowy,[dddd07][-][eeee10][-][FFA94D][Elétrico][-] Transmissor de Cronômetro Elétrico,[dddd07][-][eeee10][-][FFA94D][Электрика][-] Реле с электронным таймером,[dddd07][-][eeee10][-][FFA94D][Elektrik][-] Elektrikli Zamanlama Rölesi,[dddd07][-][eeee10][-][FFA94D][电力][-] 定时电继电器,[dddd07][-][eeee10][-][FFA94D][電力][-] 電動計時器繼電器
motionsensor,blocks,Resource,,,,[dddd07][-][eeee11][-][FFA94D][Electric][-] Motion Sensor,,[dddd07][-][eeee11][-][FFA94D][Elektro][-] Bewegungssensor,[dddd07][-][eeee11][-][FFA94D][Eléctrico][-] Sensor de movimiento,[dddd07][-][eeee11][-][FFA94D][Électrique][-] Détecteur de mouvement,[dddd07][-][eeee11][-][FFA94D][Elettrico][-] Sensore di movimento,[dddd07][-][eeee11][-][FFA94D][電気][-] 人感センサー,[dddd07][-][eeee11][-][FFA94D][전기][-] 모션 센서,[dddd07][-][eeee11][-][FFA94D][Elektryka][-] Czujnik ruchu,[dddd07][-][eeee11][-][FFA94D][Elétrico][-] Sensor de movimento,[dddd07][-][eeee11][-][FFA94D][Электрика][-] Датчик движения,[dddd07][-][eeee11][-][FFA94D][Elektrik][-] Hareket Sensörü,[dddd07][-][eeee11][-][FFA94D][电力][-] 运动传感器,[dddd07][-][eeee11][-][FFA94D][電力][-] 運動傳感器
pressureplate,blocks,Resource,,,,[dddd07][-][eeee12][-][FFA94D][Electric][-] Trigger Plate 1x1,,[dddd07][-][eeee12][-][FFA94D][Elektro][-] Druckplatte 1x1,[dddd07][-][eeee12][-][FFA94D][Eléctrico][-] Placa de activación 1x1,[dddd07][-][eeee12][-][FFA94D][Électrique][-] Plaque de déclencheur 1x1,[dddd07][-][eeee12][-][FFA94D][Elettrico][-] Piastra di innesco 1x1,[dddd07][-][eeee12][-][FFA94D][電気][-] トリガープレート 1x1,[dddd07][-][eeee12][-][FFA94D][전기][-] 트리거 발판 1x1,[dddd07][-][eeee12][-][FFA94D][Elektryka][-] Płyta aktywująca 1x1,[dddd07][-][eeee12][-][FFA94D][Elétrico][-] Placa de acionamento 1x1,[dddd07][-][eeee12][-][FFA94D][Электрика][-] Спусковая плита 1х1,[dddd07][-][eeee12][-][FFA94D][Elektrik][-] Tetikleyici Plaka 1x1,[dddd07][-][eeee12][-][FFA94D][电力][-] 触发器 1x1,[dddd07][-][eeee12][-][FFA94D][電力][-] 觸發板 1x1
pressureplateLong,blocks,Resource,,,,[dddd07][-][eeee13][-][FFA94D][Electric][-] Trigger Plate 1x5,,[dddd07][-][eeee13][-][FFA94D][Elektro][-] Druckplatte 1x5,[dddd07][-][eeee13][-][FFA94D][Eléctrico][-] Placa de activación 1x5,[dddd07][-][eeee13][-][FFA94D][Électrique][-] Plaque de déclencheur 1x5,[dddd07][-][eeee13][-][FFA94D][Elettrico][-] Piastra di innesco 1x5,[dddd07][-][eeee13][-][FFA94D][電気][-] トリガープレート 1x5,[dddd07][-][eeee13][-][FFA94D][전기][-] 트리거 발판 1x5,[dddd07][-][eeee13][-][FFA94D][Elektryka][-] Płyta aktywująca 1x5,[dddd07][-][eeee13][-][FFA94D][Elétrico][-] Placa de acionamento 1x5,[dddd07][-][eeee13][-][FFA94D][Электрика][-] Спусковая плита 1х5,[dddd07][-][eeee13][-][FFA94D][Elektrik][-] Tetikleyici Plaka 1x5,[dddd07][-][eeee13][-][FFA94D][电力][-] 触发器 1x5,[dddd07][-][eeee13][-][FFA94D][電力][-] 觸發板 1x5
tripwirepost,blocks,Resource,,,,[dddd07][-][eeee14][-][FFA94D][Electric][-] Tripwire Post,,[dddd07][-][eeee14][-][FFA94D][Elektro][-] Stolperdrahtpfosten,[dddd07][-][eeee14][-][FFA94D][Eléctrico][-] Poste de cable de activación,[dddd07][-][eeee14][-][FFA94D][Électrique][-] Poteau de fil de détente,[dddd07][-][eeee14][-][FFA94D][Elettrico][-] Palo con cavi di innesco,[dddd07][-][eeee14][-][FFA94D][電気][-] トリップワイヤーポスト,[dddd07][-][eeee14][-][FFA94D][전기][-] 와이어 함정 구역,[dddd07][-][eeee14][-][FFA94D][Elektryka][-] Słupek potykacza,[dddd07][-][eeee14][-][FFA94D][Elétrico][-] Poste de fio disparo,[dddd07][-][eeee14][-][FFA94D][Электрика][-] Часть растяжки,[dddd07][-][eeee14][-][FFA94D][Elektrik][-] Tuzak Teli Kazığı,[dddd07][-][eeee14][-][FFA94D][电力][-] 引爆线桩,[dddd07][-][eeee14][-][FFA94D][電力][-] 絆網桿
speaker,blocks,Resource,,,,[dddd07][-][eeee15][-][FFA94D][Electric][-] Speaker,,[dddd07][-][eeee15][-][FFA94D][Elektro][-] Lautsprecher,[dddd07][-][eeee15][-][FFA94D][Eléctrico][-] Altavoz,[dddd07][-][eeee15][-][FFA94D][Électrique][-] Haut-parleur,[dddd07][-][eeee15][-][FFA94D][Elettrico][-] Altoparlante,[dddd07][-][eeee15][-][FFA94D][電気][-] スピーカー,[dddd07][-][eeee15][-][FFA94D][전기][-] 스피커,[dddd07][-][eeee15][-][FFA94D][Elektryka][-] Głośnik,[dddd07][-][eeee15][-][FFA94D][Elétrico][-] Alto-falante,[dddd07][-][eeee15][-][FFA94D][Электрика][-] Репродуктор,[dddd07][-][eeee15][-][FFA94D][Elektrik][-] Hoparlör,[dddd07][-][eeee15][-][FFA94D][电力][-] 扬声器,[dddd07][-][eeee15][-][FFA94D][電力][-] 揚聲器
electricfencepost,blocks,Resource,,,,[dddd07][-][eeee16][-][FFA94D][Electric][-] Electric Fence Post,,[dddd07][-][eeee16][-][FFA94D][Elektro][-] Elektrozaunpfosten,[dddd07][-][eeee16][-][FFA94D][Eléctrico][-] Poste de valla eléctrica,[dddd07][-][eeee16][-][FFA94D][Électrique][-] Poteau de clôture électrique,[dddd07][-][eeee16][-][FFA94D][Elettrico][-] Palo elettrico per recinzione,[dddd07][-][eeee16][-][FFA94D][電気][-] 電流フェンスポスト,[dddd07][-][eeee16][-][FFA94D][전기][-] 전기 울타리 구역,[dddd07][-][eeee16][-][FFA94D][Elektryka][-] Słupek elektrycznego pastucha,[dddd07][-][eeee16][-][FFA94D][Elétrico][-] Poste de cerca elétrica,[dddd07][-][eeee16][-][FFA94D][Электрика][-] Часть электрического забора,[dddd07][-][eeee16][-][FFA94D][Elektrik][-] Elektrikli Çit Kazığı,[dddd07][-][eeee16][-][FFA94D][电力][-] 电围栏柱,[dddd07][-][eeee16][-][FFA94D][電力][-] 電欄柱
dartTrap,blocks,Resource,,,,[dddd07][-][eeee17][-][FFA94D][Electric][-] Dart Trap,,[dddd07][-][eeee17][-][FFA94D][Elektro][-] Dart-Falle,[dddd07][-][eeee17][-][FFA94D][Eléctrico][-] Trampa de dardos,[dddd07][-][eeee17][-][FFA94D][Électrique][-] Piège à fléchettes,[dddd07][-][eeee17][-][FFA94D][Elettrico][-] Trappola con dardi,[dddd07][-][eeee17][-][FFA94D][電気][-] ダーツトラップ,[dddd07][-][eeee17][-][FFA94D][전기][-] 다트 트랩,[dddd07][-][eeee17][-][FFA94D][Elektryka][-] Pułapka z rzutkami,[dddd07][-][eeee17][-][FFA94D][Elétrico][-] Armadilha de dardos,[dddd07][-][eeee17][-][FFA94D][Электрика][-] Ловушка с дротиками,[dddd07][-][eeee17][-][FFA94D][Elektrik][-] Oklu Tuzak,[dddd07][-][eeee17][-][FFA94D][电力][-] 飞镖陷阱,[dddd07][-][eeee17][-][FFA94D][電力][-] 毒鏢陷阱
bladeTrap,blocks,Resource,,,,[dddd07][-][eeee18][-][FFA94D][Electric][-] Blade Trap,,[dddd07][-][eeee18][-][FFA94D][Elektro][-] Klingenfalle,[dddd07][-][eeee18][-][FFA94D][Eléctrico][-] Trampa de hojas,[dddd07][-][eeee18][-][FFA94D][Électrique][-] Piège à lame,[dddd07][-][eeee18][-][FFA94D][Elettrico][-] Trappola con lame,[dddd07][-][eeee18][-][FFA94D][電気][-] ブレードトラップ,[dddd07][-][eeee18][-][FFA94D][전기][-] 칼날 트랩,[dddd07][-][eeee18][-][FFA94D][Elektryka][-] Pułapka z ostrzem,[dddd07][-][eeee18][-][FFA94D][Elétrico][-] Armadilha de lâmina,[dddd07][-][eeee18][-][FFA94D][Электрика][-] Ловушка с клинками,[dddd07][-][eeee18][-][FFA94D][Elektrik][-] Bıçaklı Tuzak,[dddd07][-][eeee18][-][FFA94D][电力][-] 刀片陷阱,[dddd07][-][eeee18][-][FFA94D][電力][-] 刀片陷阱
autoTurret,blocks,Resource,,,,[dddd07][-][eeee19][-][FFA94D][Electric][-] SMG Auto Turret,,[dddd07][-][eeee19][-][FFA94D][Elektro][-] Automatischer Maschinenpistolengeschützturm,[dddd07][-][eeee19][-][FFA94D][Eléctrico][-] Torreta automática de metralleta,[dddd07][-][eeee19][-][FFA94D][Électrique][-] Tourelle à mitraillette automatique,[dddd07][-][eeee19][-][FFA94D][Elettrico][-] Torretta automatica per mitra,[dddd07][-][eeee19][-][FFA94D][電気][-] SMG自動砲台,[dddd07][-][eeee19][-][FFA94D][전기][-] SMG 자동 터렛,[dddd07][-][eeee19][-][FFA94D][Elektryka][-] Wieżyczka automatyczna z pistoletem maszynowym,[dddd07][-][eeee19][-][FFA94D][Elétrico][-] Torreta automática de submetralhadora,[dddd07][-][eeee19][-][FFA94D][Электрика][-] Автоматическая турель-ПП,[dddd07][-][eeee19][-][FFA94D][Elektrik][-] Otomatik Hafif Makineli Tüfek Tareti,[dddd07][-][eeee19][-][FFA94D][电力][-] SMG自动炮塔,[dddd07][-][eeee19][-][FFA94D][電力][-] 衝鋒槍自動炮臺
shotgunTurret,blocks,Resource,,,,[dddd07][-][eeee20][-][FFA94D][Electric][-] Shotgun Auto Turret,,[dddd07][-][eeee20][-][FFA94D][Elektro][-] Automatischer Schrotflintengeschützturm,[dddd07][-][eeee20][-][FFA94D][Eléctrico][-] Torreta automática de escopeta,[dddd07][-][eeee20][-][FFA94D][Électrique][-] Tourelle à fusil à pompe automatique,[dddd07][-][eeee20][-][FFA94D][Elettrico][-] Torretta automatica per fucile,[dddd07][-][eeee20][-][FFA94D][電気][-] ショットガン自動砲台,[dddd07][-][eeee20][-][FFA94D][전기][-] 산탄총 자동 터렛,[dddd07][-][eeee20][-][FFA94D][Elektryka][-] Wieżyczka automatyczna ze strzelbą,[dddd07][-][eeee20][-][FFA94D][Elétrico][-] Torreta automática de espingarda,[dddd07][-][eeee20][-][FFA94D][Электрика][-] Автоматическая турель-дробовик,[dddd07][-][eeee20][-][FFA94D][Elektrik][-] Otomatik Av Tüfeği Tareti,[dddd07][-][eeee20][-][FFA94D][电力][-] 霰弹枪自动炮塔,[dddd07][-][eeee20][-][FFA94D][電力][-] 散彈獵槍自動炮臺
m60Turret,blocks,Resource,,,,[dddd07][-][eeee21][-][FFA94D][Electric][-] M60 Auto Turret,,[dddd07][-][eeee21][-][FFA94D][Elektro][-] Automatischer M60-Geschützturm,[dddd07][-][eeee21][-][FFA94D][Eléctrico][-] Torreta automática de M60,[dddd07][-][eeee21][-][FFA94D][Électrique][-] Tourelle M60 automatique,[dddd07][-][eeee21][-][FFA94D][Elettrico][-] Torretta automatica M60,[dddd07][-][eeee21][-][FFA94D][電気][-] M60自動砲台,[dddd07][-][eeee21][-][FFA94D][전기][-] M60 자동 터렛,[dddd07][-][eeee21][-][FFA94D][Elektryka][-] Wieżyczka automatyczna M60,[dddd07][-][eeee21][-][FFA94D][Elétrico][-] Torreta automática de M60,[dddd07][-][eeee21][-][FFA94D][Электрика][-] Автоматическая турель М60,[dddd07][-][eeee21][-][FFA94D][Elektrik][-] M60 Otomatik Tareti,[dddd07][-][eeee21][-][FFA94D][电力][-] M60 自动炮塔,[dddd07][-][eeee21][-][FFA94D][電力][-] M60 自動炮塔
resourceAcid,items,Resource,,,,[dddd06][-][eeee02][-][FFA94D][Vehicle][-] Acid,,[dddd06][-][eeee02][-][FFA94D][Fahrzeug][-] Flasche mit Säure,[dddd06][-][eeee02][-][FFA94D][Vehículo][-] Botella de ácido,[dddd06][-][eeee02][-][FFA94D][Véhicule][-] Bouteille d'acide,[dddd06][-][eeee02][-][FFA94D][Veicolo][-] Bottiglia di acido,[dddd06][-][eeee02][-][FFA94D][車両][-] 酸入りボトル,[dddd06][-][eeee02][-][FFA94D][차량][-] 산성용액 병,[dddd06][-][eeee02][-][FFA94D][Pojazd][-] Butelka kwasu,[dddd06][-][eeee02][-][FFA94D][Veículo][-] Garrafa de ácido,[dddd06][-][eeee02][-][FFA94D][Транспорт][-] Бутылка кислоты,[dddd06][-][eeee02][-][FFA94D][Araç][-] Asit Şişesi,[dddd06][-][eeee02][-][FFA94D][载具][-] 一瓶酸液,[dddd06][-][eeee02][-][FFA94D][載具][-] 酸液瓶
resourceBeeswax,items,Station-A,,,,[FFA94D][Station][-][dddd04][-][eeee00][-] Beeswax [DECEA3](Apiary)[-],,[FFA94D][Station][-][dddd04][-][eeee00][-] Bienenwachs [DECEA3](Bienenhaus)[-],[FFA94D][Estación][-][dddd04][-][eeee00][-] Cera de abeja [DECEA3](Colmenar)[-],[FFA94D][Station][-][dddd04][-][eeee00][-] Cire d'abeille [DECEA3](Rucher)[-],[FFA94D][Stazione][-][dddd04][-][eeee00][-] Cera d'api [DECEA3](Apiario)[-],[FFA94D][装置][-][dddd04][-][eeee00][-] 蜜蝋 [DECEA3](養蜂箱)[-],[FFA94D][작업대][-][dddd04][-][eeee00][-] 밀랍 [DECEA3](양봉장)[-],[FFA94D][Stacja][-][dddd04][-][eeee00][-] Wosk pszczeli [DECEA3](Pasieka)[-],[FFA94D][Estação][-][dddd04][-][eeee00][-] Cera de Abelha [DECEA3](Apiário)[-],[FFA94D][Станция][-][dddd04][-][eeee00][-] Пчелиный воск [DECEA3](Пасека)[-],[FFA94D][İstasyon][-][dddd04][-][eeee00][-] Bal Mumu [DECEA3](Kovanlık)[-],[FFA94D][设施][-][dddd04][-][eeee00][-] 蜂蜡 [DECEA3](蜂房)[-],[FFA94D][設施][-][dddd04][-][eeee00][-] 蜂蠟 [DECEA3](養蜂箱)[-]
resourceBone,items,Resource,,,,[dddd04][-][eeee04][-][FFA94D][Resource][-] Bone,,[dddd04][-][eeee04][-][FFA94D][Ressource][-] Knochen,[dddd04][-][eeee04][-][FFA94D][Recurso][-] Hueso,[dddd04][-][eeee04][-][FFA94D][Ressource][-] Os,[dddd04][-][eeee04][-][FFA94D][Risorsa][-] Osso,[dddd04][-][eeee04][-][FFA94D][資源][-] 骨,[dddd04][-][eeee04][-][FFA94D][자원][-] 뼈,[dddd04][-][eeee04][-][FFA94D][Zasób][-] Kość,[dddd04][-][eeee04][-][FFA94D][Recurso][-] Osso,[dddd04][-][eeee04][-][FFA94D][Ресурс][-] Кость,[dddd04][-][eeee04][-][FFA94D][Kaynak][-] Kemik,[dddd04][-][eeee04][-][FFA94D][资源][-] 骨头,[dddd04][-][eeee04][-][FFA94D][資源][-] 骨頭
resourceBrokenGlass,items,Resource,,,,[dddd08][-][eeee05][-][FFA94D][Smelt][-] Broken Glass,,[dddd08][-][eeee05][-][FFA94D][Schmelz][-] Zerbrochenes Glas,[dddd08][-][eeee05][-][FFA94D][Fundición][-] Cristal roto,[dddd08][-][eeee05][-][FFA94D][Fonte][-] Débris de verre,[dddd08][-][eeee05][-][FFA94D][Fusione][-] Vetro rotto,[dddd08][-][eeee05][-][FFA94D][精錬][-] 壊れたガラス,[dddd08][-][eeee05][-][FFA94D][제련][-] 깨진 유리,[dddd08][-][eeee05][-][FFA94D][Wytop][-] Stłuczone szkło,[dddd08][-][eeee05][-][FFA94D][Fundição][-] Vidro quebrado,[dddd08][-][eeee05][-][FFA94D][Плавка][-] Осколки стекла,[dddd08][-][eeee05][-][FFA94D][Eritme][-] Kırık Cam,[dddd08][-][eeee05][-][FFA94D][熔炼][-] 碎玻璃,[dddd08][-][eeee05][-][FFA94D][熔煉][-] 碎玻璃
resourceCandleStick,items,Resource,,,,[dddd08][-][eeee01][-][FFA94D][Smelt][-] Brass Candlestick,,[dddd08][-][eeee01][-][FFA94D][Schmelz][-] Kerzenhalter aus Messing,[dddd08][-][eeee01][-][FFA94D][Fundición][-] Candelabro de latón,[dddd08][-][eeee01][-][FFA94D][Fonte][-] Bougeoir en laiton,[dddd08][-][eeee01][-][FFA94D][Fusione][-] Candeliere in ottone,[dddd08][-][eeee01][-][FFA94D][精錬][-] 真鍮製キャンドル立て,[dddd08][-][eeee01][-][FFA94D][제련][-] 놋쇠 촛대,[dddd08][-][eeee01][-][FFA94D][Wytop][-] Mosiężny świecznik,[dddd08][-][eeee01][-][FFA94D][Fundição][-] Candelabro de bronze,[dddd08][-][eeee01][-][FFA94D][Плавка][-] Латунный подсвечник,[dddd08][-][eeee01][-][FFA94D][Eritme][-] Pirinç Şamdan,[dddd08][-][eeee01][-][FFA94D][熔炼][-] 黄铜烛台,[dddd08][-][eeee01][-][FFA94D][熔煉][-] 黃銅燭臺
resourceCement,items,Resource,,,,[dddd02][-][eeee04][-][FFA94D][Ore][-] Cement,,[dddd02][-][eeee04][-][FFA94D][Erz][-] Zement,[dddd02][-][eeee04][-][FFA94D][Mineral][-] Cemento,[dddd02][-][eeee04][-][FFA94D][Minerai][-] Ciment,[dddd02][-][eeee04][-][FFA94D][Minerale][-] Cemento,[dddd02][-][eeee04][-][FFA94D][鉱石][-] セメント,[dddd02][-][eeee04][-][FFA94D][광석][-] 시멘트,[dddd02][-][eeee04][-][FFA94D][Ruda][-] Cement,[dddd02][-][eeee04][-][FFA94D][Minério][-] Cimento,[dddd02][-][eeee04][-][FFA94D][Руда][-] Цемент,[dddd02][-][eeee04][-][FFA94D][Cevher][-] Çimento,[dddd02][-][eeee04][-][FFA94D][矿石][-] 水泥,[dddd02][-][eeee04][-][FFA94D][礦石][-] 水泥
resourceChickenFeed,items,Station-H,,,,[FFA94D][Station][-][dddd05][-][eeee00][-] Chicken Feed [DECEA3](Chicken Coop)[-],,[FFA94D][Station][-][dddd05][-][eeee00][-] Hühnerfutter [DECEA3](Hühnerstall)[-],[FFA94D][Estación][-][dddd05][-][eeee00][-] Alimento para pollos [DECEA3](Gallinero)[-],[FFA94D][Station][-][dddd05][-][eeee00][-] Nourriture pour poulet [DECEA3](Poulailler)[-],[FFA94D][Stazione][-][dddd05][-][eeee00][-] Mangime per polli [DECEA3](Pollaio)[-],[FFA94D][装置][-][dddd05][-][eeee00][-] ニワトリ用飼料 [DECEA3](ニワトリ小屋)[-],[FFA94D][작업대][-][dddd05][-][eeee00][-] 닭 사료 [DECEA3](닭장)[-],[FFA94D][Stacja][-][dddd05][-][eeee00][-] Karma dla kurczaków [DECEA3](Kurnik)[-],[FFA94D][Estação][-][dddd05][-][eeee00][-] Ração de Galinha [DECEA3](Galinheiro)[-],[FFA94D][Станция][-][dddd05][-][eeee00][-] Корм для кур [DECEA3](Курятник)[-],[FFA94D][İstasyon][-][dddd05][-][eeee00][-] Tavuk Yemi [DECEA3](Tavuk Kümesi)[-],[FFA94D][设施][-][dddd05][-][eeee00][-] 鸡饲料 [DECEA3](鸡舍)[-],[FFA94D][設施][-][dddd05][-][eeee00][-] 雞飼料 [DECEA3](雞舍)[-]
resourceClayLump,items,Resource,,,,[dddd02][-][eeee01][-][FFA94D][Ore][-] Clay Soil,,[dddd02][-][eeee01][-][FFA94D][Erz][-] Lehmboden,[dddd02][-][eeee01][-][FFA94D][Mineral][-] Terreno de arcilla,[dddd02][-][eeee01][-][FFA94D][Minerai][-] Sol en argile,[dddd02][-][eeee01][-][FFA94D][Minerale][-] Argilla,[dddd02][-][eeee01][-][FFA94D][鉱石][-] 粘土,[dddd02][-][eeee01][-][FFA94D][광석][-] 식토,[dddd02][-][eeee01][-][FFA94D][Ruda][-] Gleba gliniasta,[dddd02][-][eeee01][-][FFA94D][Minério][-] Solo argiloso,[dddd02][-][eeee01][-][FFA94D][Руда][-] Глинистый грунт,[dddd02][-][eeee01][-][FFA94D][Cevher][-] Killi Toprak,[dddd02][-][eeee01][-][FFA94D][矿石][-] 粘土,[dddd02][-][eeee01][-][FFA94D][礦石][-] 黏土
resourceCloth,items,Resource,,,,[dddd04][-][eeee02][-][FFA94D][Resource][-] Cloth Fragment,,[dddd04][-][eeee02][-][FFA94D][Ressource][-] Stofffetzen,[dddd04][-][eeee02][-][FFA94D][Recurso][-] Trozo de tela,[dddd04][-][eeee02][-][FFA94D][Ressource][-] Morceau de tissu,[dddd04][-][eeee02][-][FFA94D][Risorsa][-] Pezzo di stoffa,[dddd04][-][eeee02][-][FFA94D][資源][-] 端切れ,[dddd04][-][eeee02][-][FFA94D][자원][-] 천 조각,[dddd04][-][eeee02][-][FFA94D][Zasób][-] Kawałek tkaniny,[dddd04][-][eeee02][-][FFA94D][Recurso][-] Fragmento de tecido,[dddd04][-][eeee02][-][FFA94D][Ресурс][-] Кусок ткани,[dddd04][-][eeee02][-][FFA94D][Kaynak][-] Kumaş Parçası,[dddd04][-][eeee02][-][FFA94D][资源][-] 碎布,[dddd04][-][eeee02][-][FFA94D][資源][-] 碎布
resourceCoal,items,Resource,,,,[dddd02][-][eeee09][-][FFA94D][Ore][-] Coal,,[dddd02][-][eeee09][-][FFA94D][Erz][-] Kohle,[dddd02][-][eeee09][-][FFA94D][Mineral][-] Carbón,[dddd02][-][eeee09][-][FFA94D][Minerai][-] Charbon,[dddd02][-][eeee09][-][FFA94D][Minerale][-] Carbone,[dddd02][-][eeee09][-][FFA94D][鉱石][-] 石炭,[dddd02][-][eeee09][-][FFA94D][광석][-] 석탄,[dddd02][-][eeee09][-][FFA94D][Ruda][-] Węgiel,[dddd02][-][eeee09][-][FFA94D][Minério][-] Carvão,[dddd02][-][eeee09][-][FFA94D][Руда][-] Уголь,[dddd02][-][eeee09][-][FFA94D][Cevher][-] Kömür,[dddd02][-][eeee09][-][FFA94D][矿石][-] 煤炭,[dddd02][-][eeee09][-][FFA94D][礦石][-] 煤炭
resourceCobblestones,items,Resource,,,,[dddd01][-][eeee02][-][FFA94D][Build][-] Cobblestone Rocks,,[dddd01][-][eeee02][-][FFA94D][Bau][-] Pflastersteine,[dddd01][-][eeee02][-][FFA94D][Construcción][-] Adoquines,[dddd01][-][eeee02][-][FFA94D][Construction][-] Pierres à pavés,[dddd01][-][eeee02][-][FFA94D][Costruzione][-] Pietre,[dddd01][-][eeee02][-][FFA94D][建築][-] 玉石岩,[dddd01][-][eeee02][-][FFA94D][건축][-] 조약돌 암석,[dddd01][-][eeee02][-][FFA94D][Budowa][-] Bruk (kamienie),[dddd01][-][eeee02][-][FFA94D][Construção][-] Pedras portuguesas,[dddd01][-][eeee02][-][FFA94D][Строй][-] Булыжники,[dddd01][-][eeee02][-][FFA94D][Yapı][-] Kaldırım Taşı Kayaları,[dddd01][-][eeee02][-][FFA94D][建造][-] 鹅卵石,[dddd01][-][eeee02][-][FFA94D][建造][-] 鵝卵石
resourceConcreteMix,items,Resource,,,,[dddd01][-][eeee03][-][FFA94D][Build][-] Concrete Mix,,[dddd01][-][eeee03][-][FFA94D][Bau][-] Betonmischung,[dddd01][-][eeee03][-][FFA94D][Construcción][-] Mezcla de hormigón,[dddd01][-][eeee03][-][FFA94D][Construction][-] Mélange à béton,[dddd01][-][eeee03][-][FFA94D][Costruzione][-] Miscela di calcestruzzo,[dddd01][-][eeee03][-][FFA94D][建築][-] コンクリートミックス,[dddd01][-][eeee03][-][FFA94D][건축][-] 콘크리트 혼합물,[dddd01][-][eeee03][-][FFA94D][Budowa][-] Mieszanka betonowa,[dddd01][-][eeee03][-][FFA94D][Construção][-] Cimento,[dddd01][-][eeee03][-][FFA94D][Строй][-] Бетон,[dddd01][-][eeee03][-][FFA94D][Yapı][-] Beton Karışımı,[dddd01][-][eeee03][-][FFA94D][建造][-] 混凝土混合料,[dddd01][-][eeee03][-][FFA94D][建造][-] 混凝土混合物
resourceCrushedSand,items,Resource,,,,[dddd02][-][eeee03][-][FFA94D][Ore][-] Crushed Sand,,[dddd02][-][eeee03][-][FFA94D][Erz][-] Bruchsand,[dddd02][-][eeee03][-][FFA94D][Mineral][-] Arena fina,[dddd02][-][eeee03][-][FFA94D][Minerai][-] Sable de concassage,[dddd02][-][eeee03][-][FFA94D][Minerale][-] Sabbia,[dddd02][-][eeee03][-][FFA94D][鉱石][-] 砂,[dddd02][-][eeee03][-][FFA94D][광석][-] 부순 모래,[dddd02][-][eeee03][-][FFA94D][Ruda][-] Zmiażdżony piaskowiec,[dddd02][-][eeee03][-][FFA94D][Minério][-] Areia triturada,[dddd02][-][eeee03][-][FFA94D][Руда][-] Дробленый песок,[dddd02][-][eeee03][-][FFA94D][Cevher][-] Ufalanmış Kum,[dddd02][-][eeee03][-][FFA94D][矿石][-] 碎石砂,[dddd02][-][eeee03][-][FFA94D][礦石][-] 碎砂
resourceDoorKnob,items,Resource,,,,[dddd08][-][eeee02][-][FFA94D][Smelt][-] Brass Door Knob,,[dddd08][-][eeee02][-][FFA94D][Schmelz][-] Messingtürgriff,[dddd08][-][eeee02][-][FFA94D][Fundición][-] Pomo de latón,[dddd08][-][eeee02][-][FFA94D][Fonte][-] Poignée de porte en laiton,[dddd08][-][eeee02][-][FFA94D][Fusione][-] Pomello in ottone,[dddd08][-][eeee02][-][FFA94D][精錬][-] 真鍮製ドアノブ,[dddd08][-][eeee02][-][FFA94D][제련][-] 놋쇠 문고리,[dddd08][-][eeee02][-][FFA94D][Wytop][-] Mosiężna gałka do drzwi,[dddd08][-][eeee02][-][FFA94D][Fundição][-] Maçaneta de latão,[dddd08][-][eeee02][-][FFA94D][Плавка][-] Латунная дверная ручка,[dddd08][-][eeee02][-][FFA94D][Eritme][-] Pirinç Kapı Kulpu,[dddd08][-][eeee02][-][FFA94D][熔炼][-] 黄铜门把手,[dddd08][-][eeee02][-][FFA94D][熔煉][-] 黃銅門把手
resourceDuctTape,items,Resource,,,,[dddd04][-][eeee06][-][FFA94D][Resource][-] Duct Tape,,[dddd04][-][eeee06][-][FFA94D][Ressource][-] Klebeband,[dddd04][-][eeee06][-][FFA94D][Recurso][-] Cinta de embalar,[dddd04][-][eeee06][-][FFA94D][Ressource][-] Ruban adhésif en toile,[dddd04][-][eeee06][-][FFA94D][Risorsa][-] Nastro adesivo,[dddd04][-][eeee06][-][FFA94D][資源][-] ダクトテープ,[dddd04][-][eeee06][-][FFA94D][자원][-] 접착테이프,[dddd04][-][eeee06][-][FFA94D][Zasób][-] Taśma hydrauliczna,[dddd04][-][eeee06][-][FFA94D][Recurso][-] Fita adesiva,[dddd04][-][eeee06][-][FFA94D][Ресурс][-] Клейкая лента,[dddd04][-][eeee06][-][FFA94D][Kaynak][-] Bant,[dddd04][-][eeee06][-][FFA94D][资源][-] 胶带,[dddd04][-][eeee06][-][FFA94D][資源][-] 膠帶
resourceFishingWeight,items,Resource,,,,[dddd08][-][eeee08][-][FFA94D][Smelt][-] Lead Fishing Weight,,[dddd08][-][eeee08][-][FFA94D][Schmelz][-] Angelblei,[dddd08][-][eeee08][-][FFA94D][Fundición][-] Pesas de pesca de plomo,[dddd08][-][eeee08][-][FFA94D][Fonte][-] Plomb de pêche,[dddd08][-][eeee08][-][FFA94D][Fusione][-] Piombino,[dddd08][-][eeee08][-][FFA94D][精錬][-] 鉛の釣り用おもり,[dddd08][-][eeee08][-][FFA94D][제련][-] 납 낚시 추,[dddd08][-][eeee08][-][FFA94D][Wytop][-] Ołowiany ciężarek wędkarski,[dddd08][-][eeee08][-][FFA94D][Fundição][-] Peso de pesca de chumbo,[dddd08][-][eeee08][-][FFA94D][Плавка][-] Свинцовое грузило,[dddd08][-][eeee08][-][FFA94D][Eritme][-] Olta Kurşunu,[dddd08][-][eeee08][-][FFA94D][熔炼][-] 铅锤,[dddd08][-][eeee08][-][FFA94D][熔煉][-] 鉛製釣魚綫墜
resourceForgedIron,items,Resource,,,,[dddd01][-][eeee04][-][FFA94D][Build][-] Forged Iron,,[dddd01][-][eeee04][-][FFA94D][Bau][-] Geschmiedetes Eisen,[dddd01][-][eeee04][-][FFA94D][Construcción][-] Hierro forjado,[dddd01][-][eeee04][-][FFA94D][Construction][-] Fer forgé,[dddd01][-][eeee04][-][FFA94D][Costruzione][-] Lingotto di ferro,[dddd01][-][eeee04][-][FFA94D][建築][-] 錬鉄,[dddd01][-][eeee04][-][FFA94D][건축][-] 단조철,[dddd01][-][eeee04][-][FFA94D][Budowa][-] Kute żelazo,[dddd01][-][eeee04][-][FFA94D][Construção][-] Ferro fundido,[dddd01][-][eeee04][-][FFA94D][Строй][-] Слиток железа,[dddd01][-][eeee04][-][FFA94D][Yapı][-] Dövme Demir,[dddd01][-][eeee04][-][FFA94D][建造][-] 锻铁,[dddd01][-][eeee04][-][FFA94D][建造][-] 鍛鐵
resourceForgedSteel,items,Resource,,,,[dddd01][-][eeee05][-][FFA94D][Build][-] Forged Steel,,[dddd01][-][eeee05][-][FFA94D][Bau][-] Geschmiedeter Stahl,[dddd01][-][eeee05][-][FFA94D][Construcción][-] Acero forjado,[dddd01][-][eeee05][-][FFA94D][Construction][-] Acier forgé,[dddd01][-][eeee05][-][FFA94D][Costruzione][-] Lingotto d'acciaio,[dddd01][-][eeee05][-][FFA94D][建築][-] 鍛鋼（たんこう）,[dddd01][-][eeee05][-][FFA94D][건축][-] 단조강,[dddd01][-][eeee05][-][FFA94D][Budowa][-] Kuta stal,[dddd01][-][eeee05][-][FFA94D][Construção][-] Aço fundido,[dddd01][-][eeee05][-][FFA94D][Строй][-] Слиток стали,[dddd01][-][eeee05][-][FFA94D][Yapı][-] Dövme Çelik,[dddd01][-][eeee05][-][FFA94D][建造][-] 锻钢,[dddd01][-][eeee05][-][FFA94D][建造][-] 鍛鋼
resourceGlue,items,Resource,,,,[dddd04][-][eeee05][-][FFA94D][Resource][-] Glue,,[dddd04][-][eeee05][-][FFA94D][Ressource][-] Kleber,[dddd04][-][eeee05][-][FFA94D][Recurso][-] Pegamento,[dddd04][-][eeee05][-][FFA94D][Ressource][-] Colle,[dddd04][-][eeee05][-][FFA94D][Risorsa][-] Colla,[dddd04][-][eeee05][-][FFA94D][資源][-] 粘着剤,[dddd04][-][eeee05][-][FFA94D][자원][-] 풀,[dddd04][-][eeee05][-][FFA94D][Zasób][-] Klej,[dddd04][-][eeee05][-][FFA94D][Recurso][-] Cola,[dddd04][-][eeee05][-][FFA94D][Ресурс][-] Клей,[dddd04][-][eeee05][-][FFA94D][Kaynak][-] Yapıştırıcı,[dddd04][-][eeee05][-][FFA94D][资源][-] 胶水,[dddd04][-][eeee05][-][FFA94D][資源][-] 膠水
resourceGoldNugget,items,Resource,,,,[dddd03][-][eeee02][-][FFA94D][Gem][-] Gold Nugget,,[dddd03][-][eeee02][-][FFA94D][Edelstein][-] Goldklumpen,[dddd03][-][eeee02][-][FFA94D][Gema][-] Pepita de oro,[dddd03][-][eeee02][-][FFA94D][Gemme][-] Pépite d'or,[dddd03][-][eeee02][-][FFA94D][Gemma][-] Pepita d'oro,[dddd03][-][eeee02][-][FFA94D][宝石][-] 金塊,[dddd03][-][eeee02][-][FFA94D][보석][-] 금 덩어리,[dddd03][-][eeee02][-][FFA94D][Klejnot][-] Bryłka złota,[dddd03][-][eeee02][-][FFA94D][Gema][-] Pepita de ouro,[dddd03][-][eeee02][-][FFA94D][Самоцвет][-] Золотой самородок,[dddd03][-][eeee02][-][FFA94D][Mücevher][-] Altın Külçesi,[dddd03][-][eeee02][-][FFA94D][宝石][-] 金块,[dddd03][-][eeee02][-][FFA94D][寶石][-] 金塊
resourceHeadlight,items,Resource,,,,[dddd06][-][eeee04][-][FFA94D][Vehicle][-] Headlight,,[dddd06][-][eeee04][-][FFA94D][Fahrzeug][-] Scheinwerfer,[dddd06][-][eeee04][-][FFA94D][Vehículo][-] Faro,[dddd06][-][eeee04][-][FFA94D][Véhicule][-] Phare,[dddd06][-][eeee04][-][FFA94D][Veicolo][-] Fanale,[dddd06][-][eeee04][-][FFA94D][車両][-] ヘッドライト,[dddd06][-][eeee04][-][FFA94D][차량][-] 헤드라이트,[dddd06][-][eeee04][-][FFA94D][Pojazd][-] Reflektor,[dddd06][-][eeee04][-][FFA94D][Veículo][-] Farol,[dddd06][-][eeee04][-][FFA94D][Транспорт][-] Фара,[dddd06][-][eeee04][-][FFA94D][Araç][-] Far,[dddd06][-][eeee04][-][FFA94D][载具][-] 前照灯,[dddd06][-][eeee04][-][FFA94D][載具][-] 前燈
resourceLeather,items,Resource,,,,[dddd04][-][eeee03][-][FFA94D][Resource][-] Leather,,[dddd04][-][eeee03][-][FFA94D][Ressource][-] Leder,[dddd04][-][eeee03][-][FFA94D][Recurso][-] Cuero,[dddd04][-][eeee03][-][FFA94D][Ressource][-] Cuir,[dddd04][-][eeee03][-][FFA94D][Risorsa][-] Pelle,[dddd04][-][eeee03][-][FFA94D][資源][-] 皮,[dddd04][-][eeee03][-][FFA94D][자원][-] 가죽,[dddd04][-][eeee03][-][FFA94D][Zasób][-] Skóra,[dddd04][-][eeee03][-][FFA94D][Recurso][-] Couro,[dddd04][-][eeee03][-][FFA94D][Ресурс][-] Кожа,[dddd04][-][eeee03][-][FFA94D][Kaynak][-] Deri,[dddd04][-][eeee03][-][FFA94D][资源][-] 皮革,[dddd04][-][eeee03][-][FFA94D][資源][-] 皮革
resourceLockPick,items,Tool,,,,[bbbb00][-][eeee02][-] Lockpick,,[bbbb00][-][eeee02][-] Dietrich,[bbbb00][-][eeee02][-] Ganzúa,[bbbb00][-][eeee02][-] Outil de crochetage,[bbbb00][-][eeee02][-] Grimaldello,[bbbb00][-][eeee02][-] ロックピック,[bbbb00][-][eeee02][-] 자물쇠 따개,[bbbb00][-][eeee02][-] Wytrych,[bbbb00][-][eeee02][-] Gazua,[bbbb00][-][eeee02][-] Отмычка,[bbbb00][-][eeee02][-] Maymuncuk,[bbbb00][-][eeee02][-] 撬锁工具,[bbbb00][-][eeee02][-] 撬鎖工具
resourceMetalPipe,items,Resource,,,,[dddd04][-][eeee09][-][FFA94D][Resource][-] Short Iron Pipe,,[dddd04][-][eeee09][-][FFA94D][Ressource][-] Kurzes Eisenrohr,[dddd04][-][eeee09][-][FFA94D][Recurso][-] Tubería de hierro corta,[dddd04][-][eeee09][-][FFA94D][Ressource][-] Petit tuyau en fer,[dddd04][-][eeee09][-][FFA94D][Risorsa][-] Tubo di ferro corto,[dddd04][-][eeee09][-][FFA94D][資源][-] 鉄パイプ（ショート）,[dddd04][-][eeee09][-][FFA94D][자원][-] 짧은 철관,[dddd04][-][eeee09][-][FFA94D][Zasób][-] Krótka żelazna rura,[dddd04][-][eeee09][-][FFA94D][Recurso][-] Cano de ferro pequeno,[dddd04][-][eeee09][-][FFA94D][Ресурс][-] Короткая железная труба,[dddd04][-][eeee09][-][FFA94D][Kaynak][-] Kısa Demir Boru,[dddd04][-][eeee09][-][FFA94D][资源][-] 短铁管,[dddd04][-][eeee09][-][FFA94D][資源][-] 短鐵管
resourceNail,items,Resource,,,,[dddd04][-][eeee10][-][FFA94D][Resource][-] Nails,,[dddd04][-][eeee10][-][FFA94D][Ressource][-] Nägel,[dddd04][-][eeee10][-][FFA94D][Recurso][-] Clavos,[dddd04][-][eeee10][-][FFA94D][Ressource][-] Clous,[dddd04][-][eeee10][-][FFA94D][Risorsa][-] Chiodi,[dddd04][-][eeee10][-][FFA94D][資源][-] 釘,[dddd04][-][eeee10][-][FFA94D][자원][-] 못,[dddd04][-][eeee10][-][FFA94D][Zasób][-] Gwoździe,[dddd04][-][eeee10][-][FFA94D][Recurso][-] Pregos,[dddd04][-][eeee10][-][FFA94D][Ресурс][-] Гвозди,[dddd04][-][eeee10][-][FFA94D][Kaynak][-] Çiviler,[dddd04][-][eeee10][-][FFA94D][资源][-] 钉子,[dddd04][-][eeee10][-][FFA94D][資源][-] 釘子
resourceOil,items,Resource,,,,[dddd06][-][eeee03][-][FFA94D][Vehicle][-] Oil,,[dddd06][-][eeee03][-][FFA94D][Fahrzeug][-] Öl,[dddd06][-][eeee03][-][FFA94D][Vehículo][-] Aceite,[dddd06][-][eeee03][-][FFA94D][Véhicule][-] Pétrole,[dddd06][-][eeee03][-][FFA94D][Veicolo][-] Petrolio,[dddd06][-][eeee03][-][FFA94D][車両][-] オイル,[dddd06][-][eeee03][-][FFA94D][차량][-] 기름,[dddd06][-][eeee03][-][FFA94D][Pojazd][-] Ropa,[dddd06][-][eeee03][-][FFA94D][Veículo][-] Óleo,[dddd06][-][eeee03][-][FFA94D][Транспорт][-] Машинное масло,[dddd06][-][eeee03][-][FFA94D][Araç][-] Yağ,[dddd06][-][eeee03][-][FFA94D][载具][-] 机油,[dddd06][-][eeee03][-][FFA94D][載具][-] 油
resourceOilShale,items,Resource,,,,[dddd02][-][eeee10][-][FFA94D][Ore][-] Oil Shale,,[dddd02][-][eeee10][-][FFA94D][Erz][-] Ölschiefer,[dddd02][-][eeee10][-][FFA94D][Mineral][-] Esquisto bituminoso,[dddd02][-][eeee10][-][FFA94D][Minerai][-] Schiste bitumineux,[dddd02][-][eeee10][-][FFA94D][Minerale][-] Scisto bituminoso,[dddd02][-][eeee10][-][FFA94D][鉱石][-] オイルシェール,[dddd02][-][eeee10][-][FFA94D][광석][-] 오일 셰일,[dddd02][-][eeee10][-][FFA94D][Ruda][-] Łupek bitumiczny,[dddd02][-][eeee10][-][FFA94D][Minério][-] Óleo de Xisto,[dddd02][-][eeee10][-][FFA94D][Руда][-] Горючий сланец,[dddd02][-][eeee10][-][FFA94D][Cevher][-] Petrol Kayası,[dddd02][-][eeee10][-][FFA94D][矿石][-] 油页岩,[dddd02][-][eeee10][-][FFA94D][礦石][-] 油頁岩
resourcePaint,items,Tool,,,,[bbbb00][-][eeee04][-] Paint,,[bbbb00][-][eeee04][-] Farbe,[bbbb00][-][eeee04][-] Pintura,[bbbb00][-][eeee04][-] Peinture,[bbbb00][-][eeee04][-] Vernice,[bbbb00][-][eeee04][-] ペンキ,[bbbb00][-][eeee04][-] 페인트,[bbbb00][-][eeee04][-] Farba,[bbbb00][-][eeee04][-] Tinta,[bbbb00][-][eeee04][-] Краска,[bbbb00][-][eeee04][-] Boya,[bbbb00][-][eeee04][-] 油漆,[bbbb00][-][eeee04][-] 顔料
resourcePotassiumNitratePowder,items,Resource,,,,[dddd02][-][eeee08][-][FFA94D][Ore][-] Nitrate Powder,,[dddd02][-][eeee08][-][FFA94D][Erz][-] Nitratpulver,[dddd02][-][eeee08][-][FFA94D][Mineral][-] Pólvora de nitrato,[dddd02][-][eeee08][-][FFA94D][Minerai][-] Poudre de nitrate,[dddd02][-][eeee08][-][FFA94D][Minerale][-] Salnitro,[dddd02][-][eeee08][-][FFA94D][鉱石][-] 硝石粉末,[dddd02][-][eeee08][-][FFA94D][광석][-] 질산염 분말,[dddd02][-][eeee08][-][FFA94D][Ruda][-] Azotan potasu w postaci sypkiej,[dddd02][-][eeee08][-][FFA94D][Minério][-] Nitrato de potássio,[dddd02][-][eeee08][-][FFA94D][Руда][-] Порошковая селитра,[dddd02][-][eeee08][-][FFA94D][Cevher][-] Nitrat Tozu,[dddd02][-][eeee08][-][FFA94D][矿石][-] 硝酸盐粉,[dddd02][-][eeee08][-][FFA94D][礦石][-] 硝酸鹽粉
resourceRadiator,items,Resource,,,,[dddd08][-][eeee03][-][FFA94D][Smelt][-] Brass Radiator,,[dddd08][-][eeee03][-][FFA94D][Schmelz][-] Messingheizkörper,[dddd08][-][eeee03][-][FFA94D][Fundición][-] Radiador de latón,[dddd08][-][eeee03][-][FFA94D][Fonte][-] Radiateur en laiton,[dddd08][-][eeee03][-][FFA94D][Fusione][-] Radiatore in ottone,[dddd08][-][eeee03][-][FFA94D][精錬][-] 真鍮製ラジエーター,[dddd08][-][eeee03][-][FFA94D][제련][-] 놋쇠 방열기,[dddd08][-][eeee03][-][FFA94D][Wytop][-] Mosiężny kaloryfer,[dddd08][-][eeee03][-][FFA94D][Fundição][-] Radiador de latão,[dddd08][-][eeee03][-][FFA94D][Плавка][-] Латунный радиатор,[dddd08][-][eeee03][-][FFA94D][Eritme][-] Pirinç Radyatör,[dddd08][-][eeee03][-][FFA94D][熔炼][-] 黄铜散热器,[dddd08][-][eeee03][-][FFA94D][熔煉][-] 黃銅散熱器
resourceRawDiamond,items,Resource,,,,[dddd03][-][eeee03][-][FFA94D][Gem][-] Raw Diamond,,[dddd03][-][eeee03][-][FFA94D][Edelstein][-] Roher Diamant,[dddd03][-][eeee03][-][FFA94D][Gema][-] Diamante en bruto,[dddd03][-][eeee03][-][FFA94D][Gemme][-] Diamant brut,[dddd03][-][eeee03][-][FFA94D][Gemma][-] Diamante grezzo,[dddd03][-][eeee03][-][FFA94D][宝石][-] ダイヤモンド原石,[dddd03][-][eeee03][-][FFA94D][보석][-] 비정제 다이아몬드,[dddd03][-][eeee03][-][FFA94D][Klejnot][-] Nieoszlifowany diament,[dddd03][-][eeee03][-][FFA94D][Gema][-] Diamante bruto,[dddd03][-][eeee03][-][FFA94D][Самоцвет][-] Неограненный алмаз,[dddd03][-][eeee03][-][FFA94D][Mücevher][-] Ham Elmas,[dddd03][-][eeee03][-][FFA94D][宝石][-] 钻石原石,[dddd03][-][eeee03][-][FFA94D][寶石][-] 未加工的鑽石
resourceRepairKit,items,Tool,,,,[bbbb00][-][eeee01][-] Repair Kit,,[bbbb00][-][eeee01][-] Reparaturkit,[bbbb00][-][eeee01][-] Kit de reparación,[bbbb00][-][eeee01][-] Kit de réparation,[bbbb00][-][eeee01][-] Cassetta degli attrezzi,[bbbb00][-][eeee01][-] 修理キット,[bbbb00][-][eeee01][-] 수리 키트,[bbbb00][-][eeee01][-] Zestaw naprawczy,[bbbb00][-][eeee01][-] Kit de reparos,[bbbb00][-][eeee01][-] Ремонтный набор,[bbbb00][-][eeee01][-] Onarım Kiti,[bbbb00][-][eeee01][-] 维修工具,[bbbb00][-][eeee01][-] 維修工具包
resourceRockSmall,items,Resource,,,,[dddd02][-][eeee02][-][FFA94D][Ore][-] Small Stone,,[dddd02][-][eeee02][-][FFA94D][Erz][-] Kleiner Stein,[dddd02][-][eeee02][-][FFA94D][Mineral][-] Piedra pequeña,[dddd02][-][eeee02][-][FFA94D][Minerai][-] Petite pierre,[dddd02][-][eeee02][-][FFA94D][Minerale][-] Sasso,[dddd02][-][eeee02][-][FFA94D][鉱石][-] 小石,[dddd02][-][eeee02][-][FFA94D][광석][-] 작은 돌,[dddd02][-][eeee02][-][FFA94D][Ruda][-] Mały kamyk,[dddd02][-][eeee02][-][FFA94D][Minério][-] Pedra pequena,[dddd02][-][eeee02][-][FFA94D][Руда][-] Маленький камень,[dddd02][-][eeee02][-][FFA94D][Cevher][-] Küçük Taş,[dddd02][-][eeee02][-][FFA94D][矿石][-] 小石子,[dddd02][-][eeee02][-][FFA94D][礦石][-] 小石頭
resourceScopeLens,item,Resource,,,,[dddd04][-][eeee14][-][FFA94D][Resource][-] Lens,,[dddd04][-][eeee14][-][FFA94D][Ressource][-] Linse,[dddd04][-][eeee14][-][FFA94D][Recurso][-] Lente de mira,[dddd04][-][eeee14][-][FFA94D][Ressource][-] Lentille,[dddd04][-][eeee14][-][FFA94D][Risorsa][-] Lente,[dddd04][-][eeee14][-][FFA94D][資源][-] レンズ,[dddd04][-][eeee14][-][FFA94D][자원][-] 렌즈,[dddd04][-][eeee14][-][FFA94D][Zasób][-] Soczewka,[dddd04][-][eeee14][-][FFA94D][Recurso][-] Lente,[dddd04][-][eeee14][-][FFA94D][Ресурс][-] Линза,[dddd04][-][eeee14][-][FFA94D][Kaynak][-] Mercek,[dddd04][-][eeee14][-][FFA94D][资源][-] 镜片,[dddd04][-][eeee14][-][FFA94D][資源][-] 鏡片
resourceScrapBrass,items,Resource,,,,[dddd02][-][eeee07][-][FFA94D][Ore][-] Brass,,[dddd02][-][eeee07][-][FFA94D][Erz][-] Messing,[dddd02][-][eeee07][-][FFA94D][Mineral][-] Latón,[dddd02][-][eeee07][-][FFA94D][Minerai][-] Laiton,[dddd02][-][eeee07][-][FFA94D][Minerale][-] Ottone,[dddd02][-][eeee07][-][FFA94D][鉱石][-] 真鍮,[dddd02][-][eeee07][-][FFA94D][광석][-] 놋쇠,[dddd02][-][eeee07][-][FFA94D][Ruda][-] Mosiądz,[dddd02][-][eeee07][-][FFA94D][Minério][-] Latão,[dddd02][-][eeee07][-][FFA94D][Руда][-] Латунь,[dddd02][-][eeee07][-][FFA94D][Cevher][-] Pirinç,[dddd02][-][eeee07][-][FFA94D][矿石][-] 黄铜,[dddd02][-][eeee07][-][FFA94D][礦石][-] 黃銅
resourceScrapBrassBundle,items,Bundle,,,,[dddd02][-][eeee07][-][FFA94D][Ore][-] Brass Bundle [DECEA3](6000)[-],,[dddd02][-][eeee07][-][FFA94D][Erz][-] Messing Bundle [DECEA3](6000)[-],[dddd02][-][eeee07][-][FFA94D][Mineral][-] Latón Bundle [DECEA3](6000)[-],[dddd02][-][eeee07][-][FFA94D][Minerai][-] Laiton Bundle [DECEA3](6000)[-],[dddd02][-][eeee07][-][FFA94D][Minerale][-] Ottone Bundle [DECEA3](6000)[-],[dddd02][-][eeee07][-][FFA94D][鉱石][-] 真鍮 Bundle [DECEA3](6000)[-],[dddd02][-][eeee07][-][FFA94D][광석][-] 놋쇠 Bundle [DECEA3](6000)[-],[dddd02][-][eeee07][-][FFA94D][Ruda][-] Mosiądz Bundle [DECEA3](6000)[-],[dddd02][-][eeee07][-][FFA94D][Minério][-] Latão Bundle [DECEA3](6000)[-],[dddd02][-][eeee07][-][FFA94D][Руда][-] Латунь Bundle [DECEA3](6000)[-],[dddd02][-][eeee07][-][FFA94D][Cevher][-] Pirinç Bundle [DECEA3](6000)[-],[dddd02][-][eeee07][-][FFA94D][矿石][-] 黄铜 Bundle [DECEA3](6000)[-],[dddd02][-][eeee07][-][FFA94D][礦石][-] 黃銅 Bundle [DECEA3](6000)[-]
resourceScrapIron,items,Resource,,,,[dddd02][-][eeee05][-][FFA94D][Ore][-] Iron,,[dddd02][-][eeee05][-][FFA94D][Erz][-] Eisen,[dddd02][-][eeee05][-][FFA94D][Mineral][-] Hierro,[dddd02][-][eeee05][-][FFA94D][Minerai][-] Fer,[dddd02][-][eeee05][-][FFA94D][Minerale][-] Ferro,[dddd02][-][eeee05][-][FFA94D][鉱石][-] 鉄,[dddd02][-][eeee05][-][FFA94D][광석][-] 철제,[dddd02][-][eeee05][-][FFA94D][Ruda][-] Żelazo,[dddd02][-][eeee05][-][FFA94D][Minério][-] Ferro,[dddd02][-][eeee05][-][FFA94D][Руда][-] Железо,[dddd02][-][eeee05][-][FFA94D][Cevher][-] Demir,[dddd02][-][eeee05][-][FFA94D][矿石][-] 铁,[dddd02][-][eeee05][-][FFA94D][礦石][-] 鐵
resourceScrapLead,items,Resource,,,,[dddd02][-][eeee06][-][FFA94D][Ore][-] Lead,,[dddd02][-][eeee06][-][FFA94D][Erz][-] Blei,[dddd02][-][eeee06][-][FFA94D][Mineral][-] Plomo,[dddd02][-][eeee06][-][FFA94D][Minerai][-] Plomb,[dddd02][-][eeee06][-][FFA94D][Minerale][-] Piombo,[dddd02][-][eeee06][-][FFA94D][鉱石][-] 鉛,[dddd02][-][eeee06][-][FFA94D][광석][-] 납,[dddd02][-][eeee06][-][FFA94D][Ruda][-] Ołów,[dddd02][-][eeee06][-][FFA94D][Minério][-] Chumbo,[dddd02][-][eeee06][-][FFA94D][Руда][-] Свинец,[dddd02][-][eeee06][-][FFA94D][Cevher][-] Kurşun,[dddd02][-][eeee06][-][FFA94D][矿石][-] 铅,[dddd02][-][eeee06][-][FFA94D][礦石][-] 鉛
resourceScrapPolymers,items,Resource,,,,[dddd04][-][eeee08][-][FFA94D][Resource][-] Scrap Polymers,,[dddd04][-][eeee08][-][FFA94D][Ressource][-] Kunststoffabfall,[dddd04][-][eeee08][-][FFA94D][Recurso][-] Polímeros de chatarra,[dddd04][-][eeee08][-][FFA94D][Ressource][-] Polymères recyclés,[dddd04][-][eeee08][-][FFA94D][Risorsa][-] Polimeri,[dddd04][-][eeee08][-][FFA94D][資源][-] スクラップポリマー,[dddd04][-][eeee08][-][FFA94D][자원][-] 중합체 조각,[dddd04][-][eeee08][-][FFA94D][Zasób][-] Resztki polimerów,[dddd04][-][eeee08][-][FFA94D][Recurso][-] Polímeros de sucata,[dddd04][-][eeee08][-][FFA94D][Ресурс][-] Синтетический мусор,[dddd04][-][eeee08][-][FFA94D][Kaynak][-] Hurda Polimerler,[dddd04][-][eeee08][-][FFA94D][资源][-] 废聚合物,[dddd04][-][eeee08][-][FFA94D][資源][-] 聚合體碎片
resourceSewingKit,items,Resource,,,,[dddd04][-][eeee07][-][FFA94D][Resource][-] Sewing Kit,,[dddd04][-][eeee07][-][FFA94D][Ressource][-] Nähset,[dddd04][-][eeee07][-][FFA94D][Recurso][-] Kit de costura,[dddd04][-][eeee07][-][FFA94D][Ressource][-] Kit de couture,[dddd04][-][eeee07][-][FFA94D][Risorsa][-] Set da cucito,[dddd04][-][eeee07][-][FFA94D][資源][-] 裁縫キット,[dddd04][-][eeee07][-][FFA94D][자원][-] 바느질 키트,[dddd04][-][eeee07][-][FFA94D][Zasób][-] Zestaw do szycia,[dddd04][-][eeee07][-][FFA94D][Recurso][-] Kit de costura,[dddd04][-][eeee07][-][FFA94D][Ресурс][-] Швейные принадлежности,[dddd04][-][eeee07][-][FFA94D][Kaynak][-] Dikiş Kiti,[dddd04][-][eeee07][-][FFA94D][资源][-] 针线包,[dddd04][-][eeee07][-][FFA94D][資源][-] 針綫包
resourceSilverNugget,items,Resource,,,,[dddd03][-][eeee01][-][FFA94D][Gem][-] Silver Nugget,,[dddd03][-][eeee01][-][FFA94D][Edelstein][-] Silberklumpen,[dddd03][-][eeee01][-][FFA94D][Gema][-] Pepita de plata,[dddd03][-][eeee01][-][FFA94D][Gemme][-] Pépite d'argent,[dddd03][-][eeee01][-][FFA94D][Gemma][-] Pepita d'argento,[dddd03][-][eeee01][-][FFA94D][宝石][-] 銀塊,[dddd03][-][eeee01][-][FFA94D][보석][-] 은 덩어리,[dddd03][-][eeee01][-][FFA94D][Klejnot][-] Bryłka srebra,[dddd03][-][eeee01][-][FFA94D][Gema][-] Pepita de prata,[dddd03][-][eeee01][-][FFA94D][Самоцвет][-] Серебряный слиток,[dddd03][-][eeee01][-][FFA94D][Mücevher][-] Gümüş Külçe,[dddd03][-][eeee01][-][FFA94D][宝石][-] 银块,[dddd03][-][eeee01][-][FFA94D][寶石][-] 銀塊
resourceSnowBall,items,Resource,,,,[dddd04][-][eeee15][-][FFA94D][Resource][-] Snowball,,[dddd04][-][eeee15][-][FFA94D][Ressource][-] Schneeball,[dddd04][-][eeee15][-][FFA94D][Recurso][-] Bola de nieve,[dddd04][-][eeee15][-][FFA94D][Ressource][-] Boule de neige,[dddd04][-][eeee15][-][FFA94D][Risorsa][-] Palla di neve,[dddd04][-][eeee15][-][FFA94D][資源][-] 雪玉,[dddd04][-][eeee15][-][FFA94D][자원][-] 눈덩이,[dddd04][-][eeee15][-][FFA94D][Zasób][-] Kulka śnieżka,[dddd04][-][eeee15][-][FFA94D][Recurso][-] Bola de neve,[dddd04][-][eeee15][-][FFA94D][Ресурс][-] Снежок,[dddd04][-][eeee15][-][FFA94D][Kaynak][-] Kar Topu,[dddd04][-][eeee15][-][FFA94D][资源][-] 雪球,[dddd04][-][eeee15][-][FFA94D][資源][-] 雪球
resourceSpring,items,Resource,,,,[dddd04][-][eeee11][-][FFA94D][Resource][-] Spring,,[dddd04][-][eeee11][-][FFA94D][Ressource][-] Schraubenfeder,[dddd04][-][eeee11][-][FFA94D][Recurso][-] Resorte,[dddd04][-][eeee11][-][FFA94D][Ressource][-] Ressort,[dddd04][-][eeee11][-][FFA94D][Risorsa][-] Molla,[dddd04][-][eeee11][-][FFA94D][資源][-] ばね,[dddd04][-][eeee11][-][FFA94D][자원][-] 용수철,[dddd04][-][eeee11][-][FFA94D][Zasób][-] Sprężyna,[dddd04][-][eeee11][-][FFA94D][Recurso][-] Mola,[dddd04][-][eeee11][-][FFA94D][Ресурс][-] Пружина,[dddd04][-][eeee11][-][FFA94D][Kaynak][-] Yay,[dddd04][-][eeee11][-][FFA94D][资源][-] 弹簧,[dddd04][-][eeee11][-][FFA94D][資源][-] 彈簧
resourceTestosteroneExtract,items,Medical,,,,[f00007][-][FFA94D][Medical][-][b00013][-] Testosterone Extract [DECEA3](I)[-],,[f00007][-][FFA94D][Medizin][-][b00013][-] Testosteron-Extrakt [DECEA3](I)[-],[f00007][-][FFA94D][Médico][-][b00013][-] Extracto de testosterona [DECEA3](I)[-],[f00007][-][FFA94D][Médical][-][b00013][-] Extrait de testostérone [DECEA3](I)[-],[f00007][-][FFA94D][Medicina][-][b00013][-] Estratto di testosterone [DECEA3](I)[-],[f00007][-][FFA94D][医療][-][b00013][-] テストステロン抽出物 [DECEA3](I)[-],[f00007][-][FFA94D][의료][-][b00013][-] 테스토스테론 추출물 [DECEA3](I)[-],[f00007][-][FFA94D][Medyczne][-][b00013][-] Stężony testosteron [DECEA3](I)[-],[f00007][-][FFA94D][Médico][-][b00013][-] Extrato de testosterona [DECEA3](I)[-],[f00007][-][FFA94D][Медицина][-][b00013][-] Экстракт тестостерона [DECEA3](I)[-],[f00007][-][FFA94D][Medikal][-][b00013][-] Testosteron Özütü [DECEA3](I)[-],[f00007][-][FFA94D][医疗][-][b00013][-] 睾丸素提取物 [DECEA3](I)[-],[f00007][-][FFA94D][醫療][-][b00013][-] 睾丸激素提取物 [DECEA3](I)[-]
resourceTrophy1,items,Resource,,,,[dddd08][-][eeee04][-][FFA94D][Smelt][-] Brass Trophy,,[dddd08][-][eeee04][-][FFA94D][Schmelz][-] Messingtrophäe,[dddd08][-][eeee04][-][FFA94D][Fundición][-] Trofeo de latón,[dddd08][-][eeee04][-][FFA94D][Fonte][-] Trophée en laiton,[dddd08][-][eeee04][-][FFA94D][Fusione][-] Trofeo di ottone,[dddd08][-][eeee04][-][FFA94D][精錬][-] 真鍮製トロフィー,[dddd08][-][eeee04][-][FFA94D][제련][-] 놋쇠 트로피,[dddd08][-][eeee04][-][FFA94D][Wytop][-] Mosiężne trofeum,[dddd08][-][eeee04][-][FFA94D][Fundição][-] Troféu de bronze,[dddd08][-][eeee04][-][FFA94D][Плавка][-] Латунный кубок,[dddd08][-][eeee04][-][FFA94D][Eritme][-] Pirinç Kupa,[dddd08][-][eeee04][-][FFA94D][熔炼][-] 黄铜奖杯,[dddd08][-][eeee04][-][FFA94D][熔煉][-] 黃銅獎杯
resourceTrophy2,items,Resource,,,,[dddd08][-][eeee09][-][FFA94D][Smelt][-] Lead Trophy,,[dddd08][-][eeee09][-][FFA94D][Schmelz][-] Bleitrophäe,[dddd08][-][eeee09][-][FFA94D][Fundición][-] Trofeo de plomo,[dddd08][-][eeee09][-][FFA94D][Fonte][-] Trophée en plomb,[dddd08][-][eeee09][-][FFA94D][Fusione][-] Trofeo di piombo,[dddd08][-][eeee09][-][FFA94D][精錬][-] 鉛製トロフィー,[dddd08][-][eeee09][-][FFA94D][제련][-] 납 트로피,[dddd08][-][eeee09][-][FFA94D][Wytop][-] Ołowiane trofeum,[dddd08][-][eeee09][-][FFA94D][Fundição][-] Troféu de chumbo,[dddd08][-][eeee09][-][FFA94D][Плавка][-] Свинцовый кубок,[dddd08][-][eeee09][-][FFA94D][Eritme][-] Kurşun Kupa,[dddd08][-][eeee09][-][FFA94D][熔炼][-] 铅质奖杯,[dddd08][-][eeee09][-][FFA94D][熔煉][-] 鉛製獎杯
resourceWood,items,Resource,,,,[dddd01][-][eeee01][-][FFA94D][Build][-] Wood,,[dddd01][-][eeee01][-][FFA94D][Bau][-] Holz,[dddd01][-][eeee01][-][FFA94D][Construcción][-] Madera,[dddd01][-][eeee01][-][FFA94D][Construction][-] Bois,[dddd01][-][eeee01][-][FFA94D][Costruzione][-] Legno,[dddd01][-][eeee01][-][FFA94D][建築][-] 木材,[dddd01][-][eeee01][-][FFA94D][건축][-] 목재,[dddd01][-][eeee01][-][FFA94D][Budowa][-] Drewno,[dddd01][-][eeee01][-][FFA94D][Construção][-] Madeira,[dddd01][-][eeee01][-][FFA94D][Строй][-] Дерево,[dddd01][-][eeee01][-][FFA94D][Yapı][-] Tahta,[dddd01][-][eeee01][-][FFA94D][建造][-] 木头,[dddd01][-][eeee01][-][FFA94D][建造][-] 木頭
resourceYuccaFibers,items,Resource,,,,[dddd04][-][eeee01][-][FFA94D][Resource][-] Plant Fibers,,[dddd04][-][eeee01][-][FFA94D][Ressource][-] Pflanzenfasern,[dddd04][-][eeee01][-][FFA94D][Recurso][-] Fibra vegetal,[dddd04][-][eeee01][-][FFA94D][Ressource][-] Fibres végétales,[dddd04][-][eeee01][-][FFA94D][Risorsa][-] Fibre vegetali,[dddd04][-][eeee01][-][FFA94D][資源][-] 植物繊維,[dddd04][-][eeee01][-][FFA94D][자원][-] 식물 섬유,[dddd04][-][eeee01][-][FFA94D][Zasób][-] Włókna roślinne,[dddd04][-][eeee01][-][FFA94D][Recurso][-] Fibras vegetais,[dddd04][-][eeee01][-][FFA94D][Ресурс][-] Волокна травы,[dddd04][-][eeee01][-][FFA94D][Kaynak][-] Bitki Lifleri,[dddd04][-][eeee01][-][FFA94D][资源][-] 植物纤维,[dddd04][-][eeee01][-][FFA94D][資源][-] 植物纖維
