"Key","File","Type","UsedInMainMenu","NoTranslate","KeepLoaded","english","Context / Alternate Text","german","spanish","french","italian","japanese","koreana","polish","brazilian","russian","turkish","schinese","tchinese"
"activeBlockPrompt","","Block prompt","","","","([DECEA3]Active[-]) {0}","","([DECEA3]Aktiv[-]) {0}","([DECEA3]Activo[-]) {0}","([DECEA3]Actif/-ive[-]) {0}","([DECEA3]Attivo[-]) {0}","([DECEA3]有効[-]) {0}","([DECEA3]활성화[-]) {0}","([DECEA3]Akt.[-]) {0}","([DECEA3]Ativo[-]) {0}","([DECEA3]Активн.[-]) {0}","([DECEA3]Etkin[-]) {0}","（[DECEA3]应用[-]）{0}","（[DECEA3]活躍[-]） {0}"
"dewCollectorEmpty","UI","Use Prompt","","","","[00ff00]{0}[-] Open {1} ([DECEA3]Empty[-])","","[00ff00]{0}[-]  Öffne {1} ([DECEA3]Leer[-])","[00ff00]{0}[-]  Abierto {1} ([DECEA3]Vacío[-])","[00ff00]{0}[-]  Ouvrir le {1} ([DECEA3]vide[-])","[00ff00]{0}[-]  apre {1} ([DECEA3]vuoto[-])","[00ff00]{0}[-] で{1}を開く([DECEA3]空[-])","[00ff00]{0}[-] 로 {1} 열기 ([DECEA3]비었음[-])","[00ff00]{0}[-]  Otwórz: {1} ([DECEA3]pusto[-])","[00ff00]{0}[-]  Abre {1} ([DECEA3]Vazio[-])","[00ff00]{0}[-] : открыть ({1}) ([DECEA3]Пусто[-])","[00ff00]{0}[-]  {1} Aç ([DECEA3]Boş[-])","[00ff00]{0}[-]  打开 {1}（[DECEA3]空的[-]）","[00ff00]{0}[-]  開啟{1}（[DECEA3]空[-]）"
"dewCollectorHasDirtyWater","UI","Use Prompt","","","","[00ff00]{0}[-] Open {1} ([CABE21]Water[-])","","[00ff00]{0}[-]  Öffne {1} ([CABE21]Wasser[-])","[00ff00]{0}[-]  Abierto {1} ([CABE21]Agua[-])","[00ff00]{0}[-]  Ouvrir le {1} ([CABE21]eau[-])","[00ff00]{0}[-]  apre {1} ([CABE21]acqua[-])","[00ff00]{0}[-] で{1}を開く([CABE21]水[-])","[00ff00]{0}[-] 로 {1} 열기 ([CABE21]물[-])","[00ff00]{0}[-]  Otwórz: {1} ([CABE21]woda[-])","[00ff00]{0}[-]  Abre {1} ([CABE21]Água[-])","[00ff00]{0}[-] : открыть ({1}) ([CABE21]Вода[-])","[00ff00]{0}[-]  {1} Aç ([CABE21]Su[-])","[00ff00]{0}[-]  打开 {1}（[CABE21]水[-]）","[00ff00]{0}[-]  開啟{1}（[CABE21]水[-]）"
"dewCollectorHasWater","UI","Use Prompt","","","","[00ff00]{0}[-] Open {1} ([00ADD8]Water[-])","","[00ff00]{0}[-]  Öffne {1} ([00ADD8]Wasser[-])","[00ff00]{0}[-]  Abierto {1} ([00ADD8]Agua[-])","[00ff00]{0}[-]  Ouvrir le {1} ([00ADD8]eau[-])","[00ff00]{0}[-]  apre {1} ([00ADD8]acqua[-])","[00ff00]{0}[-] で{1}を開く ([00ADD8]水[-])","[00ff00]{0}[-] 로 {1} 열기 ([00ADD8]물[-])","[00ff00]{0}[-]  Otwórz: {1} ([00ADD8]woda[-])","[00ff00]{0}[-]  Abre {1} ([00ADD8]Água[-])","[00ff00]{0}[-] : открыть ({1}) ([00ADD8]Вода[-])","[00ff00]{0}[-]  {1} Aç ([00ADD8]Su[-])","[00ff00]{0}[-]  打开 {1}（[00ADD8]水[-]）","[00ff00]{0}[-]  開啟{1}（[00ADD8]水[-]）"
"inactiveBlockPrompt","","Block prompt","","","","[ff0000](Inactive)[-] {0}","","[ff0000](Inaktiv) [-]{0}","[ff0000](Inactivo) [-]{0}","[ff0000](Inactif/-ive)[-] {0}","[ff0000](Inattivo)[-] {0}","[ff0000](無効) [-]{0}","[ff0000](비활성화)[-] {0}","[ff0000](Nieakt.)[-] {0}","[ff0000](Inativo) [-]{0}","[ff0000](Неактивн.)[-] {0}","[ff0000](Etkin değil) [-]{0}","[ff0000]（未应用）[-]{0}","[ff0000]（不活躍）[-] {0}"
"itemTooltipFocusedOne","UI","Use Prompt","","","","[00ff00]{0}[-] Collect: [DECEA3]{1}[-]","","[00ff00]{0}[-] Sammle: [DECEA3]{1}[-]","[00ff00]{0}[-] Recoger: [DECEA3]{1}[-]","[00ff00]{0}[-] pour récupérer : [DECEA3]{1}[-]","[00ff00]{0}[-] Ottieni: [DECEA3]{1}[-]","[00ff00]{0}[-] 回収： [DECEA3]{1}[-]","[00ff00]{0}[-] 수집: [DECEA3]{1}[-]","[00ff00]{0}[-] Zdobądź: [DECEA3]{1}[-]","[00ff00]{0}[-] coletar: [DECEA3]{1}[-]","[00ff00]{0}[-] Собрать: [DECEA3]{1}[-]","[00ff00]{0}[-] Topla: [DECEA3]{1}[-]","[00ff00]{0}[-] 收集：[DECEA3]{1}[-]","[00ff00]{0}[-] 收集：[DECEA3]{1}[-]"
"itemTooltipFocusedSeveral","UI","Use Prompt","","","","[00ff00]{0}[-] Collect: {2} of {1}","","[00ff00]{0}[-] Sammle: {2} von {1}","[00ff00]{0}[-] Recogido: {2} de {1}","[00ff00]{0}[-] pour récupérer : {2} sur {1}","[00ff00]{0}[-] Ottieni: {2} di {1}","[00ff00]{0}[-] 回収： {2} / {1}","[00ff00]{0}[-] 수집: {1}의 {2}","[00ff00]{0}[-] Zdobądź: {2} z {1}","[00ff00]{0}[-] coletar: {2} de {1}","[00ff00]{0}[-] Собрать: {2} из {1}","[00ff00]{0}[-] Topla: {2}/{1}","[00ff00]{0}[-] 收集：{2} /{1}","[00ff00]{0}[-] 收集：{2}的{1}"
"lootEntity","UI","Use Prompt","","","","[00ff00]{0}[-] Search {1} [00ff00](Untouched)","","[00ff00]{0}[-] {1} durchsuchen [00ff00](Unberührt)","[00ff00]{0}[-] Registrar {1} [00ff00](Intacto)","[00ff00]{0}[-] Fouiller {1} [00ff00](intact)","[00ff00]{0}[-] Esamina {1} [00ff00](Nuovo)","[00ff00]{0}[-] {1}を調べる [00ff00]（未使用）","[00ff00]{0}[-] {1}[00ff00](손대지 않은)[-] 검색","[00ff00]{0}[-] Przeszukaj: {1} [00ff00](nienaruszone)","[00ff00]{0}[-] Buscar {1} [00ff00](intocado)","[00ff00]{0}[-]: обыскать тело ({1})[00ff00] (нетронуто)","[00ff00]{0}[-] Ara: {1} [00ff00](Dokunulmamış)","[00ff00]{0}[-] 搜索 {1}[00ff00]（未触碰过）","[00ff00]{0}[-] 搜索{1}[00ff00]（未觸及）"
"lootItem","","Pick up prompt","","","","Press [00ff00]{0}[-] to pick up [DECEA3]{1}[-]","","Drücke [00ff00]{0}[-], um [DECEA3]{1}[-] aufzuheben","Pulsa [00ff00]{0}[-] para coger [DECEA3]{1}[-]","Appuyer sur [00ff00]{0}[-] pour ramasser : [DECEA3]{1}[-]","Premi [00ff00]{0}[-] per raccogliere [DECEA3]{1}[-]","[00ff00]{0}[-]を押して[DECEA3]{1}[-]を拾う","[00ff00]{0}[-]을(를) 눌러 [DECEA3]{1}[-] 집어들기","Przyciśnij [00ff00]{0}[-], aby podnieść [DECEA3]{1}[-]","Aperte [00ff00]{0}[-] para pegar [DECEA3]{1}[-]","Нажмите [00ff00]{0}[-], чтобы подобрать предмет [DECEA3]{1}[-]","[DECEA3]{1}[-] Almak için [00ff00]{0}[-] tuşuna bas","按下[00ff00]{0}[-]拾取[DECEA3]{1}[-]","按下 [00ff00]{0}[-] 撿起 [DECEA3]{1}[-]"
"lootTooltipEmpty","UI","Use Prompt","","","","{1} [DECEA3](Empty)","","{1} [DECEA3](Leer)","{1} [DECEA3](Vacío)","{1} [DECEA3](Vider)","{1} [DECEA3](Vuoto)","{1} [DECEA3](を空にする)","{1} [DECEA3](빈 )","{1} [DECEA3](Puste)","{1} [DECEA3](Esvaziar)","{1}: [DECEA3](пусто)","{1} [DECEA3](Boş)","{1}  [DECEA3]- 空","{1} [DECEA3]空的"
"lootTooltipNew","UI","Use Prompt","","","","[00ff00]{0}[-] Search {1} [00ff00](Untouched)","","[00ff00]{0}[-] Durchsuche {1} [00ff00](Unberührt)","[00ff00]{0}[-] Buscar {1} [00ff00](intacto)","[00ff00]{0}[-] Fouiller {1} [00ff00](intact)","[00ff00]{0}[-] esamina {1} [00ff00](intatto)","[00ff00]{0}[-]が{1}を調べる [00ff00]（未使用）","[00ff00]{0}[-] {1} 수색[00ff00](손대지 않음)","[00ff00]{0}[-] Przeszukaj: {1} [00ff00](nienaruszone)","[00ff00]{0}[-] Buscar {1} [00ff00](intocado)","[00ff00]{0}[-]: обыскать ({1})[00ff00] (нетронуто)","[00ff00]{0}[-] Ara: {1} [00ff00](Dokunulmamış)","[00ff00]{0}[-]搜索{1}[00ff00]（未触碰过）","[00ff00]{0}[-]搜索{1}[00ff00]（未觸碰）"
"lootTooltipTouched","UI","Use Prompt","","","","[00ff00]{0}[-] Search {1} ","","[00ff00]{0}[-] Durchsuche {1}","[00ff00]{0}[-] Buscar {1}","[00ff00]{0}[-] Fouiller {1}","[00ff00]{0}[-] esamina {1}","[00ff00]{0}[-]が{1}を調べる","[00ff00]{0}[-] {1} 수색","[00ff00]{0}[-] Przeszukaj: {1}","[00ff00]{0}[-] Buscar {1}","[00ff00]{0}[-]: обыскать ({1})","[00ff00]{0}[-] Ara: {1}","[00ff00]{0}[-]搜索{1}","[00ff00]{0}[-]搜索{1}"
"npcTooltipTalk","UI","Tooltip","","","","Press [00ff00]{0}[-] to talk to [DECEA3]{1}[-]","","[00ff00]{0}[-]-Taste drücken, um mit [DECEA3]{1}[-] zu reden","Pulsa [00ff00]{0}[-] para hablar con [DECEA3]{1}[-]","Appuyer sur [00ff00]{0}[-] pour parler à [DECEA3]{1}[-]","Premi [00ff00]{0}[-] per parlare con [DECEA3]{1}[-]","[00ff00]{0}[-]を押して[DECEA3]{1}[-]と話す","[00ff00]{0}[-]을(를) 눌러 [DECEA3]{1}[-] 에게 말걸기","Przyciśnij [00ff00]{0}[-], aby rozmawiać: [DECEA3]{1}[-]","Aperte [00ff00]{0}[-] para falar com [DECEA3]{1}[-]","Нажмите [00ff00]{0}[-], чтобы поговорить с персонажем [DECEA3]{1}[-]","[DECEA3]{1}[-] ile konuşmak için [00ff00]{0}[-] tuşuna bas","按下[00ff00]{0}[-]与[DECEA3]{1}[-]对话","按下 [00ff00]{0}[-] 進行交談[DECEA3]{1}[-]"
"pickupCrops","UI","HUD","","","","Press [00ff00]{{0}}[-] to pick up: [DECEA3]{0}[00ff00]{1}","","Drücke [00ff00]{{0}}[-], um [DECEA3]{0}[00ff00]{1} aufzuheben","Pulsa [00ff00]{{0}}[-] para coger: [DECEA3]{0}[00ff00]{1}","Appuyer sur [00ff00]{{0}}[-] pour ramasser : [DECEA3]{0}[00ff00]{1}","Premi [00ff00]{{0}}[-] per raccogliere: [DECEA3]{0}[00ff00]{1}","[00ff00]{{0}}[-] を押して拾う： [DECEA3]{0}[00ff00]{1}","[00ff00]{{0}}[-]을(를) 눌러 집어들기:[DECEA3]{0}[00ff00]{1}","Przyciśnij [00ff00]{{0}}[-], aby podnieść: [DECEA3]{0}[00ff00]{1}","Aperte [00ff00]{{0}}[-] para pegar: [DECEA3]{0}[00ff00]{1}","Нажмите [00ff00]{{0}}[-], чтобы подобрать: [DECEA3]{0}[00ff00]{1}","[00ff00]{{0}}[-] tuşuna basarak al: [DECEA3]{0}[00ff00]{1}","按下[00ff00]{{0}}[-]拾取：[DECEA3]{0}[00ff00]{1}","按 [00ff00]{{0}}[-] 撿起[DECEA3]{0}[00ff00]{1}"
"pickupPrompt","UI","HUD","","","","Press [00ff00]{{0}}[-] to pick up: [DECEA3]{0}[-]","","Drücke [00ff00]{{0}}[-], um [DECEA3]{0}[-] aufzuheben","Pulsa [00ff00]{{0}}[-] para coger: [DECEA3]{0}[-]","Appuyer sur [00ff00]{{0}}[-] pour ramasser : [DECEA3]{0}[-]","Premi [00ff00]{{0}}[-] per raccogliere: [DECEA3]{0}[-]","[00ff00]{{0}}[-] を押して拾う： [DECEA3]{0}[-]","[00ff00]{{0}}[-]을(를) 눌러 집어들기:[DECEA3]{0}[-]","Przyciśnij [00ff00]{{0}}[-], aby podnieść: [DECEA3]{0}[-]","Aperte [00ff00]{{0}}[-] para pegar: [DECEA3]{0}[-]","Нажмите [00ff00]{{0}}[-], чтобы подобрать: [DECEA3]{0}[-]","[00ff00]{{0}}[-] tuşuna basarak al: [DECEA3]{0}[-]","按下[00ff00]{{0}}[-]拾取：[DECEA3]{0}[-]","按 [00ff00]{{0}}[-] 撿起[DECEA3]{0}[-]"
"questBlockActivate","UI","Use Prompt","","","","Press [00ff00]{{0}}[-] to Activate: [DECEA3]{1}[-]","","Drücke [00ff00]{{0}}[-] zum Aktivieren von: [DECEA3]{1}[-]","Pulsa [00ff00]{{0}}[-] para Activar: [DECEA3]{1}[-]","Appuyer sur [00ff00]{{0}}[-] pour activer : [DECEA3]{1}[-]","Premi [00ff00]{{0}}[-] per attivare: [DECEA3]{1}[-]","[00ff00]{{0}}[-] を押して作動させる： [DECEA3]{1}[-]","[00ff00]{{0}}[-]을(를) 눌러 활성화: [DECEA3]{1}[-]","Przyciśnij [00ff00]{{0}}[-], aby aktywować: [DECEA3]{1}[-]","Aperte [00ff00]{{0}}[-] para ativar: [DECEA3]{1}[-]","Нажмите [00ff00]{{0}}[-], чтобы задействовать: [DECEA3]{1}[-]","[00ff00]{{0}}[-] tuşuna basarak Etkinleştir: [DECEA3]{1}[-]","按 [00ff00]{{0}}[-] 激活： [DECEA3]{1}[-]","按 [00ff00]{{0}}[-] 激活[DECEA3]{1}[-]"
"questRallyActivate","UI","Use Prompt","","","","Press {{0}} to Start Quest: [DECEA3]{1}[-]","","Drücke {{0}} zum Starten der Quest: [DECEA3]{1}[-]","Pulsar {{0}} para Iniciar misión: [DECEA3]{1}[-]","Appuyer sur {{0}} pour lancer la quête : [DECEA3]{1}[-]","Premi {{0}} per iniziare missione: [DECEA3]{1}[-]","{{0}} を押してクエストを開始： [DECEA3]{1}[-]","{{0}}을(를) 눌러 퀘스트 시작: [DECEA3]{1}[-]","Przyciśnij {{0}}, aby rozpocząć zadanie: [DECEA3]{1}[-]","Aperte {{0}} para iniciar a missão: [DECEA3]{1}[-]","Нажмите {{0}}, чтобы начать задание: [DECEA3]{1}[-]","{{0}} tuşuna basarak Görevi Başlat: [DECEA3]{1}[-]","按 {{0}} 开始任务： [DECEA3]{1}[-]","按 {{0}} 激活任務：[DECEA3]{1}[-]"
"tooltipInteract","UI","Use Prompt","","","","Hold [00ff00]{0}[-] to interact with [DECEA3]{1}[-]","","Halte [00ff00]{0}[-] gedrückt, um mit [DECEA3]{1}[-] zu interagieren","Mantén presionado [00ff00]{0}[-] para interactuar con [DECEA3]{1}[-]","Maintenir [00ff00]{0}[-] pour interagir avec [DECEA3]{1}[-]","Tieni premuto [00ff00]{0}[-] per interagire con [DECEA3]{1}[-]","[00ff00]{0}[-]を長押しして、[DECEA3]{1}[-]を操作する","[00ff00]{0}[-]을(를) 꾹 눌러 [DECEA3]{1}[-]과(와) 상호작용","Przytrzymaj [00ff00]{0}[-], aby wejść w interakcję z: [DECEA3]{1}[-]","Segure [00ff00]{0}[-] para interagir com [DECEA3]{1}[-]","[DECEA3]{1}[-]: Для взаимодействия удерживайте [00ff00]{0}[-]","[DECEA3]{1}[-] ile etkileşim kurmak için [00ff00]{0}[-] tuşunu basılı tut","按住[00ff00]{0}[-]与[DECEA3]{1}[-]互动","長按 [00ff00]{0}[-] 與[DECEA3]{1}[-]互動"
"tooltipJammed","UI","Menu","","","","[00ff00]{0}[-] Use {1} [ff0000](Jammed)","","[00ff00]{0}[-] Verwende {1} [ff0000](Blockiert)","[00ff00]{0}[-] Usa {1} [ff0000](Atascado)","[00ff00]{0}[-] pour utiliser {1} [ff0000](coincé(e))","[00ff00]{0}[-] Usa {1} [ff0000](Inceppato)","[00ff00]{0}[-] {1} を使用[ff0000] (固定)","[00ff00]{0}[-] {1} 사용 [ff0000](혼잡)","[00ff00]{0}[-] Użyj {1} [ff0000](zacięte)","[00ff00]{0}[-] Usa {1} [ff0000](Emperrado)","[00ff00]{0}[-] Использовать {1} [ff0000](заклинило)","[00ff00]{0}[-] {1} Kullan [ff0000](Sıkışmış)","[00ff00]{0}[-]使用{1} [ff0000]（挤满）","[00ff00]{0}[-]用法{1}[ff0000]（已堵塞)"
"tooltipLocked","UI","Menu","","","","[00ff00]{0}[-] Use {1} [ff0000](Locked)","","[00ff00]{0}[-] Verwende {1} [ff0000](Verschlossen)","[00ff00]{0}[-] Usa {1} [ff0000](Bloqueado)","[00ff00]{0}[-] pour utiliser {1} [ff0000](verrouillé(e))","[00ff00]{0}[-] Usa {1} [ff0000](Bloccato)","[00ff00]{0}[-] {1} を使用 [ff0000](施錠済み)","[00ff00]{0}[-] {1} 사용 [ff0000](잠김)","[00ff00]{0}[-] Użyj {1} [ff0000](zablokowane)","[00ff00]{0}[-] Usa {1} [ff0000](Trancado)","[00ff00]{0}[-] Использовать {1} [ff0000](заперто)","[00ff00]{0}[-] {1} Kullan [ff0000](Kilitli)","[00ff00]{0}[-] 使用{1}[ff0000]（锁定）","[00ff00]{0}[-]用法{1}[ff0000]（已鎖定)"
"tooltipUnlocked","UI","Menu","","","","[00ff00]{0}[-] Use {1} [00ff00](Unlocked)","","[00ff00]{0}[-] Verwende {1} [00ff00](Entriegelt)","[00ff00]{0}[-] Usa {1} [00ff00](Desbloqueado)","[00ff00]{0}[-] pour utiliser {1} [00ff00](déverrouillé(e))","[00ff00]{0}[-] Usa {1} [00ff00](Sbloccato)","[00ff00]{0}[-] {1} を使用 [00ff00](解錠済み)","[00ff00]{0}[-] {1} 사용 [00ff00](열림)","[00ff00]{0}[-] Użyj {1} [00ff00](odblokowane)","[00ff00]{0}[-] Usa {1} [00ff00](Destrancado)","[00ff00]{0}[-] Использовать {1} [00ff00](открыто)","[00ff00]{0}[-] {1} Kullan [00ff00](Kilidi Açık)","[00ff00]{0}[-]使用{1} [00ff00]（已解锁）","[00ff00]{0}[-]用法{1}[00ff00]（已解鎖)"
"turretPickUp","UI","HUD","","","","[DECEA3]Pick up Turret","","[DECEA3]Geschützturm aufheben","[DECEA3]Torreta de recogida","[DECEA3]Ramasser la tourelle","[DECEA3]Raccogli torretta","[DECEA3]砲塔を拾う","[DECEA3]터렛 집어들기","[DECEA3]Wybór wieżyczki","[DECEA3]Pegar torreta","[DECEA3]Подобрать пушку","[DECEA3]Tareti yerden al","[DECEA3]拾取炮塔","[DECEA3]撿起炮塔"
"useBlock","UI","Menu","","","","[00ff00]{0}[-] Use [DECEA3]{1}[-]","","[00ff00]{0}[-] Verwende [DECEA3]{1}[-]","[00ff00]{0}[-] Usa [DECEA3]{1}[-]","[00ff00]{0}[-] pour utiliser [DECEA3]{1}[-]","[00ff00]{0}[-] Usa [DECEA3]{1}[-]","[00ff00]{0}[-] [DECEA3]{1}[-] を使用","[00ff00]{0}[-] [DECEA3]{1}[-] 사용","[00ff00]{0}[-] Użyj [DECEA3]{1}[-]","[00ff00]{0}[-] Usa [DECEA3]{1}[-]","[00ff00]{0}[-] Использовать [DECEA3]{1}[-]","[00ff00]{0}[-] [DECEA3]{1}[-] Kullan","[00ff00]{0}[-]使用[DECEA3]{1}[-]","[00ff00]{0}[-]用法[DECEA3]{1}[-]"
"useCampfire","UI","HUD","","","","Press [00ff00]{0}[-] to use","","Zum Benutzen [00ff00]{0}[-] drücken","Pulsa [00ff00]{0}[-] para usar","Appuyer sur [00ff00]{0}[-] pour utiliser","Premi [00ff00]{0}[-] per usare","[00ff00]{0}[-]を押して使う","[00ff00]{0}[-]을(를) 눌러 사용","Przyciśnij [00ff00]{0}[-], aby użyć","Aperte [00ff00]{0}[-] para usar","Нажмите [00ff00]{0}[-], чтобы использовать","Kullanmak için bas: [00ff00]{0}[-]","按下[00ff00]{0}[-]使用","按下 [00ff00]{0}[-] 使用"
"useForge","UI","HUD","","","","Press [00ff00]{0}[-] to use","","Zum Benutzen [00ff00]{0}[-] drücken","Pulsa [00ff00]{0}[-] para usar","Appuyer sur [00ff00]{0}[-] pour utiliser","Premi [00ff00]{0}[-] per usare","[00ff00]{0}[-]を押して使う","[00ff00]{0}[-]을(를) 눌러 사용","Przyciśnij [00ff00]{0}[-], aby użyć","Aperte [00ff00]{0}[-] para usar","Нажмите [00ff00]{0}[-], чтобы использовать","Kullanmak için bas: [00ff00]{0}[-]","按下[00ff00]{0}[-]使用","按下 [00ff00]{0}[-] 使用"
"useSecureDoor","UI","HUD","","","","Press [00ff00]{0}[-] to open","","Zum Öffnen [00ff00]{0}[-] drücken","Pulsa [00ff00]{0}[-] para abrir","Appuyer sur [00ff00]{0}[-] pour ouvrir","Premi [00ff00]{0}[-] per aprire","[00ff00]{0}[-]を押して開ける","[00ff00]{0}[-]을(를) 눌러 열기","Przyciśnij [00ff00]{0}[-], aby otworzyć","Aperte [00ff00]{0}[-] para abrir","Нажмите [00ff00]{0}[-], чтобы открыть","Açmak için bas: [00ff00]{0}[-]","按下[00ff00]{0}[-]打开","按下 [00ff00]{0}[-] 打開"
"useSwitchLightOff","UI","Menu","","","","[00ff00]{0}[-] Switch light [DECEA3]OFF[-]","","[00ff00]{0}[-] Licht ausschalten","[00ff00]{0}[-] Apagar la luz","[00ff00]{0}[-] Éteindre la lumière","[00ff00]{0}[-] spegne le luci","[00ff00]{0}[-] ライトをオフにする","[00ff00]{0}[-] 조명 스위치 끄기","[00ff00]{0}[-] Wył. światło","[00ff00]{0}[-] Desligar luz","[00ff00]{0}[-] Выключить свет","[00ff00]{0}[-] Işığı kapat","[00ff00]{0}[-]关灯","[00ff00]{0}[-]關掉燈"
"useSwitchLightOn","UI","Menu","","","","[00ff00]{0}[-] Switch light [DECEA3]ON[-]","","[00ff00]{0}[-] Licht einschalten","[00ff00]{0}[-] Encender la luz","[00ff00]{0}[-] Allumer la lumière","[00ff00]{0}[-] accende le luci","[00ff00]{0}[-] ライトをオンにする","[00ff00]{0}[-] 조명 스위치 켜기","[00ff00]{0}[-] Wł. światło","[00ff00]{0}[-] Ligar luz","[00ff00]{0}[-] Включить свет","[00ff00]{0}[-] Işığı aç","[00ff00]{0}[-]开灯","[00ff00]{0}[-]打開燈"
"useWorkstation","UI","HUD","","","","Press [00ff00]{0}[-] to use","","Zum Benutzen [00ff00]{0}[-] drücken","Pulsa [00ff00]{0}[-] para usar","Appuyer sur [00ff00]{0}[-] pour utiliser","Premi [00ff00]{0}[-] per usare","[00ff00]{0}[-]を押して使う","[00ff00]{0}[-]을(를) 눌러 사용","Przyciśnij [00ff00]{0}[-], aby użyć","Aperte [00ff00]{0}[-] para usar","Нажмите [00ff00]{0}[-], чтобы использовать","Kullanmak için bas: [00ff00]{0}[-]","按下[00ff00]{0}[-]使用","按下 [00ff00]{0}[-] 使用"
"vendingMachineActivate","UI","Use Prompt","","","","[00ff00]{0}[-] to interact with [DECEA3]{1}[-]","","Drücke [00ff00]{0}[-], um mit [DECEA3]{1}[-] zu interagieren","[00ff00]{0}[-] para interactuar con [DECEA3]{1}[-]","[00ff00]{0}[-] pour interagir avec [DECEA3]{1}[-]","[00ff00]{0}[-] per interagire con [DECEA3]{1}[-]","[00ff00]{0}[-]で[DECEA3]{1}[-]を操作する","[00ff00]{0}[-](으)로 [DECEA3]{1}[-]과(와) 상호작용","[00ff00]{0}[-], aby wejść w interakcję z: [DECEA3]{1}[-]","Aperte [00ff00]{0}[-] para interagir com [DECEA3]{1}[-]","[DECEA3]{1}[-]: [00ff00]{0}[-] для взаимодействия","[DECEA3]{1}[-] ile etkileşim kurmak için [00ff00]{0}[-]","[00ff00]{0}[-]与[DECEA3]{1}[-]互动","[00ff00]{0}[-] 與[DECEA3]{1}[-]互動"
"xuiFoodAmount","","","","","","Food Amount","","Lebensmittelmenge","Cantidad de alimentos","Quantité alimentaire","Importo del cibo","食糧量","음식 금액","Kwota żywności","Quantidade de comida","Сумма еды","Gıda miktarı","粮食金额","糧食金額"
"xuiFoodPercentage","","","","","","Food Percentage","","Lebensmittelanteil","Porcentaje de alimentos","Pourcentage alimentaire","Percentuale di cibo","食品の割合","음식 비율","Procent żywności","Porcentagem de alimentos","Процент еды","Yiyecek yüzdesi","食物百分比","食物百分比"
"xuiTemperature","","","","","","Temperature","","Temperatur","Temperatura","Température","Temperatura","温度","온도","Temperatura","Temperatura","Температура","Hava sıcaklığı","温度","溫度"
"xuiWaterAmount","","","","","","Water Amount","","Wassermenge","Cantidad de agua","Quantité d'eau","Importo dell'acqua","水量","물 금액","Ilość wody","Quantidade de água.","Сумма воды","Su miktarı","水量","水量"
"xuiWaterPercentage","","","","","","Water Percentage","","Wasseranteil","Porcentaje de agua","Pourcentage d'eau","Percentuale di acqua","水の割合","물 백분율","Procent wody","Porcentagem de água.","Процент воды","Su yüzdesi","水百分比","水百分比"
"agfTime","","","","","","Time","","Zeit","Hora","Heure","Ora","時間","시간","Godzina","Hora","Время","Saat","时间","時間"
"xuiFoodAmountMax","","","","","","Food Amount - Full","","Lebensmittelmenge - Ganz","Cantidad de alimentos - completa","Quantité alimentaire - Total","Importo del cibo - Pieno","食糧量 - フル","음식 금액 - 전체","Kwota żywności - Pełnia","Quantidade de comida - Cheio","Сумма еды - Полностью","Gıda miktarı - Tam","粮食金额 - 完整","糧食金額 - 全部"
"xuiWaterAmountMax","","","","","","Water Amount - Full","","Wassermenge - Ganz","Cantidad de agua - completa","Quantité d'eau - Total","Importo dell'acqua - Pieno","水量 - フル","물 금액 - 전체","Ilość wody - Pełnia","Quantidade de água. - Cheio","Сумма воды - Полностью","Su miktarı - Tam","水量 - 完整","水量 - 全部"
"xuiTemp","","","","","","Temp","","Temp","Temp","Temp","Temperatura","温度","온도","Temp","Temperatura","Темп","Sıcaklığı","温度","溫度"
"apiaryHasHoney","UI","Use Prompt","","","","[00ff00]{0}[-] Open {1} ([FFA500]Honey[-])","","[00ff00]{0}[-] {1} öffnen ([FFA500]Honig[-])","[00ff00]{0}[-] Abrir {1} ([FFA500]Miel[-])","[00ff00]{0}[-] Ouvrir {1} ([FFA500]miel[-])","[00ff00]{0}[-] {1} aperti ([FFA500]miele[-])","[00ff00]{0}[-]で{1}を開く([FFA500]蜂蜜[-])","[00ff00]{0}[-] {1} 열기 ([FFA500]꿀[-])","[00ff00]{0}[-] Otwórz: {1} ([FFA500]Miód[-])","[00ff00]{0}[-] Abrir {1} ([FFA500]Mel[-])","[00ff00]{0}[-] Открыть {1} ([FFA500]мёд[-])","[00ff00]{0}[-] Aç {1} ([FFA500]Bal[-])","[00ff00]{0}[-] 打开 {1}（[FFA500]蜂蜜[-]）","[00ff00]{0}[-] 開啟{1}（[FFA500]蜂蜜[-]）"
"xuiAGFFeatTab","UI","label","","","","AGF Mods","","AGF-Mods","Mods AGF","Mods AGF","Mod AGF","AGFモッド","AGF 모드","Mody AGF","Mods AGF","Моды AGF","AGF Modları","AGF 模组","AGF 模組"
"xuiAGFFeatClosed","UI","label","","","","Closed","","Geschlossen","Cerrado","Fermé","Chiuso","閉じる","닫힘","Zamknięte","Fechado","Закрыто","Kapalı","已关闭","已關閉"
"xuiAGFFeatDetails","UI","label","","","","Details","","Details","Detalles","Détails","Dettagli","詳細","상세 정보","Szczegóły","Detalhes","Подробности","Ayrıntılar","详情","詳細資料"
"xuiAGFFeatColorTab","UI","label","","","","Full Color","","Vollfarbe","Color completo","Couleur complète","Colore completo","フルカラー","풀 컬러","Pełny kolor","Cor completa","Полный цвет","Tam Renk","全彩色","全彩色"
"xuiAGFFeatHVTab","UI","label","","","","High Visibility","","Hoher Kontrast","Alto contraste","Contraste élevé","Alto contrasto","ハイコントラスト","고대비","Wysoki kontrast","Alto contraste","Высокая контрастность","Yüksek Kontrast","高对比度","高對比度"
"xuiAGFFeatTitle","UI","label","","","","AGF Mods","","AGF-Mods","Mods AGF","Mods AGF","Mod AGF","AGFモッド","AGF 모드","Mody AGF","Mods AGF","Моды AGF","AGF Modları","AGF 模组","AGF 模組"
"xuiAGFFeatMotto","UI","label","","","","Commands and Details","","Befehle und Details","Comandos y detalles","Commandes et détails","Comandi e dettagli","コマンドと詳細","명령과 상세 정보","Polecenia i szczegóły","Comandos e detalhes","Команды и сведения","Komutlar ve ayrıntılar","命令与说明","指令與說明"
"xuiAGFFeatTabOverview","UI","label","","","","AGF General","","AGF Allgemein","AGF general","AGF général","AGF generale","AGF 一般","AGF 일반","AGF ogólne","AGF geral","AGF общее","AGF Genel","AGF 总览","AGF 總覽"
"xuiAGFFeatOverviewInstructHeader","UI","label","","","","Instructions","","Anleitung","Instrucciones","Instructions","Istruzioni","使い方","사용 방법","Instrukcja","Instruções","Инструкция","Talimatlar","使用说明","使用說明"
"xuiAGFFeatOverviewNoteHeader","UI","label","","","","Note from AuroraGiggleFairy (AGF)","","Hinweis von AuroraGiggleFairy (AGF)","Nota de AuroraGiggleFairy (AGF)","Note d'AuroraGiggleFairy (AGF)","Nota di AuroraGiggleFairy (AGF)","AuroraGiggleFairy (AGF)からのメモ","AuroraGiggleFairy (AGF)의 메모","Notatka od AuroraGiggleFairy (AGF)","Recado de AuroraGiggleFairy (AGF)","Заметка от AuroraGiggleFairy (AGF)","AuroraGiggleFairy (AGF) notu","来自 AuroraGiggleFairy (AGF) 的说明","來自 AuroraGiggleFairy (AGF) 的說明"
"xuiAGFFeatOverviewNoteBody","UI","label","","","","I've been making and supporting 7 Days to Die mods for seven years, and I love this work — the hard fixes, the updates, and helping players, modders, and servers.\n\nIf you want to help me, you can tell others about my mods, join Discord to test and give feedback, or Donate directly.","","Ich mache und betreue seit sieben Jahren Mods für 7 Days to Die, und ich liebe diese Arbeit — die kniffligen Fixes, die Updates und die Hilfe für Spieler, Modder und Server.\n\nWenn du mir helfen möchtest, kannst du anderen von meinen Mods erzählen, auf Discord zum Testen und für Feedback kommen oder direkt Spenden.","Llevo siete años creando y dando soporte a mods de 7 Days to Die, y me encanta este trabajo: las correcciones difíciles, las actualizaciones y ayudar a jugadores, modders y servidores.\n\nSi quieres ayudarme, puedes hablar de mis mods, unirte a Discord para probar y dar opiniones, o Donar directamente.","Je crée et prends en charge des mods pour 7 Days to Die depuis sept ans, et j'adore ce travail — les correctifs difficiles, les mises à jour, et l'aide aux joueurs, aux moddeurs et aux serveurs.\n\nSi vous voulez m'aider, parlez de mes mods, rejoignez Discord pour tester et donner votre avis, ou utilisez Don directement.","Creo e supporto mod per 7 Days to Die da sette anni, e adoro questo lavoro — le correzioni difficili, gli aggiornamenti e l'aiuto a giocatori, modder e server.\n\nSe vuoi aiutarmi, puoi parlare delle mie mod, unirti a Discord per testare e dare feedback, o Dona direttamente.","7 Days to Dieのモッドを作ってサポートして7年になります。難しい修正、更新、プレイヤー・モッダー・サーバーの手伝い、この仕事が好きです。\n\n応援してくれるなら、モッドを人に勧める、Discordでテストとフィードバック、または下の「支援」から直接どうぞ。","7 Days to Die 모드를 만들고 지원한 지 7년입니다. 어려운 수정, 업데이트, 플레이어·모더·서버를 돕는 이 일을 좋아합니다.\n\n저를 돕고 싶다면 모드를 알리고, 디스코드에서 테스트와 피드백을 주거나, 아래에서 직접 후원하면 됩니다.","Tworzę i wspieram mody do 7 Days to Die od siedmiu lat i kocham tę pracę — trudne poprawki, aktualizacje oraz pomoc graczom, modderom i serwerom.\n\nJeśli chcesz mi pomóc, opowiedz innym o moich modach, dołącz na Discord, by testować i dawać opinię, albo użyj Wsparcie bezpośrednio.","Faço e mantenho mods de 7 Days to Die há sete anos, e eu amo este trabalho — os consertos difíceis, as atualizações e ajudar jogadores, modders e servidores.\n\nSe quiser me ajudar, pode falar dos meus mods, entrar no Discord para testar e dar feedback, ou Doar diretamente.","Я уже семь лет создаю и поддерживаю моды для 7 Days to Die и люблю эту работу — сложные правки, обновления и помощь игрокам, моддерам и серверам.\n\nЕсли хотите помочь мне, расскажите о модах другим, зайдите в Discord для тестов и отзывов или нажмите «Донат» напрямую.","Yedi yıldır 7 Days to Die modları yapıyor ve destekliyorum; bu işi seviyorum — zor düzeltmeler, güncellemeler ve oyunculara, modculara, sunuculara yardım.\n\nBana yardımcı olmak isterseniz modlarımı başkalarına anlatın, test ve geri bildirim için Discord'a katılın veya doğrudan Bağış yapın.","我制作并维护 7 Days to Die 模组已经七年了，我喜欢这份工作——棘手的修复、更新，以及帮助玩家、模组作者和服务器。\n\n若想帮我，可以向别人推荐我的模组，加入 Discord 参与测试和反馈，或直接点下方「捐赠」。","我製作並維護 7 Days to Die 模組已經七年了，我喜歡這份工作——棘手的修復、更新，以及幫助玩家、模組作者和伺服器。\n\n若想幫我，可以向別人推薦我的模組，加入 Discord 參與測試與回饋，或直接點下方「捐贈」。"
"xuiAGFFeatOverviewDonate","UI","label","","","","Donate","","Spenden","Donar","Don","Dona","支援","후원","Wsparcie","Doar","Донат","Bağış","捐赠","捐贈"
"xuiAGFFeatOverviewContactHeader","UI","label","","","","Contact AGF","","Kontakt AGF","Contacto AGF","Contact AGF","Contatti AGF","AGFに連絡","AGF 연락","Kontakt AGF","Contato AGF","Связь с AGF","AGF iletişim","联系 AGF","聯絡 AGF"
"xuiAGFFeatOverviewContactBtn","UI","label","","","","Discord","","Discord","Discord","Discord","Discord","Discord","Discord","Discord","Discord","Discord","Discord","Discord","Discord"
"xuiAGFFeatOverviewCol1","UI","label","","","","This menu is for the AGF mods that are installed.\n\nUse Pages on the left to open a mod and see how to configure its features.\n\nIf you have EnhancedAGF installed and EAC is off, some pages add settings buttons so you can configure the features here instead of only using chat commands.\n\nTo hide this menu while staying on the ESC screen, click AGF Mods again.\n\nQuestions? Use Contact AGF on the right.","","Dieses Menü gilt für die installierten AGF-Mods.\n\nNutze links Seiten, um einen Mod zu öffnen und zu sehen, wie du seine Funktionen einstellst.\n\nWenn EnhancedAGF installiert ist und EAC aus ist, fügen manche Seiten Einstellungs-Buttons hinzu, damit du die Funktionen hier statt nur über Chat-Befehle einstellen kannst.\n\nUm dieses Menü auszublenden und auf dem ESC-Bildschirm zu bleiben, klicke erneut auf AGF-Mods.\n\nFragen? Nutze rechts Kontakt AGF.","Este menú es para los mods AGF que estén instalados.\n\nUsa Páginas a la izquierda para abrir un mod y ver cómo configurar sus funciones.\n\nSi tienes EnhancedAGF instalado y EAC está desactivado, algunas páginas añaden botones de ajustes para configurar las funciones aquí en lugar de usar solo comandos de chat.\n\nPara ocultar este menú y seguir en la pantalla ESC, pulsa Mods AGF otra vez.\n\n¿Preguntas? Usa Contacto AGF a la derecha.","Ce menu concerne les mods AGF installés.\n\nUtilisez Pages à gauche pour ouvrir un mod et voir comment configurer ses fonctions.\n\nSi EnhancedAGF est installé et que l'EAC est désactivé, certaines pages ajoutent des boutons de paramètres pour configurer les fonctions ici au lieu d'utiliser uniquement les commandes de chat.\n\nPour masquer ce menu tout en restant sur l'écran ESC, cliquez à nouveau sur Mods AGF.\n\nDes questions ? Utilisez Contact AGF à droite.","Questo menu è per le mod AGF installate.\n\nUsa Pagine a sinistra per aprire una mod e vedere come configurare le sue funzioni.\n\nSe hai EnhancedAGF installato e l'EAC è disattivato, alcune pagine aggiungono pulsanti Impostazioni per configurare le funzioni qui invece di usare solo i comandi chat.\n\nPer nascondere questo menu restando sulla schermata ESC, clicca di nuovo su Mod AGF.\n\nDomande? Usa Contatti AGF a destra.","このメニューは、インストールされているAGFモッド用です。\n\n左のページからモッドを開き、機能の設定方法を確認できます。\n\nEnhancedAGFがインストールされていてEACがオフの場合、一部のページに設定ボタンが追加され、チャットコマンドだけでなく、ここで機能を設定できます。\n\nESC画面に残ったままこのメニューを隠すには、AGFモッドをもう一度クリックしてください。\n\n質問は右のAGFに連絡をご利用ください。","이 메뉴는 설치된 AGF 모드를 위한 것입니다.\n\n왼쪽의 페이지에서 모드를 열어 기능을 설정하는 방법을 확인할 수 있습니다.\n\nEnhancedAGF가 설치되어 있고 EAC가 꺼져 있으면, 일부 페이지에 설정 버튼이 추가되어 채팅 명령만이 아니라 여기에서 기능을 설정할 수 있습니다.\n\nESC 화면에 머문 채로 이 메뉴를 숨기려면 AGF 모드를 다시 클릭하세요.\n\n질문이 있으면 오른쪽의 AGF 연락을 이용하세요.","To menu dotyczy zainstalowanych modów AGF.\n\nUżyj „Strony” po lewej, by otworzyć mod i zobaczyć, jak skonfigurować jego funkcje.\n\nJeśli masz zainstalowane EnhancedAGF i EAC jest wyłączone, niektóre strony dodają przyciski Ustawienia, by skonfigurować funkcje tutaj, a nie tylko komendami czatu.\n\nAby ukryć to menu i zostać na ekranie ESC, kliknij ponownie Mody AGF.\n\nPytania? Użyj Kontakt AGF po prawej.","Este menu é para os mods AGF que estão instalados.\n\nUse Páginas à esquerda para abrir um mod e ver como configurar os recursos.\n\nSe você tem o EnhancedAGF instalado e o EAC está desligado, algumas páginas adicionam botões de configurações para configurar os recursos aqui em vez de usar só comandos de chat.\n\nPara ocultar este menu e continuar na tela ESC, clique em Mods AGF de novo.\n\nDúvidas? Use Contato AGF à direita.","Это меню для установленных модов AGF.\n\nИспользуйте «Страницы» слева, чтобы открыть мод и посмотреть, как настроить его функции.\n\nЕсли у вас установлен EnhancedAGF и EAC выключен, на некоторых страницах появляются кнопки настроек, чтобы настраивать функции здесь, а не только чат-командами.\n\nЧтобы скрыть это меню, оставаясь на экране ESC, нажмите «Моды AGF» ещё раз.\n\nВопросы? Используйте «Связь с AGF» справа.","Bu menü yüklü AGF modları içindir.\n\nSoldaki Sayfalar ile bir modu açıp özelliklerini nasıl ayarlayacağınızı görebilirsiniz.\n\nEnhancedAGF yüklüyse ve EAC kapalıysa, bazı sayfalar Ayarlar düğmeleri ekler; böylece özellikleri yalnızca sohbet komutlarıyla değil, burada da ayarlayabilirsiniz.\n\nESC ekranında kalarak bu menüyü gizlemek için AGF Modları öğesine tekrar tıklayın.\n\nSorularınız mı var? Sağdaki AGF iletişim bölümünü kullanın.","本菜单用于已安装的 AGF 模组。\n\n使用左侧的页面打开模组，查看如何配置其功能。\n\n如果已安装 EnhancedAGF 且关闭了 EAC，部分页面会增加设置按钮，让你可以在此配置功能，而不仅限于聊天命令。\n\n若要隐藏本菜单并留在 ESC 界面，请再次点击 AGF 模组。\n\n有问题？请使用右侧的联系 AGF。","本選單用於已安裝的 AGF 模組。\n\n使用左側的頁面開啟模組，查看如何設定其功能。\n\n如果已安裝 EnhancedAGF 且關閉了 EAC，部分頁面會增加設定按鈕，讓你可以在此設定功能，而不只使用聊天指令。\n\n若要隱藏本選單並留在 ESC 畫面，請再次點擊 AGF 模組。\n\n有問題？請使用右側的聯絡 AGF。"
"xuiAGFFeatOverviewCol2","UI","label","","","","I'm on Discord for installs, conflicts, crashes, making mods, server setup, plus feedback, accessibility, and language needs or requests. Newcomers and veterans alike.","","Ich bin auf Discord für Installation, Konflikte, Abstürze, Mods erstellen, Server einrichten sowie Feedback, Barrierefreiheit und Sprachbedarf oder -wünsche. Einsteiger und Veteranen gleichermaßen.","Estoy en Discord para instalaciones, conflictos, crashes, crear mods, montar el servidor, y también comentarios, accesibilidad e idioma. Novatos y veteranos por igual.","Je suis sur Discord pour l'install, les conflits, les plantages, la création de mods, la config serveur, ainsi que retours, accessibilité et besoins ou demandes linguistiques. Débutants comme vétérans.","Sono su Discord per installazioni, conflitti, crash, creazione di mod, setup del server, più feedback, accessibilità e richieste di lingua. Principianti e veterani allo stesso modo.","Discordで導入・競合・クラッシュ、モッド作成、サーバー構築、フィードバック、アクセシビリティ、言語の要望に対応します。初心者も経験者もどうぞ。","디스코드에서 설치, 충돌, 크래시, 모드 제작, 서버 구축, 피드백, 접근성, 언어 요청을 받습니다. 초보와 숙련자 모두 환영합니다.","Jestem na Discordzie: instalacja, konflikty, awarie, tworzenie modów, serwer, plus opinie, dostępność i potrzeby lub prośby językowe. Nowicjusze i weterani.","Estou no Discord para instalações, conflitos, crashes, criação de mods, montar servidor, além de feedback, acessibilidade e idioma. Iniciantes e veteranos.","Я в Discord: установка, конфликты, вылеты, создание модов, настройка сервера, а также отзывы, доступность и язык. Новички и ветераны.","Discord'dayım: kurulum, çakışmalar, çökmeler, mod yapımı, sunucu kurulumu, ayrıca geri bildirim, erişilebilirlik ve dil. Yeni başlayanlar ve deneyimliler.","我在 Discord 上协助安装、模组冲突、崩溃、制作模组、搭建服务器，也欢迎反馈、无障碍与语言方面的需求或建议。新手和老玩家都欢迎。","我在 Discord 上協助安裝、模組衝突、當機、製作模組、架設伺服器，也歡迎回饋、無障礙與語言方面的需求或建議。新手和老玩家都歡迎。"
"xuiAGFFeatTabHUD","UI","label","","","","Enhanced HUD","","Erweitertes HUD","HUD mejorado","HUD amélioré","HUD migliorato","拡張HUD","향상된 HUD","Rozszerzony HUD","HUD aprimorado","Расширенный HUD","Gelişmiş HUD","增强 HUD","增強 HUD"
"xuiAGFFeatHUDCol1","UI","label","","","","[8DB580]DESCRIPTION[-]\n\n    HUD customization options will be here soon.\n\n","","[8DB580]BESCHREIBUNG[-]\n\n    HUD-Anpassungsoptionen folgen in Kürze.\n\n","[8DB580]DESCRIPCIÓN[-]\n\n    Las opciones de personalización del HUD estarán aquí pronto.\n\n","[8DB580]DESCRIPTION[-]\n\n    Les options de personnalisation du HUD arriveront bientôt ici.\n\n","[8DB580]DESCRIZIONE[-]\n\n    Le opzioni di personalizzazione dell'HUD arriveranno presto qui.\n\n","[8DB580]説明[-]\n\n    HUDのカスタマイズオプションは近日ここに表示されます。\n\n","[8DB580]설명[-]\n\n    HUD 맞춤 설정 옵션이 곧 여기에 표시됩니다.\n\n","[8DB580]OPIS[-]\n\n    Opcje dostosowania HUD pojawią się tu wkrótce.\n\n","[8DB580]DESCRIÇÃO[-]\n\n    As opções de personalização do HUD estarão aqui em breve.\n\n","[8DB580]ОПИСАНИЕ[-]\n\n    Параметры настройки HUD скоро будут здесь.\n\n","[8DB580]AÇIKLAMA[-]\n\n    HUD özelleştirme seçenekleri yakında burada olacak.\n\n","[8DB580]说明[-]\n\n    HUD 自定义选项即将放在这里。\n\n","[8DB580]說明[-]\n\n    HUD 自訂選項即將放在這裡。\n\n"
"xuiAGFFeatHUDCol2","UI","label","","","","","","","","","","","","","","","","",""
"xuiAGFFeatTabEIP","UI","label","","","","Enhanced Prompts","","Erweiterte Hinweise","Indicaciones mejoradas","Invites améliorées","Prompt migliorati","拡張プロンプト","향상된 프롬프트","Rozszerzone podpowiedzi","Prompts aprimorados","Расширенные подсказки","Gelişmiş İstemler","增强提示","增強提示"
"xuiAGFFeatEIPCommands","UI","label","","","","[8DB580]DESCRIPTION[-]\n\n    Adds a header plate behind the vanilla look-at prompt, plus a details card with extra status rows.\n\n\n\n","","[8DB580]BESCHREIBUNG[-]\n\n    Fügt hinter dem Standard-Blickhinweis eine Kopfleiste hinzu sowie eine Detailkarte mit zusätzlichen Statuszeilen.\n\n\n\n","[8DB580]DESCRIPCIÓN[-]\n\n    Añade una placa de cabecera detrás de la indicación vanilla al mirar, más una tarjeta de detalles con filas de estado extra.\n\n\n\n","[8DB580]DESCRIPTION[-]\n\n    Ajoute une plaque d'en-tête derrière l'invite vanilla du regard, plus une carte de détails avec des lignes d'état supplémentaires.\n\n\n\n","[8DB580]DESCRIZIONE[-]\n\n    Aggiunge una piastra dell'intestazione dietro il prompt vanilla quando punti lo sguardo, più una scheda dettagli con righe di stato extra.\n\n\n\n","[8DB580]説明[-]\n\n    バニラの注視プロンプトの後ろにヘッダーを追加し、追加の状態行がある詳細カードも表示します。\n\n\n\n","[8DB580]설명[-]\n\n    바닐라 바라보기 프롬프트 뒤에 헤더 판을 넣고, 추가 상태 줄이 있는 상세 카드도 표시합니다.\n\n\n\n","[8DB580]OPIS[-]\n\n    Dodaje belkę nagłówka za podpowiedzią vanilla przy patrzeniu oraz kartę szczegółów z dodatkowymi wierszami stanu.\n\n\n\n","[8DB580]DESCRIÇÃO[-]\n\n    Adiciona uma placa de cabeçalho atrás do prompt vanilla ao olhar, mais um cartão de detalhes com linhas extras de estado.\n\n\n\n","[8DB580]ОПИСАНИЕ[-]\n\n    Добавляет табличку заголовка за стандартной подсказкой при взгляде, плюс карточку подробностей с дополнительными строками статуса.\n\n\n\n","[8DB580]AÇIKLAMA[-]\n\n    Vanilla bakış isteminin arkasına bir başlık plakası ekler, ayrıca ekstra durum satırları olan bir ayrıntı kartı gösterir.\n\n\n\n","[8DB580]说明[-]\n\n    在原版注视提示后方加入顶栏底板，并显示带额外状态行的详情卡。\n\n\n\n","[8DB580]說明[-]\n\n    在原版注視提示後方加入頂欄底板，並顯示含額外狀態列的詳情卡。\n\n\n\n"
"xuiAGFFeatEIPCommandsHV","UI","label","","","","[D2B26C]DESCRIPTION[-]\n\n    Adds a header plate behind the vanilla look-at prompt, plus a details card with extra status rows.\n\n\n\n","","[D2B26C]BESCHREIBUNG[-]\n\n    Fügt hinter dem Standard-Blickhinweis eine Kopfleiste hinzu sowie eine Detailkarte mit zusätzlichen Statuszeilen.\n\n\n\n","[D2B26C]DESCRIPCIÓN[-]\n\n    Añade una placa de cabecera detrás de la indicación vanilla al mirar, más una tarjeta de detalles con filas de estado extra.\n\n\n\n","[D2B26C]DESCRIPTION[-]\n\n    Ajoute une plaque d'en-tête derrière l'invite vanilla du regard, plus une carte de détails avec des lignes d'état supplémentaires.\n\n\n\n","[D2B26C]DESCRIZIONE[-]\n\n    Aggiunge una piastra dell'intestazione dietro il prompt vanilla quando punti lo sguardo, più una scheda dettagli con righe di stato extra.\n\n\n\n","[D2B26C]説明[-]\n\n    バニラの注視プロンプトの後ろにヘッダーを追加し、追加の状態行がある詳細カードも表示します。\n\n\n\n","[D2B26C]설명[-]\n\n    바닐라 바라보기 프롬프트 뒤에 헤더 판을 넣고, 추가 상태 줄이 있는 상세 카드도 표시합니다.\n\n\n\n","[D2B26C]OPIS[-]\n\n    Dodaje belkę nagłówka za podpowiedzią vanilla przy patrzeniu oraz kartę szczegółów z dodatkowymi wierszami stanu.\n\n\n\n","[D2B26C]DESCRIÇÃO[-]\n\n    Adiciona uma placa de cabeçalho atrás do prompt vanilla ao olhar, mais um cartão de detalhes com linhas extras de estado.\n\n\n\n","[D2B26C]ОПИСАНИЕ[-]\n\n    Добавляет табличку заголовка за стандартной подсказкой при взгляде, плюс карточку подробностей с дополнительными строками статуса.\n\n\n\n","[D2B26C]AÇIKLAMA[-]\n\n    Vanilla bakış isteminin arkasına bir başlık plakası ekler, ayrıca ekstra durum satırları olan bir ayrıntı kartı gösterir.\n\n\n\n","[D2B26C]说明[-]\n\n    在原版注视提示后方加入顶栏底板，并显示带额外状态行的详情卡。\n\n\n\n","[D2B26C]說明[-]\n\n    在原版注視提示後方加入頂欄底板，並顯示含額外狀態列的詳情卡。\n\n\n\n"
"xuiAGFFeatEIPFeatures","UI","label","","","","[8DB580]CHAT COMMANDS[-]\n\n    [8DB580]/agfep[-]   checks the current prompt mode.\n\n    [8DB580]/agfep full[-]   shows the header plate and details card.\n\n    [8DB580]/agfep partial[-]   shows the header plate only.\n\n    [8DB580]/agfep off[-]   uses the vanilla prompt.","","[8DB580]CHAT-BEFEHLE[-]\n\n    [8DB580]/agfep[-]   zeigt den aktuellen Hinweis-Modus.\n\n    [8DB580]/agfep full[-]   zeigt Kopfleiste und Detailkarte.\n\n    [8DB580]/agfep partial[-]   zeigt nur die Kopfleiste.\n\n    [8DB580]/agfep off[-]   nutzt den Standard-Hinweis.","[8DB580]COMANDOS DE CHAT[-]\n\n    [8DB580]/agfep[-]   comprueba el modo actual de la indicación.\n\n    [8DB580]/agfep full[-]   muestra la placa de cabecera y la tarjeta de detalles.\n\n    [8DB580]/agfep partial[-]   muestra solo la placa de cabecera.\n\n    [8DB580]/agfep off[-]   usa la indicación vanilla.","[8DB580]COMMANDES DE CHAT[-]\n\n    [8DB580]/agfep[-]   indique le mode actuel de l'invite.\n\n    [8DB580]/agfep full[-]   affiche la plaque d'en-tête et la carte de détails.\n\n    [8DB580]/agfep partial[-]   affiche seulement la plaque d'en-tête.\n\n    [8DB580]/agfep off[-]   utilise l'invite vanilla.","[8DB580]COMANDI CHAT[-]\n\n    [8DB580]/agfep[-]   controlla la modalità attuale del prompt.\n\n    [8DB580]/agfep full[-]   mostra la piastra dell'intestazione e la scheda dettagli.\n\n    [8DB580]/agfep partial[-]   mostra solo la piastra dell'intestazione.\n\n    [8DB580]/agfep off[-]   usa il prompt vanilla.","[8DB580]チャットコマンド[-]\n\n    [8DB580]/agfep[-]   現在のプロンプトモードを確認します。\n\n    [8DB580]/agfep full[-]   ヘッダーと詳細カードを表示します。\n\n    [8DB580]/agfep partial[-]   ヘッダーのみ表示します。\n\n    [8DB580]/agfep off[-]   バニラのプロンプトを使います。","[8DB580]채팅 명령[-]\n\n    [8DB580]/agfep[-]   현재 프롬프트 모드를 확인합니다.\n\n    [8DB580]/agfep full[-]   헤더 판과 상세 카드를 표시합니다.\n\n    [8DB580]/agfep partial[-]   헤더 판만 표시합니다.\n\n    [8DB580]/agfep off[-]   바닐라 프롬프트를 사용합니다.","[8DB580]KOMENDY CZATU[-]\n\n    [8DB580]/agfep[-]   sprawdza bieżący tryb podpowiedzi.\n\n    [8DB580]/agfep full[-]   pokazuje belkę nagłówka i kartę szczegółów.\n\n    [8DB580]/agfep partial[-]   pokazuje tylko belkę nagłówka.\n\n    [8DB580]/agfep off[-]   używa podpowiedzi vanilla.","[8DB580]COMANDOS DE CHAT[-]\n\n    [8DB580]/agfep[-]   verifica o modo atual do prompt.\n\n    [8DB580]/agfep full[-]   mostra a placa de cabeçalho e o cartão de detalhes.\n\n    [8DB580]/agfep partial[-]   mostra só a placa de cabeçalho.\n\n    [8DB580]/agfep off[-]   usa o prompt vanilla.","[8DB580]ЧАТ-КОМАНДЫ[-]\n\n    [8DB580]/agfep[-]   проверяет текущий режим подсказки.\n\n    [8DB580]/agfep full[-]   показывает табличку заголовка и карточку подробностей.\n\n    [8DB580]/agfep partial[-]   показывает только табличку заголовка.\n\n    [8DB580]/agfep off[-]   использует стандартную подсказку.","[8DB580]SOHBET KOMUTLARI[-]\n\n    [8DB580]/agfep[-]   geçerli istem kipini kontrol eder.\n\n    [8DB580]/agfep full[-]   başlık plakasını ve ayrıntı kartını gösterir.\n\n    [8DB580]/agfep partial[-]   yalnızca başlık plakasını gösterir.\n\n    [8DB580]/agfep off[-]   vanilla istemi kullanır.","[8DB580]聊天命令[-]\n\n    [8DB580]/agfep[-]   查看当前提示模式。\n\n    [8DB580]/agfep full[-]   显示顶栏底板和详情卡。\n\n    [8DB580]/agfep partial[-]   只显示顶栏底板。\n\n    [8DB580]/agfep off[-]   使用原版提示。","[8DB580]聊天指令[-]\n\n    [8DB580]/agfep[-]   查看目前提示模式。\n\n    [8DB580]/agfep full[-]   顯示頂欄底板與詳情卡。\n\n    [8DB580]/agfep partial[-]   只顯示頂欄底板。\n\n    [8DB580]/agfep off[-]   使用原版提示。"
"xuiAGFFeatTabSA","UI","label","","","","Screamer Alert","","Schreier-Alarm","Alerta de Chillona","Alerte Hurleuse","Allerta Urlatrice","スクリーマー警告","스크리머 경고","Alert Wrzeszczotki","Alerta de Gritadora","Тревога: Крикунья","Çığlıkçı Uyarısı","尖叫者警报","尖叫者警報"
"xuiAGFFeatSACommands","UI","label","","","","[8DB580]DESCRIPTION[-]\n\n    Sends private chat alerts for Screamers and Screamer hordes within 120m.\n\n\n\n[8DB580]*NOTE about EnhancedAGF mod:[-]\n\n    If EnhancedAGF is installed locally and EAC is off, live on-screen alerts replace private chat. EnhancedAGF also adds a new Count option, which shows how many Screamers or horde zombies are nearby.","","[8DB580]BESCHREIBUNG[-]\n\n    Sendet private Chat-Alarme für Schreier und Schreier-Horden im Umkreis von 120 m.\n\n\n\n[8DB580]*HINWEIS zu EnhancedAGF:[-]\n\n    Ist EnhancedAGF lokal installiert und EAC aus, ersetzen Live-Alarme auf dem Bildschirm den privaten Chat. EnhancedAGF fügt außerdem die neue Option Anzahl hinzu, die zeigt, wie viele Schreier oder Horden-Zombies in der Nähe sind.","[8DB580]DESCRIPCIÓN[-]\n\n    Envía alertas de chat privadas de Chillonas y hordas de Chillonas en un radio de 120 m.\n\n\n\n[8DB580]*NOTA sobre el mod EnhancedAGF:[-]\n\n    Si EnhancedAGF está instalado en local y EAC está desactivado, las alertas en pantalla sustituyen al chat privado. EnhancedAGF también añade la opción Recuento, que muestra cuántas Chillonas o zombis de horda hay cerca.","[8DB580]DESCRIPTION[-]\n\n    Envoie des alertes de chat privées pour les Hurleuses et les hordes de Hurleuses dans un rayon de 120 m.\n\n\n\n[8DB580]*NOTE à propos du mod EnhancedAGF :[-]\n\n    Si EnhancedAGF est installé en local et que l'EAC est désactivé, des alertes à l'écran remplacent le chat privé. EnhancedAGF ajoute aussi l'option Comptage, qui indique combien de Hurleuses ou de zombies de horde sont à proximité.","[8DB580]DESCRIZIONE[-]\n\n    Invia avvisi chat privati per Urlatrici e orde di Urlatrici entro 120 m.\n\n\n\n[8DB580]*NOTA sul mod EnhancedAGF:[-]\n\n    Se EnhancedAGF è installato in locale e l'EAC è disattivato, gli avvisi a schermo sostituiscono la chat privata. EnhancedAGF aggiunge anche l'opzione Conteggio, che mostra quante Urlatrici o zombi dell'orda sono vicini.","[8DB580]説明[-]\n\n    120m以内のスクリーマーとスクリーマーの大群を、プライベートチャットで知らせます。\n\n\n\n[8DB580]*EnhancedAGFモッドについての注記:[-]\n\n    EnhancedAGFがこの端末に入っていてEACがオフなら、プライベートチャットの代わりに画面上のリアルタイム警告になります。EnhancedAGFはカウントオプションも追加し、近くのスクリーマーや大群ゾンビの数を表示します。","[8DB580]설명[-]\n\n    120m 안의 스크리머와 스크리머 호드를 귓속말 채팅으로 알립니다.\n\n\n\n[8DB580]*EnhancedAGF 모드 참고:[-]\n\n    EnhancedAGF가 이 기기에 설치되어 있고 EAC가 꺼져 있으면, 귓속말 대신 화면 실시간 경보가 뜹니다. EnhancedAGF는 카운트 옵션도 추가하여 근처 스크리머나 호드 좀비 수를 보여 줍니다.","[8DB580]OPIS[-]\n\n    Wysyła prywatne alerty czatu o Wrzeszczotkach i hordach Wrzeszczotek w promieniu 120 m.\n\n\n\n[8DB580]*UWAGA o modzie EnhancedAGF:[-]\n\n    Jeśli EnhancedAGF jest zainstalowany lokalnie, a EAC jest wyłączone, alerty na ekranie zastępują prywatny czat. EnhancedAGF dodaje też opcję Licznik, która pokazuje, ile Wrzeszczotek lub zombie hordy jest w pobliżu.","[8DB580]DESCRIÇÃO[-]\n\n    Envia alertas de chat privados de Gritadoras e hordas de Gritadoras num raio de 120 m.\n\n\n\n[8DB580]*NOTA sobre o mod EnhancedAGF:[-]\n\n    Se o EnhancedAGF estiver instalado neste cliente e o EAC estiver desligado, alertas na tela substituem o chat privado. O EnhancedAGF também adiciona a opção Contagem, que mostra quantas Gritadoras ou zumbis da horda estão por perto.","[8DB580]ОПИСАНИЕ[-]\n\n    Отправляет личные чат-оповещения о Крикуньях и ордах Крикуний в радиусе 120 м.\n\n\n\n[8DB580]*ПРИМЕЧАНИЕ о моде EnhancedAGF:[-]\n\n    Если EnhancedAGF установлен локально и EAC выключен, живые оповещения на экране заменяют личный чат. EnhancedAGF также добавляет режим Счёт, который показывает, сколько Крикуний или зомби орды рядом.","[8DB580]AÇIKLAMA[-]\n\n    120 m içindeki Çığlıkçıları ve Çığlıkçı sürülerini özel sohbet uyarısı olarak gönderir.\n\n\n\n[8DB580]*EnhancedAGF modu notu:[-]\n\n    EnhancedAGF bu istemcide kuruluysa ve EAC kapalıysa, özel sohbet yerine ekrandaki canlı uyarılar gelir. EnhancedAGF ayrıca yakındaki Çığlıkçı veya sürü zombisi sayısını gösteren Sayı seçeneğini ekler.","[8DB580]说明[-]\n\n    对 120 米内的尖叫者及尖叫者尸潮发送私人聊天警报。\n\n\n\n[8DB580]*关于 EnhancedAGF 模组的说明:[-]\n\n    若本机安装了 EnhancedAGF 且关闭 EAC，屏幕上的即时警报会取代私人聊天。EnhancedAGF 还会加入计数选项，显示附近有多少尖叫者或尸潮僵尸。","[8DB580]說明[-]\n\n    對 120 公尺內的尖叫者及尖叫者屍潮發送私人聊天警報。\n\n\n\n[8DB580]*關於 EnhancedAGF 模組的說明:[-]\n\n    若本機安裝了 EnhancedAGF 且關閉 EAC，畫面上的即時警報會取代私人聊天。EnhancedAGF 還會加入計數選項，顯示附近有多少尖叫者或屍潮殭屍。"
"xuiAGFFeatSACommandsHV","UI","label","","","","[D2B26C]DESCRIPTION[-]\n\n    Sends private chat alerts for Screamers and Screamer hordes within 120m.\n\n\n\n[D2B26C]*NOTE about EnhancedAGF mod:[-]\n\n    If EnhancedAGF is installed locally and EAC is off, live on-screen alerts replace private chat. EnhancedAGF also adds a new Count option, which shows how many Screamers or horde zombies are nearby.","","[D2B26C]BESCHREIBUNG[-]\n\n    Sendet private Chat-Alarme für Schreier und Schreier-Horden im Umkreis von 120 m.\n\n\n\n[D2B26C]*HINWEIS zu EnhancedAGF:[-]\n\n    Ist EnhancedAGF lokal installiert und EAC aus, ersetzen Live-Alarme auf dem Bildschirm den privaten Chat. EnhancedAGF fügt außerdem die neue Option Anzahl hinzu, die zeigt, wie viele Schreier oder Horden-Zombies in der Nähe sind.","[D2B26C]DESCRIPCIÓN[-]\n\n    Envía alertas de chat privadas de Chillonas y hordas de Chillonas en un radio de 120 m.\n\n\n\n[D2B26C]*NOTA sobre el mod EnhancedAGF:[-]\n\n    Si EnhancedAGF está instalado en local y EAC está desactivado, las alertas en pantalla sustituyen al chat privado. EnhancedAGF también añade la opción Recuento, que muestra cuántas Chillonas o zombis de horda hay cerca.","[D2B26C]DESCRIPTION[-]\n\n    Envoie des alertes de chat privées pour les Hurleuses et les hordes de Hurleuses dans un rayon de 120 m.\n\n\n\n[D2B26C]*NOTE à propos du mod EnhancedAGF :[-]\n\n    Si EnhancedAGF est installé en local et que l'EAC est désactivé, des alertes à l'écran remplacent le chat privé. EnhancedAGF ajoute aussi l'option Comptage, qui indique combien de Hurleuses ou de zombies de horde sont à proximité.","[D2B26C]DESCRIZIONE[-]\n\n    Invia avvisi chat privati per Urlatrici e orde di Urlatrici entro 120 m.\n\n\n\n[D2B26C]*NOTA sul mod EnhancedAGF:[-]\n\n    Se EnhancedAGF è installato in locale e l'EAC è disattivato, gli avvisi a schermo sostituiscono la chat privata. EnhancedAGF aggiunge anche l'opzione Conteggio, che mostra quante Urlatrici o zombi dell'orda sono vicini.","[D2B26C]説明[-]\n\n    120m以内のスクリーマーとスクリーマーの大群を、プライベートチャットで知らせます。\n\n\n\n[D2B26C]*EnhancedAGFモッドについての注記:[-]\n\n    EnhancedAGFがこの端末に入っていてEACがオフなら、プライベートチャットの代わりに画面上のリアルタイム警告になります。EnhancedAGFはカウントオプションも追加し、近くのスクリーマーや大群ゾンビの数を表示します。","[D2B26C]설명[-]\n\n    120m 안의 스크리머와 스크리머 호드를 귓속말 채팅으로 알립니다.\n\n\n\n[D2B26C]*EnhancedAGF 모드 참고:[-]\n\n    EnhancedAGF가 이 기기에 설치되어 있고 EAC가 꺼져 있으면, 귓속말 대신 화면 실시간 경보가 뜹니다. EnhancedAGF는 카운트 옵션도 추가하여 근처 스크리머나 호드 좀비 수를 보여 줍니다.","[D2B26C]OPIS[-]\n\n    Wysyła prywatne alerty czatu o Wrzeszczotkach i hordach Wrzeszczotek w promieniu 120 m.\n\n\n\n[D2B26C]*UWAGA o modzie EnhancedAGF:[-]\n\n    Jeśli EnhancedAGF jest zainstalowany lokalnie, a EAC jest wyłączone, alerty na ekranie zastępują prywatny czat. EnhancedAGF dodaje też opcję Licznik, która pokazuje, ile Wrzeszczotek lub zombie hordy jest w pobliżu.","[D2B26C]DESCRIÇÃO[-]\n\n    Envia alertas de chat privados de Gritadoras e hordas de Gritadoras num raio de 120 m.\n\n\n\n[D2B26C]*NOTA sobre o mod EnhancedAGF:[-]\n\n    Se o EnhancedAGF estiver instalado neste cliente e o EAC estiver desligado, alertas na tela substituem o chat privado. O EnhancedAGF também adiciona a opção Contagem, que mostra quantas Gritadoras ou zumbis da horda estão por perto.","[D2B26C]ОПИСАНИЕ[-]\n\n    Отправляет личные чат-оповещения о Крикуньях и ордах Крикуний в радиусе 120 м.\n\n\n\n[D2B26C]*ПРИМЕЧАНИЕ о моде EnhancedAGF:[-]\n\n    Если EnhancedAGF установлен локально и EAC выключен, живые оповещения на экране заменяют личный чат. EnhancedAGF также добавляет режим Счёт, который показывает, сколько Крикуний или зомби орды рядом.","[D2B26C]AÇIKLAMA[-]\n\n    120 m içindeki Çığlıkçıları ve Çığlıkçı sürülerini özel sohbet uyarısı olarak gönderir.\n\n\n\n[D2B26C]*EnhancedAGF modu notu:[-]\n\n    EnhancedAGF bu istemcide kuruluysa ve EAC kapalıysa, özel sohbet yerine ekrandaki canlı uyarılar gelir. EnhancedAGF ayrıca yakındaki Çığlıkçı veya sürü zombisi sayısını gösteren Sayı seçeneğini ekler.","[D2B26C]说明[-]\n\n    对 120 米内的尖叫者及尖叫者尸潮发送私人聊天警报。\n\n\n\n[D2B26C]*关于 EnhancedAGF 模组的说明:[-]\n\n    若本机安装了 EnhancedAGF 且关闭 EAC，屏幕上的即时警报会取代私人聊天。EnhancedAGF 还会加入计数选项，显示附近有多少尖叫者或尸潮僵尸。","[D2B26C]說明[-]\n\n    對 120 公尺內的尖叫者及尖叫者屍潮發送私人聊天警報。\n\n\n\n[D2B26C]*關於 EnhancedAGF 模組的說明:[-]\n\n    若本機安裝了 EnhancedAGF 且關閉 EAC，畫面上的即時警報會取代私人聊天。EnhancedAGF 還會加入計數選項，顯示附近有多少尖叫者或屍潮殭屍。"
"xuiAGFFeatSAFeatures","UI","label","","","","[8DB580]CHAT COMMANDS[-]\n\n    [8DB580]/agfsa[-]   checks if it is on or off.\n\n    [8DB580]/agfsa on[-]   turns it on.\n\n    [8DB580]/agfsa off[-]   turns it off.","","[8DB580]CHAT-BEFEHLE[-]\n\n    [8DB580]/agfsa[-]   prüft, ob es ein oder aus ist.\n\n    [8DB580]/agfsa on[-]   schaltet es ein.\n\n    [8DB580]/agfsa off[-]   schaltet es aus.","[8DB580]COMANDOS DE CHAT[-]\n\n    [8DB580]/agfsa[-]   comprueba si está activado o desactivado.\n\n    [8DB580]/agfsa on[-]   lo activa.\n\n    [8DB580]/agfsa off[-]   lo desactiva.","[8DB580]COMMANDES DE CHAT[-]\n\n    [8DB580]/agfsa[-]   indique si c'est activé ou désactivé.\n\n    [8DB580]/agfsa on[-]   l'active.\n\n    [8DB580]/agfsa off[-]   le désactive.","[8DB580]COMANDI CHAT[-]\n\n    [8DB580]/agfsa[-]   controlla se è attivo o disattivo.\n\n    [8DB580]/agfsa on[-]   lo attiva.\n\n    [8DB580]/agfsa off[-]   lo disattiva.","[8DB580]チャットコマンド[-]\n\n    [8DB580]/agfsa[-]   オンかオフかを確認します。\n\n    [8DB580]/agfsa on[-]   オンにします。\n\n    [8DB580]/agfsa off[-]   オフにします。","[8DB580]채팅 명령[-]\n\n    [8DB580]/agfsa[-]   켜짐 또는 꺼짐인지 확인합니다.\n\n    [8DB580]/agfsa on[-]   켭니다.\n\n    [8DB580]/agfsa off[-]   끕니다.","[8DB580]KOMENDY CZATU[-]\n\n    [8DB580]/agfsa[-]   sprawdza, czy jest włączone czy wyłączone.\n\n    [8DB580]/agfsa on[-]   włącza.\n\n    [8DB580]/agfsa off[-]   wyłącza.","[8DB580]COMANDOS DE CHAT[-]\n\n    [8DB580]/agfsa[-]   verifica se está ligado ou desligado.\n\n    [8DB580]/agfsa on[-]   liga.\n\n    [8DB580]/agfsa off[-]   desliga.","[8DB580]ЧАТ-КОМАНДЫ[-]\n\n    [8DB580]/agfsa[-]   проверяет, включено или выключено.\n\n    [8DB580]/agfsa on[-]   включает.\n\n    [8DB580]/agfsa off[-]   выключает.","[8DB580]SOHBET KOMUTLARI[-]\n\n    [8DB580]/agfsa[-]   açık mı kapalı mı bakar.\n\n    [8DB580]/agfsa on[-]   açar.\n\n    [8DB580]/agfsa off[-]   kapatır.","[8DB580]聊天命令[-]\n\n    [8DB580]/agfsa[-]   查看当前是开还是关。\n\n    [8DB580]/agfsa on[-]   开启。\n\n    [8DB580]/agfsa off[-]   关闭。","[8DB580]聊天指令[-]\n\n    [8DB580]/agfsa[-]   查看目前是開還是關。\n\n    [8DB580]/agfsa on[-]   開啟。\n\n    [8DB580]/agfsa off[-]   關閉。"
"xuiAGFFeatTabVET","UI","label","","","","Entity Tracker","","Entity-Tracker","Rastreador de entidades","Traqueur d'entités","Tracciatore entità","エンティティトラッカー","엔티티 트래커","Tropiciel istot","Rastreador de entidades","Трекер сущностей","Varlık Takipçisi","实体追踪器","實體追蹤器"
"xuiAGFFeatVETCommands","UI","label","","","","[8DB580]DESCRIPTION[-]\n\n    Provides visual compass cues for nearby entities within 25m.\n\n\n\n[8DB580]*NOTE about EnhancedAGF mod:[-]\n\n    If EnhancedAGF is installed locally and EAC is off, you can toggle the tracker with Off and On buttons here, in addition to chat commands.","","[8DB580]BESCHREIBUNG[-]\n\n    Zeigt visuelle Kompasshinweise für Wesen im Umkreis von 25 m.\n\n\n\n[8DB580]*HINWEIS zu EnhancedAGF:[-]\n\n    Ist EnhancedAGF lokal installiert und EAC aus, kannst du den Tracker hier zusätzlich zu den Chat-Befehlen mit den Buttons Aus und Ein umschalten.","[8DB580]DESCRIPCIÓN[-]\n\n    Muestra marcas visuales en la brújula para entidades cercanas en un radio de 25 m.\n\n\n\n[8DB580]*NOTA sobre el mod EnhancedAGF:[-]\n\n    Si EnhancedAGF está instalado en local y EAC está desactivado, puedes alternar el rastreador con los botones Apagado y Encendido de aquí, además de los comandos de chat.","[8DB580]DESCRIPTION[-]\n\n    Affiche des repères visuels de boussole pour les entités proches dans un rayon de 25 m.\n\n\n\n[8DB580]*NOTE à propos du mod EnhancedAGF :[-]\n\n    Si EnhancedAGF est installé en local et que l'EAC est désactivé, vous pouvez activer ou désactiver le traqueur avec les boutons Désactivé et Activé ici, en plus des commandes de chat.","[8DB580]DESCRIZIONE[-]\n\n    Mostra segnali visivi sulla bussola per le entità vicine entro 25 m.\n\n\n\n[8DB580]*NOTA sul mod EnhancedAGF:[-]\n\n    Se EnhancedAGF è installato in locale e l'EAC è disattivato, puoi attivare o disattivare il tracciatore con i pulsanti Disattivato e Attivato qui, oltre ai comandi chat.","[8DB580]説明[-]\n\n    25m以内の近くのエンティティをコンパス上の目印で示します。\n\n\n\n[8DB580]*EnhancedAGFモッドについての注記:[-]\n\n    EnhancedAGFがこの端末に入っていてEACがオフなら、チャットコマンドに加えて、ここのオフ／オンボタンでトラッカーを切り替えられます。","[8DB580]설명[-]\n\n    25m 안의 근처 엔티티를 나침반 표시로 보여 줍니다.\n\n\n\n[8DB580]*EnhancedAGF 모드 참고:[-]\n\n    EnhancedAGF가 이 기기에 설치되어 있고 EAC가 꺼져 있으면, 채팅 명령 외에 여기의 끔/켬 버튼으로 트래커를 전환할 수 있습니다.","[8DB580]OPIS[-]\n\n    Pokazuje wizualne znaczniki kompasu dla istot w promieniu 25 m.\n\n\n\n[8DB580]*UWAGA o modzie EnhancedAGF:[-]\n\n    Jeśli EnhancedAGF jest zainstalowany lokalnie, a EAC jest wyłączone, możesz przełączać tropiciela przyciskami Wyłączone i Włączone tutaj, oprócz komend czatu.","[8DB580]DESCRIÇÃO[-]\n\n    Mostra marcas visuais na bússola para entidades próximas num raio de 25 m.\n\n\n\n[8DB580]*NOTA sobre o mod EnhancedAGF:[-]\n\n    Se o EnhancedAGF estiver instalado neste cliente e o EAC estiver desligado, você pode ligar e desligar o rastreador com os botões Desligado e Ligado daqui, além dos comandos de chat.","[8DB580]ОПИСАНИЕ[-]\n\n    Показывает визуальные метки компаса для сущностей в радиусе 25 м.\n\n\n\n[8DB580]*ПРИМЕЧАНИЕ о моде EnhancedAGF:[-]\n\n    Если EnhancedAGF установлен локально и EAC выключен, трекер можно переключать кнопками Выкл и Вкл здесь, помимо чат-команд.","[8DB580]AÇIKLAMA[-]\n\n    25 m içindeki yakındaki varlıklar için görsel pusula işaretleri sağlar.\n\n\n\n[8DB580]*EnhancedAGF modu notu:[-]\n\n    EnhancedAGF bu istemcide kuruluysa ve EAC kapalıysa, sohbet komutlarına ek olarak buradaki Kapalı ve Açık düğmeleriyle takipçiyi açıp kapatabilirsiniz.","[8DB580]说明[-]\n\n    为 25 米内附近实体提供罗盘视觉提示。\n\n\n\n[8DB580]*关于 EnhancedAGF 模组的说明:[-]\n\n    若本机安装了 EnhancedAGF 且关闭 EAC，除聊天命令外，还可以用这里的关和开按钮切换追踪器。","[8DB580]說明[-]\n\n    為 25 公尺內附近實體提供羅盤視覺提示。\n\n\n\n[8DB580]*關於 EnhancedAGF 模組的說明:[-]\n\n    若本機安裝了 EnhancedAGF 且關閉 EAC，除聊天指令外，還可以用這裡的關和開按鈕切換追蹤器。"
"xuiAGFFeatVETCommandsHV","UI","label","","","","[D2B26C]DESCRIPTION[-]\n\n    Provides visual compass cues for nearby entities within 25m.\n\n\n\n[D2B26C]*NOTE about EnhancedAGF mod:[-]\n\n    If EnhancedAGF is installed locally and EAC is off, you can toggle the tracker with Off and On buttons here, in addition to chat commands.","","[D2B26C]BESCHREIBUNG[-]\n\n    Zeigt visuelle Kompasshinweise für Wesen im Umkreis von 25 m.\n\n\n\n[D2B26C]*HINWEIS zu EnhancedAGF:[-]\n\n    Ist EnhancedAGF lokal installiert und EAC aus, kannst du den Tracker hier zusätzlich zu den Chat-Befehlen mit den Buttons Aus und Ein umschalten.","[D2B26C]DESCRIPCIÓN[-]\n\n    Muestra marcas visuales en la brújula para entidades cercanas en un radio de 25 m.\n\n\n\n[D2B26C]*NOTA sobre el mod EnhancedAGF:[-]\n\n    Si EnhancedAGF está instalado en local y EAC está desactivado, puedes alternar el rastreador con los botones Apagado y Encendido de aquí, además de los comandos de chat.","[D2B26C]DESCRIPTION[-]\n\n    Affiche des repères visuels de boussole pour les entités proches dans un rayon de 25 m.\n\n\n\n[D2B26C]*NOTE à propos du mod EnhancedAGF :[-]\n\n    Si EnhancedAGF est installé en local et que l'EAC est désactivé, vous pouvez activer ou désactiver le traqueur avec les boutons Désactivé et Activé ici, en plus des commandes de chat.","[D2B26C]DESCRIZIONE[-]\n\n    Mostra segnali visivi sulla bussola per le entità vicine entro 25 m.\n\n\n\n[D2B26C]*NOTA sul mod EnhancedAGF:[-]\n\n    Se EnhancedAGF è installato in locale e l'EAC è disattivato, puoi attivare o disattivare il tracciatore con i pulsanti Disattivato e Attivato qui, oltre ai comandi chat.","[D2B26C]説明[-]\n\n    25m以内の近くのエンティティをコンパス上の目印で示します。\n\n\n\n[D2B26C]*EnhancedAGFモッドについての注記:[-]\n\n    EnhancedAGFがこの端末に入っていてEACがオフなら、チャットコマンドに加えて、ここのオフ／オンボタンでトラッカーを切り替えられます。","[D2B26C]설명[-]\n\n    25m 안의 근처 엔티티를 나침반 표시로 보여 줍니다.\n\n\n\n[D2B26C]*EnhancedAGF 모드 참고:[-]\n\n    EnhancedAGF가 이 기기에 설치되어 있고 EAC가 꺼져 있으면, 채팅 명령 외에 여기의 끔/켬 버튼으로 트래커를 전환할 수 있습니다.","[D2B26C]OPIS[-]\n\n    Pokazuje wizualne znaczniki kompasu dla istot w promieniu 25 m.\n\n\n\n[D2B26C]*UWAGA o modzie EnhancedAGF:[-]\n\n    Jeśli EnhancedAGF jest zainstalowany lokalnie, a EAC jest wyłączone, możesz przełączać tropiciela przyciskami Wyłączone i Włączone tutaj, oprócz komend czatu.","[D2B26C]DESCRIÇÃO[-]\n\n    Mostra marcas visuais na bússola para entidades próximas num raio de 25 m.\n\n\n\n[D2B26C]*NOTA sobre o mod EnhancedAGF:[-]\n\n    Se o EnhancedAGF estiver instalado neste cliente e o EAC estiver desligado, você pode ligar e desligar o rastreador com os botões Desligado e Ligado daqui, além dos comandos de chat.","[D2B26C]ОПИСАНИЕ[-]\n\n    Показывает визуальные метки компаса для сущностей в радиусе 25 м.\n\n\n\n[D2B26C]*ПРИМЕЧАНИЕ о моде EnhancedAGF:[-]\n\n    Если EnhancedAGF установлен локально и EAC выключен, трекер можно переключать кнопками Выкл и Вкл здесь, помимо чат-команд.","[D2B26C]AÇIKLAMA[-]\n\n    25 m içindeki yakındaki varlıklar için görsel pusula işaretleri sağlar.\n\n\n\n[D2B26C]*EnhancedAGF modu notu:[-]\n\n    EnhancedAGF bu istemcide kuruluysa ve EAC kapalıysa, sohbet komutlarına ek olarak buradaki Kapalı ve Açık düğmeleriyle takipçiyi açıp kapatabilirsiniz.","[D2B26C]说明[-]\n\n    为 25 米内附近实体提供罗盘视觉提示。\n\n\n\n[D2B26C]*关于 EnhancedAGF 模组的说明:[-]\n\n    若本机安装了 EnhancedAGF 且关闭 EAC，除聊天命令外，还可以用这里的关和开按钮切换追踪器。","[D2B26C]說明[-]\n\n    為 25 公尺內附近實體提供羅盤視覺提示。\n\n\n\n[D2B26C]*關於 EnhancedAGF 模組的說明:[-]\n\n    若本機安裝了 EnhancedAGF 且關閉 EAC，除聊天指令外，還可以用這裡的關和開按鈕切換追蹤器。"
"xuiAGFFeatVETFeatures","UI","label","","","","[8DB580]CHAT COMMANDS[-]\n\n    [8DB580]/agfet[-]   checks if it is on or off.\n\n    [8DB580]/agfet on[-]   turns it on.\n\n    [8DB580]/agfet off[-]   turns it off.","","[8DB580]CHAT-BEFEHLE[-]\n\n    [8DB580]/agfet[-]   prüft, ob es ein oder aus ist.\n\n    [8DB580]/agfet on[-]   schaltet es ein.\n\n    [8DB580]/agfet off[-]   schaltet es aus.","[8DB580]COMANDOS DE CHAT[-]\n\n    [8DB580]/agfet[-]   comprueba si está activado o desactivado.\n\n    [8DB580]/agfet on[-]   lo activa.\n\n    [8DB580]/agfet off[-]   lo desactiva.","[8DB580]COMMANDES DE CHAT[-]\n\n    [8DB580]/agfet[-]   indique si c'est activé ou désactivé.\n\n    [8DB580]/agfet on[-]   l'active.\n\n    [8DB580]/agfet off[-]   le désactive.","[8DB580]COMANDI CHAT[-]\n\n    [8DB580]/agfet[-]   controlla se è attivo o disattivo.\n\n    [8DB580]/agfet on[-]   lo attiva.\n\n    [8DB580]/agfet off[-]   lo disattiva.","[8DB580]チャットコマンド[-]\n\n    [8DB580]/agfet[-]   オンかオフかを確認します。\n\n    [8DB580]/agfet on[-]   オンにします。\n\n    [8DB580]/agfet off[-]   オフにします。","[8DB580]채팅 명령[-]\n\n    [8DB580]/agfet[-]   켜짐 또는 꺼짐인지 확인합니다.\n\n    [8DB580]/agfet on[-]   켭니다.\n\n    [8DB580]/agfet off[-]   끕니다.","[8DB580]KOMENDY CZATU[-]\n\n    [8DB580]/agfet[-]   sprawdza, czy jest włączone czy wyłączone.\n\n    [8DB580]/agfet on[-]   włącza.\n\n    [8DB580]/agfet off[-]   wyłącza.","[8DB580]COMANDOS DE CHAT[-]\n\n    [8DB580]/agfet[-]   verifica se está ligado ou desligado.\n\n    [8DB580]/agfet on[-]   liga.\n\n    [8DB580]/agfet off[-]   desliga.","[8DB580]ЧАТ-КОМАНДЫ[-]\n\n    [8DB580]/agfet[-]   проверяет, включено или выключено.\n\n    [8DB580]/agfet on[-]   включает.\n\n    [8DB580]/agfet off[-]   выключает.","[8DB580]SOHBET KOMUTLARI[-]\n\n    [8DB580]/agfet[-]   açık mı kapalı mı bakar.\n\n    [8DB580]/agfet on[-]   açar.\n\n    [8DB580]/agfet off[-]   kapatır.","[8DB580]聊天命令[-]\n\n    [8DB580]/agfet[-]   查看当前是开还是关。\n\n    [8DB580]/agfet on[-]   开启。\n\n    [8DB580]/agfet off[-]   关闭。","[8DB580]聊天指令[-]\n\n    [8DB580]/agfet[-]   查看目前是開還是關。\n\n    [8DB580]/agfet on[-]   開啟。\n\n    [8DB580]/agfet off[-]   關閉。"
"xuiAGFFeatVETFeaturesEagf","UI","label","","","","[8DB580]CHAT COMMANDS[-]\n\n    [8DB580]/agfet[-]   checks if it is on or off.\n\n    [8DB580]/agfet on[-]   turns it on.\n\n    [8DB580]/agfet off[-]   turns it off.","","[8DB580]CHAT-BEFEHLE[-]\n\n    [8DB580]/agfet[-]   prüft, ob es ein oder aus ist.\n\n    [8DB580]/agfet on[-]   schaltet es ein.\n\n    [8DB580]/agfet off[-]   schaltet es aus.","[8DB580]COMANDOS DE CHAT[-]\n\n    [8DB580]/agfet[-]   comprueba si está activado o desactivado.\n\n    [8DB580]/agfet on[-]   lo activa.\n\n    [8DB580]/agfet off[-]   lo desactiva.","[8DB580]COMMANDES DE CHAT[-]\n\n    [8DB580]/agfet[-]   indique si c'est activé ou désactivé.\n\n    [8DB580]/agfet on[-]   l'active.\n\n    [8DB580]/agfet off[-]   le désactive.","[8DB580]COMANDI CHAT[-]\n\n    [8DB580]/agfet[-]   controlla se è attivo o disattivo.\n\n    [8DB580]/agfet on[-]   lo attiva.\n\n    [8DB580]/agfet off[-]   lo disattiva.","[8DB580]チャットコマンド[-]\n\n    [8DB580]/agfet[-]   オンかオフかを確認します。\n\n    [8DB580]/agfet on[-]   オンにします。\n\n    [8DB580]/agfet off[-]   オフにします。","[8DB580]채팅 명령[-]\n\n    [8DB580]/agfet[-]   켜짐 또는 꺼짐인지 확인합니다.\n\n    [8DB580]/agfet on[-]   켭니다.\n\n    [8DB580]/agfet off[-]   끕니다.","[8DB580]KOMENDY CZATU[-]\n\n    [8DB580]/agfet[-]   sprawdza, czy jest włączone czy wyłączone.\n\n    [8DB580]/agfet on[-]   włącza.\n\n    [8DB580]/agfet off[-]   wyłącza.","[8DB580]COMANDOS DE CHAT[-]\n\n    [8DB580]/agfet[-]   verifica se está ligado ou desligado.\n\n    [8DB580]/agfet on[-]   liga.\n\n    [8DB580]/agfet off[-]   desliga.","[8DB580]ЧАТ-КОМАНДЫ[-]\n\n    [8DB580]/agfet[-]   проверяет, включено или выключено.\n\n    [8DB580]/agfet on[-]   включает.\n\n    [8DB580]/agfet off[-]   выключает.","[8DB580]SOHBET KOMUTLARI[-]\n\n    [8DB580]/agfet[-]   açık mı kapalı mı bakar.\n\n    [8DB580]/agfet on[-]   açar.\n\n    [8DB580]/agfet off[-]   kapatır.","[8DB580]聊天命令[-]\n\n    [8DB580]/agfet[-]   查看当前是开还是关。\n\n    [8DB580]/agfet on[-]   开启。\n\n    [8DB580]/agfet off[-]   关闭。","[8DB580]聊天指令[-]\n\n    [8DB580]/agfet[-]   查看目前是開還是關。\n\n    [8DB580]/agfet on[-]   開啟。\n\n    [8DB580]/agfet off[-]   關閉。"
"xuiAGFFeatTabLS","UI","label","","","","Lockable Stations","","Verschließbare Stationen","Estaciones bloqueables","Stations verrouillables","Stazioni bloccabili","ロック可能な作業台","잠글 수 있는 작업대","Stacje zamykane","Estações traváveis","Блокируемые станции","Kilitlenebilir İstasyonlar","可上锁工作站","可上鎖工作站"
"xuiAGFFeatLSCommands","UI","label","","","","[8DB580]DESCRIPTION[-]\n\n    Players can lock interactable stations and electronics.\n\n[8DB580]*Supported Blocks: [-]\n    Campfire, Forge, Chemistry Station, Workbench, Cement Mixer, Apiary, Chicken Coop, Dew Collector, Generator Bank, Battery Bank, Solar Bank, Dart Trap, SMG Auto Turret, Shotgun Auto Turret, M60 Auto Turret\n\n\n\n[8DB580]*NOTE about EnhancedAGF mod:[-]\n\n    If EnhancedAGF is installed locally and EAC is off, you can lock and unlock from the UI like storages.\n","","[8DB580]BESCHREIBUNG[-]\n\n    Spieler können interaktive Stationen und Elektronik abschließen.\n\n[8DB580]*Unterstützte Blöcke: [-]\n    Lagerfeuer, Schmiede, Chemiestation, Werkbank, Zementmischer, Bienenhaus, Hühnerstall, Tausammler, Generator, Batteriebank, Solarpanel, Dart-Falle, Automatischer Maschinenpistolengeschützturm, Automatischer Schrotflintengeschützturm, Automatischer M60-Geschützturm\n\n\n\n[8DB580]*HINWEIS zu EnhancedAGF:[-]\n\n    Ist EnhancedAGF lokal installiert und EAC aus, kannst du wie bei Behältern über die UI abschließen und öffnen.\n","[8DB580]DESCRIPCIÓN[-]\n\n    Los jugadores pueden bloquear estaciones interactivas y dispositivos electrónicos.\n\n[8DB580]*Bloques compatibles: [-]\n    Fogatas, Fragua, Estación de química, Mesa de trabajo, Hormigonera, Colmenar, Gallinero, Recolector de rocío, Banco generador, Batería portátil, Banco de paneles solares, Trampa de dardos, Torreta automática de metralleta, Torreta automática de escopeta, Torreta automática de M60\n\n\n\n[8DB580]*NOTA sobre el mod EnhancedAGF:[-]\n\n    Si EnhancedAGF está instalado en local y EAC está desactivado, puedes bloquear y desbloquear desde la IU como en los contenedores.\n","[8DB580]DESCRIPTION[-]\n\n    Les joueurs peuvent verrouiller les stations interactives et l'électronique.\n\n[8DB580]*Blocs pris en charge : [-]\n    Feu de camp, Forge, Atelier de chimie, Établi, Bétonnière, Rucher, Poulailler, Ramasseur de rosée, Groupe électrogène, Banc de batteries, Groupe solaire, Piège à fléchettes, Tourelle à mitraillette automatique, Tourelle à fusil à pompe automatique, Tourelle M60 automatique\n\n\n\n[8DB580]*NOTE à propos du mod EnhancedAGF :[-]\n\n    Si EnhancedAGF est installé en local et que l'EAC est désactivé, vous pouvez verrouiller et déverrouiller depuis l'IU comme pour les conteneurs.\n","[8DB580]DESCRIZIONE[-]\n\n    I giocatori possono bloccare stazioni interattive ed elettronica.\n\n[8DB580]*Blocchi supportati: [-]\n    Falò, Fucina, Laboratorio chimico, Banco da lavoro, Betoniera, Apiario, Pollaio, Raccoglitore di rugiada, Generatore, Caricabatteria, Generatore solare, Trappola con dardi, Torretta automatica per mitra, Torretta automatica per fucile, Torretta automatica M60\n\n\n\n[8DB580]*NOTA sul mod EnhancedAGF:[-]\n\n    Se EnhancedAGF è installato in locale e l'EAC è disattivato, puoi bloccare e sbloccare dall'IU come per i contenitori.\n","[8DB580]説明[-]\n\n    操作できる作業台や電子機器をロックできます。\n\n[8DB580]*対応ブロック: [-]\n    キャンプファイヤー、炉、化学実験ステーション、作業台、セメントミキサー、養蜂箱、ニワトリ小屋、水滴収集器、発電バンク、バッテリーバンク、太陽充電バンク、ダーツトラップ、SMG自動砲台、ショットガン自動砲台、M60自動砲台\n\n\n\n[8DB580]*EnhancedAGFモッドについての注記:[-]\n\n    EnhancedAGFがこの端末に入っていてEACがオフなら、コンテナと同じようにUIからロック／解除できます。\n","[8DB580]설명[-]\n\n    플레이어가 상호작용 가능한 작업대와 전자 장치를 잠글 수 있습니다.\n\n[8DB580]*지원 블록: [-]\n    캠프파이어, 화덕, 화학 작업기, 작업대, 시멘트 믹서, 양봉장, 닭장, 이슬 수집기, 제네레이터 뱅크, 배터리 저장고, 태양광 저장고, 다트 트랩, SMG 자동 터렛, 산탄총 자동 터렛, M60 자동 터렛\n\n\n\n[8DB580]*EnhancedAGF 모드 참고:[-]\n\n    EnhancedAGF가 이 기기에 설치되어 있고 EAC가 꺼져 있으면, 보관함처럼 UI에서 잠그고 해제할 수 있습니다.\n","[8DB580]OPIS[-]\n\n    Gracze mogą zamykać interaktywne stacje i elektronikę.\n\n[8DB580]*Obsługiwane bloki: [-]\n    Ognisko, Kuźnia, Laboratorium chemiczne, Warsztat, Betoniarka, Pasieka, Kurnik, Kolektor rosy, Bateria agregatów, Bateria akumulatorów, Bateria słoneczna, Pułapka z rzutkami, Wieżyczka automatyczna z pistoletem maszynowym, Wieżyczka automatyczna ze strzelbą, Wieżyczka automatyczna M60\n\n\n\n[8DB580]*UWAGA o modzie EnhancedAGF:[-]\n\n    Jeśli EnhancedAGF jest zainstalowany lokalnie, a EAC jest wyłączone, możesz zamykać i otwierać z UI tak jak pojemniki.\n","[8DB580]DESCRIÇÃO[-]\n\n    Jogadores podem trancar estações interativas e eletrônicos.\n\n[8DB580]*Blocos compatíveis: [-]\n    Fogueira, Forja, Estação de Química, Bancada, Betoneira, Apiário, Galinheiro, Coletor de orvalho, Banco de geradores, Banco de baterias, Banco solar, Armadilha de dardos, Torreta automática de submetralhadora, Torreta automática de espingarda, Torreta automática de M60\n\n\n\n[8DB580]*NOTA sobre o mod EnhancedAGF:[-]\n\n    Se o EnhancedAGF estiver instalado neste cliente e o EAC estiver desligado, você pode trancar e destrancar pela IU como nos recipientes.\n","[8DB580]ОПИСАНИЕ[-]\n\n    Игроки могут запирать интерактивные станции и электронику.\n\n[8DB580]*Поддерживаемые блоки: [-]\n    Костер, Кузница, Химлаборатория, Верстак, Бетономешалка, Пасека, Курятник, Коллектор росы, Генератор, Аккумуляторный блок, Солнечная батарея, Ловушка с дротиками, Автоматическая турель-ПП, Автоматическая турель-дробовик, Автоматическая турель М60\n\n\n\n[8DB580]*ПРИМЕЧАНИЕ о моде EnhancedAGF:[-]\n\n    Если EnhancedAGF установлен локально и EAC выключен, запирать и отпирать можно из интерфейса, как контейнеры.\n","[8DB580]AÇIKLAMA[-]\n\n    Oyuncular etkileşimli istasyonları ve elektronik aygıtları kilitleyebilir.\n\n[8DB580]*Desteklenen Bloklar: [-]\n    Kamp Ateşi, Demirci Ocağı, Kimya İstasyonu, Çalışma Tezgâhı, Çimento Mikseri, Kovanlık, Tavuk Kümesi, Çiy Toplayıcı, Jeneratör Bankası, Pil Şarj Ünitesi, Güneş Enerjisi Bankası, Oklu Tuzak, Otomatik Hafif Makineli Tüfek Tareti, Otomatik Av Tüfeği Tareti, M60 Otomatik Tareti\n\n\n\n[8DB580]*EnhancedAGF modu notu:[-]\n\n    EnhancedAGF bu istemcide kuruluysa ve EAC kapalıysa, depolar gibi arayüzden kilitleyip açabilirsiniz.\n","[8DB580]说明[-]\n\n    玩家可以锁定可互动的工作站和电子设备。\n\n[8DB580]*支持的方块: [-]\n    篝火、锻造炉、化学工作站、工作台、水泥搅拌机、蜂房、鸡舍、露水收集器、发电机组、电池组、太阳能组、飞镖陷阱、SMG自动炮塔、霰弹枪自动炮塔、M60 自动炮塔\n\n\n\n[8DB580]*关于 EnhancedAGF 模组的说明:[-]\n\n    若本机安装了 EnhancedAGF 且关闭 EAC，可以像容器一样从界面上锁和解锁。\n","[8DB580]說明[-]\n\n    玩家可以鎖定可互動的工作站與電子設備。\n\n[8DB580]*支援的方塊: [-]\n    營火、鍛造爐、化學工作站、工作臺、水泥攪拌機、養蜂箱、雞舍、露水收集器、發電機、電池組、太陽能電源、毒鏢陷阱、衝鋒槍自動炮臺、散彈獵槍自動炮臺、M60 自動炮塔\n\n\n\n[8DB580]*關於 EnhancedAGF 模組的說明:[-]\n\n    若本機安裝了 EnhancedAGF 且關閉 EAC，可以像容器一樣從介面上鎖與解鎖。\n"
"xuiAGFFeatLSCommandsHV","UI","label","","","","[D2B26C]DESCRIPTION[-]\n\n    Players can lock interactable stations and electronics.\n\n[D2B26C]*Supported Blocks: [-]\n    Campfire, Forge, Chemistry Station, Workbench, Cement Mixer, Apiary, Chicken Coop, Dew Collector, Generator Bank, Battery Bank, Solar Bank, Dart Trap, SMG Auto Turret, Shotgun Auto Turret, M60 Auto Turret\n\n\n\n[D2B26C]*NOTE about EnhancedAGF mod:[-]\n\n    If EnhancedAGF is installed locally and EAC is off, you can lock and unlock from the UI like storages.\n","","[D2B26C]BESCHREIBUNG[-]\n\n    Spieler können interaktive Stationen und Elektronik abschließen.\n\n[D2B26C]*Unterstützte Blöcke: [-]\n    Lagerfeuer, Schmiede, Chemiestation, Werkbank, Zementmischer, Bienenhaus, Hühnerstall, Tausammler, Generator, Batteriebank, Solarpanel, Dart-Falle, Automatischer Maschinenpistolengeschützturm, Automatischer Schrotflintengeschützturm, Automatischer M60-Geschützturm\n\n\n\n[D2B26C]*HINWEIS zu EnhancedAGF:[-]\n\n    Ist EnhancedAGF lokal installiert und EAC aus, kannst du wie bei Behältern über die UI abschließen und öffnen.\n","[D2B26C]DESCRIPCIÓN[-]\n\n    Los jugadores pueden bloquear estaciones interactivas y dispositivos electrónicos.\n\n[D2B26C]*Bloques compatibles: [-]\n    Fogatas, Fragua, Estación de química, Mesa de trabajo, Hormigonera, Colmenar, Gallinero, Recolector de rocío, Banco generador, Batería portátil, Banco de paneles solares, Trampa de dardos, Torreta automática de metralleta, Torreta automática de escopeta, Torreta automática de M60\n\n\n\n[D2B26C]*NOTA sobre el mod EnhancedAGF:[-]\n\n    Si EnhancedAGF está instalado en local y EAC está desactivado, puedes bloquear y desbloquear desde la IU como en los contenedores.\n","[D2B26C]DESCRIPTION[-]\n\n    Les joueurs peuvent verrouiller les stations interactives et l'électronique.\n\n[D2B26C]*Blocs pris en charge : [-]\n    Feu de camp, Forge, Atelier de chimie, Établi, Bétonnière, Rucher, Poulailler, Ramasseur de rosée, Groupe électrogène, Banc de batteries, Groupe solaire, Piège à fléchettes, Tourelle à mitraillette automatique, Tourelle à fusil à pompe automatique, Tourelle M60 automatique\n\n\n\n[D2B26C]*NOTE à propos du mod EnhancedAGF :[-]\n\n    Si EnhancedAGF est installé en local et que l'EAC est désactivé, vous pouvez verrouiller et déverrouiller depuis l'IU comme pour les conteneurs.\n","[D2B26C]DESCRIZIONE[-]\n\n    I giocatori possono bloccare stazioni interattive ed elettronica.\n\n[D2B26C]*Blocchi supportati: [-]\n    Falò, Fucina, Laboratorio chimico, Banco da lavoro, Betoniera, Apiario, Pollaio, Raccoglitore di rugiada, Generatore, Caricabatteria, Generatore solare, Trappola con dardi, Torretta automatica per mitra, Torretta automatica per fucile, Torretta automatica M60\n\n\n\n[D2B26C]*NOTA sul mod EnhancedAGF:[-]\n\n    Se EnhancedAGF è installato in locale e l'EAC è disattivato, puoi bloccare e sbloccare dall'IU come per i contenitori.\n","[D2B26C]説明[-]\n\n    操作できる作業台や電子機器をロックできます。\n\n[D2B26C]*対応ブロック: [-]\n    キャンプファイヤー、炉、化学実験ステーション、作業台、セメントミキサー、養蜂箱、ニワトリ小屋、水滴収集器、発電バンク、バッテリーバンク、太陽充電バンク、ダーツトラップ、SMG自動砲台、ショットガン自動砲台、M60自動砲台\n\n\n\n[D2B26C]*EnhancedAGFモッドについての注記:[-]\n\n    EnhancedAGFがこの端末に入っていてEACがオフなら、コンテナと同じようにUIからロック／解除できます。\n","[D2B26C]설명[-]\n\n    플레이어가 상호작용 가능한 작업대와 전자 장치를 잠글 수 있습니다.\n\n[D2B26C]*지원 블록: [-]\n    캠프파이어, 화덕, 화학 작업기, 작업대, 시멘트 믹서, 양봉장, 닭장, 이슬 수집기, 제네레이터 뱅크, 배터리 저장고, 태양광 저장고, 다트 트랩, SMG 자동 터렛, 산탄총 자동 터렛, M60 자동 터렛\n\n\n\n[D2B26C]*EnhancedAGF 모드 참고:[-]\n\n    EnhancedAGF가 이 기기에 설치되어 있고 EAC가 꺼져 있으면, 보관함처럼 UI에서 잠그고 해제할 수 있습니다.\n","[D2B26C]OPIS[-]\n\n    Gracze mogą zamykać interaktywne stacje i elektronikę.\n\n[D2B26C]*Obsługiwane bloki: [-]\n    Ognisko, Kuźnia, Laboratorium chemiczne, Warsztat, Betoniarka, Pasieka, Kurnik, Kolektor rosy, Bateria agregatów, Bateria akumulatorów, Bateria słoneczna, Pułapka z rzutkami, Wieżyczka automatyczna z pistoletem maszynowym, Wieżyczka automatyczna ze strzelbą, Wieżyczka automatyczna M60\n\n\n\n[D2B26C]*UWAGA o modzie EnhancedAGF:[-]\n\n    Jeśli EnhancedAGF jest zainstalowany lokalnie, a EAC jest wyłączone, możesz zamykać i otwierać z UI tak jak pojemniki.\n","[D2B26C]DESCRIÇÃO[-]\n\n    Jogadores podem trancar estações interativas e eletrônicos.\n\n[D2B26C]*Blocos compatíveis: [-]\n    Fogueira, Forja, Estação de Química, Bancada, Betoneira, Apiário, Galinheiro, Coletor de orvalho, Banco de geradores, Banco de baterias, Banco solar, Armadilha de dardos, Torreta automática de submetralhadora, Torreta automática de espingarda, Torreta automática de M60\n\n\n\n[D2B26C]*NOTA sobre o mod EnhancedAGF:[-]\n\n    Se o EnhancedAGF estiver instalado neste cliente e o EAC estiver desligado, você pode trancar e destrancar pela IU como nos recipientes.\n","[D2B26C]ОПИСАНИЕ[-]\n\n    Игроки могут запирать интерактивные станции и электронику.\n\n[D2B26C]*Поддерживаемые блоки: [-]\n    Костер, Кузница, Химлаборатория, Верстак, Бетономешалка, Пасека, Курятник, Коллектор росы, Генератор, Аккумуляторный блок, Солнечная батарея, Ловушка с дротиками, Автоматическая турель-ПП, Автоматическая турель-дробовик, Автоматическая турель М60\n\n\n\n[D2B26C]*ПРИМЕЧАНИЕ о моде EnhancedAGF:[-]\n\n    Если EnhancedAGF установлен локально и EAC выключен, запирать и отпирать можно из интерфейса, как контейнеры.\n","[D2B26C]AÇIKLAMA[-]\n\n    Oyuncular etkileşimli istasyonları ve elektronik aygıtları kilitleyebilir.\n\n[D2B26C]*Desteklenen Bloklar: [-]\n    Kamp Ateşi, Demirci Ocağı, Kimya İstasyonu, Çalışma Tezgâhı, Çimento Mikseri, Kovanlık, Tavuk Kümesi, Çiy Toplayıcı, Jeneratör Bankası, Pil Şarj Ünitesi, Güneş Enerjisi Bankası, Oklu Tuzak, Otomatik Hafif Makineli Tüfek Tareti, Otomatik Av Tüfeği Tareti, M60 Otomatik Tareti\n\n\n\n[D2B26C]*EnhancedAGF modu notu:[-]\n\n    EnhancedAGF bu istemcide kuruluysa ve EAC kapalıysa, depolar gibi arayüzden kilitleyip açabilirsiniz.\n","[D2B26C]说明[-]\n\n    玩家可以锁定可互动的工作站和电子设备。\n\n[D2B26C]*支持的方块: [-]\n    篝火、锻造炉、化学工作站、工作台、水泥搅拌机、蜂房、鸡舍、露水收集器、发电机组、电池组、太阳能组、飞镖陷阱、SMG自动炮塔、霰弹枪自动炮塔、M60 自动炮塔\n\n\n\n[D2B26C]*关于 EnhancedAGF 模组的说明:[-]\n\n    若本机安装了 EnhancedAGF 且关闭 EAC，可以像容器一样从界面上锁和解锁。\n","[D2B26C]說明[-]\n\n    玩家可以鎖定可互動的工作站與電子設備。\n\n[D2B26C]*支援的方塊: [-]\n    營火、鍛造爐、化學工作站、工作臺、水泥攪拌機、養蜂箱、雞舍、露水收集器、發電機、電池組、太陽能電源、毒鏢陷阱、衝鋒槍自動炮臺、散彈獵槍自動炮臺、M60 自動炮塔\n\n\n\n[D2B26C]*關於 EnhancedAGF 模組的說明:[-]\n\n    若本機安裝了 EnhancedAGF 且關閉 EAC，可以像容器一樣從介面上鎖與解鎖。\n"
"xuiAGFFeatLSFeatures","UI","label","","","","[8DB580]CHAT COMMANDS[-]\n\n*Use while looking at supported blocks within 15m.\n\n    [8DB580]/agfls [-]  shows options.\n\n    [8DB580]/agfls status [-]  shows if locked.\n\n    [8DB580]/agfls lock[-]   locks it (owner).\n\n    [8DB580]/agfls unlock[-]   unlocks it (owner).\n\n    [8DB580]/agfls pin use <pin>[-]   enters a PIN.\n\n   [8DB580] /agfls pin set <pin>[-]   sets a PIN (owner).\n\n    [8DB580]/agfls pin clear [-]  removes the PIN (owner).\n","","[8DB580]CHAT-BEFEHLE[-]\n\n*Verwenden, während du unterstützte Blöcke ansiehst (15 m).\n\n    [8DB580]/agfls [-]  zeigt Optionen.\n\n    [8DB580]/agfls status [-]  zeigt, ob abgeschlossen.\n\n    [8DB580]/agfls lock[-]   schließt ab (Besitzer).\n\n    [8DB580]/agfls unlock[-]   öffnet (Besitzer).\n\n    [8DB580]/agfls pin use <pin>[-]   gibt eine PIN ein.\n\n   [8DB580] /agfls pin set <pin>[-]   setzt eine PIN (Besitzer).\n\n    [8DB580]/agfls pin clear [-]  entfernt die PIN (Besitzer).\n","[8DB580]COMANDOS DE CHAT[-]\n\n*Usa al mirar bloques compatibles a 15 m.\n\n    [8DB580]/agfls [-]  muestra opciones.\n\n    [8DB580]/agfls status [-]  muestra si está bloqueada.\n\n    [8DB580]/agfls lock[-]   la bloquea (dueño).\n\n    [8DB580]/agfls unlock[-]   la desbloquea (dueño).\n\n    [8DB580]/agfls pin use <pin>[-]   introduce un PIN.\n\n   [8DB580] /agfls pin set <pin>[-]   pone un PIN (dueño).\n\n    [8DB580]/agfls pin clear [-]  quita el PIN (dueño).\n","[8DB580]COMMANDES DE CHAT[-]\n\n*Utilisez en regardant les blocs pris en charge dans un rayon de 15 m.\n\n    [8DB580]/agfls [-]  affiche les options.\n\n    [8DB580]/agfls status [-]  indique si c'est verrouillé.\n\n    [8DB580]/agfls lock[-]   verrouille (propriétaire).\n\n    [8DB580]/agfls unlock[-]   déverrouille (propriétaire).\n\n    [8DB580]/agfls pin use <pin>[-]   saisit un code PIN.\n\n   [8DB580] /agfls pin set <pin>[-]   définit un code PIN (propriétaire).\n\n    [8DB580]/agfls pin clear [-]  retire le code PIN (propriétaire).\n","[8DB580]COMANDI CHAT[-]\n\n*Usa guardando i blocchi supportati entro 15 m.\n\n    [8DB580]/agfls [-]  mostra le opzioni.\n\n    [8DB580]/agfls status [-]  mostra se è bloccata.\n\n    [8DB580]/agfls lock[-]   la blocca (proprietario).\n\n    [8DB580]/agfls unlock[-]   la sblocca (proprietario).\n\n    [8DB580]/agfls pin use <pin>[-]   inserisce un PIN.\n\n   [8DB580] /agfls pin set <pin>[-]   imposta un PIN (proprietario).\n\n    [8DB580]/agfls pin clear [-]  rimuove il PIN (proprietario).\n","[8DB580]チャットコマンド[-]\n\n*対応ブロックを見ながら使います（15m以内）。\n\n    [8DB580]/agfls [-]  オプションを表示します。\n\n    [8DB580]/agfls status [-]  ロック中かどうかを表示します。\n\n    [8DB580]/agfls lock[-]   ロックします（所有者）。\n\n    [8DB580]/agfls unlock[-]   解除します（所有者）。\n\n    [8DB580]/agfls pin use <pin>[-]   PINを入力します。\n\n   [8DB580] /agfls pin set <pin>[-]   PINを設定します（所有者）。\n\n    [8DB580]/agfls pin clear [-]  PINを削除します（所有者）。\n","[8DB580]채팅 명령[-]\n\n*지원 블록을 바라본 채로 사용하세요(15m 이내).\n\n    [8DB580]/agfls [-]  옵션을 표시합니다.\n\n    [8DB580]/agfls status [-]  잠겼는지 표시합니다.\n\n    [8DB580]/agfls lock[-]   잠급니다(소유자).\n\n    [8DB580]/agfls unlock[-]   해제합니다(소유자).\n\n    [8DB580]/agfls pin use <pin>[-]   PIN을 입력합니다.\n\n   [8DB580] /agfls pin set <pin>[-]   PIN을 설정합니다(소유자).\n\n    [8DB580]/agfls pin clear [-]  PIN을 제거합니다(소유자).\n","[8DB580]KOMENDY CZATU[-]\n\n*Używaj, patrząc na obsługiwane bloki w zasięgu 15 m.\n\n    [8DB580]/agfls [-]  pokazuje opcje.\n\n    [8DB580]/agfls status [-]  pokazuje, czy zamknięta.\n\n    [8DB580]/agfls lock[-]   zamyka (właściciel).\n\n    [8DB580]/agfls unlock[-]   otwiera (właściciel).\n\n    [8DB580]/agfls pin use <pin>[-]   wprowadza PIN.\n\n   [8DB580] /agfls pin set <pin>[-]   ustawia PIN (właściciel).\n\n    [8DB580]/agfls pin clear [-]  usuwa PIN (właściciel).\n","[8DB580]COMANDOS DE CHAT[-]\n\n*Use olhando para blocos compatíveis em 15 m.\n\n    [8DB580]/agfls [-]  mostra opções.\n\n    [8DB580]/agfls status [-]  mostra se está trancada.\n\n    [8DB580]/agfls lock[-]   tranca (dono).\n\n    [8DB580]/agfls unlock[-]   destranca (dono).\n\n    [8DB580]/agfls pin use <pin>[-]   insere um PIN.\n\n   [8DB580] /agfls pin set <pin>[-]   define um PIN (dono).\n\n    [8DB580]/agfls pin clear [-]  remove o PIN (dono).\n","[8DB580]ЧАТ-КОМАНДЫ[-]\n\n*Используйте, глядя на поддерживаемые блоки в пределах 15 м.\n\n    [8DB580]/agfls [-]  показывает опции.\n\n    [8DB580]/agfls status [-]  показывает, заперта ли.\n\n    [8DB580]/agfls lock[-]   запирает (владелец).\n\n    [8DB580]/agfls unlock[-]   отпирает (владелец).\n\n    [8DB580]/agfls pin use <pin>[-]   вводит PIN.\n\n   [8DB580] /agfls pin set <pin>[-]   задаёт PIN (владелец).\n\n    [8DB580]/agfls pin clear [-]  снимает PIN (владелец).\n","[8DB580]SOHBET KOMUTLARI[-]\n\n*Desteklenen bloklara bakarken kullanın (15 m).\n\n    [8DB580]/agfls [-]  seçenekleri gösterir.\n\n    [8DB580]/agfls status [-]  kilitli olup olmadığını gösterir.\n\n    [8DB580]/agfls lock[-]   kilitler (sahip).\n\n    [8DB580]/agfls unlock[-]   açar (sahip).\n\n    [8DB580]/agfls pin use <pin>[-]   PIN girer.\n\n   [8DB580] /agfls pin set <pin>[-]   PIN koyar (sahip).\n\n    [8DB580]/agfls pin clear [-]  PIN'i siler (sahip).\n","[8DB580]聊天命令[-]\n\n*看向支持的方块时使用（15 米内）。\n\n    [8DB580]/agfls [-]  显示选项。\n\n    [8DB580]/agfls status [-]  显示是否上锁。\n\n    [8DB580]/agfls lock[-]   上锁（所有者）。\n\n    [8DB580]/agfls unlock[-]   解锁（所有者）。\n\n    [8DB580]/agfls pin use <pin>[-]   输入 PIN。\n\n   [8DB580] /agfls pin set <pin>[-]   设置 PIN（所有者）。\n\n    [8DB580]/agfls pin clear [-]  清除 PIN（所有者）。\n","[8DB580]聊天指令[-]\n\n*看向支援的方塊時使用（15 公尺內）。\n\n    [8DB580]/agfls [-]  顯示選項。\n\n    [8DB580]/agfls status [-]  顯示是否上鎖。\n\n    [8DB580]/agfls lock[-]   上鎖（擁有者）。\n\n    [8DB580]/agfls unlock[-]   解鎖（擁有者）。\n\n    [8DB580]/agfls pin use <pin>[-]   輸入 PIN。\n\n   [8DB580] /agfls pin set <pin>[-]   設定 PIN（擁有者）。\n\n    [8DB580]/agfls pin clear [-]  清除 PIN（擁有者）。\n"
"xuiAGFFeatLSFeaturesEagf","UI","label","","","","Features:\n\nLock supported workstations you own so other players cannot use them.\n\nOptional PIN.\n\nLook at the station, then use chat.","","Funktionen:\n\nSchließe unterstützte Arbeitsstationen, die dir gehören, damit andere Spieler sie nicht nutzen können.\n\nOptionale PIN.\n\nSchau die Station an, dann nutze den Chat.","Características:\n\nBloquea estaciones de trabajo compatibles que poseas para que otros jugadores no las usen.\n\nPIN opcional.\n\nMira la estación y usa el chat.","Fonctionnalités :\n\nVerrouillez les stations prises en charge que vous possédez pour que les autres joueurs ne puissent pas les utiliser.\n\nCode PIN optionnel.\n\nRegardez la station, puis utilisez le chat.","Funzionalità:\n\nBlocca le stazioni supportate di tua proprietà così gli altri giocatori non possono usarle.\n\nPIN opzionale.\n\nGuarda la stazione, poi usa la chat.","機能:\n\n所有する対応作業台をロックし、他のプレイヤーが使えないようにします。\n\nPINは任意です。\n\n作業台を見てからチャットを使います。","기능:\n\n자신이 소유한 지원 작업대를 잠가 다른 플레이어가 쓰지 못하게 합니다.\n\nPIN은 선택 사항입니다.\n\n작업대를 본 다음 채팅을 사용하세요.","Funkcje:\n\nZamykaj obsługiwane stacje, które posiadasz, aby inni gracze nie mogli ich używać.\n\nOpcjonalny PIN.\n\nSpójrz na stację, potem użyj czatu.","Recursos:\n\nTrave estações compatíveis que você possui para outros jogadores não usarem.\n\nPIN opcional.\n\nOlhe a estação e use o chat.","Возможности:\n\nЗапирайте принадлежащие вам поддерживаемые станции, чтобы другие игроки не могли ими пользоваться.\n\nPIN по желанию.\n\nСмотрите на станцию, затем используйте чат.","Özellikler:\n\nSahip olduğunuz desteklenen istasyonları kilitleyerek diğer oyuncuların kullanmasını engeller.\n\nİsteğe bağlı PIN.\n\nİstasyona bakın, sonra sohbeti kullanın.","功能：\n\n锁定你拥有的受支持工作站，防止其他玩家使用。\n\n可选 PIN。\n\n看向工作站后使用聊天。","功能：\n\n鎖定你擁有的支援工作站，避免其他玩家使用。\n\n可選 PIN。\n\n看向工作站後使用聊天。"
"xuiAGFFeatSACommandsEagf","UI","label","","","","[8DB580]DESCRIPTION[-]\n\n    Sends private chat alerts for Screamers and Screamer hordes within 120m.\n\n\n\n","","[8DB580]BESCHREIBUNG[-]\n\n    Sendet private Chat-Alarme für Schreier und Schreier-Horden im Umkreis von 120 m.\n\n\n\n","[8DB580]DESCRIPCIÓN[-]\n\n    Envía alertas de chat privadas de Chillonas y hordas de Chillonas en un radio de 120 m.\n\n\n\n","[8DB580]DESCRIPTION[-]\n\n    Envoie des alertes de chat privées pour les Hurleuses et les hordes de Hurleuses dans un rayon de 120 m.\n\n\n\n","[8DB580]DESCRIZIONE[-]\n\n    Invia avvisi chat privati per Urlatrici e orde di Urlatrici entro 120 m.\n\n\n\n","[8DB580]説明[-]\n\n    120m以内のスクリーマーとスクリーマーの大群を、プライベートチャットで知らせます。\n\n\n\n","[8DB580]설명[-]\n\n    120m 안의 스크리머와 스크리머 호드를 귓속말 채팅으로 알립니다.\n\n\n\n","[8DB580]OPIS[-]\n\n    Wysyła prywatne alerty czatu o Wrzeszczotkach i hordach Wrzeszczotek w promieniu 120 m.\n\n\n\n","[8DB580]DESCRIÇÃO[-]\n\n    Envia alertas de chat privados de Gritadoras e hordas de Gritadoras num raio de 120 m.\n\n\n\n","[8DB580]ОПИСАНИЕ[-]\n\n    Отправляет личные чат-оповещения о Крикуньях и ордах Крикуний в радиусе 120 м.\n\n\n\n","[8DB580]AÇIKLAMA[-]\n\n    120 m içindeki Çığlıkçıları ve Çığlıkçı sürülerini özel sohbet uyarısı olarak gönderir.\n\n\n\n","[8DB580]说明[-]\n\n    对 120 米内的尖叫者及尖叫者尸潮发送私人聊天警报。\n\n\n\n","[8DB580]說明[-]\n\n    對 120 公尺內的尖叫者及尖叫者屍潮發送私人聊天警報。\n\n\n\n"
"xuiAGFFeatSAFeaturesEagf","UI","label","","","","[8DB580]CHAT COMMANDS[-]\n\n    [8DB580]/agfsa[-]   checks if it is on or off.\n\n    [8DB580]/agfsa on[-]   turns it on.\n\n    [8DB580]/agfsa off[-]   turns it off.\n\n\n[8DB580]*Requires EnhancedAGF:[-]\n\n    [8DB580]/agfsa count[-]   turns alerts on and shows how many Screamers or horde zombies are nearby.","","[8DB580]CHAT-BEFEHLE[-]\n\n    [8DB580]/agfsa[-]   prüft, ob es ein oder aus ist.\n\n    [8DB580]/agfsa on[-]   schaltet es ein.\n\n    [8DB580]/agfsa off[-]   schaltet es aus.\n\n\n[8DB580]*Benötigt EnhancedAGF:[-]\n\n    [8DB580]/agfsa count[-]   schaltet Alarme ein und zeigt, wie viele Schreier oder Horden-Zombies in der Nähe sind.","[8DB580]COMANDOS DE CHAT[-]\n\n    [8DB580]/agfsa[-]   comprueba si está activado o desactivado.\n\n    [8DB580]/agfsa on[-]   lo activa.\n\n    [8DB580]/agfsa off[-]   lo desactiva.\n\n\n[8DB580]*Requiere EnhancedAGF:[-]\n\n    [8DB580]/agfsa count[-]   activa las alertas y muestra cuántas Chillonas o zombis de horda hay cerca.","[8DB580]COMMANDES DE CHAT[-]\n\n    [8DB580]/agfsa[-]   indique si c'est activé ou désactivé.\n\n    [8DB580]/agfsa on[-]   l'active.\n\n    [8DB580]/agfsa off[-]   le désactive.\n\n\n[8DB580]*Requiert EnhancedAGF :[-]\n\n    [8DB580]/agfsa count[-]   active les alertes et indique combien de Hurleuses ou de zombies de horde sont à proximité.","[8DB580]COMANDI CHAT[-]\n\n    [8DB580]/agfsa[-]   controlla se è attivo o disattivo.\n\n    [8DB580]/agfsa on[-]   lo attiva.\n\n    [8DB580]/agfsa off[-]   lo disattiva.\n\n\n[8DB580]*Richiede EnhancedAGF:[-]\n\n    [8DB580]/agfsa count[-]   attiva gli avvisi e mostra quante Urlatrici o zombi dell'orda sono vicini.","[8DB580]チャットコマンド[-]\n\n    [8DB580]/agfsa[-]   オンかオフかを確認します。\n\n    [8DB580]/agfsa on[-]   オンにします。\n\n    [8DB580]/agfsa off[-]   オフにします。\n\n\n[8DB580]*EnhancedAGFが必要:[-]\n\n    [8DB580]/agfsa count[-]   警告をオンにし、近くのスクリーマーや大群ゾンビの数を表示します。","[8DB580]채팅 명령[-]\n\n    [8DB580]/agfsa[-]   켜짐 또는 꺼짐인지 확인합니다.\n\n    [8DB580]/agfsa on[-]   켭니다.\n\n    [8DB580]/agfsa off[-]   끕니다.\n\n\n[8DB580]*EnhancedAGF 필요:[-]\n\n    [8DB580]/agfsa count[-]   경보를 켜고 근처 스크리머나 호드 좀비 수를 보여 줍니다.","[8DB580]KOMENDY CZATU[-]\n\n    [8DB580]/agfsa[-]   sprawdza, czy jest włączone czy wyłączone.\n\n    [8DB580]/agfsa on[-]   włącza.\n\n    [8DB580]/agfsa off[-]   wyłącza.\n\n\n[8DB580]*Wymaga EnhancedAGF:[-]\n\n    [8DB580]/agfsa count[-]   włącza alerty i pokazuje, ile Wrzeszczotek lub zombie hordy jest w pobliżu.","[8DB580]COMANDOS DE CHAT[-]\n\n    [8DB580]/agfsa[-]   verifica se está ligado ou desligado.\n\n    [8DB580]/agfsa on[-]   liga.\n\n    [8DB580]/agfsa off[-]   desliga.\n\n\n[8DB580]*Requer EnhancedAGF:[-]\n\n    [8DB580]/agfsa count[-]   liga os alertas e mostra quantas Gritadoras ou zumbis da horda estão por perto.","[8DB580]ЧАТ-КОМАНДЫ[-]\n\n    [8DB580]/agfsa[-]   проверяет, включено или выключено.\n\n    [8DB580]/agfsa on[-]   включает.\n\n    [8DB580]/agfsa off[-]   выключает.\n\n\n[8DB580]*Нужен EnhancedAGF:[-]\n\n    [8DB580]/agfsa count[-]   включает оповещения и показывает, сколько Крикуний или зомби орды рядом.","[8DB580]SOHBET KOMUTLARI[-]\n\n    [8DB580]/agfsa[-]   açık mı kapalı mı bakar.\n\n    [8DB580]/agfsa on[-]   açar.\n\n    [8DB580]/agfsa off[-]   kapatır.\n\n\n[8DB580]*EnhancedAGF gerektirir:[-]\n\n    [8DB580]/agfsa count[-]   uyarıları açar ve yakındaki Çığlıkçı veya sürü zombisi sayısını gösterir.","[8DB580]聊天命令[-]\n\n    [8DB580]/agfsa[-]   查看当前是开还是关。\n\n    [8DB580]/agfsa on[-]   开启。\n\n    [8DB580]/agfsa off[-]   关闭。\n\n\n[8DB580]*需要 EnhancedAGF:[-]\n\n    [8DB580]/agfsa count[-]   开启警报并显示附近有多少尖叫者或尸潮僵尸。","[8DB580]聊天指令[-]\n\n    [8DB580]/agfsa[-]   查看目前是開還是關。\n\n    [8DB580]/agfsa on[-]   開啟。\n\n    [8DB580]/agfsa off[-]   關閉。\n\n\n[8DB580]*需要 EnhancedAGF:[-]\n\n    [8DB580]/agfsa count[-]   開啟警報並顯示附近有多少尖叫者或屍潮殭屍。"
"xuiAGFFeatVETCommandsEagf","UI","label","","","","[8DB580]DESCRIPTION[-]\n\n    Provides visual compass cues for nearby entities within 25m.\n\n\n\n","","[8DB580]BESCHREIBUNG[-]\n\n    Zeigt visuelle Kompasshinweise für Wesen im Umkreis von 25 m.\n\n\n\n","[8DB580]DESCRIPCIÓN[-]\n\n    Muestra marcas visuales en la brújula para entidades cercanas en un radio de 25 m.\n\n\n\n","[8DB580]DESCRIPTION[-]\n\n    Affiche des repères visuels de boussole pour les entités proches dans un rayon de 25 m.\n\n\n\n","[8DB580]DESCRIZIONE[-]\n\n    Mostra segnali visivi sulla bussola per le entità vicine entro 25 m.\n\n\n\n","[8DB580]説明[-]\n\n    25m以内の近くのエンティティをコンパス上の目印で示します。\n\n\n\n","[8DB580]설명[-]\n\n    25m 안의 근처 엔티티를 나침반 표시로 보여 줍니다.\n\n\n\n","[8DB580]OPIS[-]\n\n    Pokazuje wizualne znaczniki kompasu dla istot w promieniu 25 m.\n\n\n\n","[8DB580]DESCRIÇÃO[-]\n\n    Mostra marcas visuais na bússola para entidades próximas num raio de 25 m.\n\n\n\n","[8DB580]ОПИСАНИЕ[-]\n\n    Показывает визуальные метки компаса для сущностей в радиусе 25 м.\n\n\n\n","[8DB580]AÇIKLAMA[-]\n\n    25 m içindeki yakındaki varlıklar için görsel pusula işaretleri sağlar.\n\n\n\n","[8DB580]说明[-]\n\n    为 25 米内附近实体提供罗盘视觉提示。\n\n\n\n","[8DB580]說明[-]\n\n    為 25 公尺內附近實體提供羅盤視覺提示。\n\n\n\n"
"xuiAGFFeatBtnOff","UI","label","","","","Off","","Aus","Apagado","Désactivé","Disattivato","オフ","끔","Wyłączone","Desligado","Выкл","Kapalı","关","關"
"xuiAGFFeatBtnOn","UI","label","","","","On","","Ein","Encendido","Activé","Attivato","オン","켬","Włączone","Ligado","Вкл","Açık","开","開"
"xuiAGFFeatBtnCount","UI","label","","","","Count","","Anzahl","Recuento","Comptage","Conteggio","カウント","카운트","Licznik","Contagem","Счёт","Sayı","计数","計數"
"xuiAGFFeatBtnPartial","UI","label","","","","Partial","","Teilweise","Parcial","Partiel","Parziale","部分","부분","Częściowy","Parcial","Частично","Kısmi","部分","部分"
"xuiAGFFeatBtnFull","UI","label","","","","Full","","Voll","Completo","Complet","Completo","フル","전체","Pełny","Completo","Полный","Tam","完整","完整"
"xuiAGFFeatHUDCol1HV","UI","label","","","","[D2B26C]DESCRIPTION[-]\n\n    HUD customization options will be here soon.\n\n","","[D2B26C]BESCHREIBUNG[-]\n\n    HUD-Anpassungsoptionen folgen in Kürze.\n\n","[D2B26C]DESCRIPCIÓN[-]\n\n    Las opciones de personalización del HUD estarán aquí pronto.\n\n","[D2B26C]DESCRIPTION[-]\n\n    Les options de personnalisation du HUD arriveront bientôt ici.\n\n","[D2B26C]DESCRIZIONE[-]\n\n    Le opzioni di personalizzazione dell'HUD arriveranno presto qui.\n\n","[D2B26C]説明[-]\n\n    HUDのカスタマイズオプションは近日ここに表示されます。\n\n","[D2B26C]설명[-]\n\n    HUD 맞춤 설정 옵션이 곧 여기에 표시됩니다.\n\n","[D2B26C]OPIS[-]\n\n    Opcje dostosowania HUD pojawią się tu wkrótce.\n\n","[D2B26C]DESCRIÇÃO[-]\n\n    As opções de personalização do HUD estarão aqui em breve.\n\n","[D2B26C]ОПИСАНИЕ[-]\n\n    Параметры настройки HUD скоро будут здесь.\n\n","[D2B26C]AÇIKLAMA[-]\n\n    HUD özelleştirme seçenekleri yakında burada olacak.\n\n","[D2B26C]说明[-]\n\n    HUD 自定义选项即将放在这里。\n\n","[D2B26C]說明[-]\n\n    HUD 自訂選項即將放在這裡。\n\n"
"xuiAGFFeatHUDDescBody","UI","label","","","","This is a work in progress.","","Dies ist noch in Arbeit.","Esto está en desarrollo.","Ceci est un travail en cours.","Questo è un lavoro in corso.","制作途中です。","작업 진행 중입니다.","To wciąż w przygotowaniu.","Isto ainda está em desenvolvimento.","Это ещё в разработке.","Bu henüz yapım aşamasında.","此项仍在开发中。","此項仍在開發中。"
"xuiAGFFeatSACommandsEagfHV","UI","label","","","","[D2B26C]DESCRIPTION[-]\n\n    Sends private chat alerts for Screamers and Screamer hordes within 120m.\n\n\n\n","","[D2B26C]BESCHREIBUNG[-]\n\n    Sendet private Chat-Alarme für Schreier und Schreier-Horden im Umkreis von 120 m.\n\n\n\n","[D2B26C]DESCRIPCIÓN[-]\n\n    Envía alertas de chat privadas de Chillonas y hordas de Chillonas en un radio de 120 m.\n\n\n\n","[D2B26C]DESCRIPTION[-]\n\n    Envoie des alertes de chat privées pour les Hurleuses et les hordes de Hurleuses dans un rayon de 120 m.\n\n\n\n","[D2B26C]DESCRIZIONE[-]\n\n    Invia avvisi chat privati per Urlatrici e orde di Urlatrici entro 120 m.\n\n\n\n","[D2B26C]説明[-]\n\n    120m以内のスクリーマーとスクリーマーの大群を、プライベートチャットで知らせます。\n\n\n\n","[D2B26C]설명[-]\n\n    120m 안의 스크리머와 스크리머 호드를 귓속말 채팅으로 알립니다.\n\n\n\n","[D2B26C]OPIS[-]\n\n    Wysyła prywatne alerty czatu o Wrzeszczotkach i hordach Wrzeszczotek w promieniu 120 m.\n\n\n\n","[D2B26C]DESCRIÇÃO[-]\n\n    Envia alertas de chat privados de Gritadoras e hordas de Gritadoras num raio de 120 m.\n\n\n\n","[D2B26C]ОПИСАНИЕ[-]\n\n    Отправляет личные чат-оповещения о Крикуньях и ордах Крикуний в радиусе 120 м.\n\n\n\n","[D2B26C]AÇIKLAMA[-]\n\n    120 m içindeki Çığlıkçıları ve Çığlıkçı sürülerini özel sohbet uyarısı olarak gönderir.\n\n\n\n","[D2B26C]说明[-]\n\n    对 120 米内的尖叫者及尖叫者尸潮发送私人聊天警报。\n\n\n\n","[D2B26C]說明[-]\n\n    對 120 公尺內的尖叫者及尖叫者屍潮發送私人聊天警報。\n\n\n\n"
"xuiAGFFeatSAFeaturesHV","UI","label","","","","[D2B26C]CHAT COMMANDS[-]\n\n    [D2B26C]/agfsa[-]   checks if it is on or off.\n\n    [D2B26C]/agfsa on[-]   turns it on.\n\n    [D2B26C]/agfsa off[-]   turns it off.","","[D2B26C]CHAT-BEFEHLE[-]\n\n    [D2B26C]/agfsa[-]   prüft, ob es ein oder aus ist.\n\n    [D2B26C]/agfsa on[-]   schaltet es ein.\n\n    [D2B26C]/agfsa off[-]   schaltet es aus.","[D2B26C]COMANDOS DE CHAT[-]\n\n    [D2B26C]/agfsa[-]   comprueba si está activado o desactivado.\n\n    [D2B26C]/agfsa on[-]   lo activa.\n\n    [D2B26C]/agfsa off[-]   lo desactiva.","[D2B26C]COMMANDES DE CHAT[-]\n\n    [D2B26C]/agfsa[-]   indique si c'est activé ou désactivé.\n\n    [D2B26C]/agfsa on[-]   l'active.\n\n    [D2B26C]/agfsa off[-]   le désactive.","[D2B26C]COMANDI CHAT[-]\n\n    [D2B26C]/agfsa[-]   controlla se è attivo o disattivo.\n\n    [D2B26C]/agfsa on[-]   lo attiva.\n\n    [D2B26C]/agfsa off[-]   lo disattiva.","[D2B26C]チャットコマンド[-]\n\n    [D2B26C]/agfsa[-]   オンかオフかを確認します。\n\n    [D2B26C]/agfsa on[-]   オンにします。\n\n    [D2B26C]/agfsa off[-]   オフにします。","[D2B26C]채팅 명령[-]\n\n    [D2B26C]/agfsa[-]   켜짐 또는 꺼짐인지 확인합니다.\n\n    [D2B26C]/agfsa on[-]   켭니다.\n\n    [D2B26C]/agfsa off[-]   끕니다.","[D2B26C]KOMENDY CZATU[-]\n\n    [D2B26C]/agfsa[-]   sprawdza, czy jest włączone czy wyłączone.\n\n    [D2B26C]/agfsa on[-]   włącza.\n\n    [D2B26C]/agfsa off[-]   wyłącza.","[D2B26C]COMANDOS DE CHAT[-]\n\n    [D2B26C]/agfsa[-]   verifica se está ligado ou desligado.\n\n    [D2B26C]/agfsa on[-]   liga.\n\n    [D2B26C]/agfsa off[-]   desliga.","[D2B26C]ЧАТ-КОМАНДЫ[-]\n\n    [D2B26C]/agfsa[-]   проверяет, включено или выключено.\n\n    [D2B26C]/agfsa on[-]   включает.\n\n    [D2B26C]/agfsa off[-]   выключает.","[D2B26C]SOHBET KOMUTLARI[-]\n\n    [D2B26C]/agfsa[-]   açık mı kapalı mı bakar.\n\n    [D2B26C]/agfsa on[-]   açar.\n\n    [D2B26C]/agfsa off[-]   kapatır.","[D2B26C]聊天命令[-]\n\n    [D2B26C]/agfsa[-]   查看当前是开还是关。\n\n    [D2B26C]/agfsa on[-]   开启。\n\n    [D2B26C]/agfsa off[-]   关闭。","[D2B26C]聊天指令[-]\n\n    [D2B26C]/agfsa[-]   查看目前是開還是關。\n\n    [D2B26C]/agfsa on[-]   開啟。\n\n    [D2B26C]/agfsa off[-]   關閉。"
"xuiAGFFeatSAFeaturesEagfHV","UI","label","","","","[D2B26C]CHAT COMMANDS[-]\n\n    [D2B26C]/agfsa[-]   checks if it is on or off.\n\n    [D2B26C]/agfsa on[-]   turns it on.\n\n    [D2B26C]/agfsa off[-]   turns it off.\n\n\n[D2B26C]*Requires EnhancedAGF:[-]\n\n    [D2B26C]/agfsa count[-]   turns alerts on and shows how many Screamers or horde zombies are nearby.","","[D2B26C]CHAT-BEFEHLE[-]\n\n    [D2B26C]/agfsa[-]   prüft, ob es ein oder aus ist.\n\n    [D2B26C]/agfsa on[-]   schaltet es ein.\n\n    [D2B26C]/agfsa off[-]   schaltet es aus.\n\n\n[D2B26C]*Benötigt EnhancedAGF:[-]\n\n    [D2B26C]/agfsa count[-]   schaltet Alarme ein und zeigt, wie viele Schreier oder Horden-Zombies in der Nähe sind.","[D2B26C]COMANDOS DE CHAT[-]\n\n    [D2B26C]/agfsa[-]   comprueba si está activado o desactivado.\n\n    [D2B26C]/agfsa on[-]   lo activa.\n\n    [D2B26C]/agfsa off[-]   lo desactiva.\n\n\n[D2B26C]*Requiere EnhancedAGF:[-]\n\n    [D2B26C]/agfsa count[-]   activa las alertas y muestra cuántas Chillonas o zombis de horda hay cerca.","[D2B26C]COMMANDES DE CHAT[-]\n\n    [D2B26C]/agfsa[-]   indique si c'est activé ou désactivé.\n\n    [D2B26C]/agfsa on[-]   l'active.\n\n    [D2B26C]/agfsa off[-]   le désactive.\n\n\n[D2B26C]*Requiert EnhancedAGF :[-]\n\n    [D2B26C]/agfsa count[-]   active les alertes et indique combien de Hurleuses ou de zombies de horde sont à proximité.","[D2B26C]COMANDI CHAT[-]\n\n    [D2B26C]/agfsa[-]   controlla se è attivo o disattivo.\n\n    [D2B26C]/agfsa on[-]   lo attiva.\n\n    [D2B26C]/agfsa off[-]   lo disattiva.\n\n\n[D2B26C]*Richiede EnhancedAGF:[-]\n\n    [D2B26C]/agfsa count[-]   attiva gli avvisi e mostra quante Urlatrici o zombi dell'orda sono vicini.","[D2B26C]チャットコマンド[-]\n\n    [D2B26C]/agfsa[-]   オンかオフかを確認します。\n\n    [D2B26C]/agfsa on[-]   オンにします。\n\n    [D2B26C]/agfsa off[-]   オフにします。\n\n\n[D2B26C]*EnhancedAGFが必要:[-]\n\n    [D2B26C]/agfsa count[-]   警告をオンにし、近くのスクリーマーや大群ゾンビの数を表示します。","[D2B26C]채팅 명령[-]\n\n    [D2B26C]/agfsa[-]   켜짐 또는 꺼짐인지 확인합니다.\n\n    [D2B26C]/agfsa on[-]   켭니다.\n\n    [D2B26C]/agfsa off[-]   끕니다.\n\n\n[D2B26C]*EnhancedAGF 필요:[-]\n\n    [D2B26C]/agfsa count[-]   경보를 켜고 근처 스크리머나 호드 좀비 수를 보여 줍니다.","[D2B26C]KOMENDY CZATU[-]\n\n    [D2B26C]/agfsa[-]   sprawdza, czy jest włączone czy wyłączone.\n\n    [D2B26C]/agfsa on[-]   włącza.\n\n    [D2B26C]/agfsa off[-]   wyłącza.\n\n\n[D2B26C]*Wymaga EnhancedAGF:[-]\n\n    [D2B26C]/agfsa count[-]   włącza alerty i pokazuje, ile Wrzeszczotek lub zombie hordy jest w pobliżu.","[D2B26C]COMANDOS DE CHAT[-]\n\n    [D2B26C]/agfsa[-]   verifica se está ligado ou desligado.\n\n    [D2B26C]/agfsa on[-]   liga.\n\n    [D2B26C]/agfsa off[-]   desliga.\n\n\n[D2B26C]*Requer EnhancedAGF:[-]\n\n    [D2B26C]/agfsa count[-]   liga os alertas e mostra quantas Gritadoras ou zumbis da horda estão por perto.","[D2B26C]ЧАТ-КОМАНДЫ[-]\n\n    [D2B26C]/agfsa[-]   проверяет, включено или выключено.\n\n    [D2B26C]/agfsa on[-]   включает.\n\n    [D2B26C]/agfsa off[-]   выключает.\n\n\n[D2B26C]*Нужен EnhancedAGF:[-]\n\n    [D2B26C]/agfsa count[-]   включает оповещения и показывает, сколько Крикуний или зомби орды рядом.","[D2B26C]SOHBET KOMUTLARI[-]\n\n    [D2B26C]/agfsa[-]   açık mı kapalı mı bakar.\n\n    [D2B26C]/agfsa on[-]   açar.\n\n    [D2B26C]/agfsa off[-]   kapatır.\n\n\n[D2B26C]*EnhancedAGF gerektirir:[-]\n\n    [D2B26C]/agfsa count[-]   uyarıları açar ve yakındaki Çığlıkçı veya sürü zombisi sayısını gösterir.","[D2B26C]聊天命令[-]\n\n    [D2B26C]/agfsa[-]   查看当前是开还是关。\n\n    [D2B26C]/agfsa on[-]   开启。\n\n    [D2B26C]/agfsa off[-]   关闭。\n\n\n[D2B26C]*需要 EnhancedAGF:[-]\n\n    [D2B26C]/agfsa count[-]   开启警报并显示附近有多少尖叫者或尸潮僵尸。","[D2B26C]聊天指令[-]\n\n    [D2B26C]/agfsa[-]   查看目前是開還是關。\n\n    [D2B26C]/agfsa on[-]   開啟。\n\n    [D2B26C]/agfsa off[-]   關閉。\n\n\n[D2B26C]*需要 EnhancedAGF:[-]\n\n    [D2B26C]/agfsa count[-]   開啟警報並顯示附近有多少尖叫者或屍潮殭屍。"
"xuiAGFFeatVETCommandsEagfHV","UI","label","","","","[D2B26C]DESCRIPTION[-]\n\n    Provides visual compass cues for nearby entities within 25m.\n\n\n\n","","[D2B26C]BESCHREIBUNG[-]\n\n    Zeigt visuelle Kompasshinweise für Wesen im Umkreis von 25 m.\n\n\n\n","[D2B26C]DESCRIPCIÓN[-]\n\n    Muestra marcas visuales en la brújula para entidades cercanas en un radio de 25 m.\n\n\n\n","[D2B26C]DESCRIPTION[-]\n\n    Affiche des repères visuels de boussole pour les entités proches dans un rayon de 25 m.\n\n\n\n","[D2B26C]DESCRIZIONE[-]\n\n    Mostra segnali visivi sulla bussola per le entità vicine entro 25 m.\n\n\n\n","[D2B26C]説明[-]\n\n    25m以内の近くのエンティティをコンパス上の目印で示します。\n\n\n\n","[D2B26C]설명[-]\n\n    25m 안의 근처 엔티티를 나침반 표시로 보여 줍니다.\n\n\n\n","[D2B26C]OPIS[-]\n\n    Pokazuje wizualne znaczniki kompasu dla istot w promieniu 25 m.\n\n\n\n","[D2B26C]DESCRIÇÃO[-]\n\n    Mostra marcas visuais na bússola para entidades próximas num raio de 25 m.\n\n\n\n","[D2B26C]ОПИСАНИЕ[-]\n\n    Показывает визуальные метки компаса для сущностей в радиусе 25 м.\n\n\n\n","[D2B26C]AÇIKLAMA[-]\n\n    25 m içindeki yakındaki varlıklar için görsel pusula işaretleri sağlar.\n\n\n\n","[D2B26C]说明[-]\n\n    为 25 米内附近实体提供罗盘视觉提示。\n\n\n\n","[D2B26C]說明[-]\n\n    為 25 公尺內附近實體提供羅盤視覺提示。\n\n\n\n"
"xuiAGFFeatVETFeaturesHV","UI","label","","","","[D2B26C]CHAT COMMANDS[-]\n\n    [D2B26C]/agfet[-]   checks if it is on or off.\n\n    [D2B26C]/agfet on[-]   turns it on.\n\n    [D2B26C]/agfet off[-]   turns it off.","","[D2B26C]CHAT-BEFEHLE[-]\n\n    [D2B26C]/agfet[-]   prüft, ob es ein oder aus ist.\n\n    [D2B26C]/agfet on[-]   schaltet es ein.\n\n    [D2B26C]/agfet off[-]   schaltet es aus.","[D2B26C]COMANDOS DE CHAT[-]\n\n    [D2B26C]/agfet[-]   comprueba si está activado o desactivado.\n\n    [D2B26C]/agfet on[-]   lo activa.\n\n    [D2B26C]/agfet off[-]   lo desactiva.","[D2B26C]COMMANDES DE CHAT[-]\n\n    [D2B26C]/agfet[-]   indique si c'est activé ou désactivé.\n\n    [D2B26C]/agfet on[-]   l'active.\n\n    [D2B26C]/agfet off[-]   le désactive.","[D2B26C]COMANDI CHAT[-]\n\n    [D2B26C]/agfet[-]   controlla se è attivo o disattivo.\n\n    [D2B26C]/agfet on[-]   lo attiva.\n\n    [D2B26C]/agfet off[-]   lo disattiva.","[D2B26C]チャットコマンド[-]\n\n    [D2B26C]/agfet[-]   オンかオフかを確認します。\n\n    [D2B26C]/agfet on[-]   オンにします。\n\n    [D2B26C]/agfet off[-]   オフにします。","[D2B26C]채팅 명령[-]\n\n    [D2B26C]/agfet[-]   켜짐 또는 꺼짐인지 확인합니다.\n\n    [D2B26C]/agfet on[-]   켭니다.\n\n    [D2B26C]/agfet off[-]   끕니다.","[D2B26C]KOMENDY CZATU[-]\n\n    [D2B26C]/agfet[-]   sprawdza, czy jest włączone czy wyłączone.\n\n    [D2B26C]/agfet on[-]   włącza.\n\n    [D2B26C]/agfet off[-]   wyłącza.","[D2B26C]COMANDOS DE CHAT[-]\n\n    [D2B26C]/agfet[-]   verifica se está ligado ou desligado.\n\n    [D2B26C]/agfet on[-]   liga.\n\n    [D2B26C]/agfet off[-]   desliga.","[D2B26C]ЧАТ-КОМАНДЫ[-]\n\n    [D2B26C]/agfet[-]   проверяет, включено или выключено.\n\n    [D2B26C]/agfet on[-]   включает.\n\n    [D2B26C]/agfet off[-]   выключает.","[D2B26C]SOHBET KOMUTLARI[-]\n\n    [D2B26C]/agfet[-]   açık mı kapalı mı bakar.\n\n    [D2B26C]/agfet on[-]   açar.\n\n    [D2B26C]/agfet off[-]   kapatır.","[D2B26C]聊天命令[-]\n\n    [D2B26C]/agfet[-]   查看当前是开还是关。\n\n    [D2B26C]/agfet on[-]   开启。\n\n    [D2B26C]/agfet off[-]   关闭。","[D2B26C]聊天指令[-]\n\n    [D2B26C]/agfet[-]   查看目前是開還是關。\n\n    [D2B26C]/agfet on[-]   開啟。\n\n    [D2B26C]/agfet off[-]   關閉。"
"xuiAGFFeatEIPFeaturesHV","UI","label","","","","[D2B26C]CHAT COMMANDS[-]\n\n    [D2B26C]/agfep[-]   checks the current prompt mode.\n\n    [D2B26C]/agfep full[-]   shows the header plate and details card.\n\n    [D2B26C]/agfep partial[-]   shows the header plate only.\n\n    [D2B26C]/agfep off[-]   uses the vanilla prompt.","","[D2B26C]CHAT-BEFEHLE[-]\n\n    [D2B26C]/agfep[-]   zeigt den aktuellen Hinweis-Modus.\n\n    [D2B26C]/agfep full[-]   zeigt Kopfleiste und Detailkarte.\n\n    [D2B26C]/agfep partial[-]   zeigt nur die Kopfleiste.\n\n    [D2B26C]/agfep off[-]   nutzt den Standard-Hinweis.","[D2B26C]COMANDOS DE CHAT[-]\n\n    [D2B26C]/agfep[-]   comprueba el modo actual de la indicación.\n\n    [D2B26C]/agfep full[-]   muestra la placa de cabecera y la tarjeta de detalles.\n\n    [D2B26C]/agfep partial[-]   muestra solo la placa de cabecera.\n\n    [D2B26C]/agfep off[-]   usa la indicación vanilla.","[D2B26C]COMMANDES DE CHAT[-]\n\n    [D2B26C]/agfep[-]   indique le mode actuel de l'invite.\n\n    [D2B26C]/agfep full[-]   affiche la plaque d'en-tête et la carte de détails.\n\n    [D2B26C]/agfep partial[-]   affiche seulement la plaque d'en-tête.\n\n    [D2B26C]/agfep off[-]   utilise l'invite vanilla.","[D2B26C]COMANDI CHAT[-]\n\n    [D2B26C]/agfep[-]   controlla la modalità attuale del prompt.\n\n    [D2B26C]/agfep full[-]   mostra la piastra dell'intestazione e la scheda dettagli.\n\n    [D2B26C]/agfep partial[-]   mostra solo la piastra dell'intestazione.\n\n    [D2B26C]/agfep off[-]   usa il prompt vanilla.","[D2B26C]チャットコマンド[-]\n\n    [D2B26C]/agfep[-]   現在のプロンプトモードを確認します。\n\n    [D2B26C]/agfep full[-]   ヘッダーと詳細カードを表示します。\n\n    [D2B26C]/agfep partial[-]   ヘッダーのみ表示します。\n\n    [D2B26C]/agfep off[-]   バニラのプロンプトを使います。","[D2B26C]채팅 명령[-]\n\n    [D2B26C]/agfep[-]   현재 프롬프트 모드를 확인합니다.\n\n    [D2B26C]/agfep full[-]   헤더 판과 상세 카드를 표시합니다.\n\n    [D2B26C]/agfep partial[-]   헤더 판만 표시합니다.\n\n    [D2B26C]/agfep off[-]   바닐라 프롬프트를 사용합니다.","[D2B26C]KOMENDY CZATU[-]\n\n    [D2B26C]/agfep[-]   sprawdza bieżący tryb podpowiedzi.\n\n    [D2B26C]/agfep full[-]   pokazuje belkę nagłówka i kartę szczegółów.\n\n    [D2B26C]/agfep partial[-]   pokazuje tylko belkę nagłówka.\n\n    [D2B26C]/agfep off[-]   używa podpowiedzi vanilla.","[D2B26C]COMANDOS DE CHAT[-]\n\n    [D2B26C]/agfep[-]   verifica o modo atual do prompt.\n\n    [D2B26C]/agfep full[-]   mostra a placa de cabeçalho e o cartão de detalhes.\n\n    [D2B26C]/agfep partial[-]   mostra só a placa de cabeçalho.\n\n    [D2B26C]/agfep off[-]   usa o prompt vanilla.","[D2B26C]ЧАТ-КОМАНДЫ[-]\n\n    [D2B26C]/agfep[-]   проверяет текущий режим подсказки.\n\n    [D2B26C]/agfep full[-]   показывает табличку заголовка и карточку подробностей.\n\n    [D2B26C]/agfep partial[-]   показывает только табличку заголовка.\n\n    [D2B26C]/agfep off[-]   использует стандартную подсказку.","[D2B26C]SOHBET KOMUTLARI[-]\n\n    [D2B26C]/agfep[-]   geçerli istem kipini kontrol eder.\n\n    [D2B26C]/agfep full[-]   başlık plakasını ve ayrıntı kartını gösterir.\n\n    [D2B26C]/agfep partial[-]   yalnızca başlık plakasını gösterir.\n\n    [D2B26C]/agfep off[-]   vanilla istemi kullanır.","[D2B26C]聊天命令[-]\n\n    [D2B26C]/agfep[-]   查看当前提示模式。\n\n    [D2B26C]/agfep full[-]   显示顶栏底板和详情卡。\n\n    [D2B26C]/agfep partial[-]   只显示顶栏底板。\n\n    [D2B26C]/agfep off[-]   使用原版提示。","[D2B26C]聊天指令[-]\n\n    [D2B26C]/agfep[-]   查看目前提示模式。\n\n    [D2B26C]/agfep full[-]   顯示頂欄底板與詳情卡。\n\n    [D2B26C]/agfep partial[-]   只顯示頂欄底板。\n\n    [D2B26C]/agfep off[-]   使用原版提示。"
"xuiAGFFeatLSFeaturesHV","UI","label","","","","[D2B26C]CHAT COMMANDS[-]\n\n*Use while looking at supported blocks within 15m.\n\n    [D2B26C]/agfls [-]  shows options.\n\n    [D2B26C]/agfls status [-]  shows if locked.\n\n    [D2B26C]/agfls lock[-]   locks it (owner).\n\n    [D2B26C]/agfls unlock[-]   unlocks it (owner).\n\n    [D2B26C]/agfls pin use <pin>[-]   enters a PIN.\n\n   [D2B26C] /agfls pin set <pin>[-]   sets a PIN (owner).\n\n    [D2B26C]/agfls pin clear [-]  removes the PIN (owner).\n","","[D2B26C]CHAT-BEFEHLE[-]\n\n*Verwenden, während du unterstützte Blöcke ansiehst (15 m).\n\n    [D2B26C]/agfls [-]  zeigt Optionen.\n\n    [D2B26C]/agfls status [-]  zeigt, ob abgeschlossen.\n\n    [D2B26C]/agfls lock[-]   schließt ab (Besitzer).\n\n    [D2B26C]/agfls unlock[-]   öffnet (Besitzer).\n\n    [D2B26C]/agfls pin use <pin>[-]   gibt eine PIN ein.\n\n   [D2B26C] /agfls pin set <pin>[-]   setzt eine PIN (Besitzer).\n\n    [D2B26C]/agfls pin clear [-]  entfernt die PIN (Besitzer).\n","[D2B26C]COMANDOS DE CHAT[-]\n\n*Usa al mirar bloques compatibles a 15 m.\n\n    [D2B26C]/agfls [-]  muestra opciones.\n\n    [D2B26C]/agfls status [-]  muestra si está bloqueada.\n\n    [D2B26C]/agfls lock[-]   la bloquea (dueño).\n\n    [D2B26C]/agfls unlock[-]   la desbloquea (dueño).\n\n    [D2B26C]/agfls pin use <pin>[-]   introduce un PIN.\n\n   [D2B26C] /agfls pin set <pin>[-]   pone un PIN (dueño).\n\n    [D2B26C]/agfls pin clear [-]  quita el PIN (dueño).\n","[D2B26C]COMMANDES DE CHAT[-]\n\n*Utilisez en regardant les blocs pris en charge dans un rayon de 15 m.\n\n    [D2B26C]/agfls [-]  affiche les options.\n\n    [D2B26C]/agfls status [-]  indique si c'est verrouillé.\n\n    [D2B26C]/agfls lock[-]   verrouille (propriétaire).\n\n    [D2B26C]/agfls unlock[-]   déverrouille (propriétaire).\n\n    [D2B26C]/agfls pin use <pin>[-]   saisit un code PIN.\n\n   [D2B26C] /agfls pin set <pin>[-]   définit un code PIN (propriétaire).\n\n    [D2B26C]/agfls pin clear [-]  retire le code PIN (propriétaire).\n","[D2B26C]COMANDI CHAT[-]\n\n*Usa guardando i blocchi supportati entro 15 m.\n\n    [D2B26C]/agfls [-]  mostra le opzioni.\n\n    [D2B26C]/agfls status [-]  mostra se è bloccata.\n\n    [D2B26C]/agfls lock[-]   la blocca (proprietario).\n\n    [D2B26C]/agfls unlock[-]   la sblocca (proprietario).\n\n    [D2B26C]/agfls pin use <pin>[-]   inserisce un PIN.\n\n   [D2B26C] /agfls pin set <pin>[-]   imposta un PIN (proprietario).\n\n    [D2B26C]/agfls pin clear [-]  rimuove il PIN (proprietario).\n","[D2B26C]チャットコマンド[-]\n\n*対応ブロックを見ながら使います（15m以内）。\n\n    [D2B26C]/agfls [-]  オプションを表示します。\n\n    [D2B26C]/agfls status [-]  ロック中かどうかを表示します。\n\n    [D2B26C]/agfls lock[-]   ロックします（所有者）。\n\n    [D2B26C]/agfls unlock[-]   解除します（所有者）。\n\n    [D2B26C]/agfls pin use <pin>[-]   PINを入力します。\n\n   [D2B26C] /agfls pin set <pin>[-]   PINを設定します（所有者）。\n\n    [D2B26C]/agfls pin clear [-]  PINを削除します（所有者）。\n","[D2B26C]채팅 명령[-]\n\n*지원 블록을 바라본 채로 사용하세요(15m 이내).\n\n    [D2B26C]/agfls [-]  옵션을 표시합니다.\n\n    [D2B26C]/agfls status [-]  잠겼는지 표시합니다.\n\n    [D2B26C]/agfls lock[-]   잠급니다(소유자).\n\n    [D2B26C]/agfls unlock[-]   해제합니다(소유자).\n\n    [D2B26C]/agfls pin use <pin>[-]   PIN을 입력합니다.\n\n   [D2B26C] /agfls pin set <pin>[-]   PIN을 설정합니다(소유자).\n\n    [D2B26C]/agfls pin clear [-]  PIN을 제거합니다(소유자).\n","[D2B26C]KOMENDY CZATU[-]\n\n*Używaj, patrząc na obsługiwane bloki w zasięgu 15 m.\n\n    [D2B26C]/agfls [-]  pokazuje opcje.\n\n    [D2B26C]/agfls status [-]  pokazuje, czy zamknięta.\n\n    [D2B26C]/agfls lock[-]   zamyka (właściciel).\n\n    [D2B26C]/agfls unlock[-]   otwiera (właściciel).\n\n    [D2B26C]/agfls pin use <pin>[-]   wprowadza PIN.\n\n   [D2B26C] /agfls pin set <pin>[-]   ustawia PIN (właściciel).\n\n    [D2B26C]/agfls pin clear [-]  usuwa PIN (właściciel).\n","[D2B26C]COMANDOS DE CHAT[-]\n\n*Use olhando para blocos compatíveis em 15 m.\n\n    [D2B26C]/agfls [-]  mostra opções.\n\n    [D2B26C]/agfls status [-]  mostra se está trancada.\n\n    [D2B26C]/agfls lock[-]   tranca (dono).\n\n    [D2B26C]/agfls unlock[-]   destranca (dono).\n\n    [D2B26C]/agfls pin use <pin>[-]   insere um PIN.\n\n   [D2B26C] /agfls pin set <pin>[-]   define um PIN (dono).\n\n    [D2B26C]/agfls pin clear [-]  remove o PIN (dono).\n","[D2B26C]ЧАТ-КОМАНДЫ[-]\n\n*Используйте, глядя на поддерживаемые блоки в пределах 15 м.\n\n    [D2B26C]/agfls [-]  показывает опции.\n\n    [D2B26C]/agfls status [-]  показывает, заперта ли.\n\n    [D2B26C]/agfls lock[-]   запирает (владелец).\n\n    [D2B26C]/agfls unlock[-]   отпирает (владелец).\n\n    [D2B26C]/agfls pin use <pin>[-]   вводит PIN.\n\n   [D2B26C] /agfls pin set <pin>[-]   задаёт PIN (владелец).\n\n    [D2B26C]/agfls pin clear [-]  снимает PIN (владелец).\n","[D2B26C]SOHBET KOMUTLARI[-]\n\n*Desteklenen bloklara bakarken kullanın (15 m).\n\n    [D2B26C]/agfls [-]  seçenekleri gösterir.\n\n    [D2B26C]/agfls status [-]  kilitli olup olmadığını gösterir.\n\n    [D2B26C]/agfls lock[-]   kilitler (sahip).\n\n    [D2B26C]/agfls unlock[-]   açar (sahip).\n\n    [D2B26C]/agfls pin use <pin>[-]   PIN girer.\n\n   [D2B26C] /agfls pin set <pin>[-]   PIN koyar (sahip).\n\n    [D2B26C]/agfls pin clear [-]  PIN'i siler (sahip).\n","[D2B26C]聊天命令[-]\n\n*看向支持的方块时使用（15 米内）。\n\n    [D2B26C]/agfls [-]  显示选项。\n\n    [D2B26C]/agfls status [-]  显示是否上锁。\n\n    [D2B26C]/agfls lock[-]   上锁（所有者）。\n\n    [D2B26C]/agfls unlock[-]   解锁（所有者）。\n\n    [D2B26C]/agfls pin use <pin>[-]   输入 PIN。\n\n   [D2B26C] /agfls pin set <pin>[-]   设置 PIN（所有者）。\n\n    [D2B26C]/agfls pin clear [-]  清除 PIN（所有者）。\n","[D2B26C]聊天指令[-]\n\n*看向支援的方塊時使用（15 公尺內）。\n\n    [D2B26C]/agfls [-]  顯示選項。\n\n    [D2B26C]/agfls status [-]  顯示是否上鎖。\n\n    [D2B26C]/agfls lock[-]   上鎖（擁有者）。\n\n    [D2B26C]/agfls unlock[-]   解鎖（擁有者）。\n\n    [D2B26C]/agfls pin use <pin>[-]   輸入 PIN。\n\n   [D2B26C] /agfls pin set <pin>[-]   設定 PIN（擁有者）。\n\n    [D2B26C]/agfls pin clear [-]  清除 PIN（擁有者）。\n"
"xuiAGFFeatLSDescHeader","UI","label","","","","Description","","Beschreibung","Descripción","Description","Descrizione","説明","설명","Opis","Descrição","Описание","Açıklama","说明","說明"
"xuiAGFFeatLSBlocksHeader","UI","label","","","","Supported Blocks","","Unterstützte Blöcke","Bloques compatibles","Blocs pris en charge","Blocchi supportati","対応ブロック","지원 블록","Obsługiwane bloki","Blocos compatíveis","Поддерживаемые блоки","Desteklenen Bloklar","支持的方块","支援的方塊"
"xuiAGFFeatLSNoteHeader","UI","label","","","","EnhancedAGF Note","","EnhancedAGF-Hinweis","Nota de EnhancedAGF","Note EnhancedAGF","Nota EnhancedAGF","EnhancedAGFの注記","EnhancedAGF 참고","Uwaga EnhancedAGF","Nota EnhancedAGF","Примечание EnhancedAGF","EnhancedAGF notu","EnhancedAGF 说明","EnhancedAGF 說明"
"xuiAGFFeatLSChatHeader","UI","label","","","","Chat Commands","","Chat-Befehle","Comandos de chat","Commandes de chat","Comandi chat","チャットコマンド","채팅 명령","Komendy czatu","Comandos de chat","Чат-команды","Sohbet komutları","聊天命令","聊天指令"
"xuiAGFFeatLSDescBody","UI","label","","","","Players can lock interactable stations and electronics.","","Spieler können interaktive Stationen und Elektronik abschließen.","Los jugadores pueden bloquear estaciones interactivas y dispositivos electrónicos.","Les joueurs peuvent verrouiller les stations interactives et l'électronique.","I giocatori possono bloccare stazioni interattive ed elettronica.","操作できる作業台や電子機器をロックできます。","플레이어가 상호작용 가능한 작업대와 전자 장치를 잠글 수 있습니다.","Gracze mogą zamykać interaktywne stacje i elektronikę.","Jogadores podem trancar estações interativas e eletrônicos.","Игроки могут запирать интерактивные станции и электронику.","Oyuncular etkileşimli istasyonları ve elektronik aygıtları kilitleyebilir.","玩家可以锁定可互动的工作站和电子设备。","玩家可以鎖定可互動的工作站與電子設備。"
"xuiAGFFeatLSNoteBody","UI","label","","","","If EnhancedAGF is installed locally and EAC is off, you can lock and unlock from the UI like storages.","","Ist EnhancedAGF lokal installiert und EAC aus, kannst du wie bei Behältern über die UI abschließen und öffnen.","Si EnhancedAGF está instalado en local y EAC está desactivado, puedes bloquear y desbloquear desde la IU como en los contenedores.","Si EnhancedAGF est installé en local et que l'EAC est désactivé, vous pouvez verrouiller et déverrouiller depuis l'IU comme pour les conteneurs.","Se EnhancedAGF è installato in locale e l'EAC è disattivato, puoi bloccare e sbloccare dall'IU come per i contenitori.","EnhancedAGFがこの端末に入っていてEACがオフなら、コンテナと同じようにUIからロック／解除できます。","EnhancedAGF가 이 기기에 설치되어 있고 EAC가 꺼져 있으면, 보관함처럼 UI에서 잠그고 해제할 수 있습니다.","Jeśli EnhancedAGF jest zainstalowany lokalnie, a EAC jest wyłączone, możesz zamykać i otwierać z UI tak jak pojemniki.","Se o EnhancedAGF estiver instalado neste cliente e o EAC estiver desligado, você pode trancar e destrancar pela IU como nos recipientes.","Если EnhancedAGF установлен локально и EAC выключен, запирать и отпирать можно из интерфейса, как контейнеры.","EnhancedAGF bu istemcide kuruluysa ve EAC kapalıysa, depolar gibi arayüzden kilitleyip açabilirsiniz.","若本机安装了 EnhancedAGF 且关闭 EAC，可以像容器一样从界面上锁和解锁。","若本機安裝了 EnhancedAGF 且關閉 EAC，可以像容器一樣從介面上鎖與解鎖。"
"xuiAGFFeatLSChatHint","UI","label","","","","*Use while looking at supported blocks within 15m.","","*Verwenden, während du unterstützte Blöcke ansiehst (15 m).","*Usa al mirar bloques compatibles a 15 m.","*Utilisez en regardant les blocs pris en charge dans un rayon de 15 m.","*Usa guardando i blocchi supportati entro 15 m.","*対応ブロックを見ながら使います（15m以内）。","*지원 블록을 바라본 채로 사용하세요(15m 이내).","*Używaj, patrząc na obsługiwane bloki w zasięgu 15 m.","*Use olhando para blocos compatíveis em 15 m.","*Используйте, глядя на поддерживаемые блоки в пределах 15 м.","*Desteklenen bloklara bakarken kullanın (15 m).","*看向支持的方块时使用（15 米内）。","*看向支援的方塊時使用（15 公尺內）。"
"xuiAGFFeatLSBlocksLeft","UI","label","","","","Campfire\nForge\nChemistry Station\nWorkbench\nCement Mixer\nApiary\nChicken Coop\nDew Collector","","Lagerfeuer\nSchmiede\nChemiestation\nWerkbank\nZementmischer\nBienenhaus\nHühnerstall\nTausammler","Fogata\nFragua\nEstación de química\nMesa de trabajo\nHormigonera\nColmenar\nGallinero\nRecolector de rocío","Feu de camp\nForge\nAtelier de chimie\nÉtabli\nBétonnière\nRucher\nPoulailler\nRamasseur de rosée","Falò\nFucina\nLaboratorio chimico\nBanco da lavoro\nBetoniera\nApiario\nPollaio\nRaccoglitore di rugiada","キャンプファイヤー\n炉\n化学実験ステーション\n作業台\nセメントミキサー\n養蜂箱\nニワトリ小屋\n水滴収集器","캠프파이어\n화덕\n화학 작업기\n작업대\n시멘트 믹서\n양봉장\n닭장\n이슬 수집기","Ognisko\nKuźnia\nLaboratorium chemiczne\nWarsztat\nBetoniarka\nPasieka\nKurnik\nKolektor rosy","Fogueira\nForja\nEstação de Química\nBancada\nBetoneira\nApiário\nGalinheiro\nColetor de orvalho","Костер\nКузница\nХимлаборатория\nВерстак\nБетономешалка\nПасека\nКурятник\nКоллектор росы","Kamp Ateşi\nDemirci Ocağı\nKimya İstasyonu\nÇalışma Tezgâhı\nÇimento Mikseri\nKovanlık\nTavuk Kümesi\nÇiy Toplayıcı","篝火\n锻造炉\n化学工作站\n工作台\n水泥搅拌机\n蜂房\n鸡舍\n露水收集器","營火\n鍛造爐\n化學工作站\n工作臺\n水泥攪拌機\n養蜂箱\n雞舍\n露水收集器"
"xuiAGFFeatLSBlocksRight","UI","label","","","","Generator Bank\nBattery Bank\nSolar Bank\nDart Trap\nSMG Turret\nShotgun Turret\nM60 Turret","","Generator\nBatteriebank\nSolarpanel\nDart-Falle\nMP-Geschützturm\nSchrotflintengeschützturm\nM60-Geschützturm","Banco generador\nBatería portátil\nBanco de paneles solares\nTrampa de dardos\nTorreta SMG\nTorreta de escopeta\nTorreta M60","Groupe électrogène\nBanc de batteries\nGroupe solaire\nPiège à fléchettes\nTourelle SMG\nTourelle à pompe\nTourelle M60","Generatore\nCaricabatteria\nGeneratore solare\nTrappola con dardi\nTorretta SMG\nTorretta per fucile\nTorretta M60","発電バンク\nバッテリーバンク\n太陽充電バンク\nダーツトラップ\nSMG砲台\nショットガン砲台\nM60砲台","제네레이터 뱅크\n배터리 저장고\n태양광 저장고\n다트 트랩\nSMG 터렛\n산탄총 터렛\nM60 터렛","Bateria agregatów\nBateria akumulatorów\nBateria słoneczna\nPułapka z rzutkami\nWieżyczka SMG\nWieżyczka ze strzelbą\nWieżyczka M60","Banco de geradores\nBanco de baterias\nBanco solar\nArmadilha de dardos\nTorreta SMG\nTorreta de espingarda\nTorreta M60","Генератор\nАккумуляторный блок\nСолнечная батарея\nЛовушка с дротиками\nТурель ПП\nТурель-дробовик\nТурель М60","Jeneratör Bankası\nPil Şarj Ünitesi\nGüneş Enerjisi Bankası\nOklu Tuzak\nSMG Tareti\nAv Tüfeği Tareti\nM60 Tareti","发电机组\n电池组\n太阳能组\n飞镖陷阱\nSMG炮塔\n霰弹枪炮塔\nM60炮塔","發電機\n電池組\n太陽能電源\n毒鏢陷阱\n衝鋒槍炮臺\n散彈獵槍炮臺\nM60炮塔"
"xuiAGFFeatLSCmd0","UI","label","","","","/agfls","","/agfls","/agfls","/agfls","/agfls","/agfls","/agfls","/agfls","/agfls","/agfls","/agfls","/agfls","/agfls"
"xuiAGFFeatLSMean0","UI","label","","","","shows options.","","zeigt Optionen.","muestra opciones.","affiche les options.","mostra le opzioni.","オプションを表示します。","옵션을 표시합니다.","pokazuje opcje.","mostra opções.","показывает опции.","seçenekleri gösterir.","显示选项。","顯示選項。"
"xuiAGFFeatLSCmd1","UI","label","","","","/agfls status","","/agfls status","/agfls status","/agfls status","/agfls status","/agfls status","/agfls status","/agfls status","/agfls status","/agfls status","/agfls status","/agfls status","/agfls status"
"xuiAGFFeatLSMean1","UI","label","","","","shows if locked.","","zeigt, ob abgeschlossen.","muestra si está bloqueada.","indique si c'est verrouillé.","mostra se è bloccata.","ロック中かどうかを表示します。","잠겼는지 표시합니다.","pokazuje, czy zamknięta.","mostra se está trancada.","показывает, заперта ли.","kilitli olup olmadığını gösterir.","显示是否上锁。","顯示是否上鎖。"
"xuiAGFFeatLSCmd2","UI","label","","","","/agfls lock","","/agfls lock","/agfls lock","/agfls lock","/agfls lock","/agfls lock","/agfls lock","/agfls lock","/agfls lock","/agfls lock","/agfls lock","/agfls lock","/agfls lock"
"xuiAGFFeatLSMean2","UI","label","","","","locks it (owner).","","schließt ab (Besitzer).","la bloquea (dueño).","verrouille (propriétaire).","la blocca (proprietario).","ロックします（所有者）。","잠급니다(소유자).","zamyka (właściciel).","tranca (dono).","запирает (владелец).","kilitler (sahip).","上锁（所有者）。","上鎖（擁有者）。"
"xuiAGFFeatLSCmd3","UI","label","","","","/agfls unlock","","/agfls unlock","/agfls unlock","/agfls unlock","/agfls unlock","/agfls unlock","/agfls unlock","/agfls unlock","/agfls unlock","/agfls unlock","/agfls unlock","/agfls unlock","/agfls unlock"
"xuiAGFFeatLSMean3","UI","label","","","","unlocks it (owner).","","öffnet (Besitzer).","la desbloquea (dueño).","déverrouille (propriétaire).","la sblocca (proprietario).","解除します（所有者）。","해제합니다(소유자).","otwiera (właściciel).","destranca (dono).","отпирает (владелец).","açar (sahip).","解锁（所有者）。","解鎖（擁有者）。"
"xuiAGFFeatLSCmd4","UI","label","","","","/agfls pin use <pin>","","/agfls pin use <pin>","/agfls pin use <pin>","/agfls pin use <pin>","/agfls pin use <pin>","/agfls pin use <pin>","/agfls pin use <pin>","/agfls pin use <pin>","/agfls pin use <pin>","/agfls pin use <pin>","/agfls pin use <pin>","/agfls pin use <pin>","/agfls pin use <pin>"
"xuiAGFFeatLSMean4","UI","label","","","","enters a PIN.","","gibt eine PIN ein.","introduce un PIN.","saisit un code PIN.","inserisce un PIN.","PINを入力します。","PIN을 입력합니다.","wprowadza PIN.","insere um PIN.","вводит PIN.","PIN girer.","输入 PIN。","輸入 PIN。"
"xuiAGFFeatLSCmd5","UI","label","","","","/agfls pin set <pin>","","/agfls pin set <pin>","/agfls pin set <pin>","/agfls pin set <pin>","/agfls pin set <pin>","/agfls pin set <pin>","/agfls pin set <pin>","/agfls pin set <pin>","/agfls pin set <pin>","/agfls pin set <pin>","/agfls pin set <pin>","/agfls pin set <pin>","/agfls pin set <pin>"
"xuiAGFFeatLSMean5","UI","label","","","","sets a PIN (owner).","","setzt eine PIN (Besitzer).","pone un PIN (dueño).","définit un code PIN (propriétaire).","imposta un PIN (proprietario).","PINを設定します（所有者）。","PIN을 설정합니다(소유자).","ustawia PIN (właściciel).","define um PIN (dono).","задаёт PIN (владелец).","PIN koyar (sahip).","设置 PIN（所有者）。","設定 PIN（擁有者）。"
"xuiAGFFeatLSCmd6","UI","label","","","","/agfls pin clear","","/agfls pin clear","/agfls pin clear","/agfls pin clear","/agfls pin clear","/agfls pin clear","/agfls pin clear","/agfls pin clear","/agfls pin clear","/agfls pin clear","/agfls pin clear","/agfls pin clear","/agfls pin clear"
"xuiAGFFeatLSMean6","UI","label","","","","removes the PIN (owner).","","entfernt die PIN (Besitzer).","quita el PIN (dueño).","retire le code PIN (propriétaire).","rimuove il PIN (proprietario).","PINを削除します（所有者）。","PIN을 제거합니다(소유자).","usuwa PIN (właściciel).","remove o PIN (dono).","снимает PIN (владелец).","PIN'i siler (sahip).","清除 PIN（所有者）。","清除 PIN（擁有者）。"
"xuiAGFFeatSettingsHeader","UI","label","","","","Settings","","Einstellungen","Ajustes","Paramètres","Impostazioni","設定","설정","Ustawienia","Configurações","Настройки","Ayarlar","设置","設定"
"xuiAGFFeatPagesHeader","UI","label","","","","Pages","","Seiten","Páginas","Pages","Pagine","ページ","페이지","Strony","Páginas","Страницы","Sayfalar","页面","頁面"
"xuiAGFFeatEagfReq","UI","label","","","","*Requires EnhancedAGF","","*Benötigt EnhancedAGF","*Requiere EnhancedAGF","*Nécessite EnhancedAGF","*Richiede EnhancedAGF","*EnhancedAGFが必要","*EnhancedAGF 필요","*Wymaga EnhancedAGF","*Requer EnhancedAGF","*Требуется EnhancedAGF","*EnhancedAGF gerekir","*需要 EnhancedAGF","*需要 EnhancedAGF"
"xuiAGFFeatSADescBody","UI","label","","","","Sends private chat alerts for Screamers and Screamer hordes within 120m.","","Sendet private Chat-Alarme für Schreier und Schreier-Horden im Umkreis von 120 m.","Envía alertas de chat privadas de Chillonas y hordas de Chillonas en un radio de 120 m.","Envoie des alertes de chat privées pour les Hurleuses et les hordes de Hurleuses dans un rayon de 120 m.","Invia avvisi chat privati per Urlatrici e orde di Urlatrici entro 120 m.","120m以内のスクリーマーとスクリーマーの大群を、プライベートチャットで知らせます。","120m 안의 스크리머와 스크리머 호드를 귓속말 채팅으로 알립니다.","Wysyła prywatne alerty czatu o Wrzeszczotkach i hordach Wrzeszczotek w promieniu 120 m.","Envia alertas de chat privados de Gritadoras e hordas de Gritadoras em um raio de 120 m.","Отправляет личные чат-оповещения о Крикуньях и ордах Крикуний в радиусе 120 м.","120 m içindeki Çığlıkçılar ve Çığlıkçı sürüleri için özel sohbet uyarıları gönderir.","对 120 米内的尖叫者及尖叫者尸潮发送私人聊天警报。","對 120 公尺內的尖叫者及尖叫者屍潮發送私人聊天警報。"
"xuiAGFFeatSANoteBody","UI","label","","","","If EnhancedAGF is installed locally and EAC is off, live on-screen alerts replace private chat. EnhancedAGF also adds a new Count option, which shows how many Screamers or horde zombies are nearby.","","Ist EnhancedAGF lokal installiert und EAC aus, ersetzen Live-Alarme auf dem Bildschirm den privaten Chat. EnhancedAGF fügt außerdem die neue Option Anzahl hinzu, die zeigt, wie viele Schreier oder Horden-Zombies in der Nähe sind.","Si EnhancedAGF está instalado en local y EAC está desactivado, las alertas en pantalla sustituyen el chat privado. EnhancedAGF también añade una opción Recuento que muestra cuántas Chillonas o zombis de horda hay cerca.","Si EnhancedAGF est installé en local et que l'EAC est désactivé, des alertes à l'écran remplacent le chat privé. EnhancedAGF ajoute aussi une option Compteur qui indique combien de Hurleuses ou de zombies de horde sont à proximité.","Se EnhancedAGF è installato in locale e l'EAC è disattivato, gli avvisi a schermo sostituiscono la chat privata. EnhancedAGF aggiunge anche l'opzione Conteggio, che mostra quante Urlatrici o zombi dell'orda sono vicini.","EnhancedAGFがこの端末に入っていてEACがオフなら、プライベートチャットの代わりに画面上のアラートが出ます。EnhancedAGFは近くのスクリーマーや大群ゾンビの数を示す「カウント」も追加します。","EnhancedAGF가 이 기기에 설치되어 있고 EAC가 꺼져 있으면, 귓속말 채팅 대신 화면 알림이 나옵니다. EnhancedAGF는 근처 스크리머나 호드 좀비 수를 보여주는 횟수 옵션도 추가합니다.","Jeśli EnhancedAGF jest zainstalowany lokalnie, a EAC jest wyłączone, alerty na ekranie zastępują prywatny czat. EnhancedAGF dodaje też opcję Liczba, która pokazuje, ile Wrzeszczotek lub zombie hordy jest w pobliżu.","Se o EnhancedAGF estiver instalado neste cliente e o EAC estiver desligado, alertas na tela substituem o chat privado. O EnhancedAGF também adiciona a opção Contagem, que mostra quantas Gritadoras ou zumbis da horda estão por perto.","Если EnhancedAGF установлен локально и EAC выключен, экранные оповещения заменяют личный чат. EnhancedAGF также добавляет параметр «Счётчик», показывающий, сколько Крикуний или зомби орды рядом.","EnhancedAGF bu istemcide yüklüyse ve EAC kapalıysa, özel sohbet yerine ekran uyarıları gelir. EnhancedAGF, yakındaki Çığlıkçı veya sürü zombisi sayısını gösteren bir Sayı seçeneği de ekler.","若本机已安装 EnhancedAGF 且关闭了 EAC，屏幕实时警报会取代私人聊天。EnhancedAGF 还会新增“计数”选项，显示附近有多少尖叫者或尸潮僵尸。","若本機已安裝 EnhancedAGF 且關閉了 EAC，螢幕即時警報會取代私人聊天。EnhancedAGF 還會新增「計數」選項，顯示附近有多少尖叫者或屍潮殭屍。"
"xuiAGFFeatSACmd0","UI","label","","","","/agfsa","","/agfsa","/agfsa","/agfsa","/agfsa","/agfsa","/agfsa","/agfsa","/agfsa","/agfsa","/agfsa","/agfsa","/agfsa"
"xuiAGFFeatSAMean0","UI","label","","","","checks if it is on or off.","","prüft, ob es ein oder aus ist.","comprueba si está activado o desactivado.","indique si c'est activé ou désactivé.","controlla se è attivo o disattivo.","オンかオフかを確認します。","켜졌는지 꺼졌는지 확인합니다.","sprawdza, czy jest włączone, czy wyłączone.","verifica se está ligado ou desligado.","проверяет, включено или выключено.","açık mı kapalı mı bakar.","查看当前是开还是关。","查看目前是開還是關。"
"xuiAGFFeatSACmd1","UI","label","","","","/agfsa on","","/agfsa on","/agfsa on","/agfsa on","/agfsa on","/agfsa on","/agfsa on","/agfsa on","/agfsa on","/agfsa on","/agfsa on","/agfsa on","/agfsa on"
"xuiAGFFeatSAMean1","UI","label","","","","turns it on.","","schaltet es ein.","lo activa.","l'active.","lo attiva.","オンにします。","켭니다.","włącza.","liga.","включает.","açar.","将其打开。","將其開啟。"
"xuiAGFFeatSACmd2","UI","label","","","","/agfsa off","","/agfsa off","/agfsa off","/agfsa off","/agfsa off","/agfsa off","/agfsa off","/agfsa off","/agfsa off","/agfsa off","/agfsa off","/agfsa off","/agfsa off"
"xuiAGFFeatSAMean2","UI","label","","","","turns it off.","","schaltet es aus.","lo desactiva.","le désactive.","lo disattiva.","オフにします。","끕니다.","wyłącza.","desliga.","выключает.","kapatır.","将其关闭。","將其關閉。"
"xuiAGFFeatSACmdCount","UI","label","","","","/agfsa count","","/agfsa count","/agfsa count","/agfsa count","/agfsa count","/agfsa count","/agfsa count","/agfsa count","/agfsa count","/agfsa count","/agfsa count","/agfsa count","/agfsa count"
"xuiAGFFeatSAMeanCount","UI","label","","","","turns alerts on and shows how many Screamers or horde zombies are nearby.","","schaltet Alarme ein und zeigt, wie viele Schreier oder Horden-Zombies in der Nähe sind.","activa las alertas y muestra cuántas Chillonas o zombis de horda hay cerca.","active les alertes et indique combien de Hurleuses ou de zombies de horde sont à proximité.","attiva gli avvisi e mostra quante Urlatrici o zombi dell'orda sono vicini.","アラートをオンにし、近くのスクリーマーや大群ゾンビの数を表示します。","알림을 켜고 근처 스크리머나 호드 좀비 수를 표시합니다.","włącza alerty i pokazuje, ile Wrzeszczotek lub zombie hordy jest w pobliżu.","liga os alertas e mostra quantas Gritadoras ou zumbis da horda estão por perto.","включает оповещения и показывает, сколько Крикуний или зомби орды рядом.","uyarıları açar ve yakındaki Çığlıkçı veya sürü zombisi sayısını gösterir.","打开警报并显示附近有多少尖叫者或尸潮僵尸。","開啟警報並顯示附近有多少尖叫者或屍潮殭屍。"
"xuiAGFFeatVETDescBody","UI","label","","","","Provides visual compass cues for nearby entities within 25m.","","Zeigt visuelle Kompasshinweise für nahe Entitäten im Umkreis von 25 m.","Muestra marcas visuales en la brújula para entidades cercanas en 25 m.","Affiche des repères visuels sur la boussole pour les entités proches dans un rayon de 25 m.","Mostra riferimenti visivi sulla bussola per le entità vicine entro 25 m.","25m以内の近くのエンティティをコンパス上の目印で示します。","25m 안의 근처 개체를 나침반 표시로 보여 줍니다.","Pokazuje wizualne znaczniki na kompasie dla pobliskich istot w promieniu 25 m.","Mostra marcas visuais na bússola para entidades próximas em 25 m.","Показывает визуальные метки на компасе для существ в радиусе 25 м.","25 m içindeki yakındaki varlıklar için pusulada görsel işaretler sağlar.","在指南针上为 25 米内的附近实体提供视觉标记。","在羅盤上為 25 公尺內的附近實體提供視覺標記。"
"xuiAGFFeatVETNoteBody","UI","label","","","","If EnhancedAGF is installed locally and EAC is off, you can toggle the tracker with Off and On buttons here, in addition to chat commands.","","Ist EnhancedAGF lokal installiert und EAC aus, kannst du den Tracker hier zusätzlich zu den Chat-Befehlen mit Aus und Ein umschalten.","Si EnhancedAGF está instalado en local y EAC está desactivado, puedes activar o desactivar el rastreador con los botones Off y On de aquí, además de los comandos de chat.","Si EnhancedAGF est installé en local et que l'EAC est désactivé, vous pouvez aussi activer ou désactiver le traqueur avec les boutons Off et On ici, en plus des commandes de chat.","Se EnhancedAGF è installato in locale e l'EAC è disattivato, puoi attivare o disattivare il tracciatore con i pulsanti Off e On qui, oltre ai comandi chat.","EnhancedAGFがこの端末に入っていてEACがオフなら、チャットコマンドに加えて、ここのオフ／オンボタンでもトラッカーを切り替えられます。","EnhancedAGF가 이 기기에 설치되어 있고 EAC가 꺼져 있으면, 채팅 명령 외에 여기의 끄기/켜기 버튼으로도 추적기를 전환할 수 있습니다.","Jeśli EnhancedAGF jest zainstalowany lokalnie, a EAC jest wyłączone, możesz też przełączać tropiciel przyciskami Off i On tutaj, oprócz komend czatu.","Se o EnhancedAGF estiver instalado neste cliente e o EAC estiver desligado, você também pode ligar e desligar o rastreador com os botões Off e On aqui, além dos comandos de chat.","Если EnhancedAGF установлен локально и EAC выключен, трекер можно включать и выключать кнопками Off и On здесь, помимо чат-команд.","EnhancedAGF bu istemcide yüklüyse ve EAC kapalıysa, sohbet komutlarına ek olarak buradaki Off ve On düğmeleriyle izleyiciyi açıp kapatabilirsiniz.","若本机已安装 EnhancedAGF 且关闭了 EAC，除聊天命令外，还可用这里的关/开按钮切换追踪器。","若本機已安裝 EnhancedAGF 且關閉了 EAC，除聊天指令外，還可用這裡的關/開按鈕切換追蹤器。"
"xuiAGFFeatVETCmd0","UI","label","","","","/agfet","","/agfet","/agfet","/agfet","/agfet","/agfet","/agfet","/agfet","/agfet","/agfet","/agfet","/agfet","/agfet"
"xuiAGFFeatVETMean0","UI","label","","","","checks if it is on or off.","","prüft, ob es ein oder aus ist.","comprueba si está activado o desactivado.","indique si c'est activé ou désactivé.","controlla se è attivo o disattivo.","オンかオフかを確認します。","켜졌는지 꺼졌는지 확인합니다.","sprawdza, czy jest włączone, czy wyłączone.","verifica se está ligado ou desligado.","проверяет, включено или выключено.","açık mı kapalı mı bakar.","查看当前是开还是关。","查看目前是開還是關。"
"xuiAGFFeatVETCmd1","UI","label","","","","/agfet on","","/agfet on","/agfet on","/agfet on","/agfet on","/agfet on","/agfet on","/agfet on","/agfet on","/agfet on","/agfet on","/agfet on","/agfet on"
"xuiAGFFeatVETMean1","UI","label","","","","turns it on.","","schaltet es ein.","lo activa.","l'active.","lo attiva.","オンにします。","켭니다.","włącza.","liga.","включает.","açar.","将其打开。","將其開啟。"
"xuiAGFFeatVETCmd2","UI","label","","","","/agfet off","","/agfet off","/agfet off","/agfet off","/agfet off","/agfet off","/agfet off","/agfet off","/agfet off","/agfet off","/agfet off","/agfet off","/agfet off"
"xuiAGFFeatVETMean2","UI","label","","","","turns it off.","","schaltet es aus.","lo desactiva.","le désactive.","lo disattiva.","オフにします。","끕니다.","wyłącza.","desliga.","выключает.","kapatır.","将其关闭。","將其關閉。"
"xuiAGFFeatEIPDescBody","UI","label","","","","Adds a header plate behind the vanilla look-at prompt, plus a details card with extra status rows.","","Legt eine Kopfzeile hinter die Vanilla-Anseh-Anzeige und ergänzt eine Detailkarte mit zusätzlichen Statuszeilen.","Añade una placa de encabezado detrás del aviso vanilla al mirar, más una tarjeta de detalles con filas de estado extra.","Ajoute une plaque d'en-tête derrière l'invite vanilla du regard, plus une carte de détails avec des lignes d'état supplémentaires.","Aggiunge una targa in intestazione dietro il prompt vanilla quando guardi, più una scheda dettagli con righe di stato extra.","バニラの注視プロンプトの後ろに見出しプレートを足し、追加の状態行がある詳細カードも出します。","바닐라 바라보기 프롬프트 뒤에 머리글 판을 더하고, 추가 상태 줄이 있는 상세 카드도 표시합니다.","Dodaje belkę nagłówka za waniliowym podpowiedzią spojrzenia oraz kartę szczegółów z dodatkowymi wierszami statusu.","Adiciona uma placa de cabeçalho atrás do aviso vanilla ao olhar, mais um cartão de detalhes com linhas extras de status.","Добавляет табличку-заголовок за ванильной подсказкой взгляда и карточку подробностей с дополнительными строками статуса.","Vanilla bakış isteminin arkasına bir başlık plakası ve ekstra durum satırlı bir ayrıntı kartı ekler.","在原版注视提示后方加上标题板，并显示带额外状态行的详情卡。","在原版注視提示後方加上標題板，並顯示帶額外狀態列的詳情卡。"
"xuiAGFFeatEIPCmd0","UI","label","","","","/agfep","","/agfep","/agfep","/agfep","/agfep","/agfep","/agfep","/agfep","/agfep","/agfep","/agfep","/agfep","/agfep"
"xuiAGFFeatEIPMean0","UI","label","","","","checks the current prompt mode.","","prüft den aktuellen Anzeige-Modus.","comprueba el modo actual del aviso.","indique le mode actuel de l'invite.","controlla la modalità attuale del prompt.","現在のプロンプトモードを確認します。","현재 프롬프트 모드를 확인합니다.","sprawdza bieżący tryb podpowiedzi.","verifica o modo atual do aviso.","проверяет текущий режим подсказки.","geçerli istem moduna bakar.","查看当前提示模式。","查看目前提示模式。"
"xuiAGFFeatEIPCmd1","UI","label","","","","/agfep full","","/agfep full","/agfep full","/agfep full","/agfep full","/agfep full","/agfep full","/agfep full","/agfep full","/agfep full","/agfep full","/agfep full","/agfep full"
"xuiAGFFeatEIPMean1","UI","label","","","","shows the header plate and details card.","","zeigt Kopfzeile und Detailkarte.","muestra la placa de encabezado y la tarjeta de detalles.","affiche la plaque d'en-tête et la carte de détails.","mostra la targa in intestazione e la scheda dettagli.","見出しプレートと詳細カードを表示します。","머리글 판과 상세 카드를 표시합니다.","pokazuje belkę nagłówka i kartę szczegółów.","mostra a placa de cabeçalho e o cartão de detalhes.","показывает табличку-заголовок и карточку подробностей.","başlık plakasını ve ayrıntı kartını gösterir.","显示标题板和详情卡。","顯示標題板與詳情卡。"
"xuiAGFFeatEIPCmd2","UI","label","","","","/agfep partial","","/agfep partial","/agfep partial","/agfep partial","/agfep partial","/agfep partial","/agfep partial","/agfep partial","/agfep partial","/agfep partial","/agfep partial","/agfep partial","/agfep partial"
"xuiAGFFeatEIPMean2","UI","label","","","","shows the header plate only.","","zeigt nur die Kopfzeile.","muestra solo la placa de encabezado.","affiche uniquement la plaque d'en-tête.","mostra solo la targa in intestazione.","見出しプレートだけを表示します。","머리글 판만 표시합니다.","pokazuje tylko belkę nagłówka.","mostra só a placa de cabeçalho.","показывает только табличку-заголовок.","yalnızca başlık plakasını gösterir.","只显示标题板。","只顯示標題板。"
"xuiAGFFeatEIPCmd3","UI","label","","","","/agfep off","","/agfep off","/agfep off","/agfep off","/agfep off","/agfep off","/agfep off","/agfep off","/agfep off","/agfep off","/agfep off","/agfep off","/agfep off"
"xuiAGFFeatEIPMean3","UI","label","","","","uses the vanilla prompt.","","verwendet die Vanilla-Anzeige.","usa el aviso vanilla.","utilise l'invite vanilla.","usa il prompt vanilla.","バニラのプロンプトを使います。","바닐라 프롬프트를 사용합니다.","używa waniliowej podpowiedzi.","usa o aviso vanilla.","использует ванильную подсказку.","vanilla istemi kullanır.","使用原版提示。","使用原版提示。"
